date,stock_code,split,label_excess_ret_5d,pred_ridge,fit_start_date,fit_end_date,pred_tree
2024-05-17,600025,val,0.058967114208478916,-0.00716975016103597,2020-04-03,2024-05-16,0.005493105894247046
2024-05-17,600051,val,-0.018087361282069864,0.0030568597447867183,2020-04-03,2024-05-16,-0.0018351800296075283
2024-05-17,600127,val,0.014376506286633256,0.0033200397605486105,2020-04-03,2024-05-16,-0.0018351800296075283
2024-05-17,600153,val,-0.06089195085535423,-0.024942146909397576,2020-04-03,2024-05-16,-0.013975050829800441
2024-05-17,600548,val,0.06501264980138458,-0.003974578736143043,2020-04-03,2024-05-16,0.005493105894247046
2024-05-17,600865,val,-0.051529436930982525,-0.006839078354825863,2020-04-03,2024-05-16,0.0036938688750604376
2024-05-17,600967,val,4.489387125189426e-06,0.0011280893971951258,2020-04-03,2024-05-16,0.005493105894247046
2024-05-17,601222,val,0.025008401924479645,-0.0016458401245167766,2020-04-03,2024-05-16,-0.0018351800296075283
2024-05-17,603237,val,0.005854304472892619,0.002309510605699504,2020-04-03,2024-05-16,-0.0002747814704929924
2024-05-17,603335,val,-0.014443117514911202,0.014569490298092333,2020-04-03,2024-05-16,0.0036938688750604376
2024-05-17,603658,val,0.006401848864274667,-0.0016507126325971163,2020-04-03,2024-05-16,0.005493105894247046
2024-05-17,605090,val,0.013240860828441142,-0.0010699364617964247,2020-04-03,2024-05-16,0.005493105894247046
2024-05-17,605589,val,-0.05017296500946464,0.00011874115162397747,2020-04-03,2024-05-16,-0.0002747814704929924
2024-05-17,688031,val,0.004637161720433075,0.01169372014403982,2020-04-03,2024-05-16,0.0036938688750604376
2024-05-17,688045,val,-0.019618645670098495,0.0014777486765004272,2020-04-03,2024-05-16,-0.0018351800296075283
2024-05-17,688133,val,-0.034336740395810555,0.0030584376365892065,2020-04-03,2024-05-16,-0.0018351800296075283
2024-05-17,688147,val,-0.007716782417994533,-0.002339370760650612,2020-04-03,2024-05-16,-0.0018351800296075283
2024-05-17,688528,val,0.030348752721555378,0.00739385917715324,2020-04-03,2024-05-16,0.0036938688750604376
2024-05-20,600025,val,0.05070816644252155,-0.006636909004043819,2020-04-03,2024-05-16,0.005493105894247046
2024-05-20,600051,val,-0.007310228650654192,-0.0027597531579698037,2020-04-03,2024-05-16,-0.0018351800296075283
2024-05-20,600127,val,-0.024517829554120706,0.0008400586573318086,2020-04-03,2024-05-16,-0.0018351800296075283
2024-05-20,600153,val,-0.021034857417897866,-0.015387431839009275,2020-04-03,2024-05-16,-0.0009190439265113923
2024-05-20,600548,val,0.07247900125716725,-0.00399336157868936,2020-04-03,2024-05-16,0.005493105894247046
2024-05-20,600865,val,-0.006140478613744636,-0.009679633048062426,2020-04-03,2024-05-16,0.0036938688750604376
2024-05-20,600967,val,-0.019992086239985017,0.004464809488483524,2020-04-03,2024-05-16,-0.0002747814704929924
2024-05-20,601222,val,0.03407642102206502,0.0025035542630614934,2020-04-03,2024-05-16,-0.0018351800296075283
2024-05-20,603237,val,0.01588329940431691,-2.1801714477741053e-06,2020-04-03,2024-05-16,-0.0002747814704929924
2024-05-20,603335,val,-0.029349762327230043,0.015311143973973046,2020-04-03,2024-05-16,0.0036938688750604376
2024-05-20,603658,val,-0.013181648195306615,-0.0030906012852094434,2020-04-03,2024-05-16,0.005493105894247046
2024-05-20,605090,val,-0.0032501440528248313,0.0006265675485186508,2020-04-03,2024-05-16,-0.0018351800296075283
2024-05-20,605589,val,-0.004639288957378383,-0.002845912455468409,2020-04-03,2024-05-16,-0.0002747814704929924
2024-05-20,688031,val,-0.03074419854509288,0.0012579549391777923,2020-04-03,2024-05-16,0.0036938688750604376
2024-05-20,688045,val,0.0383311937324922,0.0002959030143533277,2020-04-03,2024-05-16,-0.0018351800296075283
2024-05-20,688133,val,-0.04538061739480367,0.007228023540455124,2020-04-03,2024-05-16,-0.0018351800296075283
2024-05-20,688147,val,-0.00022704870711439534,0.003087480938608419,2020-04-03,2024-05-16,-0.0018351800296075283
2024-05-20,688528,val,-0.012110372292039782,0.0072753686272027255,2020-04-03,2024-05-16,0.0036938688750604376
2024-05-21,600025,val,0.061884033292525176,-0.0017003129882658514,2020-04-03,2024-05-16,0.005493105894247046
2024-05-21,600051,val,-0.0005125846368795907,0.0037995546322415006,2020-04-03,2024-05-16,-0.0018351800296075283
2024-05-21,600127,val,-0.034600322817538054,0.0028481616689786105,2020-04-03,2024-05-16,-0.0018351800296075283
2024-05-21,600153,val,-0.028394058369360767,-0.010772581957500672,2020-04-03,2024-05-16,-0.0009190439265113923
2024-05-21,600548,val,0.05608420163594613,-0.0005822127407844654,2020-04-03,2024-05-16,0.005493105894247046
2024-05-21,600865,val,-0.020163863432453525,-0.003987420021094739,2020-04-03,2024-05-16,0.0036938688750604376
2024-05-21,600967,val,-0.023931058536683595,0.0010453715990605072,2020-04-03,2024-05-16,0.005493105894247046
2024-05-21,601222,val,0.05104726949450894,0.004883966657044555,2020-04-03,2024-05-16,-0.0018351800296075283
2024-05-21,603237,val,0.005162640921765823,0.0013431876693197327,2020-04-03,2024-05-16,-0.0002747814704929924
2024-05-21,603335,val,-0.02371441550000092,0.006353329374156794,2020-04-03,2024-05-16,0.0036938688750604376
2024-05-21,603658,val,-0.017611040333318565,0.00013858636893293455,2020-04-03,2024-05-16,0.005493105894247046
2024-05-21,605090,val,0.05503305612414516,0.00018008409059915866,2020-04-03,2024-05-16,-0.0018351800296075283
2024-05-21,605589,val,0.036780938349414594,-0.006954515739914047,2020-04-03,2024-05-16,0.005493105894247046
2024-05-21,688031,val,-0.055947091071604726,0.0005638190614642956,2020-04-03,2024-05-16,0.0036938688750604376
2024-05-21,688045,val,0.022967787370108347,0.0017947067791251974,2020-04-03,2024-05-16,-0.0018351800296075283
2024-05-21,688133,val,-0.024883199597382003,-0.004914452892717222,2020-04-03,2024-05-16,-0.0018351800296075283
2024-05-21,688147,val,0.016659076867653607,-0.0016972223742143316,2020-04-03,2024-05-16,-0.0018351800296075283
2024-05-21,688528,val,-0.015208337090363903,0.006153033264833548,2020-04-03,2024-05-16,0.0036938688750604376
2024-05-22,600025,val,0.07669982192052877,-0.0022786184984404504,2020-04-03,2024-05-16,0.005493105894247046
2024-05-22,600051,val,-0.01540461086747619,0.0065149689261171815,2020-04-03,2024-05-16,-0.0018351800296075283
2024-05-22,600127,val,-0.024953653203403762,0.0041312404400297075,2020-04-03,2024-05-16,0.005493105894247046
2024-05-22,600153,val,-0.031734577197442715,-0.0005756464129393954,2020-04-03,2024-05-16,-0.0018351800296075283
2024-05-22,600548,val,-0.0023107088846856007,-0.014040912065737333,2020-04-03,2024-05-16,-0.013975050829800441
2024-05-22,600865,val,-0.019829815292680634,-0.001991023487256998,2020-04-03,2024-05-16,0.0036938688750604376
2024-05-22,600967,val,-0.02078182436651727,0.005305341679808781,2020-04-03,2024-05-16,0.005493105894247046
2024-05-22,601222,val,0.031250327850439186,0.003635271659349046,2020-04-03,2024-05-16,-0.0018351800296075283
2024-05-22,603237,val,0.0033511797003946096,0.0019382927282792642,2020-04-03,2024-05-16,0.005493105894247046
2024-05-22,603335,val,-0.01139559414659536,0.005445713897644433,2020-04-03,2024-05-16,0.0036938688750604376
2024-05-22,603658,val,0.005346026913509102,-0.001654493154273907,2020-04-03,2024-05-16,0.005493105894247046
2024-05-22,605090,val,0.0808985707866105,0.0009800918227350467,2020-04-03,2024-05-16,-0.0018351800296075283
2024-05-22,605589,val,0.04944704205857481,0.0020645179068430235,2020-04-03,2024-05-16,0.005493105894247046
2024-05-22,688031,val,-0.0489035761210162,-0.0020896146142244964,2020-04-03,2024-05-16,-0.0009190439265113923
2024-05-22,688045,val,0.011987727086161411,-0.007761269085735972,2020-04-03,2024-05-16,-0.0009190439265113923
2024-05-22,688133,val,-0.046199873379664746,-7.809640459510463e-05,2020-04-03,2024-05-16,-0.0018351800296075283
2024-05-22,688147,val,0.001872528620362076,-0.0034400529767201304,2020-04-03,2024-05-16,-0.0018351800296075283
2024-05-22,688528,val,0.005592611742649519,0.0023893700903828917,2020-04-03,2024-05-16,0.0036938688750604376
2024-05-23,600025,val,0.04080400018807129,0.0003835996106818694,2020-04-03,2024-05-16,0.005493105894247046
2024-05-23,600051,val,-0.02813850278564889,0.003524616524130096,2020-04-03,2024-05-16,-0.0018351800296075283
2024-05-23,600127,val,-0.02344560855852218,0.003876038424547135,2020-04-03,2024-05-16,0.005493105894247046
2024-05-23,600153,val,-0.05515143483006091,0.0007206758856863078,2020-04-03,2024-05-16,-0.0018351800296075283
2024-05-23,600548,val,-0.01494657242489017,-0.008183390230005302,2020-04-03,2024-05-16,-0.013975050829800441
2024-05-23,600865,val,-0.01043306489659912,-0.00395030310547744,2020-04-03,2024-05-16,0.0036938688750604376
2024-05-23,600967,val,-0.02702914614825458,0.0014748348859085795,2020-04-03,2024-05-16,0.005493105894247046
2024-05-23,601222,val,0.022742292750097648,0.00874270599944114,2020-04-03,2024-05-16,-0.0018351800296075283
2024-05-23,603237,val,-0.019938185594162827,0.0005046722665923469,2020-04-03,2024-05-16,0.005493105894247046
2024-05-23,603335,val,0.03495042313466634,0.007491395825216911,2020-04-03,2024-05-16,0.0036938688750604376
2024-05-23,603658,val,0.006962891519862402,-0.0014721101602810046,2020-04-03,2024-05-16,0.005493105894247046
2024-05-23,605090,val,0.09292794586075204,0.0026930914286584146,2020-04-03,2024-05-16,-0.0018351800296075283
2024-05-23,605589,val,0.0771629075718413,0.0005209281474652661,2020-04-03,2024-05-16,0.005493105894247046
2024-05-23,688031,val,-0.05651207037427963,-0.004541313948513267,2020-04-03,2024-05-16,-0.013975050829800441
2024-05-23,688045,val,0.05365608949534384,-0.010136967625898476,2020-04-03,2024-05-16,0.0036938688750604376
2024-05-23,688133,val,-0.029864355791894726,-0.0009976670162130743,2020-04-03,2024-05-16,-0.0018351800296075283
2024-05-23,688147,val,0.01985107840451772,-0.0024464266864871217,2020-04-03,2024-05-16,-0.0018351800296075283
2024-05-23,688528,val,-0.01731823052436987,0.0002907022258132354,2020-04-03,2024-05-16,0.0036938688750604376
2024-05-24,600025,val,0.004737194170702185,-0.007381742481332293,2020-04-03,2024-05-16,-0.013975050829800441
2024-05-24,600051,val,-0.05134715907524011,0.00649617153292388,2020-04-03,2024-05-16,-0.0018351800296075283
2024-05-24,600127,val,-0.047002269032367025,0.006287051622176399,2020-04-03,2024-05-16,0.005493105894247046
2024-05-24,600153,val,-0.05000450645399855,0.0012506094516894584,2020-04-03,2024-05-16,-0.0018351800296075283
2024-05-24,600548,val,-0.025739686188729894,-0.0033861184328583885,2020-04-03,2024-05-16,-0.0009190439265113923
2024-05-24,600865,val,-0.019585992041581613,-0.0011809745045658114,2020-04-03,2024-05-16,0.0036938688750604376
2024-05-24,600967,val,-0.019403596841407567,0.004477938523552248,2020-04-03,2024-05-16,0.005493105894247046
2024-05-24,601222,val,-0.00694276306830054,-0.0005442388666703033,2020-04-03,2024-05-16,-0.0018351800296075283
2024-05-24,603237,val,-0.022056160340657483,0.00341923627483882,2020-04-03,2024-05-16,0.005493105894247046
2024-05-24,603335,val,-0.02111189517774691,0.0028313067431624483,2020-04-03,2024-05-16,0.0036938688750604376
2024-05-24,603658,val,-0.02202556596051518,-0.0012058864375370712,2020-04-03,2024-05-16,0.005493105894247046
2024-05-24,605090,val,0.04594330204300713,0.0021001477070780026,2020-04-03,2024-05-16,-0.0018351800296075283
2024-05-24,605589,val,0.14944566519324498,0.00044813140928514554,2020-04-03,2024-05-16,0.005493105894247046
2024-05-24,688031,val,-0.0010218125104210947,-0.0026456991376737227,2020-04-03,2024-05-16,0.0036938688750604376
2024-05-24,688045,val,0.0762236670493275,-0.0049799387742763745,2020-04-03,2024-05-16,-0.0018351800296075283
2024-05-24,688133,val,-0.02997659663583817,0.0008262765866840477,2020-04-03,2024-05-16,-0.0018351800296075283
2024-05-24,688147,val,0.04460677347187959,-0.0021746644655725174,2020-04-03,2024-05-16,-0.0018351800296075283
2024-05-24,688528,val,-0.027137692650441626,-0.006142524299638306,2020-04-03,2024-05-16,-0.013975050829800441
2024-05-27,600025,val,0.054066891576765495,-0.002346287678400721,2020-04-03,2024-05-16,-0.0009190439265113923
2024-05-27,600051,val,-0.06861864978857266,0.007503490744682955,2020-04-03,2024-05-16,-0.0018351800296075283
2024-05-27,600127,val,-0.016661898985063293,0.003144495338961241,2020-04-03,2024-05-16,0.005493105894247046
2024-05-27,600153,val,-0.058611474832944134,0.005129182876095165,2020-04-03,2024-05-16,-0.0018351800296075283
2024-05-27,600548,val,-0.03924369221462374,0.003103105189065081,2020-04-03,2024-05-16,-0.0009190439265113923
2024-05-27,600865,val,-0.03593415215562155,-0.006055716074212166,2020-04-03,2024-05-16,0.0036938688750604376
2024-05-27,600967,val,-0.004862667772214201,0.0017024699272646135,2020-04-03,2024-05-16,0.005493105894247046
2024-05-27,601222,val,-0.02545485453140348,0.0017702248695322818,2020-04-03,2024-05-16,-0.0018351800296075283
2024-05-27,603237,val,-0.010462417186679927,0.0012028554702149666,2020-04-03,2024-05-16,-0.0002747814704929924
2024-05-27,603335,val,-0.031357755101348285,0.0037975058570130413,2020-04-03,2024-05-16,0.0036938688750604376
2024-05-27,603658,val,0.0038781935242971034,-0.0018906884369373801,2020-04-03,2024-05-16,0.005493105894247046
2024-05-27,605090,val,0.02506491708297445,-0.0028665690514315047,2020-04-03,2024-05-16,-0.0018351800296075283
2024-05-27,605589,val,0.16015683766818836,-0.006420119982973858,2020-04-03,2024-05-16,-0.0018351800296075283
2024-05-27,688031,val,0.05347669063313234,0.00482051672737636,2020-04-03,2024-05-16,0.0036938688750604376
2024-05-27,688045,val,0.01436958320897699,-0.013183621460239452,2020-04-03,2024-05-16,-0.013975050829800441
2024-05-27,688133,val,-0.05052201984683389,0.0010096948337896317,2020-04-03,2024-05-16,-0.0018351800296075283
2024-05-27,688147,val,0.044659075900561195,-5.471118072473707e-05,2020-04-03,2024-05-16,-0.0018351800296075283
2024-05-27,688528,val,-0.05497664812119427,-0.0018707455178098946,2020-04-03,2024-05-16,0.0036938688750604376
2024-05-28,600025,val,0.059202969024870225,0.007123854207567937,2020-04-03,2024-05-16,-0.0009190439265113923
2024-05-28,600051,val,-0.06623062410149937,-0.0029525505880283174,2020-04-03,2024-05-16,-0.0018351800296075283
2024-05-28,600127,val,-0.009481379714625687,0.0053135504502096215,2020-04-03,2024-05-16,0.005493105894247046
2024-05-28,600153,val,-0.026668879714625487,0.002692020618665958,2020-04-03,2024-05-16,-0.0018351800296075283
2024-05-28,600548,val,-0.019050230640186832,0.008295562572301199,2020-04-03,2024-05-16,-0.0002747814704929924
2024-05-28,600865,val,-0.03043288531686648,-0.00977988117100162,2020-04-03,2024-05-16,0.0036938688750604376
2024-05-28,600967,val,0.01680439884031117,0.00276831000457107,2020-04-03,2024-05-16,0.005493105894247046
2024-05-28,601222,val,0.006178309232826824,0.0014516527259788887,2020-04-03,2024-05-16,-0.0018351800296075283
2024-05-28,603237,val,-0.010467788668726535,0.003908506626066734,2020-04-03,2024-05-16,-0.0002747814704929924
2024-05-28,603335,val,-0.03821167250741829,0.0006032865903271041,2020-04-03,2024-05-16,-0.0018351800296075283
2024-05-28,603658,val,0.01221503566693007,0.0007755488737966154,2020-04-03,2024-05-16,0.005493105894247046
2024-05-28,605090,val,-0.003542580937892486,-0.013569534529750708,2020-04-03,2024-05-16,-0.013975050829800441
2024-05-28,605589,val,0.0763179056143929,-0.01022752413390044,2020-04-03,2024-05-16,-0.0018351800296075283
2024-05-28,688031,val,0.030647470996274868,0.006065805071691276,2020-04-03,2024-05-16,0.0036938688750604376
2024-05-28,688045,val,-0.008706654961398535,-0.006723464154506199,2020-04-03,2024-05-16,-0.0018351800296075283
2024-05-28,688133,val,-0.05203275776527204,-0.003261770973461921,2020-04-03,2024-05-16,-0.0018351800296075283
2024-05-28,688147,val,0.03825693898576267,0.004875210725688157,2020-04-03,2024-05-16,-0.0018351800296075283
2024-05-28,688528,val,-0.04060318411414986,0.0011364995350502693,2020-04-03,2024-05-16,0.0036938688750604376
2024-05-29,600025,val,0.08421421650196423,0.0070723277272188015,2020-04-03,2024-05-16,-0.0009190439265113923
2024-05-29,600051,val,-0.05321682298700228,-0.00037583819602313065,2020-04-03,2024-05-16,-0.0018351800296075283
2024-05-29,600127,val,-0.004230098139780505,0.004614700025810774,2020-04-03,2024-05-16,0.005493105894247046
2024-05-29,600153,val,-0.020109924968733896,0.0010615373820397197,2020-04-03,2024-05-16,-0.0018351800296075283
2024-05-29,600548,val,0.004913746313888832,0.005712097966683294,2020-04-03,2024-05-16,-0.0002747814704929924
2024-05-29,600865,val,4.843385227057753e-05,-0.006054823724415922,2020-04-03,2024-05-16,0.0036938688750604376
2024-05-29,600967,val,0.033694864612488246,0.002581821673229657,2020-04-03,2024-05-16,0.005493105894247046
2024-05-29,601222,val,0.010899476609852885,0.0010903102275852687,2020-04-03,2024-05-16,-0.0018351800296075283
2024-05-29,603237,val,-0.0033575410049751196,0.005291087213287528,2020-04-03,2024-05-16,-0.0002747814704929924
2024-05-29,603335,val,-0.05823028859265025,-0.000653688026966384,2020-04-03,2024-05-16,0.0036938688750604376
2024-05-29,603658,val,0.025738041373587792,-0.0032092505441300863,2020-04-03,2024-05-16,0.005493105894247046
2024-05-29,605090,val,-0.00551503155534119,-0.012209046674395216,2020-04-03,2024-05-16,-0.013975050829800441
2024-05-29,605589,val,0.038593637368453976,-0.012216444979355307,2020-04-03,2024-05-16,-0.0018351800296075283
2024-05-29,688031,val,-0.00146424914923984,0.005541607768957513,2020-04-03,2024-05-16,0.0036938688750604376
2024-05-29,688045,val,-0.034021337195546036,-0.005070307203499791,2020-04-03,2024-05-16,-0.0018351800296075283
2024-05-29,688133,val,-0.04121924635182453,-0.0009729200468498922,2020-04-03,2024-05-16,-0.0018351800296075283
2024-05-29,688147,val,0.051751637281302804,0.003376239754606682,2020-04-03,2024-05-16,-0.0018351800296075283
2024-05-29,688528,val,-0.06409261935956836,0.002915672107482071,2020-04-03,2024-05-16,0.0036938688750604376
2024-05-30,600025,val,0.12022382413923316,0.01008999520570506,2020-04-03,2024-05-16,-0.0002747814704929924
2024-05-30,600051,val,-0.04511465622984712,0.001840020245023444,2020-04-03,2024-05-16,0.005493105894247046
2024-05-30,600127,val,0.00274915154224753,0.00019035006246244845,2020-04-03,2024-05-16,0.005493105894247046
2024-05-30,600153,val,0.017624197925933727,-0.000638344090161865,2020-04-03,2024-05-16,-0.0018351800296075283
2024-05-30,600548,val,0.03658738329933575,0.005290778855275671,2020-04-03,2024-05-16,-0.0002747814704929924
2024-05-30,600865,val,-0.03812118853409319,-0.008852604344332249,2020-04-03,2024-05-16,0.0036938688750604376
2024-05-30,600967,val,0.026733844970048604,0.000998688919066325,2020-04-03,2024-05-16,0.005493105894247046
2024-05-30,601222,val,0.02554680797944875,0.005234328027592674,2020-04-03,2024-05-16,-0.0002747814704929924
2024-05-30,603237,val,0.02522198387423491,0.0018639693603190895,2020-04-03,2024-05-16,-0.0002747814704929924
2024-05-30,603335,val,-0.12430668452235816,-0.01084788118903981,2020-04-03,2024-05-16,0.0036938688750604376
2024-05-30,603658,val,0.03135491940864821,-0.004663122618143035,2020-04-03,2024-05-16,0.005493105894247046
2024-05-30,605090,val,0.11168425417114658,-0.01097325508513049,2020-04-03,2024-05-16,-0.0009190439265113923
2024-05-30,605589,val,0.030446727912714744,-0.007436784321278854,2020-04-03,2024-05-16,-0.0009190439265113923
2024-05-30,688031,val,-0.049980948241880374,0.006252975946943781,2020-04-03,2024-05-16,0.0036938688750604376
2024-05-30,688045,val,-0.08848430983205868,0.00012065026489848123,2020-04-03,2024-05-16,-0.0018351800296075283
2024-05-30,688133,val,-0.07142430121771703,1.5926450013214948e-05,2020-04-03,2024-05-16,-0.0018351800296075283
2024-05-30,688147,val,0.038000038345414766,0.00703271602093917,2020-04-03,2024-05-16,-0.0018351800296075283
2024-05-30,688528,val,-0.07829292227225026,0.0029766747411125254,2020-04-03,2024-05-16,0.0036938688750604376
2024-05-31,600025,val,0.12524482051743158,0.011345881183445787,2020-04-03,2024-05-16,-0.0002747814704929924
2024-05-31,600051,val,0.003177500322503954,0.004120831069656726,2020-04-03,2024-05-16,0.005493105894247046
2024-05-31,600127,val,0.003138358971903496,0.0008413085670978492,2020-04-03,2024-05-16,0.005493105894247046
2024-05-31,600153,val,0.009203280467846228,-0.000796045477473572,2020-04-03,2024-05-16,-0.0018351800296075283
2024-05-31,600548,val,0.04305367886021348,0.005551367801815642,2020-04-03,2024-05-16,-0.0002747814704929924
2024-05-31,600865,val,-0.006564251354731723,-0.002112066927018344,2020-04-03,2024-05-16,0.0036938688750604376
2024-05-31,600967,val,0.01369659017760115,0.00216921426720423,2020-04-03,2024-05-16,0.005493105894247046
2024-05-31,601222,val,0.008280431666621721,0.004430323125823504,2020-04-03,2024-05-16,-0.0002747814704929924
2024-05-31,603237,val,-0.006746796159702209,0.00447679107289251,2020-04-03,2024-05-16,-0.0002747814704929924
2024-05-31,603335,val,-0.04869950401630009,0.00034407385802106964,2020-04-03,2024-05-16,0.0036938688750604376
2024-05-31,603341,val,-0.033277819247522836,-0.003798783223999846,2020-04-03,2024-05-16,0.0036938688750604376
2024-05-31,603658,val,-0.007080979343757635,-0.000401580510797506,2020-04-03,2024-05-16,0.005493105894247046
2024-05-31,605090,val,0.18709767115372433,0.0005713394720361658,2020-04-03,2024-05-16,-0.0018351800296075283
2024-05-31,605589,val,-0.019256405574799587,-0.02165123120983554,2020-04-03,2024-05-16,-0.013975050829800441
2024-05-31,688031,val,-0.0806175343863428,-0.004724457936881219,2020-04-03,2024-05-16,0.0036938688750604376
2024-05-31,688045,val,-0.08964353672136517,-0.004413886017588905,2020-04-03,2024-05-16,-0.0009190439265113923
2024-05-31,688133,val,-0.03530401237554405,-0.0002468904677139076,2020-04-03,2024-05-16,-0.0018351800296075283
2024-05-31,688147,val,0.006130521447678769,0.004847000462941659,2020-04-03,2024-05-16,-0.0018351800296075283
2024-05-31,688528,val,-0.07183201440545862,-0.0021417131888460087,2020-04-03,2024-05-16,0.0036938688750604376
2024-06-03,600025,val,0.058446405702845136,0.003166173385315441,2020-04-03,2024-05-16,-0.0009190439265113923
2024-06-03,600051,val,0.003487953214207959,0.0026094204791182155,2020-04-03,2024-05-16,0.005493105894247046
2024-06-03,600127,val,-0.0015756391216314586,-0.003401508601755135,2020-04-03,2024-05-16,0.005493105894247046
2024-06-03,600153,val,-0.002589161939665588,0.0012712754665827636,2020-04-03,2024-05-16,-0.0018351800296075283
2024-06-03,600548,val,0.008715052093275208,0.003191555659753797,2020-04-03,2024-05-16,-0.0002747814704929924
2024-06-03,600865,val,-0.002737060756475132,-0.00018928921301730002,2020-04-03,2024-05-16,0.0036938688750604376
2024-06-03,600967,val,0.007153435156604646,-0.0005287022595500549,2020-04-03,2024-05-16,-0.0002747814704929924
2024-06-03,601222,val,0.00712320675636928,0.00296626559988171,2020-04-03,2024-05-16,-0.0002747814704929924
2024-06-03,603237,val,-0.07719819583662497,-0.0024622036337688807,2020-04-03,2024-05-16,-0.0002747814704929924
2024-06-03,603335,val,-0.04896597353386829,0.004154497852665048,2020-04-03,2024-05-16,0.0036938688750604376
2024-06-03,603341,val,-0.013844377342068184,-0.0029633838395699426,2020-04-03,2024-05-16,-0.0018351800296075283
2024-06-03,603658,val,-0.011333594685791717,0.0007522536703733881,2020-04-03,2024-05-16,0.005493105894247046
2024-06-03,605090,val,0.182174922734391,0.0036763680163497217,2020-04-03,2024-05-16,-0.0018351800296075283
2024-06-03,605589,val,-0.03355694685044737,-0.01949364696512189,2020-04-03,2024-05-16,-0.013975050829800441
2024-06-03,688031,val,-0.07493633111232308,-0.0006186685923407907,2020-04-03,2024-05-16,0.0036938688750604376
2024-06-03,688045,val,-0.04032284039810681,-0.0031523330839890087,2020-04-03,2024-05-16,-0.0018351800296075283
2024-06-03,688133,val,0.007267528112306618,-0.0008679555988232533,2020-04-03,2024-05-16,-0.0018351800296075283
2024-06-03,688147,val,0.034558773979427124,0.006037348912436887,2020-04-03,2024-05-16,-0.0018351800296075283
2024-06-03,688528,val,-0.0018671561724243474,0.004264008666239679,2020-04-03,2024-05-16,0.0036938688750604376
2024-06-04,600025,val,0.03075378541465684,-9.424716545762176e-05,2020-04-03,2024-05-16,-0.0009190439265113923
2024-06-04,600051,val,0.010566875063496569,0.0026992170954999663,2020-04-03,2024-05-16,0.005493105894247046
2024-06-04,600127,val,0.008434188998420241,-0.0017916330804741173,2020-04-03,2024-05-16,0.005493105894247046
2024-06-04,600153,val,-0.016192071709840442,-0.0018640840077438876,2020-04-03,2024-05-16,-0.0018351800296075283
2024-06-04,600548,val,-0.005252250948161233,0.003911474941397419,2020-04-03,2024-05-16,-0.0002747814704929924
2024-06-04,600865,val,-0.0004074911048095901,-0.0010304867688786692,2020-04-03,2024-05-16,0.0036938688750604376
2024-06-04,600967,val,-0.0012010465388921391,0.001008245601736346,2020-04-03,2024-05-16,-0.0002747814704929924
2024-06-04,601222,val,-0.04098985714157327,0.00034218166485508266,2020-04-03,2024-05-16,-0.0002747814704929924
2024-06-04,603237,val,-0.07909406535187219,-9.042225237967628e-05,2020-04-03,2024-05-16,-0.0002747814704929924
2024-06-04,603335,val,-0.016680008820168683,0.011124415977333501,2020-04-03,2024-05-16,0.0036938688750604376
2024-06-04,603341,val,-0.019741290312822738,-0.003495372509422846,2020-04-03,2024-05-16,-0.0018351800296075283
2024-06-04,603658,val,-0.035697863605717195,0.00015939444045069153,2020-04-03,2024-05-16,0.005493105894247046
2024-06-04,605090,val,0.15099756104230572,0.0005080283364725746,2020-04-03,2024-05-16,-0.0018351800296075283
2024-06-04,605589,val,-0.007242192425366892,-0.019612850409389336,2020-04-03,2024-05-16,-0.013975050829800441
2024-06-04,688031,val,-0.02940925756354579,-0.005068506748254744,2020-04-03,2024-05-16,0.0036938688750604376
2024-06-04,688045,val,0.007234166315064292,0.0012773778369238205,2020-04-03,2024-05-16,-0.0018351800296075283
2024-06-04,688133,val,0.023879651910557905,0.003932369674476718,2020-04-03,2024-05-16,-0.0018351800296075283
2024-06-04,688147,val,0.038098364082797376,0.0070443457632924185,2020-04-03,2024-05-16,-0.0018351800296075283
2024-06-04,688528,val,-0.018057197304528764,-0.0005479724696573834,2020-04-03,2024-05-16,0.0036938688750604376
2024-06-05,600025,val,0.0010418140790194874,-0.003111303533009636,2020-04-03,2024-05-16,-0.0009190439265113923
2024-06-05,600051,val,-0.012072083517636556,0.003864226444375746,2020-04-03,2024-05-16,0.005493105894247046
2024-06-05,600127,val,0.0012524804500143594,0.0009388368991926248,2020-04-03,2024-05-16,0.005493105894247046
2024-06-05,600153,val,-0.034923986804322515,-0.0009928128733549483,2020-04-03,2024-05-16,-0.0018351800296075283
2024-06-05,600548,val,-0.029876973662952166,0.00375096273418251,2020-04-03,2024-05-16,-0.0002747814704929924
2024-06-05,600865,val,-0.04290365504688243,-0.003027327625635297,2020-04-03,2024-05-16,0.0036938688750604376
2024-06-05,600967,val,-0.029065303759881478,-0.00713172999549102,2020-04-03,2024-05-16,-0.0002747814704929924
2024-06-05,601222,val,-0.052215826763480355,-0.0011947801054919408,2020-04-03,2024-05-16,-0.0002747814704929924
2024-06-05,603237,val,-0.08248937114803889,-0.0013264631989585256,2020-04-03,2024-05-16,-0.0002747814704929924
2024-06-05,603335,val,-0.04590082438695009,0.009842568650695683,2020-04-03,2024-05-16,0.0036938688750604376
2024-06-05,603341,val,-0.01792667069752485,-0.0026756477659949872,2020-04-03,2024-05-16,-0.0018351800296075283
2024-06-05,603658,val,-0.0667403881859413,-0.0021010450529799353,2020-04-03,2024-05-16,0.005493105894247046
2024-06-05,605090,val,0.1320325817474698,-0.0008855699267142101,2020-04-03,2024-05-16,-0.0018351800296075283
2024-06-05,605589,val,0.012863957543208016,-0.015909941562113335,2020-04-03,2024-05-16,-0.0018351800296075283
2024-06-05,688031,val,0.005055246792591617,-0.00028936513570148144,2020-04-03,2024-05-16,0.0036938688750604376
2024-06-05,688045,val,0.2150177703035191,0.0004561933915939874,2020-04-03,2024-05-16,-0.0018351800296075283
2024-06-05,688133,val,0.021022605049075493,0.00733157137481952,2020-04-03,2024-05-16,-0.0018351800296075283
2024-06-05,688147,val,0.018518831104674338,0.003702805694854954,2020-04-03,2024-05-16,-0.0009190439265113923
2024-06-05,688528,val,0.007309796904038435,0.007170297506510663,2020-04-03,2024-05-16,0.0036938688750604376
2024-06-06,600025,val,-0.04191769533283275,-0.0007690644985754774,2020-04-03,2024-05-16,-0.0009190439265113923
2024-06-06,600051,val,0.02130397889307388,-3.622580377735702e-05,2020-04-03,2024-05-16,0.005493105894247046
2024-06-06,600127,val,0.02112874183627765,0.00034507579188697084,2020-04-03,2024-05-16,0.005493105894247046
2024-06-06,600153,val,-0.04863544623029804,-0.005045282648405547,2020-04-03,2024-05-16,-0.0018351800296075283
2024-06-06,600548,val,-0.05740005017482909,0.0005362194877393202,2020-04-03,2024-05-16,-0.0002747814704929924
2024-06-06,600865,val,0.003940907182175976,0.0006328581182644541,2020-04-03,2024-05-16,0.0036938688750604376
2024-06-06,600967,val,-0.01862882797750033,-0.006635724728723015,2020-04-03,2024-05-16,-0.0002747814704929924
2024-06-06,601222,val,-0.04128434417027506,0.000239368818929655,2020-04-03,2024-05-16,-0.0002747814704929924
2024-06-06,603237,val,-0.08657077928556468,-0.0037097443609061804,2020-04-03,2024-05-16,-0.0002747814704929924
2024-06-06,603335,val,8.650733351443785e-05,0.004911949299142137,2020-04-03,2024-05-16,0.0036938688750604376
2024-06-06,603341,val,-0.021140367425220977,-0.004522397581291814,2020-04-03,2024-05-16,-0.0018351800296075283
2024-06-06,603658,val,-0.07214796676499759,-0.0009772502626587305,2020-04-03,2024-05-16,0.005493105894247046
2024-06-06,605090,val,0.006346071001153461,-0.017710365920641954,2020-04-03,2024-05-16,-0.013975050829800441
2024-06-06,605589,val,0.0182488630943297,-0.0007007466087912894,2020-04-03,2024-05-16,-0.0018351800296075283
2024-06-06,688031,val,0.050535849506932004,0.0065746153234716295,2020-04-03,2024-05-16,0.0036938688750604376
2024-06-06,688045,val,0.20294371138586087,0.00431565652632882,2020-04-03,2024-05-16,-0.0018351800296075283
2024-06-06,688133,val,0.04852965749878334,0.00919257234643789,2020-04-03,2024-05-16,-0.0018351800296075283
2024-06-06,688147,val,-0.044747941700532104,0.006109415923473237,2020-04-03,2024-05-16,-0.0018351800296075283
2024-06-06,688528,val,0.05940913132994928,0.00566054669887762,2020-04-03,2024-05-16,0.0036938688750604376
2024-06-07,600025,val,-0.037893508930792824,0.00022842911421459074,2020-04-03,2024-05-16,-0.0009190439265113923
2024-06-07,600051,val,-0.03793309479072374,0.0005727086540484941,2020-04-03,2024-05-16,-0.0018351800296075283
2024-06-07,600127,val,0.0021710906738401127,0.0035155704454075476,2020-04-03,2024-05-16,0.005493105894247046
2024-06-07,600153,val,-0.03808689091857678,-0.001634084793408911,2020-04-03,2024-05-16,-0.0018351800296075283
2024-06-07,600548,val,-0.06384039546387146,0.005347090602443392,2020-04-03,2024-05-16,-0.0002747814704929924
2024-06-07,600865,val,-0.030553635211297416,0.004738671266311493,2020-04-03,2024-05-16,0.0036938688750604376
2024-06-07,600967,val,-0.034772252231488304,0.0006648982702865676,2020-04-03,2024-05-16,0.005493105894247046
2024-06-07,601222,val,-0.003944069120868112,0.0026165586539307205,2020-04-03,2024-05-16,-0.0002747814704929924
2024-06-07,603237,val,-0.07837806223684121,-0.0002675081650944414,2020-04-03,2024-05-16,0.005493105894247046
2024-06-07,603335,val,-0.037262877461584326,0.0021711055334294785,2020-04-03,2024-05-16,0.0036938688750604376
2024-06-07,603341,val,0.033552065791883495,-0.004914623854317481,2020-04-03,2024-05-16,-0.0018351800296075283
2024-06-07,603658,val,-0.004498125090667517,0.004667241102177469,2020-04-03,2024-05-16,0.005493105894247046
2024-06-07,605090,val,-0.050232370108896945,-0.022825340383985163,2020-04-03,2024-05-16,-0.013975050829800441
2024-06-07,605589,val,0.023373297985433503,-0.006014688952595825,2020-04-03,2024-05-16,-0.0018351800296075283
2024-06-07,688031,val,0.052696279495500126,-0.0005016592448877125,2020-04-03,2024-05-16,0.0036938688750604376
2024-06-07,688045,val,0.28995008082705076,-0.00015217188637758585,2020-04-03,2024-05-16,-0.0018351800296075283
2024-06-07,688133,val,0.012101230514703885,0.0036243349522189984,2020-04-03,2024-05-16,-0.0018351800296075283
2024-06-07,688147,val,-0.014941236553970751,0.004980863390009602,2020-04-03,2024-05-16,-0.0018351800296075283
2024-06-07,688528,val,0.01849247283116748,0.0015940812169691215,2020-04-03,2024-05-16,0.0036938688750604376
2024-06-11,600025,val,-0.033422315690155094,-3.2062444798701566e-05,2020-04-03,2024-05-16,-0.0009190439265113923
2024-06-11,600051,val,-0.01980887124018783,0.003926438790662751,2020-04-03,2024-05-16,-0.0018351800296075283
2024-06-11,600127,val,-0.008830374077157376,0.004499005629329901,2020-04-03,2024-05-16,0.005493105894247046
2024-06-11,600153,val,-0.03248347731803737,-0.0014587889071317973,2020-04-03,2024-05-16,-0.0018351800296075283
2024-06-11,600548,val,-0.021692110411562614,0.004316005340398817,2020-04-03,2024-05-16,-0.0002747814704929924
2024-06-11,600865,val,-0.03510492710306769,0.006333439127578759,2020-04-03,2024-05-16,0.0036938688750604376
2024-06-11,600967,val,-0.031264105488822205,0.0022262370276777896,2020-04-03,2024-05-16,0.005493105894247046
2024-06-11,601222,val,0.011803116518599877,0.0033225192124915074,2020-04-03,2024-05-16,0.005493105894247046
2024-06-11,603237,val,-0.05559751016041149,-0.0004943880438732037,2020-04-03,2024-05-16,0.005493105894247046
2024-06-11,603335,val,0.017716756583511007,0.009085716453557135,2020-04-03,2024-05-16,0.0036938688750604376
2024-06-11,603341,val,0.022141470569120737,-0.004764995942104089,2020-04-03,2024-05-16,-0.0018351800296075283
2024-06-11,603658,val,-0.031004279723731886,0.004642859280871732,2020-04-03,2024-05-16,0.005493105894247046
2024-06-11,605090,val,-0.021336229913386805,-0.020754870713628536,2020-04-03,2024-05-16,-0.0009190439265113923
2024-06-11,605589,val,-0.0005865827733717681,-0.006496461909391228,2020-04-03,2024-05-16,-0.0018351800296075283
2024-06-11,688031,val,0.0258922547256064,-0.0022151718813192473,2020-04-03,2024-05-16,0.0036938688750604376
2024-06-11,688045,val,0.27201418329473115,-0.002650683451723574,2020-04-03,2024-05-16,0.0036938688750604376
2024-06-11,688133,val,-0.02209546633282745,0.002945179183322488,2020-04-03,2024-05-16,-0.0018351800296075283
2024-06-11,688147,val,-0.05963656757685,-0.005503601738451236,2020-04-03,2024-05-16,-0.0002747814704929924
2024-06-11,688528,val,0.023295036118000424,0.0014851009073111427,2020-04-03,2024-05-16,0.0036938688750604376
2024-06-12,600025,val,-0.0026238588294904726,3.273456058282711e-05,2020-04-03,2024-05-16,-0.0002747814704929924
2024-06-12,600051,val,-0.020263288142071473,0.001516730021409375,2020-04-03,2024-05-16,-0.0018351800296075283
2024-06-12,600127,val,-0.006761178437430088,0.0018661849373490227,2020-04-03,2024-05-16,0.005493105894247046
2024-06-12,600153,val,-0.04487020638106544,-0.004013970485542997,2020-04-03,2024-05-16,-0.0018351800296075283
2024-06-12,600548,val,-0.021971468351681085,0.004584417094679147,2020-04-03,2024-05-16,-0.0002747814704929924
2024-06-12,600865,val,-0.04160831738183758,0.0006399507114603344,2020-04-03,2024-05-16,0.0036938688750604376
2024-06-12,600967,val,-0.03335450055020529,0.002086866630416874,2020-04-03,2024-05-16,0.005493105894247046
2024-06-12,601222,val,0.0002553296215636984,0.0010319415048422925,2020-04-03,2024-05-16,0.005493105894247046
2024-06-12,603237,val,-0.04245997291710969,0.0010669731162241396,2020-04-03,2024-05-16,0.005493105894247046
2024-06-12,603335,val,0.0012226556330290177,0.009322835112338775,2020-04-03,2024-05-16,0.0036938688750604376
2024-06-12,603341,val,0.006159476085570752,-0.00011253771648472067,2020-04-03,2024-05-16,-0.0018351800296075283
2024-06-12,603658,val,-0.009798503425789824,0.0007721574214724602,2020-04-03,2024-05-16,0.005493105894247046
2024-06-12,605090,val,0.005351341467143538,-0.010757762026081816,2020-04-03,2024-05-16,-0.0009190439265113923
2024-06-12,605589,val,0.02141614013766289,-0.0058090621668282555,2020-04-03,2024-05-16,-0.0018351800296075283
2024-06-12,688031,val,0.0016753651049929812,0.0011292036508403602,2020-04-03,2024-05-16,0.0036938688750604376
2024-06-12,688045,val,0.2656341477553643,-0.0005313109174618618,2020-04-03,2024-05-16,-0.0018351800296075283
2024-06-12,688133,val,-0.01954431304704986,0.000714220958754696,2020-04-03,2024-05-16,-0.0018351800296075283
2024-06-12,688147,val,-0.08934498548688098,-0.0062122836854677545,2020-04-03,2024-05-16,-0.013975050829800441
2024-06-12,688528,val,0.030886137145284636,0.0010841871982774632,2020-04-03,2024-05-16,0.0036938688750604376
2024-06-13,600025,val,0.01841342287558985,0.005564307393692663,2020-04-03,2024-05-16,-0.0002747814704929924
2024-06-13,600051,val,-0.0033809278661292436,0.002363490998114504,2020-04-03,2024-05-16,-0.0018351800296075283
2024-06-13,600127,val,0.005357453520407687,0.003043145440186579,2020-04-03,2024-05-16,0.005493105894247046
2024-06-13,600153,val,-0.022949539131763494,-0.0029684776526534428,2020-04-03,2024-05-16,-0.0018351800296075283
2024-06-13,600548,val,0.0075227264743517736,0.007287629674810374,2020-04-03,2024-05-16,-0.0002747814704929924
2024-06-13,600865,val,-0.03149809578592881,0.001952702520824279,2020-04-03,2024-05-16,0.0036938688750604376
2024-06-13,600967,val,-0.04131087428589324,0.0013594650989072676,2020-04-03,2024-05-16,0.005493105894247046
2024-06-13,601222,val,-0.01140342477495597,0.001069272652104427,2020-04-03,2024-05-16,0.005493105894247046
2024-06-13,603237,val,-0.03748952296904688,0.0018000183598996188,2020-04-03,2024-05-16,0.005493105894247046
2024-06-13,603335,val,0.0043037249423623775,0.006811155831766276,2020-04-03,2024-05-16,0.0036938688750604376
2024-06-13,603341,val,-0.005525464465359328,-0.0025129481850243015,2020-04-03,2024-05-16,-0.0018351800296075283
2024-06-13,603658,val,-0.002739552187999636,0.003041656464962586,2020-04-03,2024-05-16,0.005493105894247046
2024-06-13,605090,val,-0.004673156539292941,0.0032684682168619733,2020-04-03,2024-05-16,-0.0018351800296075283
2024-06-13,605589,val,0.0213062344276191,-0.00396957972939173,2020-04-03,2024-05-16,-0.0018351800296075283
2024-06-13,688031,val,-0.02914073768274321,-0.004324580930827237,2020-04-03,2024-05-16,0.0036938688750604376
2024-06-13,688045,val,0.16902846099062802,-0.030353808047309673,2020-04-03,2024-05-16,-0.013975050829800441
2024-06-13,688133,val,-0.003344123396404261,0.0006470936232433006,2020-04-03,2024-05-16,-0.0018351800296075283
2024-06-13,688147,val,-0.07913327026427501,0.0029787193341070093,2020-04-03,2024-05-16,-0.0002747814704929924
2024-06-13,688528,val,0.04665666611883319,0.0013537448565059042,2020-04-03,2024-05-16,0.0036938688750604376
2024-06-14,600025,val,0.042390361116853556,0.004765391374180457,2020-04-03,2024-05-16,-0.0002747814704929924
2024-06-14,600051,val,-0.006759865047487835,0.0033515568217088493,2020-04-03,2024-05-16,-0.0018351800296075283
2024-06-14,600127,val,-0.029648329700964662,-0.0011061478522130332,2020-04-03,2024-05-16,0.005493105894247046
2024-06-14,600153,val,-0.01614178320788197,-0.0023386215146167072,2020-04-03,2024-05-16,-0.0018351800296075283
2024-06-14,600548,val,0.03877294402096708,0.006593179176007673,2020-04-03,2024-05-16,-0.0002747814704929924
2024-06-14,600865,val,-0.023495301130856308,0.0021720590076279365,2020-04-03,2024-05-16,0.0036938688750604376
2024-06-14,600967,val,-0.04727097759812139,0.0021972935995461127,2020-04-03,2024-05-16,0.005493105894247046
2024-06-14,601222,val,-0.013881906717963423,0.0020379224397947104,2020-04-03,2024-05-16,-0.0002747814704929924
2024-06-14,603237,val,-0.022654387829142655,0.0013356539512470937,2020-04-03,2024-05-16,0.005493105894247046
2024-06-14,603335,val,0.003982571911969145,0.005738690653200824,2020-04-03,2024-05-16,0.0036938688750604376
2024-06-14,603341,val,-0.010598012919576861,0.0012434854634506087,2020-04-03,2024-05-16,-0.0018351800296075283
2024-06-14,603658,val,-0.009463558385612981,0.005533443917106663,2020-04-03,2024-05-16,0.005493105894247046
2024-06-14,605090,val,0.0031503116113028463,-0.00210336129575354,2020-04-03,2024-05-16,-0.0009190439265113923
2024-06-14,605589,val,0.01778060437836136,-0.0021958035643139927,2020-04-03,2024-05-16,-0.0018351800296075283
2024-06-14,688031,val,-0.038967732436579375,-0.0016474326052622018,2020-04-03,2024-05-16,0.0036938688750604376
2024-06-14,688045,val,0.14127017347124105,-0.026288314818083424,2020-04-03,2024-05-16,-0.013975050829800441
2024-06-14,688133,val,-0.0042432388315761915,-0.0028597660706678437,2020-04-03,2024-05-16,-0.0018351800296075283
2024-06-14,688147,val,-0.041734395717145226,0.0010211879868170137,2020-04-03,2024-05-16,-0.0018351800296075283
2024-06-14,688528,val,0.01751252301221383,0.0009610592510031542,2020-04-03,2024-05-16,0.0036938688750604376
2024-06-17,600025,val,0.07656013343560585,0.006737350168600551,2020-04-03,2024-06-14,-0.0004956415698187343
2024-06-17,600051,val,-0.014969437772465413,0.0012800151493256946,2020-04-03,2024-06-14,-0.0016021025772106675
2024-06-17,600127,val,-0.01295646528308926,0.003525180250360636,2020-04-03,2024-06-14,0.005298254434259285
2024-06-17,600153,val,-0.004918909269148189,-0.0012847686706567221,2020-04-03,2024-06-14,0.005298254434259285
2024-06-17,600548,val,0.06697301600710513,0.006921960412937779,2020-04-03,2024-06-14,-0.0004956415698187343
2024-06-17,600865,val,-0.017769299507688144,0.0016746916915379982,2020-04-03,2024-06-14,-0.0016021025772106675
2024-06-17,600967,val,-0.015474076258889205,0.0032238616998793513,2020-04-03,2024-06-14,0.005298254434259285
2024-06-17,601222,val,-0.006434536267298743,0.0015663379698548417,2020-04-03,2024-06-14,-0.0004956415698187343
2024-06-17,603237,val,0.015589878627609285,0.0017093359395798403,2020-04-03,2024-06-14,0.005298254434259285
2024-06-17,603335,val,0.0016410199026310884,0.001327637944453466,2020-04-03,2024-06-14,-0.0016021025772106675
2024-06-17,603341,val,-0.05894062817901692,-0.0004199384611978904,2020-04-03,2024-06-14,-0.0016021025772106675
2024-06-17,603658,val,0.003953431613857292,-0.0016239264382547074,2020-04-03,2024-06-14,0.005298254434259285
2024-06-17,605090,val,0.02957412136252456,0.0004977348676327631,2020-04-03,2024-06-14,0.0033723827644008275
2024-06-17,605589,val,0.02084203910365033,0.0003287647864967009,2020-04-03,2024-06-14,-0.0016021025772106675
2024-06-17,688031,val,-0.06135136991788005,-0.0032894768356378458,2020-04-03,2024-06-14,-0.0016021025772106675
2024-06-17,688045,val,0.020733542293928195,-0.028250170850418765,2020-04-03,2024-06-14,-0.01362442704888357
2024-06-17,688133,val,-0.022754069891943188,-0.0019170508095781662,2020-04-03,2024-06-14,-0.0016021025772106675
2024-06-17,688147,val,-0.05093702773222887,0.006539563787092343,2020-04-03,2024-06-14,-0.0016021025772106675
2024-06-17,688528,val,0.030638637732736215,-0.00017932877734636634,2020-04-03,2024-06-14,-0.0016021025772106675
2024-06-18,600025,val,0.08475922905185176,0.007401471743670463,2020-04-03,2024-06-14,-0.0004956415698187343
2024-06-18,600051,val,0.009180817146717944,0.0001500456647029129,2020-04-03,2024-06-14,-0.0016021025772106675
2024-06-18,600127,val,-0.0054390658942177,0.0038055172993437304,2020-04-03,2024-06-14,0.005298254434259285
2024-06-18,600153,val,0.016840876385724644,2.0499429185331542e-05,2020-04-03,2024-06-14,0.005298254434259285
2024-06-18,600548,val,0.06218693724232718,0.0041964955445871815,2020-04-03,2024-06-14,-0.0004956415698187343
2024-06-18,600865,val,0.006693480981531573,0.0012640424233305457,2020-04-03,2024-06-14,-0.0016021025772106675
2024-06-18,600967,val,-0.01650174491216381,0.0023679980828655543,2020-04-03,2024-06-14,0.005298254434259285
2024-06-18,601222,val,-0.004659690783291738,0.003907799032313086,2020-04-03,2024-06-14,-0.0004956415698187343
2024-06-18,603237,val,0.057186446471329554,-0.001019818057885204,2020-04-03,2024-06-14,0.005298254434259285
2024-06-18,603335,val,0.005920296176044969,-0.0037146405638947646,2020-04-03,2024-06-14,-0.0016021025772106675
2024-06-18,603341,val,-0.06650216254450289,-0.0017947242444192072,2020-04-03,2024-06-14,-0.0016021025772106675
2024-06-18,603658,val,0.02301774871940112,-0.0025303030079761803,2020-04-03,2024-06-14,0.005298254434259285
2024-06-18,605090,val,0.017497053875265588,0.0031781681382885524,2020-04-03,2024-06-14,0.0033723827644008275
2024-06-18,605589,val,0.009824651141152961,-0.002042634870238254,2020-04-03,2024-06-14,-0.0016021025772106675
2024-06-18,688031,val,-0.10509879846240897,-0.004297428565482666,2020-04-03,2024-06-14,-0.0016021025772106675
2024-06-18,688045,val,-0.0392442996994514,-0.017222388440890888,2020-04-03,2024-06-14,-0.01362442704888357
2024-06-18,688133,val,-0.008124066400217213,0.0032893523261384966,2020-04-03,2024-06-14,-0.0016021025772106675
2024-06-18,688147,val,-0.07115036168949548,0.004840895330240488,2020-04-03,2024-06-14,-0.0016021025772106675
2024-06-18,688528,val,0.023612653194401888,-0.0034325734392176674,2020-04-03,2024-06-14,-0.0016021025772106675
2024-06-19,600025,val,0.03770447100329163,0.009207651538262349,2020-04-03,2024-06-14,-0.0004956415698187343
2024-06-19,600051,val,0.00544782338863644,0.004350014210100991,2020-04-03,2024-06-14,-0.0016021025772106675
2024-06-19,600127,val,-0.01927641658984095,0.0043850408997213545,2020-04-03,2024-06-14,0.005298254434259285
2024-06-19,600153,val,0.009019723514417231,-0.0031524118175729698,2020-04-03,2024-06-14,0.005298254434259285
2024-06-19,600548,val,0.032009799505027435,0.009217330394284424,2020-04-03,2024-06-14,-0.0004956415698187343
2024-06-19,600865,val,0.0071335800329217144,0.002932604912924743,2020-04-03,2024-06-14,-0.0016021025772106675
2024-06-19,600967,val,-0.02304650680911572,0.003208918534643892,2020-04-03,2024-06-14,0.005298254434259285
2024-06-19,601222,val,0.0032365725898150996,0.0015929538999636876,2020-04-03,2024-06-14,-0.0004956415698187343
2024-06-19,603237,val,0.03906036739911697,0.0014901620400358615,2020-04-03,2024-06-14,0.005298254434259285
2024-06-19,603335,val,0.04431842182514153,0.0037654567204929213,2020-04-03,2024-06-14,-0.0016021025772106675
2024-06-19,603341,val,-0.0476062992675497,-0.000811894523591861,2020-04-03,2024-06-14,-0.0016021025772106675
2024-06-19,603658,val,0.010347406255415047,-0.001846472989090249,2020-04-03,2024-06-14,0.005298254434259285
2024-06-19,605090,val,-0.0002233311018077569,0.00204915793398364,2020-04-03,2024-06-14,0.0033723827644008275
2024-06-19,605589,val,0.013495669668301034,0.0006782911682568036,2020-04-03,2024-06-14,-0.0016021025772106675
2024-06-19,688031,val,-0.048735144856674,-0.009944684565911646,2020-04-03,2024-06-14,-0.0016021025772106675
2024-06-19,688045,val,-0.03340340071682494,-0.01685473719054831,2020-04-03,2024-06-14,-0.0006602514161731553
2024-06-19,688133,val,-0.021119415086271166,-0.004718553330541883,2020-04-03,2024-06-14,-0.0016021025772106675
2024-06-19,688147,val,-0.04940436448161926,-0.01054796874950282,2020-04-03,2024-06-14,-0.0016021025772106675
2024-06-19,688528,val,0.041041043727619374,0.0033669147387505884,2020-04-03,2024-06-14,-0.0016021025772106675
2024-06-20,600025,val,0.03903915844860002,0.009089198865046985,2020-04-03,2024-06-14,-0.0004956415698187343
2024-06-20,600051,val,0.016156692280104704,0.003395835898385014,2020-04-03,2024-06-14,-0.0016021025772106675
2024-06-20,600127,val,-0.012593262353882181,0.0030825555920659855,2020-04-03,2024-06-14,0.005298254434259285
2024-06-20,600153,val,0.018152370669219334,-0.0006049531700445197,2020-04-03,2024-06-14,0.005298254434259285
2024-06-20,600548,val,0.04806312458390212,0.008598655446225106,2020-04-03,2024-06-14,0.005298254434259285
2024-06-20,600865,val,0.036653409718638244,0.003927270520420816,2020-04-03,2024-06-14,-0.0016021025772106675
2024-06-20,600967,val,-0.00014883952578108317,0.005592310895996688,2020-04-03,2024-06-14,0.005298254434259285
2024-06-20,601222,val,0.025644752633322734,0.006036728382947266,2020-04-03,2024-06-14,0.005298254434259285
2024-06-20,603237,val,0.050320592063769556,-0.002389743182300031,2020-04-03,2024-06-14,0.005298254434259285
2024-06-20,603335,val,0.07003474335917377,0.0029292853153740756,2020-04-03,2024-06-14,-0.0016021025772106675
2024-06-20,603341,val,-0.021561314903551218,-0.0006008105994050901,2020-04-03,2024-06-14,-0.0016021025772106675
2024-06-20,603658,val,0.02608767878860803,0.0007226101838605731,2020-04-03,2024-06-14,0.005298254434259285
2024-06-20,605090,val,0.01183776072608074,-0.001684840002818718,2020-04-03,2024-06-14,0.0033723827644008275
2024-06-20,605589,val,0.0026328008398604635,0.0007405767395858986,2020-04-03,2024-06-14,-0.0016021025772106675
2024-06-20,688031,val,-0.05234083021665774,-0.004086481995063323,2020-04-03,2024-06-14,-0.0016021025772106675
2024-06-20,688045,val,-0.12605402518413183,-0.03061066751590641,2020-04-03,2024-06-14,-0.01362442704888357
2024-06-20,688133,val,-0.06108535290466548,-0.0003804093824802919,2020-04-03,2024-06-14,-0.0016021025772106675
2024-06-20,688147,val,-0.07385863609085523,-0.003657444951328878,2020-04-03,2024-06-14,-0.0016021025772106675
2024-06-20,688528,val,0.0030191770682450186,-0.001731903215899652,2020-04-03,2024-06-14,-0.0016021025772106675
2024-06-21,600025,val,0.045872055693316975,0.0039380234860526666,2020-04-03,2024-06-14,-0.0004956415698187343
2024-06-21,600051,val,0.011469350273337169,0.004585957006017561,2020-04-03,2024-06-14,-0.0016021025772106675
2024-06-21,600127,val,0.00782653171965985,-0.0020066402810935747,2020-04-03,2024-06-14,0.005298254434259285
2024-06-21,600153,val,0.020652604339452256,0.0014023203174017996,2020-04-03,2024-06-14,0.005298254434259285
2024-06-21,600548,val,0.03051696932095637,0.0075427498584544695,2020-04-03,2024-06-14,-0.0004956415698187343
2024-06-21,600865,val,0.0042011798472723,0.0036613305283557593,2020-04-03,2024-06-14,-0.0016021025772106675
2024-06-21,600967,val,0.013183443392890452,0.0021041640404810685,2020-04-03,2024-06-14,0.005298254434259285
2024-06-21,601222,val,0.03732663905197419,0.003363010573654759,2020-04-03,2024-06-14,-0.0004956415698187343
2024-06-21,603237,val,0.02791054012894955,0.004368860984532621,2020-04-03,2024-06-14,0.005298254434259285
2024-06-21,603335,val,0.042862648333302104,0.004278998873145425,2020-04-03,2024-06-14,-0.0016021025772106675
2024-06-21,603341,val,-0.008684029430604319,-0.00029237822606258183,2020-04-03,2024-06-14,-0.0016021025772106675
2024-06-21,603658,val,0.00804751033317274,8.990670232637958e-05,2020-04-03,2024-06-14,0.005298254434259285
2024-06-21,605090,val,0.00906489254540365,0.005682182462308006,2020-04-03,2024-06-14,-0.0016021025772106675
2024-06-21,605589,val,-0.0019992888081082974,5.2822131159024034e-05,2020-04-03,2024-06-14,-0.0016021025772106675
2024-06-21,688031,val,-0.06126927511249248,-0.0017012186627504613,2020-04-03,2024-06-14,-0.0016021025772106675
2024-06-21,688045,val,-0.06266759038953806,-0.03629025323507919,2020-04-03,2024-06-14,-0.01362442704888357
2024-06-21,688133,val,-0.07330505007436594,-0.001226861547543776,2020-04-03,2024-06-14,-0.0016021025772106675
2024-06-21,688147,val,-0.07654478043572155,-0.0034088383909334,2020-04-03,2024-06-14,-0.0016021025772106675
2024-06-21,688528,val,0.02553564927114304,0.0022236372042349507,2020-04-03,2024-06-14,0.0033723827644008275
2024-06-24,600025,val,0.030417001686501424,-0.0013763475942347567,2020-04-03,2024-06-14,-0.0006602514161731553
2024-06-24,600051,val,0.032684363729382895,-0.0023151699195357194,2020-04-03,2024-06-14,-0.0016021025772106675
2024-06-24,600127,val,0.027001302125268536,-0.002124673157213865,2020-04-03,2024-06-14,0.005298254434259285
2024-06-24,600153,val,0.026366511283471575,-0.0047549356397585925,2020-04-03,2024-06-14,0.005298254434259285
2024-06-24,600548,val,0.028455862307608895,0.0004818579369512851,2020-04-03,2024-06-14,-0.0006602514161731553
2024-06-24,600865,val,0.031839271162266716,3.924313732455512e-05,2020-04-03,2024-06-14,-0.0016021025772106675
2024-06-24,600967,val,0.007457837302953364,0.0018569472708761287,2020-04-03,2024-06-14,0.005298254434259285
2024-06-24,601222,val,0.021227945202886414,0.0009478711178125799,2020-04-03,2024-06-14,-0.0004956415698187343
2024-06-24,603237,val,-0.0021754669921337667,0.0004155303300527819,2020-04-03,2024-06-14,0.005298254434259285
2024-06-24,603335,val,0.052417302959007275,0.004683968684764933,2020-04-03,2024-06-14,-0.0016021025772106675
2024-06-24,603341,val,0.010169284823326475,0.002378892081252238,2020-04-03,2024-06-14,-0.0016021025772106675
2024-06-24,603658,val,-0.031072320547337648,0.0016931011443391943,2020-04-03,2024-06-14,0.005298254434259285
2024-06-24,605090,val,0.01833105210438858,0.00440539936155807,2020-04-03,2024-06-14,-0.0016021025772106675
2024-06-24,605589,val,0.02305754830985153,-0.0009047563223096994,2020-04-03,2024-06-14,0.0033723827644008275
2024-06-24,688031,val,-0.058202432686709535,0.002186223753473091,2020-04-03,2024-06-14,-0.0016021025772106675
2024-06-24,688045,val,-0.0785596850623702,-0.017001114321672117,2020-04-03,2024-06-14,-0.0006602514161731553
2024-06-24,688133,val,-0.03908975866918206,-0.00034034947311455105,2020-04-03,2024-06-14,-0.0016021025772106675
2024-06-24,688147,val,-0.08976422960691209,0.003654565486668791,2020-04-03,2024-06-14,-0.0016021025772106675
2024-06-24,688528,val,-0.010561389432268352,0.004441519947427162,2020-04-03,2024-06-14,0.0033723827644008275
2024-06-25,600025,val,0.05387149732392192,-0.0018544586206910678,2020-04-03,2024-06-14,-0.0006602514161731553
2024-06-25,600051,val,0.024798409065108867,-0.003446563061641821,2020-04-03,2024-06-14,-0.0016021025772106675
2024-06-25,600127,val,0.033855821807119976,0.0017319135176741846,2020-04-03,2024-06-14,0.005298254434259285
2024-06-25,600153,val,-0.0042936992882542,-0.0033070465717990835,2020-04-03,2024-06-14,0.005298254434259285
2024-06-25,600548,val,0.04463936249834376,0.0015693788078387306,2020-04-03,2024-06-14,-0.0006602514161731553
2024-06-25,600865,val,0.04254091303026551,-0.0005102841558501975,2020-04-03,2024-06-14,-0.0016021025772106675
2024-06-25,600967,val,0.012572156764652048,-3.908502123612413e-05,2020-04-03,2024-06-14,0.005298254434259285
2024-06-25,601222,val,0.0035512996888272634,-0.0007220823783417893,2020-04-03,2024-06-14,0.005298254434259285
2024-06-25,603237,val,-0.0003173741297878459,0.001854363047281162,2020-04-03,2024-06-14,0.005298254434259285
2024-06-25,603335,val,0.02817785570542473,-0.004434723483628324,2020-04-03,2024-06-14,-0.0016021025772106675
2024-06-25,603341,val,-0.005196128034412512,0.0018451195726849206,2020-04-03,2024-06-14,-0.0016021025772106675
2024-06-25,603658,val,-0.03117459060850038,-0.0017710700186953953,2020-04-03,2024-06-14,0.005298254434259285
2024-06-25,605090,val,0.011717440685691343,-0.00047005315973218175,2020-04-03,2024-06-14,-0.0016021025772106675
2024-06-25,605589,val,0.009723874319695774,0.0007917167524830624,2020-04-03,2024-06-14,-0.0016021025772106675
2024-06-25,688031,val,-0.005160554707203242,0.0027638873470483996,2020-04-03,2024-06-14,-0.0016021025772106675
2024-06-25,688045,val,-0.06004902386876011,1.0688598706775322e-05,2020-04-03,2024-06-14,0.0033723827644008275
2024-06-25,688133,val,-0.047959470368380455,-0.0031043230707442347,2020-04-03,2024-06-14,-0.0016021025772106675
2024-06-25,688147,val,-0.09428456278662946,0.003277253796997891,2020-04-03,2024-06-14,-0.0016021025772106675
2024-06-25,688528,val,-0.017013227097122958,0.004183141926306663,2020-04-03,2024-06-14,0.0033723827644008275
2024-06-26,600025,val,0.08427995445878758,-0.00038354549280150636,2020-04-03,2024-06-14,-0.0004956415698187343
2024-06-26,600051,val,0.020636685897486042,0.005345232613853221,2020-04-03,2024-06-14,-0.0016021025772106675
2024-06-26,600127,val,0.04207847111222621,0.00277687555560175,2020-04-03,2024-06-14,0.005298254434259285
2024-06-26,600153,val,0.011168495524773305,-0.0013394363713602137,2020-04-03,2024-06-14,0.005298254434259285
2024-06-26,600548,val,0.08201045960002709,0.004293137126781524,2020-04-03,2024-06-14,0.005298254434259285
2024-06-26,600865,val,0.06691769252063898,0.003114513537377299,2020-04-03,2024-06-14,-0.0016021025772106675
2024-06-26,600967,val,0.02165039123917636,0.0026526139384568984,2020-04-03,2024-06-14,0.005298254434259285
2024-06-26,601222,val,0.010135734875451743,-4.1317072902718216e-05,2020-04-03,2024-06-14,0.005298254434259285
2024-06-26,603237,val,0.021291276599470412,0.0008858188633227967,2020-04-03,2024-06-14,0.005298254434259285
2024-06-26,603335,val,-0.016754808940817243,-0.011989440225626603,2020-04-03,2024-06-14,-0.01362442704888357
2024-06-26,603341,val,-0.03837682205553458,0.0017486852923146376,2020-04-03,2024-06-14,-0.0016021025772106675
2024-06-26,603658,val,-0.032215677314841956,-0.002208248727813549,2020-04-03,2024-06-14,0.005298254434259285
2024-06-26,605090,val,0.007732977610717808,0.0018869161485734524,2020-04-03,2024-06-14,-0.0016021025772106675
2024-06-26,605589,val,0.0019973232074906,-0.000586228222787844,2020-04-03,2024-06-14,0.0033723827644008275
2024-06-26,688031,val,-0.0687453037432357,-0.0045188228828228,2020-04-03,2024-06-14,-0.0016021025772106675
2024-06-26,688045,val,-0.04308611625947986,-0.003977200395370749,2020-04-03,2024-06-14,0.0033723827644008275
2024-06-26,688133,val,-0.0398712218907564,0.00015889300297020856,2020-04-03,2024-06-14,-0.0016021025772106675
2024-06-26,688147,val,-0.08240062925349753,0.00039889609781171075,2020-04-03,2024-06-14,-0.0016021025772106675
2024-06-26,688528,val,-0.0484488831880828,0.00015043103908404906,2020-04-03,2024-06-14,-0.0006602514161731553
2024-06-27,600025,val,0.09907700179493406,0.0015104780045739688,2020-04-03,2024-06-14,-0.0006602514161731553
2024-06-27,600051,val,0.006357758178334734,0.0034231830446282384,2020-04-03,2024-06-14,-0.0016021025772106675
2024-06-27,600127,val,0.024004817001864083,0.0030544878970560144,2020-04-03,2024-06-14,0.005298254434259285
2024-06-27,600153,val,-0.008948288194587033,-0.005824545259404126,2020-04-03,2024-06-14,0.005298254434259285
2024-06-27,600548,val,0.07459329521784563,0.005381065256923925,2020-04-03,2024-06-14,-0.0004956415698187343
2024-06-27,600865,val,0.031829543136449485,0.0020418124527101724,2020-04-03,2024-06-14,-0.0016021025772106675
2024-06-27,600967,val,0.021007664296933688,-0.0005854382869387501,2020-04-03,2024-06-14,0.005298254434259285
2024-06-27,601222,val,0.0450426851645569,-0.00047888094362657244,2020-04-03,2024-06-14,0.005298254434259285
2024-06-27,603237,val,-0.002082139519874897,0.0004608560806311078,2020-04-03,2024-06-14,0.005298254434259285
2024-06-27,603335,val,-0.01686056761352061,-0.005753650157547092,2020-04-03,2024-06-14,-0.01362442704888357
2024-06-27,603341,val,-0.04406779378297298,-0.002595074781116247,2020-04-03,2024-06-14,-0.0016021025772106675
2024-06-27,603658,val,-0.03807944020434439,-0.004136525294452932,2020-04-03,2024-06-14,0.005298254434259285
2024-06-27,605090,val,0.035550733248532536,0.005142139332344986,2020-04-03,2024-06-14,-0.0016021025772106675
2024-06-27,605589,val,0.051782594779641984,-0.0013463911134680272,2020-04-03,2024-06-14,-0.0016021025772106675
2024-06-27,688031,val,-0.0812302257331784,0.0006549102143138588,2020-04-03,2024-06-14,-0.0016021025772106675
2024-06-27,688045,val,-0.05263630262492713,-0.0030247652421477047,2020-04-03,2024-06-14,-0.0016021025772106675
2024-06-27,688133,val,-0.02921997949156096,0.0004161249098713103,2020-04-03,2024-06-14,-0.0016021025772106675
2024-06-27,688147,val,-0.07471736762454417,-0.0024283530700987227,2020-04-03,2024-06-14,-0.0016021025772106675
2024-06-27,688528,val,-0.041403988029582554,0.002456340780408096,2020-04-03,2024-06-14,0.0033723827644008275
2024-06-28,600025,val,0.07406722668820027,6.258598758679267e-05,2020-04-03,2024-06-14,-0.0006602514161731553
2024-06-28,600051,val,0.007493548563142841,0.007559396731089456,2020-04-03,2024-06-14,-0.0016021025772106675
2024-06-28,600127,val,0.01805240476755761,0.0009462000933759978,2020-04-03,2024-06-14,-0.0004956415698187343
2024-06-28,600153,val,-0.034257651427184774,-0.006047945068375286,2020-04-03,2024-06-14,0.005298254434259285
2024-06-28,600548,val,0.05149438559137694,0.0073539299339977675,2020-04-03,2024-06-14,-0.0004956415698187343
2024-06-28,600865,val,0.07231210784201055,0.0023525858340539894,2020-04-03,2024-06-14,-0.0016021025772106675
2024-06-28,600967,val,0.0068581920884864395,-0.0043784000156931405,2020-04-03,2024-06-14,0.005298254434259285
2024-06-28,601222,val,-0.0023360149868995456,-0.00803649724976573,2020-04-03,2024-06-14,-0.0016021025772106675
2024-06-28,603237,val,-0.010509056220186538,0.0012648046039082548,2020-04-03,2024-06-14,0.005298254434259285
2024-06-28,603335,val,0.008393382804203833,0.0015624131837279566,2020-04-03,2024-06-14,0.0033723827644008275
2024-06-28,603341,val,-0.061172055053916916,-0.007742530645448697,2020-04-03,2024-06-14,-0.0016021025772106675
2024-06-28,603658,val,-0.0024132206869595246,-0.000775684517744179,2020-04-03,2024-06-14,0.005298254434259285
2024-06-28,605090,val,0.01827768515977353,0.004306630194492406,2020-04-03,2024-06-14,-0.0016021025772106675
2024-06-28,605589,val,0.03233466461619479,0.00016113576981860157,2020-04-03,2024-06-14,-0.0016021025772106675
2024-06-28,688031,val,-0.061690531328318074,-0.004564586991281881,2020-04-03,2024-06-14,-0.0016021025772106675
2024-06-28,688045,val,-0.03417233783138633,-0.0025991945308982164,2020-04-03,2024-06-14,0.0033723827644008275
2024-06-28,688133,val,0.005204486497672203,0.005842091533127493,2020-04-03,2024-06-14,-0.0016021025772106675
2024-06-28,688147,val,-0.049638087906530834,-0.00011769187632230324,2020-04-03,2024-06-14,-0.0016021025772106675
2024-06-28,688528,val,-0.03829912917723648,0.0012185308550123248,2020-04-03,2024-06-14,0.0033723827644008275
2024-07-01,600025,val,0.10859225978899865,-0.0037589610419099346,2020-04-03,2024-06-14,-0.0006602514161731553
2024-07-01,600051,val,0.0029997902430407425,0.0004332611439425888,2020-04-03,2024-06-14,-0.0016021025772106675
2024-07-01,600127,val,0.010798996142076453,-0.0035489787189531513,2020-04-03,2024-06-14,-0.0004956415698187343
2024-07-01,600153,val,-0.04548311269128193,-0.00789933187427753,2020-04-03,2024-06-14,-0.0004956415698187343
2024-07-01,600548,val,0.04946251609736328,0.004185078879660857,2020-04-03,2024-06-14,-0.0004956415698187343
2024-07-01,600865,val,0.029743976289552373,-0.0009005603598011354,2020-04-03,2024-06-14,-0.0016021025772106675
2024-07-01,600967,val,0.017936361701947887,-0.00137790077732943,2020-04-03,2024-06-14,0.005298254434259285
2024-07-01,601222,val,0.004263693175295499,0.0029374332146499403,2020-04-03,2024-06-14,-0.0016021025772106675
2024-07-01,603237,val,0.000229890451019385,0.0032682773781834446,2020-04-03,2024-06-14,0.005298254434259285
2024-07-01,603335,val,-0.0041061529094143095,0.0018280935681556666,2020-04-03,2024-06-14,0.0033723827644008275
2024-07-01,603341,val,-0.05706347176268668,-0.006732888892168162,2020-04-03,2024-06-14,-0.0016021025772106675
2024-07-01,603658,val,-0.002616828486996528,0.0013540888900743992,2020-04-03,2024-06-14,0.005298254434259285
2024-07-01,605090,val,0.009647744013491541,-0.0027009448021284685,2020-04-03,2024-06-14,0.0033723827644008275
2024-07-01,605589,val,-0.011050597353858618,-0.0035461805319003895,2020-04-03,2024-06-14,0.0033723827644008275
2024-07-01,688031,val,-0.06813082381063841,0.004295298653775917,2020-04-03,2024-06-14,-0.0016021025772106675
2024-07-01,688045,val,0.02071735844724641,-0.0007708455246615536,2020-04-03,2024-06-14,-0.0016021025772106675
2024-07-01,688133,val,-0.026335289326478342,0.0025332949008202385,2020-04-03,2024-06-14,-0.0016021025772106675
2024-07-01,688147,val,-0.020270641869748154,0.0019788861945804425,2020-04-03,2024-06-14,-0.0016021025772106675
2024-07-01,688528,val,-0.0193356681389293,0.006790653523947757,2020-04-03,2024-06-14,-0.0016021025772106675
2024-07-02,600025,val,0.08059925839746776,-0.0053919750200420264,2020-04-03,2024-06-14,-0.01362442704888357
2024-07-02,600051,val,-0.022086909871712655,-0.00045080588754180614,2020-04-03,2024-06-14,-0.0016021025772106675
2024-07-02,600127,val,-0.010792340001381927,-0.00455097969292516,2020-04-03,2024-06-14,-0.0004956415698187343
2024-07-02,600153,val,-0.025193595284785673,-0.004855205981262016,2020-04-03,2024-06-14,0.005298254434259285
2024-07-02,600548,val,0.021764369917784444,0.004179891537155323,2020-04-03,2024-06-14,-0.01362442704888357
2024-07-02,600865,val,-0.009418231565443379,-0.004078349837490412,2020-04-03,2024-06-14,0.0033723827644008275
2024-07-02,600967,val,0.000819730373704454,0.0009031446066727273,2020-04-03,2024-06-14,0.005298254434259285
2024-07-02,601222,val,0.019574839677879576,0.0026038936969012758,2020-04-03,2024-06-14,-0.0016021025772106675
2024-07-02,603237,val,-0.03591798083630212,0.004811541116732593,2020-04-03,2024-06-14,0.005298254434259285
2024-07-02,603335,val,-0.007094406123586548,0.004461206459916207,2020-04-03,2024-06-14,-0.0016021025772106675
2024-07-02,603341,val,-0.0019968466782011793,-0.00538760274111234,2020-04-03,2024-06-14,-0.0016021025772106675
2024-07-02,603658,val,-0.016552350171757678,0.004601210445377537,2020-04-03,2024-06-14,0.005298254434259285
2024-07-02,605090,val,0.03373719188772387,-0.0023461954841089852,2020-04-03,2024-06-14,-0.0016021025772106675
2024-07-02,605589,val,1.6822934654582566e-05,0.0011553721450011933,2020-04-03,2024-06-14,-0.0016021025772106675
2024-07-02,688031,val,-0.07129472693820468,-0.004512444417556345,2020-04-03,2024-06-14,-0.0016021025772106675
2024-07-02,688045,val,0.0716091561266772,-0.00174683208510803,2020-04-03,2024-06-14,-0.0016021025772106675
2024-07-02,688133,val,-0.02270573820728191,0.001855507267637036,2020-04-03,2024-06-14,-0.0016021025772106675
2024-07-02,688147,val,0.017432873545237627,-0.0013970493490596987,2020-04-03,2024-06-14,-0.0016021025772106675
2024-07-02,688528,val,-0.022501117182471796,0.008513447045474494,2020-04-03,2024-06-14,-0.0016021025772106675
2024-07-03,600025,val,0.06447756700032661,0.0006074783765756336,2020-04-03,2024-06-14,-0.0006602514161731553
2024-07-03,600051,val,-0.023306982123902885,0.001293303653923093,2020-04-03,2024-06-14,-0.0016021025772106675
2024-07-03,600127,val,-0.012516372751505932,-0.0016591702859137909,2020-04-03,2024-06-14,-0.0004956415698187343
2024-07-03,600153,val,-0.02686787088271366,-0.0021010629658195445,2020-04-03,2024-06-14,0.005298254434259285
2024-07-03,600548,val,0.019831427639463474,0.004735324099431829,2020-04-03,2024-06-14,-0.01362442704888357
2024-07-03,600865,val,-0.037760707903335154,-0.0043157047112658805,2020-04-03,2024-06-14,-0.01362442704888357
2024-07-03,600967,val,0.0041320603730575015,0.002784071917083132,2020-04-03,2024-06-14,0.005298254434259285
2024-07-03,601222,val,0.015676380390987545,0.005937323239552704,2020-04-03,2024-06-14,0.005298254434259285
2024-07-03,603237,val,-0.04789129975565828,0.0028818701494836285,2020-04-03,2024-06-14,0.005298254434259285
2024-07-03,603335,val,0.009462484044067056,-0.0021224383180690606,2020-04-03,2024-06-14,-0.0016021025772106675
2024-07-03,603341,val,0.026703746002891084,-0.004706838101921179,2020-04-03,2024-06-14,-0.0016021025772106675
2024-07-03,603658,val,0.009364988986839719,0.0026216101963911324,2020-04-03,2024-06-14,0.005298254434259285
2024-07-03,605090,val,0.024218819429343265,0.00014002423120974171,2020-04-03,2024-06-14,-0.0016021025772106675
2024-07-03,605589,val,-0.01146550610152771,0.0030340252741460857,2020-04-03,2024-06-14,-0.0016021025772106675
2024-07-03,688031,val,-0.03417497377433106,-0.0068101558585214285,2020-04-03,2024-06-14,-0.0016021025772106675
2024-07-03,688045,val,0.039871544219861645,-0.011245321857915597,2020-04-03,2024-06-14,-0.0016021025772106675
2024-07-03,688133,val,-0.008656096721572602,0.0002226503330462558,2020-04-03,2024-06-14,-0.0016021025772106675
2024-07-03,688147,val,0.007451345559445634,0.00011304805156314123,2020-04-03,2024-06-14,-0.0016021025772106675
2024-07-03,688528,val,-0.018550553631736265,0.00695773640168164,2020-04-03,2024-06-14,-0.0016021025772106675
2024-07-04,600025,val,0.005726185851727548,0.0009244644878950974,2020-04-03,2024-06-14,-0.0006602514161731553
2024-07-04,600051,val,-0.015348942316287275,-0.002348835656647656,2020-04-03,2024-06-14,-0.0016021025772106675
2024-07-04,600127,val,-0.019340958284351253,-0.0017653446514262945,2020-04-03,2024-06-14,-0.0004956415698187343
2024-07-04,600153,val,-0.037689582137562155,-0.0008102440531383867,2020-04-03,2024-06-14,0.005298254434259285
2024-07-04,600548,val,-0.022289071491898207,0.008936434279200833,2020-04-03,2024-06-14,-0.0006602514161731553
2024-07-04,600865,val,-0.011576983129071874,-0.0030724873797644014,2020-04-03,2024-06-14,0.0033723827644008275
2024-07-04,600967,val,0.007714505416234949,-0.0007885174265583504,2020-04-03,2024-06-14,0.005298254434259285
2024-07-04,601222,val,-0.021057991251384325,0.0008365588390874105,2020-04-03,2024-06-14,-0.0004956415698187343
2024-07-04,603237,val,-0.031840958284351434,0.001682955497108415,2020-04-03,2024-06-14,0.005298254434259285
2024-07-04,603335,val,0.01574676101389447,-0.0017001313256943776,2020-04-03,2024-06-14,0.0033723827644008275
2024-07-04,603341,val,0.03565760946128024,-0.001382896832731645,2020-04-03,2024-06-14,-0.0016021025772106675
2024-07-04,603658,val,-0.00042842873352380226,0.005707599751018292,2020-04-03,2024-06-14,0.005298254434259285
2024-07-04,605090,val,0.02889294447904631,-0.0002466955462640407,2020-04-03,2024-06-14,0.0033723827644008275
2024-07-04,605589,val,-0.0285199485954172,0.0009312969897065091,2020-04-03,2024-06-14,0.0033723827644008275
2024-07-04,688031,val,-0.004117077687336625,-0.0023798752391140233,2020-04-03,2024-06-14,-0.0016021025772106675
2024-07-04,688045,val,0.04850458484087458,-0.008971516644691127,2020-04-03,2024-06-14,-0.0016021025772106675
2024-07-04,688133,val,0.028939464996072004,-0.002013274586432946,2020-04-03,2024-06-14,-0.0016021025772106675
2024-07-04,688147,val,0.03498526405565147,0.0042536644035111254,2020-04-03,2024-06-14,-0.0016021025772106675
2024-07-04,688528,val,-0.013957378203597461,0.0005746189195970925,2020-04-03,2024-06-14,-0.0016021025772106675
2024-07-05,600025,val,0.006011470572644769,-0.0011101669516851297,2020-04-03,2024-06-14,-0.0006602514161731553
2024-07-05,600051,val,-0.00657845748490911,-0.0012144847310311597,2020-04-03,2024-06-14,-0.0016021025772106675
2024-07-05,600127,val,-0.01324512415157604,-0.0011252049575624563,2020-04-03,2024-06-14,-0.0004956415698187343
2024-07-05,600153,val,-0.01450448126298072,-0.0011724745894348154,2020-04-03,2024-06-14,0.005298254434259285
2024-07-05,600548,val,0.007261004753129559,0.008546330015547741,2020-04-03,2024-06-14,-0.0006602514161731553
2024-07-05,600865,val,-0.020214821121273,-0.0027950844411932622,2020-04-03,2024-06-14,-0.0006602514161731553
2024-07-05,600967,val,0.01433891887845544,-0.0016066689575335506,2020-04-03,2024-06-14,0.005298254434259285
2024-07-05,601222,val,-0.0013737385397323979,0.0019345991799832579,2020-04-03,2024-06-14,0.005298254434259285
2024-07-05,603237,val,-0.00847120196440472,0.0023680715784410076,2020-04-03,2024-06-14,0.005298254434259285
2024-07-05,603335,val,0.018174017762615444,5.9746823207957876e-05,2020-04-03,2024-06-14,0.0033723827644008275
2024-07-05,603341,val,0.013285333661515006,-0.0044068656915607326,2020-04-03,2024-06-14,-0.0016021025772106675
2024-07-05,603658,val,-0.02970646298067299,0.004551419589283156,2020-04-03,2024-06-14,0.005298254434259285
2024-07-05,605090,val,0.01801833861719586,0.00011889705416273862,2020-04-03,2024-06-14,-0.0016021025772106675
2024-07-05,605589,val,-0.030656326337368436,0.0013827910539496654,2020-04-03,2024-06-14,-0.0016021025772106675
2024-07-05,688031,val,-0.012530838437290373,-0.00012534128084398544,2020-04-03,2024-06-14,-0.0016021025772106675
2024-07-05,688045,val,0.02904764480785975,-0.007076207286684777,2020-04-03,2024-06-14,-0.0016021025772106675
2024-07-05,688133,val,0.014808451134663045,-0.007484777132715457,2020-04-03,2024-06-14,-0.0016021025772106675
2024-07-05,688147,val,0.02824806291037156,0.003662308123210963,2020-04-03,2024-06-14,-0.0016021025772106675
2024-07-05,688528,val,-0.011911790818242632,0.00386088642712033,2020-04-03,2024-06-14,-0.0016021025772106675
2024-07-08,600025,val,-0.008486860021546125,-0.0119664308818082,2020-04-03,2024-06-14,-0.01362442704888357
2024-07-08,600051,val,-0.0014979382438455174,-0.00018391669359312928,2020-04-03,2024-06-14,0.0033723827644008275
2024-07-08,600127,val,-0.0018534907309869925,-0.005116795753456634,2020-04-03,2024-06-14,-0.0004956415698187343
2024-07-08,600153,val,-0.004207027945430417,0.004621591996250479,2020-04-03,2024-06-14,0.005298254434259285
2024-07-08,600548,val,0.004199681625326759,0.008693329730152327,2020-04-03,2024-06-14,-0.0006602514161731553
2024-07-08,600865,val,-0.005793967241234307,-0.00018345738034682504,2020-04-03,2024-06-14,0.0033723827644008275
2024-07-08,600967,val,-0.004672216823176242,-0.0034628631575756947,2020-04-03,2024-06-14,0.005298254434259285
2024-07-08,601222,val,-0.00664326008581588,0.002890215852933939,2020-04-03,2024-06-14,-0.0016021025772106675
2024-07-08,603237,val,-0.022715326816560452,0.00790230785357378,2020-04-03,2024-06-14,0.005298254434259285
2024-07-08,603335,val,0.016972639573750906,-0.0017679430623148175,2020-04-03,2024-06-14,0.0033723827644008275
2024-07-08,603341,val,0.03697470490609252,0.0010526846661816857,2020-04-03,2024-06-14,-0.0016021025772106675
2024-07-08,603658,val,-0.006573339282498411,0.0002078416198411875,2020-04-03,2024-06-14,0.005298254434259285
2024-07-08,605090,val,0.023195790084712467,-0.0016121106157061954,2020-04-03,2024-06-14,-0.0004956415698187343
2024-07-08,605589,val,-0.03064911444186473,-0.004407449149478949,2020-04-03,2024-06-14,-0.0016021025772106675
2024-07-08,688031,val,-0.010267458363847501,0.005620643601262869,2020-04-03,2024-06-14,-0.0016021025772106675
2024-07-08,688045,val,0.013001019482583212,-0.009569403187582646,2020-04-03,2024-06-14,-0.0016021025772106675
2024-07-08,688133,val,0.003825962138474928,-0.001874652375662721,2020-04-03,2024-06-14,-0.0016021025772106675
2024-07-08,688147,val,0.013367933491527609,0.005469989881616522,2020-04-03,2024-06-14,-0.0016021025772106675
2024-07-08,688528,val,-0.008177731305661837,0.0020541908803745285,2020-04-03,2024-06-14,-0.0016021025772106675
2024-07-09,600025,val,-0.0025939751255953498,0.0018091440334076629,2020-04-03,2024-06-14,-0.0006602514161731553
2024-07-09,600051,val,0.0023204087361567865,0.0010137125662094501,2020-04-03,2024-06-14,-0.0016021025772106675
2024-07-09,600127,val,0.008475907372858625,-0.0025352087553245275,2020-04-03,2024-06-14,-0.0004956415698187343
2024-07-09,600153,val,-0.005738869446960461,0.004888082624938566,2020-04-03,2024-06-14,0.005298254434259285
2024-07-09,600548,val,-0.002716707276797304,0.0028179932754903146,2020-04-03,2024-06-14,-0.0004956415698187343
2024-07-09,600865,val,-0.00014589577878189102,0.0015633598779835835,2020-04-03,2024-06-14,0.0033723827644008275
2024-07-09,600967,val,0.01035094396457502,-0.0029824350511531966,2020-04-03,2024-06-14,0.005298254434259285
2024-07-09,601222,val,-0.017315288911682335,0.002091668117422642,2020-04-03,2024-06-14,-0.0016021025772106675
2024-07-09,603237,val,-0.003021835320596756,0.0054602638674536245,2020-04-03,2024-06-14,0.005298254434259285
2024-07-09,603335,val,0.018372328252768345,-0.0013151124087749492,2020-04-03,2024-06-14,-0.0016021025772106675
2024-07-09,603341,val,0.011989630891381374,-0.006551789332005939,2020-04-03,2024-06-14,-0.0016021025772106675
2024-07-09,603658,val,0.0035161642384178176,0.004059379626331646,2020-04-03,2024-06-14,0.005298254434259285
2024-07-09,605090,val,0.00953254703662697,0.0004984747491826975,2020-04-03,2024-06-14,-0.0004956415698187343
2024-07-09,605589,val,-0.03166514904971053,0.0013840346822354555,2020-04-03,2024-06-14,-0.0016021025772106675
2024-07-09,688031,val,0.0016616562486799651,0.004048329616414028,2020-04-03,2024-06-14,-0.0016021025772106675
2024-07-09,688045,val,-0.005782228313848682,-0.021430079460596847,2020-04-03,2024-06-14,-0.0006602514161731553
2024-07-09,688133,val,0.0076113854466763765,0.000782482576602463,2020-04-03,2024-06-14,-0.0016021025772106675
2024-07-09,688147,val,0.00912204925481007,-0.0018820991519914228,2020-04-03,2024-06-14,-0.0016021025772106675
2024-07-09,688528,val,-0.013973072218978045,0.004647572370836194,2020-04-03,2024-06-14,-0.0016021025772106675
2024-07-10,600025,val,-0.007455865699166394,-0.01320355372455105,2020-04-03,2024-06-14,-0.01362442704888357
2024-07-10,600051,val,-0.0048294514761229555,0.005934437522511949,2020-04-03,2024-06-14,-0.0016021025772106675
2024-07-10,600127,val,0.016467261399618575,-0.0032701515089378075,2020-04-03,2024-06-14,-0.0004956415698187343
2024-07-10,600153,val,-0.004220235702973082,0.0064052987746062865,2020-04-03,2024-06-14,0.005298254434259285
2024-07-10,600548,val,-0.016931736405740024,0.0024883649714937703,2020-04-03,2024-06-14,-0.01362442704888357
2024-07-10,600865,val,0.005048648565911532,-0.003287246327337306,2020-04-03,2024-06-14,-0.0016021025772106675
2024-07-10,600967,val,0.005707369742606164,0.002394301607043267,2020-04-03,2024-06-14,0.005298254434259285
2024-07-10,601222,val,-0.009211455736565729,0.00010399558205871543,2020-04-03,2024-06-14,-0.0016021025772106675
2024-07-10,603237,val,0.008076884018588474,0.00974679631216844,2020-04-03,2024-06-14,0.005298254434259285
2024-07-10,603335,val,-0.016014775835044678,0.002809797948107689,2020-04-03,2024-06-14,-0.0016021025772106675
2024-07-10,603341,val,-0.036215354770442076,-0.0009963863132563088,2020-04-03,2024-06-14,-0.0016021025772106675
2024-07-10,603658,val,0.020636984245761162,0.0031052622957696754,2020-04-03,2024-06-14,0.005298254434259285
2024-07-10,605090,val,0.002501448773517937,-0.006782248978288721,2020-04-03,2024-06-14,0.0033723827644008275
2024-07-10,605589,val,-0.019089485699318728,-0.010248989573686335,2020-04-03,2024-06-14,-0.0016021025772106675
2024-07-10,688031,val,-0.03751756598016892,0.009879194306026887,2020-04-03,2024-06-14,-0.0016021025772106675
2024-07-10,688045,val,-0.029533693490657428,-0.011881438369623116,2020-04-03,2024-06-14,-0.0006602514161731553
2024-07-10,688133,val,0.0023208798806959065,0.001545783616664147,2020-04-03,2024-06-14,-0.0016021025772106675
2024-07-10,688147,val,0.14785763524418843,0.00016110394665255718,2020-04-03,2024-06-14,-0.0016021025772106675
2024-07-10,688528,val,-0.02759749107468817,0.0034634517372388656,2020-04-03,2024-06-14,-0.0016021025772106675
2024-07-11,600025,val,0.036696926465966756,0.0014921318668045958,2020-04-03,2024-06-14,-0.0004956415698187343
2024-07-11,600051,val,0.00841595725937214,0.0030165077884029027,2020-04-03,2024-06-14,-0.0016021025772106675
2024-07-11,600127,val,0.01835631511225486,0.0024077111976573804,2020-04-03,2024-06-14,-0.0004956415698187343
2024-07-11,600153,val,0.01702120162760865,0.006033766034584587,2020-04-03,2024-06-14,0.005298254434259285
2024-07-11,600548,val,0.03314046650196509,0.010474167299725414,2020-04-03,2024-06-14,-0.0004956415698187343
2024-07-11,600865,val,0.0029479946191886854,-0.002405508996193221,2020-04-03,2024-06-14,-0.0016021025772106675
2024-07-11,600967,val,0.02274677318338023,0.003402885496263163,2020-04-03,2024-06-14,0.005298254434259285
2024-07-11,601222,val,-0.00572349224928639,0.005205561440085279,2020-04-03,2024-06-14,0.0033723827644008275
2024-07-11,603237,val,-0.011390520330783051,0.0075945215109808764,2020-04-03,2024-06-14,0.005298254434259285
2024-07-11,603335,val,-0.03733375752697024,-0.007485649945725536,2020-04-03,2024-06-14,-0.0016021025772106675
2024-07-11,603341,val,-0.0462649175784863,-0.005653538757100521,2020-04-03,2024-06-14,-0.0016021025772106675
2024-07-11,603658,val,0.009771628337312908,0.0008759168948258921,2020-04-03,2024-06-14,0.005298254434259285
2024-07-11,605090,val,-0.005529046392691497,-0.0053410598909571835,2020-04-03,2024-06-14,-0.01362442704888357
2024-07-11,605589,val,-0.041345177425058416,-0.0014605188719984692,2020-04-03,2024-06-14,0.0033723827644008275
2024-07-11,688031,val,-0.05809178838671583,0.00555607796090465,2020-04-03,2024-06-14,-0.0016021025772106675
2024-07-11,688045,val,-0.04247504683434891,-0.013784859681611944,2020-04-03,2024-06-14,-0.0016021025772106675
2024-07-11,688133,val,-0.015713085518660044,-0.008253529372610997,2020-04-03,2024-06-14,-0.0016021025772106675
2024-07-11,688147,val,0.1660250344788504,-0.004707422697838145,2020-04-03,2024-06-14,-0.0016021025772106675
2024-07-11,688528,val,-0.05125546534289907,0.001400614548462817,2020-04-03,2024-06-14,-0.0016021025772106675
2024-07-12,600025,val,0.0414552828749672,-0.004187317011693962,2020-04-03,2024-06-14,-0.0004956415698187343
2024-07-12,600051,val,-0.013988749341848286,0.0004932576294630944,2020-04-03,2024-06-14,-0.0016021025772106675
2024-07-12,600127,val,-0.0023596109703246018,0.006175573845037966,2020-04-03,2024-06-14,0.005298254434259285
2024-07-12,600153,val,-0.002944960258522025,0.0039021671026247796,2020-04-03,2024-06-14,0.005298254434259285
2024-07-12,600548,val,0.0008822301127145524,0.006508872933853678,2020-04-03,2024-06-14,-0.0004956415698187343
2024-07-12,600865,val,-0.03223105294395328,0.002319801782897458,2020-04-03,2024-06-14,0.0033723827644008275
2024-07-12,600967,val,0.02234236336071977,0.0016866944634359505,2020-04-03,2024-06-14,0.005298254434259285
2024-07-12,601222,val,-0.016455424042398907,0.007199419492162599,2020-04-03,2024-06-14,-0.0016021025772106675
2024-07-12,603237,val,-0.025794393210119608,0.00098000522614875,2020-04-03,2024-06-14,0.005298254434259285
2024-07-12,603335,val,-0.043017134557524254,-0.0004966697326749116,2020-04-03,2024-06-14,-0.0006602514161731553
2024-07-12,603341,val,0.004925087987296692,-0.003209822610655751,2020-04-03,2024-06-14,-0.0016021025772106675
2024-07-12,603658,val,0.0018472124532177923,-0.0007797017401363338,2020-04-03,2024-06-14,0.005298254434259285
2024-07-12,605090,val,-0.0195235437094659,-0.00944166189906593,2020-04-03,2024-06-14,0.0033723827644008275
2024-07-12,605589,val,-0.018539216036469956,0.00907022417235598,2020-04-03,2024-06-14,-0.0016021025772106675
2024-07-12,688031,val,-0.018040999870376932,0.006811956726106703,2020-04-03,2024-06-14,-0.0016021025772106675
2024-07-12,688045,val,0.024056276965596708,-0.01471733346929853,2020-04-03,2024-06-14,-0.0016021025772106675
2024-07-12,688133,val,0.00770750312363506,-0.007536938695916589,2020-04-03,2024-06-14,-0.0016021025772106675
2024-07-12,688147,val,0.12486706729847015,-0.009057826724308203,2020-04-03,2024-06-14,-0.0006602514161731553
2024-07-12,688528,val,-0.03518793923561419,0.0026470723343247743,2020-04-03,2024-06-14,-0.0016021025772106675
2024-07-15,600025,val,-0.009801445872152276,-0.0002106600315615298,2020-04-03,2024-07-12,-0.013229984416286835
2024-07-15,600051,val,-0.016427498807282687,0.0019300810843356777,2020-04-03,2024-07-12,-0.0018134143375108291
2024-07-15,600127,val,-0.0258036889464426,0.005751193687223175,2020-04-03,2024-07-12,0.0009642699761615232
2024-07-15,600153,val,-0.028554094180328744,0.0011736389123347538,2020-04-03,2024-07-12,0.0009642699761615232
2024-07-15,600548,val,-0.032939242848687336,0.010816936039398447,2020-04-03,2024-07-12,0.0009642699761615232
2024-07-15,600865,val,-0.02812662437831905,0.004803930913915266,2020-04-03,2024-07-12,0.0032447834374500304
2024-07-15,600967,val,0.017478612295310763,-0.005306668402230483,2020-04-03,2024-07-12,0.0009642699761615232
2024-07-15,601222,val,-0.00010971150743867633,0.0038901942526938502,2020-04-03,2024-07-12,-0.0018134143375108291
2024-07-15,603237,val,-0.02731904784208818,0.005969670803594207,2020-04-03,2024-07-12,0.0009642699761615232
2024-07-15,603335,val,-0.037217249719705095,-0.006218273976972942,2020-04-03,2024-07-12,-0.0018134143375108291
2024-07-15,603341,val,0.01676915658086629,-0.0030045952460548437,2020-04-03,2024-07-12,-0.0018134143375108291
2024-07-15,603658,val,-0.008856416127710282,0.0023457082843521167,2020-04-03,2024-07-12,0.0009642699761615232
2024-07-15,605090,val,-0.04368782979004805,-0.0049324236194810914,2020-04-03,2024-07-12,-7.973457044855495e-05
2024-07-15,605589,val,-0.0403904368228898,-0.0009320095191800034,2020-04-03,2024-07-12,-0.0018134143375108291
2024-07-15,688031,val,0.024170575414855327,0.0001423979157936861,2020-04-03,2024-07-12,-0.0018134143375108291
2024-07-15,688045,val,0.04762440456297344,-0.0074938658602810935,2020-04-03,2024-07-12,0.0032447834374500304
2024-07-15,688133,val,0.08176110229535437,-0.005246336225294788,2020-04-03,2024-07-12,-0.0018134143375108291
2024-07-15,688147,val,0.12658761056843912,-0.0076594633110693006,2020-04-03,2024-07-12,-0.0018134143375108291
2024-07-15,688528,val,-0.015158174874706516,0.002597444020873247,2020-04-03,2024-07-12,-0.0018134143375108291
2024-07-16,600025,val,0.029310573758182558,0.006535639172355596,2020-04-03,2024-07-12,-7.973457044855495e-05
2024-07-16,600051,val,0.0053651105726287614,0.002184233009858196,2020-04-03,2024-07-12,-0.0018134143375108291
2024-07-16,600127,val,-0.006439766151603044,0.0030521015869794236,2020-04-03,2024-07-12,0.0009642699761615232
2024-07-16,600153,val,-0.0328763919170876,-0.0024928260494362668,2020-04-03,2024-07-12,0.0009642699761615232
2024-07-16,600548,val,0.02435135636720629,0.005367190173934334,2020-04-03,2024-07-12,0.0009642699761615232
2024-07-16,600865,val,-0.0003520325757177204,0.002380135239632344,2020-04-03,2024-07-12,-0.0018134143375108291
2024-07-16,600967,val,0.031856318168649624,0.0025414237479443247,2020-04-03,2024-07-12,0.0009642699761615232
2024-07-16,601222,val,0.006649133636804394,0.0036184381570009715,2020-04-03,2024-07-12,-0.0018134143375108291
2024-07-16,603237,val,-0.02924336343706537,0.005353903337688722,2020-04-03,2024-07-12,0.0009642699761615232
2024-07-16,603335,val,-0.028889219635539275,0.0025281954462699303,2020-04-03,2024-07-12,-0.0018134143375108291
2024-07-16,603341,val,-0.02238909651684031,-0.0057224899258472,2020-04-03,2024-07-12,-7.973457044855495e-05
2024-07-16,603658,val,-0.024392992191146344,-0.002020207800797565,2020-04-03,2024-07-12,0.0009642699761615232
2024-07-16,605090,val,-0.04346372912418819,0.0048233998629388115,2020-04-03,2024-07-12,-7.973457044855495e-05
2024-07-16,605589,val,-0.04681737366510632,0.005168423417626384,2020-04-03,2024-07-12,-0.0018134143375108291
2024-07-16,688031,val,-0.017109526821363595,-0.009071605290482239,2020-04-03,2024-07-12,-0.0018134143375108291
2024-07-16,688045,val,0.010018347321436005,-0.007198486673740006,2020-04-03,2024-07-12,-0.013229984416286835
2024-07-16,688133,val,0.06699896128580271,-0.0060606473032172575,2020-04-03,2024-07-12,-0.0018134143375108291
2024-07-16,688147,val,0.08263909221582186,-0.008729303407150326,2020-04-03,2024-07-12,0.0032447834374500304
2024-07-16,688528,val,-0.005215401290874411,-0.003840616979169932,2020-04-03,2024-07-12,-0.0018134143375108291
2024-07-17,600025,val,0.07299911159249128,0.003915585348710428,2020-04-03,2024-07-12,0.0009642699761615232
2024-07-17,600051,val,0.017484051028657917,0.0020896462336760747,2020-04-03,2024-07-12,-0.0018134143375108291
2024-07-17,600127,val,-0.016105536505215505,0.0027346172326275335,2020-04-03,2024-07-12,0.0009642699761615232
2024-07-17,600153,val,-0.03342971214470413,-0.0014187942669785277,2020-04-03,2024-07-12,0.0009642699761615232
2024-07-17,600548,val,0.05059075443762318,0.006781427398401534,2020-04-03,2024-07-12,0.0009642699761615232
2024-07-17,600865,val,-0.009069624917553802,0.0018315648097847294,2020-04-03,2024-07-12,-0.0018134143375108291
2024-07-17,600967,val,0.05099246884807985,0.004527498910067248,2020-04-03,2024-07-12,0.0009642699761615232
2024-07-17,601222,val,0.016818565055192643,0.002557060011717236,2020-04-03,2024-07-12,0.0009642699761615232
2024-07-17,603237,val,-0.05044925788051446,0.0006733491651757615,2020-04-03,2024-07-12,0.0009642699761615232
2024-07-17,603335,val,-0.017407284143684636,0.005011289176697815,2020-04-03,2024-07-12,-0.0018134143375108291
2024-07-17,603341,val,0.0008896088367526048,-0.0005586312664219423,2020-04-03,2024-07-12,-0.0018134143375108291
2024-07-17,603658,val,-0.054784056003919106,-0.0018490918529478612,2020-04-03,2024-07-12,0.0009642699761615232
2024-07-17,605090,val,-0.016113985720940575,0.0024307795074066997,2020-04-03,2024-07-12,0.0032447834374500304
2024-07-17,605589,val,0.008727746155999257,-0.0034516504311759917,2020-04-03,2024-07-12,-0.0018134143375108291
2024-07-17,688031,val,-0.0053940665895669745,-0.002094635180067001,2020-04-03,2024-07-12,-0.0018134143375108291
2024-07-17,688045,val,0.006022847402604621,-0.0037264807907685157,2020-04-03,2024-07-12,-0.0018134143375108291
2024-07-17,688133,val,0.029567698413875305,0.001273197698066358,2020-04-03,2024-07-12,-0.0018134143375108291
2024-07-17,688147,val,-0.06429396206700877,-0.01808730482450472,2020-04-03,2024-07-12,-0.013229984416286835
2024-07-17,688528,val,0.012954634201831301,-0.004222527157078482,2020-04-03,2024-07-12,-0.0018134143375108291
2024-07-18,600025,val,0.0343234631987143,0.006090283153169695,2020-04-03,2024-07-12,0.0009642699761615232
2024-07-18,600051,val,0.011983675230374281,0.0002050794381552401,2020-04-03,2024-07-12,-0.0018134143375108291
2024-07-18,600127,val,-0.006169474280420549,0.0006987156043214302,2020-04-03,2024-07-12,0.0009642699761615232
2024-07-18,600153,val,-0.042813051784637644,-0.0001194836827303696,2020-04-03,2024-07-12,0.0009642699761615232
2024-07-18,600548,val,0.03762938159897248,0.006727470011447416,2020-04-03,2024-07-12,0.0009642699761615232
2024-07-18,600865,val,-0.013526817444550608,-0.0009597376742703258,2020-04-03,2024-07-12,-0.0018134143375108291
2024-07-18,600967,val,0.02840313421157107,-0.0005899784634914993,2020-04-03,2024-07-12,0.0009642699761615232
2024-07-18,601222,val,0.029319143292258966,0.0014579046447143053,2020-04-03,2024-07-12,0.0009642699761615232
2024-07-18,603237,val,-0.03337191542972192,-0.0014825749020751947,2020-04-03,2024-07-12,0.0009642699761615232
2024-07-18,603335,val,0.011211355180945883,-0.0009906354075422809,2020-04-03,2024-07-12,-0.0018134143375108291
2024-07-18,603341,val,-0.0020929505761901543,0.00016052244299393897,2020-04-03,2024-07-12,-0.0018134143375108291
2024-07-18,603658,val,-0.034943091043708484,-0.0013489902003187566,2020-04-03,2024-07-12,0.0009642699761615232
2024-07-18,605090,val,-0.049377628884395196,-0.0039399385688384915,2020-04-03,2024-07-12,-0.0018134143375108291
2024-07-18,605589,val,0.004327434503921847,-0.00475503738600985,2020-04-03,2024-07-12,-0.0018134143375108291
2024-07-18,688031,val,0.007795000761726158,0.0048466124956213575,2020-04-03,2024-07-12,-0.0018134143375108291
2024-07-18,688045,val,0.022232659653132182,0.005297480193228672,2020-04-03,2024-07-12,-0.0018134143375108291
2024-07-18,688133,val,0.04036106460498604,0.0011446830524792157,2020-04-03,2024-07-12,-0.0018134143375108291
2024-07-18,688147,val,-0.08802828676566052,-0.01665531427278865,2020-04-03,2024-07-12,-0.013229984416286835
2024-07-18,688528,val,0.04273690397268185,0.0026298392443224673,2020-04-03,2024-07-12,-0.0018134143375108291
2024-07-19,600025,val,0.001433364943080117,0.0023879430531490663,2020-04-03,2024-07-12,0.0009642699761615232
2024-07-19,600051,val,0.020929540533369494,-0.0019957200966679942,2020-04-03,2024-07-12,-0.0018134143375108291
2024-07-19,600127,val,0.010117621451904101,-0.0012158413937123141,2020-04-03,2024-07-12,0.0009642699761615232
2024-07-19,600153,val,-0.03559262331849532,-0.0001561907564898636,2020-04-03,2024-07-12,0.006803761026193077
2024-07-19,600548,val,0.007079886042385641,0.00392206020226234,2020-04-03,2024-07-12,0.0009642699761615232
2024-07-19,600865,val,0.024897282468853265,8.340852824518362e-05,2020-04-03,2024-07-12,-0.0018134143375108291
2024-07-19,600967,val,0.03420580691714416,0.004390427853403123,2020-04-03,2024-07-12,0.0009642699761615232
2024-07-19,601222,val,0.0469644915243891,0.001188214114297994,2020-04-03,2024-07-12,0.0009642699761615232
2024-07-19,603237,val,-0.03477047423487477,-0.00246747230652973,2020-04-03,2024-07-12,0.0009642699761615232
2024-07-19,603335,val,0.09577768959353529,-0.0005225968271843921,2020-04-03,2024-07-12,-0.0018134143375108291
2024-07-19,603341,val,-0.035000038959718136,0.00033820372514266713,2020-04-03,2024-07-12,-0.0018134143375108291
2024-07-19,603658,val,-0.028610852404997267,-0.004974928260299159,2020-04-03,2024-07-12,0.0009642699761615232
2024-07-19,605090,val,-0.012201052222402187,-0.0015063817924050968,2020-04-03,2024-07-12,-0.0018134143375108291
2024-07-19,605589,val,0.026061702954028553,-0.0037228015101854173,2020-04-03,2024-07-12,-0.0018134143375108291
2024-07-19,688031,val,-0.03135102730373439,0.006789958245049505,2020-04-03,2024-07-12,-0.0018134143375108291
2024-07-19,688045,val,-0.05113220814776863,-0.002460622522660483,2020-04-03,2024-07-12,0.0032447834374500304
2024-07-19,688133,val,0.007379515971391314,0.004450395928133078,2020-04-03,2024-07-12,-0.0018134143375108291
2024-07-19,688147,val,-0.07008870939739174,-0.007238278429824964,2020-04-03,2024-07-12,-7.973457044855495e-05
2024-07-19,688528,val,0.023900083589301412,0.0011271219686647372,2020-04-03,2024-07-12,-0.0018134143375108291
2024-07-22,600025,val,0.0189227535324061,-0.0028313355486085994,2020-04-03,2024-07-12,0.0009642699761615232
2024-07-22,600051,val,0.03738942718939094,-0.002458217003366943,2020-04-03,2024-07-12,0.0009642699761615232
2024-07-22,600127,val,0.013061255832357142,0.0004747955687326603,2020-04-03,2024-07-12,0.0009642699761615232
2024-07-22,600153,val,-0.05062339598075075,0.003024799681468237,2020-04-03,2024-07-12,0.006803761026193077
2024-07-22,600548,val,0.052201687169382525,0.00367516452075862,2020-04-03,2024-07-12,0.0009642699761615232
2024-07-22,600865,val,0.03762500985308866,0.0028287565835593814,2020-04-03,2024-07-12,-0.0018134143375108291
2024-07-22,600967,val,0.05951669141733714,-0.0012559420289633817,2020-04-03,2024-07-12,0.0009642699761615232
2024-07-22,601222,val,0.019778200417858903,-0.0014842019699412106,2020-04-03,2024-07-12,0.0009642699761615232
2024-07-22,603237,val,-0.03270985396979801,0.0015283259545582093,2020-04-03,2024-07-12,0.006803761026193077
2024-07-22,603335,val,0.097039361648486,-0.0016911898801072701,2020-04-03,2024-07-12,-0.0018134143375108291
2024-07-22,603341,val,-0.05770047427827,0.0011486251489891675,2020-04-03,2024-07-12,0.0032447834374500304
2024-07-22,603658,val,-0.050974418620260566,0.003461253041988408,2020-04-03,2024-07-12,0.006803761026193077
2024-07-22,605090,val,0.02027837610094193,0.0006223661839912144,2020-04-03,2024-07-12,-0.0018134143375108291
2024-07-22,605589,val,0.07418931980323715,-0.0041633324123880435,2020-04-03,2024-07-12,-0.0018134143375108291
2024-07-22,688031,val,-0.04490638984707721,0.005463114943987923,2020-04-03,2024-07-12,-0.0018134143375108291
2024-07-22,688045,val,-0.08509895912878254,-0.0030283158258951723,2020-04-03,2024-07-12,-0.033794492952228736
2024-07-22,688133,val,-0.03978228998232606,-0.011600342376882986,2020-04-03,2024-07-12,-0.013229984416286835
2024-07-22,688147,val,-0.084548236857132,0.003725187119865887,2020-04-03,2024-07-12,-7.973457044855495e-05
2024-07-22,688528,val,0.01634193569991068,0.000977388020642161,2020-04-03,2024-07-12,-0.0018134143375108291
2024-07-23,600025,val,-0.03243781310098224,0.00034920392394552244,2020-04-03,2024-07-12,-7.973457044855495e-05
2024-07-23,600051,val,0.02428055339335169,-0.003122173463176889,2020-04-03,2024-07-12,0.0009642699761615232
2024-07-23,600127,val,0.009536678271099743,8.39085406396442e-05,2020-04-03,2024-07-12,0.0009642699761615232
2024-07-23,600153,val,-0.05359798813985959,0.0017449982180002082,2020-04-03,2024-07-12,0.006803761026193077
2024-07-23,600548,val,0.012440520282647218,0.0015192246067637812,2020-04-03,2024-07-12,0.0009642699761615232
2024-07-23,600865,val,0.02465977096289398,0.0023534758526000464,2020-04-03,2024-07-12,-0.0018134143375108291
2024-07-23,600967,val,0.05447860234911885,0.0012799148205110886,2020-04-03,2024-07-12,0.0009642699761615232
2024-07-23,601222,val,0.015291631753063164,-0.0014408385738275084,2020-04-03,2024-07-12,0.0009642699761615232
2024-07-23,603237,val,-0.02457166794670138,-0.00023038057121051652,2020-04-03,2024-07-12,0.006803761026193077
2024-07-23,603335,val,0.06277762438249648,-0.0007328671801956261,2020-04-03,2024-07-12,-0.0018134143375108291
2024-07-23,603341,val,-0.016861846778747334,-0.00041094357908761845,2020-04-03,2024-07-12,-0.0018134143375108291
2024-07-23,603658,val,-0.04621836037128011,-0.004615678184971702,2020-04-03,2024-07-12,-0.0018134143375108291
2024-07-23,605090,val,0.011798265525760045,0.004348853387098303,2020-04-03,2024-07-12,-0.0018134143375108291
2024-07-23,605589,val,0.08641396637435375,-0.0019765076991894964,2020-04-03,2024-07-12,-0.0018134143375108291
2024-07-23,688031,val,-0.009312049975219148,0.004310701181345399,2020-04-03,2024-07-12,-0.0018134143375108291
2024-07-23,688045,val,-0.06153145706502181,-0.0058333217814710596,2020-04-03,2024-07-12,-0.0018134143375108291
2024-07-23,688133,val,-0.008632433481648969,-0.00016857132673519831,2020-04-03,2024-07-12,-7.973457044855495e-05
2024-07-23,688147,val,-0.05975247890937183,-0.0010118179761373716,2020-04-03,2024-07-12,0.0032447834374500304
2024-07-23,688528,val,0.011238482474047486,0.001969719527487247,2020-04-03,2024-07-12,-0.0018134143375108291
2024-07-24,600025,val,-0.10692855174119839,-0.01144921204023647,2020-04-03,2024-07-12,-0.033794492952228736
2024-07-24,600051,val,0.009192780450217125,-0.0027315537535816626,2020-04-03,2024-07-12,0.0009642699761615232
2024-07-24,600127,val,-0.0030059188321701347,-0.0024789571073318777,2020-04-03,2024-07-12,0.0009642699761615232
2024-07-24,600153,val,-0.0454490190324813,0.0055528019969903995,2020-04-03,2024-07-12,0.006803761026193077
2024-07-24,600548,val,-0.04927617530613013,0.0010777850635610257,2020-04-03,2024-07-12,-7.973457044855495e-05
2024-07-24,600865,val,0.035031247253776515,-0.002942116682152336,2020-04-03,2024-07-12,-0.0018134143375108291
2024-07-24,600967,val,0.018626474956380618,-0.0010013164648268768,2020-04-03,2024-07-12,-7.973457044855495e-05
2024-07-24,601222,val,-0.00207164511227384,-0.003785262785787118,2020-04-03,2024-07-12,0.0009642699761615232
2024-07-24,603237,val,-0.014108087475230263,0.002263835789721958,2020-04-03,2024-07-12,0.006803761026193077
2024-07-24,603335,val,0.0628090250315542,-0.0010969751764570116,2020-04-03,2024-07-12,0.006803761026193077
2024-07-24,603341,val,0.03989850389094465,0.0024606586707541893,2020-04-03,2024-07-12,-0.0018134143375108291
2024-07-24,603658,val,-0.024999655611002675,0.0019868933065857546,2020-04-03,2024-07-12,-0.0018134143375108291
2024-07-24,605090,val,0.014536878087583999,0.003125719455533659,2020-04-03,2024-07-12,-0.0018134143375108291
2024-07-24,605589,val,0.010488817969250525,-0.011303699482960181,2020-04-03,2024-07-12,-0.0018134143375108291
2024-07-24,688031,val,0.027700501242564762,0.007176551139329172,2020-04-03,2024-07-12,-0.0018134143375108291
2024-07-24,688045,val,-0.016873514650985605,-0.000409316896699807,2020-04-03,2024-07-12,-0.0018134143375108291
2024-07-24,688133,val,0.04908353483547581,0.004036950480964356,2020-04-03,2024-07-12,0.0032447834374500304
2024-07-24,688147,val,-0.00628178320054204,0.008688403640618127,2020-04-03,2024-07-12,0.0032447834374500304
2024-07-24,688528,val,0.0016265872442661478,-0.0007542894316369716,2020-04-03,2024-07-12,-0.0018134143375108291
2024-07-25,600025,val,-0.08399473756569395,-0.007450667098458458,2020-04-03,2024-07-12,-0.033794492952228736
2024-07-25,600051,val,0.003320817253691183,-0.0033263436507984484,2020-04-03,2024-07-12,0.0009642699761615232
2024-07-25,600127,val,-0.004239595720680639,-4.6449277189045116e-05,2020-04-03,2024-07-12,0.0009642699761615232
2024-07-25,600153,val,-0.06325150319730707,0.009288710844480665,2020-04-03,2024-07-12,0.006803761026193077
2024-07-25,600548,val,-0.029285981600805727,-0.007004147230866493,2020-04-03,2024-07-12,-0.013229984416286835
2024-07-25,600865,val,0.027304557091089504,-0.00014809007309061247,2020-04-03,2024-07-12,-0.0018134143375108291
2024-07-25,600967,val,0.023594418727555883,0.0009630627547325413,2020-04-03,2024-07-12,-7.973457044855495e-05
2024-07-25,601222,val,-0.01593538863235075,-0.0029724216052564815,2020-04-03,2024-07-12,0.0009642699761615232
2024-07-25,603237,val,-0.02465482063417565,0.0061037095751843035,2020-04-03,2024-07-12,0.006803761026193077
2024-07-25,603335,val,0.05640391301971384,-0.004200003212839054,2020-04-03,2024-07-12,-0.0018134143375108291
2024-07-25,603341,val,0.10034685532331203,0.005595208041900377,2020-04-03,2024-07-12,-0.0018134143375108291
2024-07-25,603658,val,-0.061916463445402886,0.003100709507536288,2020-04-03,2024-07-12,-0.0018134143375108291
2024-07-25,605090,val,0.022800927543824373,0.0042708050684148935,2020-04-03,2024-07-12,-0.0018134143375108291
2024-07-25,605589,val,-0.008966227727311454,-0.00464570892227391,2020-04-03,2024-07-12,-0.0018134143375108291
2024-07-25,688031,val,0.03470845637280065,0.001586886117070106,2020-04-03,2024-07-12,-0.0018134143375108291
2024-07-25,688045,val,0.01703556687415067,-0.005230891416692954,2020-04-03,2024-07-12,-0.0018134143375108291
2024-07-25,688133,val,0.010991099612041949,0.0017581101517448723,2020-04-03,2024-07-12,0.0032447834374500304
2024-07-25,688147,val,-0.007617160045180621,0.0074409047110438956,2020-04-03,2024-07-12,0.0032447834374500304
2024-07-25,688528,val,0.0033552667507286416,-0.0066664845622542174,2020-04-03,2024-07-12,-0.0018134143375108291
2024-07-26,600025,val,-0.026901752881085626,0.0005290731352287551,2020-04-03,2024-07-12,0.0009642699761615232
2024-07-26,600051,val,0.006446299012351522,-0.00020183606204322868,2020-04-03,2024-07-12,0.0009642699761615232
2024-07-26,600127,val,0.007344088121004757,-0.0021334477525857616,2020-04-03,2024-07-12,0.0009642699761615232
2024-07-26,600153,val,-0.05859796896866318,0.002506037379956783,2020-04-03,2024-07-12,0.006803761026193077
2024-07-26,600548,val,0.040796668963303945,-0.0006995995142298211,2020-04-03,2024-07-12,0.0009642699761615232
2024-07-26,600865,val,0.029127500006805886,-0.0031201813335786106,2020-04-03,2024-07-12,-0.0018134143375108291
2024-07-26,600967,val,0.03504730448041718,0.001888470824197834,2020-04-03,2024-07-12,0.0009642699761615232
2024-07-26,601222,val,-0.02166615078684495,-0.0021132181086062126,2020-04-03,2024-07-12,0.0009642699761615232
2024-07-26,603237,val,-0.010631668028224326,0.0032646395139410127,2020-04-03,2024-07-12,0.006803761026193077
2024-07-26,603335,val,-0.028741622484958238,-0.00849349165958361,2020-04-03,2024-07-12,-0.013229984416286835
2024-07-26,603341,val,0.04366639777113049,0.0025442037167653776,2020-04-03,2024-07-12,-0.0018134143375108291
2024-07-26,603658,val,-0.02117207964060006,0.00104658350926428,2020-04-03,2024-07-12,-0.0018134143375108291
2024-07-26,605090,val,-0.0008006656377592437,-7.544838337243044e-06,2020-04-03,2024-07-12,-0.0018134143375108291
2024-07-26,605589,val,-0.04143110805180225,-0.010075539832363463,2020-04-03,2024-07-12,-0.0018134143375108291
2024-07-26,688031,val,0.012237627062686964,0.003845006976180489,2020-04-03,2024-07-12,-0.0018134143375108291
2024-07-26,688045,val,0.011055891643935192,-0.004479240911611274,2020-04-03,2024-07-12,-0.0018134143375108291
2024-07-26,688133,val,0.04880149815614024,0.00552371065138228,2020-04-03,2024-07-12,-0.0018134143375108291
2024-07-26,688147,val,-0.019603954960729173,0.009771056108459682,2020-04-03,2024-07-12,0.0032447834374500304
2024-07-26,688528,val,-0.00497630377710909,-0.0011777820800489183,2020-04-03,2024-07-12,-0.0018134143375108291
2024-07-29,600025,val,-0.023592888056168153,0.0031613999177491268,2020-04-03,2024-07-12,0.0009642699761615232
2024-07-29,600051,val,0.0009881968137354733,0.0008557641684510065,2020-04-03,2024-07-12,0.0009642699761615232
2024-07-29,600127,val,0.03158621639920151,-0.00021283928048234762,2020-04-03,2024-07-12,0.0009642699761615232
2024-07-29,600153,val,-0.01282067405434322,0.0009399095064647256,2020-04-03,2024-07-12,0.006803761026193077
2024-07-29,600548,val,0.011610176196804775,0.0055515448570974905,2020-04-03,2024-07-12,0.0009642699761615232
2024-07-29,600865,val,0.02261821218531996,-0.004426055797995871,2020-04-03,2024-07-12,-0.0018134143375108291
2024-07-29,600967,val,0.024195660951305382,0.0027761818858245946,2020-04-03,2024-07-12,-0.013229984416286835
2024-07-29,601222,val,0.0007371120164345133,0.0003711553392826027,2020-04-03,2024-07-12,0.0009642699761615232
2024-07-29,603237,val,0.014337866475395653,0.0016107141988777381,2020-04-03,2024-07-12,0.006803761026193077
2024-07-29,603335,val,-0.04365786349479355,-0.015071351155414994,2020-04-03,2024-07-12,-0.013229984416286835
2024-07-29,603341,val,0.017382879057477214,0.0017635510495938134,2020-04-03,2024-07-12,-0.0018134143375108291
2024-07-29,603658,val,0.01935758005957617,-0.0008748267725473,2020-04-03,2024-07-12,-0.0018134143375108291
2024-07-29,605090,val,-0.03004403414050854,-0.002949621412235849,2020-04-03,2024-07-12,-0.0018134143375108291
2024-07-29,605589,val,-0.07898065276161963,0.00025162991524115935,2020-04-03,2024-07-12,-7.973457044855495e-05
2024-07-29,688031,val,-0.025922928909907265,0.0012582240556603301,2020-04-03,2024-07-12,-0.0018134143375108291
2024-07-29,688045,val,0.008540952019052203,-0.004940138787534858,2020-04-03,2024-07-12,-0.0018134143375108291
2024-07-29,688133,val,0.1108978467006045,0.0038503061879343087,2020-04-03,2024-07-12,0.0032447834374500304
2024-07-29,688147,val,-0.02397669305247823,0.005938300492933848,2020-04-03,2024-07-12,0.0032447834374500304
2024-07-29,688528,val,-0.02325696440508878,-0.0014369486465112648,2020-04-03,2024-07-12,-0.0018134143375108291
2024-07-30,600025,val,-0.025699176788100117,-0.000202695799124744,2020-04-03,2024-07-12,0.0009642699761615232
2024-07-30,600051,val,-0.005686463115677706,0.0022037666496761065,2020-04-03,2024-07-12,0.0009642699761615232
2024-07-30,600127,val,0.024026593079585504,0.000163329867850715,2020-04-03,2024-07-12,0.0009642699761615232
2024-07-30,600153,val,-0.011627057175083541,0.0001379452971818251,2020-04-03,2024-07-12,0.006803761026193077
2024-07-30,600548,val,-0.024168056596268014,0.010169953591684018,2020-04-03,2024-07-12,0.0009642699761615232
2024-07-30,600865,val,0.035174814899799636,-0.002749392991281043,2020-04-03,2024-07-12,0.0032447834374500304
2024-07-30,600967,val,0.028578127907406617,0.006661869622019027,2020-04-03,2024-07-12,-7.973457044855495e-05
2024-07-30,601222,val,0.004041466501796667,0.0020622131856914716,2020-04-03,2024-07-12,0.0009642699761615232
2024-07-30,603237,val,0.012594396112113729,0.0032036715096091318,2020-04-03,2024-07-12,0.006803761026193077
2024-07-30,603335,val,-0.02611981079827179,-0.008540594059510303,2020-04-03,2024-07-12,-0.013229984416286835
2024-07-30,603341,val,-0.0011619408960135552,-0.0025987670766753983,2020-04-03,2024-07-12,-0.0018134143375108291
2024-07-30,603658,val,0.04534638958954669,-0.003403275176122811,2020-04-03,2024-07-12,-0.0018134143375108291
2024-07-30,605090,val,-0.01688639512962191,-0.006522692700912151,2020-04-03,2024-07-12,-0.0018134143375108291
2024-07-30,605589,val,-0.09579857649747618,-0.0028742882555772447,2020-04-03,2024-07-12,0.0032447834374500304
2024-07-30,688031,val,-0.0346008925292635,0.004158859515626251,2020-04-03,2024-07-12,-0.0018134143375108291
2024-07-30,688045,val,-0.01307423517797783,-0.010162451105363712,2020-04-03,2024-07-12,-0.0018134143375108291
2024-07-30,688133,val,0.1108476902996642,0.002849496184274479,2020-04-03,2024-07-12,0.0032447834374500304
2024-07-30,688147,val,0.00030001728393842797,0.0032158593806330005,2020-04-03,2024-07-12,-0.0018134143375108291
2024-07-30,688528,val,-0.006086890970097333,0.000644092082709686,2020-04-03,2024-07-12,-0.0018134143375108291
2024-07-31,600025,val,0.02249667497623075,0.0033562068377325106,2020-04-03,2024-07-12,0.0009642699761615232
2024-07-31,600051,val,0.012223033681271415,0.0019837641783708978,2020-04-03,2024-07-12,0.0009642699761615232
2024-07-31,600127,val,0.01804827639971828,0.0019978054254595414,2020-04-03,2024-07-12,0.0009642699761615232
2024-07-31,600153,val,-0.0331608274409645,0.008389015417231907,2020-04-03,2024-07-12,0.006803761026193077
2024-07-31,600548,val,0.020973393404398515,0.010016756955639989,2020-04-03,2024-07-12,0.0009642699761615232
2024-07-31,600865,val,0.036147823911030434,-0.005911446595497108,2020-04-03,2024-07-12,0.0032447834374500304
2024-07-31,600967,val,0.04395854504829332,0.005604016825514832,2020-04-03,2024-07-12,0.0009642699761615232
2024-07-31,601222,val,0.019747800532960984,0.00478258534463658,2020-04-03,2024-07-12,0.0009642699761615232
2024-07-31,603237,val,0.007252055077181178,0.002656524499194231,2020-04-03,2024-07-12,0.006803761026193077
2024-07-31,603335,val,-0.008142199790757816,-0.0003708602438894256,2020-04-03,2024-07-12,0.0032447834374500304
2024-07-31,603341,val,-0.04755215732215757,-0.015316848372878923,2020-04-03,2024-07-12,-0.013229984416286835
2024-07-31,603658,val,0.01706884447023737,-0.002323675260148952,2020-04-03,2024-07-12,-0.0018134143375108291
2024-07-31,605090,val,0.005715727029621413,-0.004641511136336856,2020-04-03,2024-07-12,-0.0018134143375108291
2024-07-31,605589,val,-0.07519425895910836,-0.00026705730875941996,2020-04-03,2024-07-12,-0.0018134143375108291
2024-07-31,688031,val,-0.05619278161050124,0.0026203902850704063,2020-04-03,2024-07-12,-0.0018134143375108291
2024-07-31,688045,val,-0.02661931362798254,-0.010325508897770645,2020-04-03,2024-07-12,-0.0018134143375108291
2024-07-31,688133,val,0.06926924125975398,-0.00921674274808712,2020-04-03,2024-07-12,-0.013229984416286835
2024-07-31,688147,val,-0.03185989256937861,0.004003455633677354,2020-04-03,2024-07-12,-0.0018134143375108291
2024-07-31,688528,val,0.005820015530152982,0.0013800288832285206,2020-04-03,2024-07-12,-0.0018134143375108291
2024-08-01,600025,val,0.009495829170688672,0.00012055520697797462,2020-04-03,2024-07-12,0.0009642699761615232
2024-08-01,600051,val,0.017081101710502564,0.003219566516784638,2020-04-03,2024-07-12,0.0009642699761615232
2024-08-01,600127,val,0.04085007117651848,-0.00048494320495306146,2020-04-03,2024-07-12,0.0009642699761615232
2024-08-01,600153,val,0.010760345134240932,0.006186289242284251,2020-04-03,2024-07-12,0.006803761026193077
2024-08-01,600548,val,-0.0035187116737699607,0.002469030576834245,2020-04-03,2024-07-12,0.0009642699761615232
2024-08-01,600865,val,0.04212960392126683,-0.001501734392322683,2020-04-03,2024-07-12,-0.0018134143375108291
2024-08-01,600967,val,0.03584866617390056,0.005589053180886162,2020-04-03,2024-07-12,0.0009642699761615232
2024-08-01,601222,val,0.02434862193056617,0.004696127044969745,2020-04-03,2024-07-12,0.0009642699761615232
2024-08-01,603237,val,0.029068653501699047,0.00045031306208289404,2020-04-03,2024-07-12,0.006803761026193077
2024-08-01,603335,val,-0.02140336751238994,0.0025296424009924085,2020-04-03,2024-07-12,0.0032447834374500304
2024-08-01,603341,val,-0.08811300748367326,-0.014845928354241762,2020-04-03,2024-07-12,-0.013229984416286835
2024-08-01,603658,val,0.05980902357576376,-0.001147291112663694,2020-04-03,2024-07-12,-0.0018134143375108291
2024-08-01,605090,val,0.00570972014084423,-0.0004217699637136472,2020-04-03,2024-07-12,-0.0018134143375108291
2024-08-01,605589,val,-0.06776010375527422,0.0014204232023033072,2020-04-03,2024-07-12,-0.0018134143375108291
2024-08-01,688031,val,-0.0780336799244358,0.006018601725122957,2020-04-03,2024-07-12,0.0032447834374500304
2024-08-01,688045,val,-0.05321229562139165,-0.011528291507589912,2020-04-03,2024-07-12,0.0032447834374500304
2024-08-01,688133,val,0.08288035690633919,-0.0024382896586226635,2020-04-03,2024-07-12,0.0032447834374500304
2024-08-01,688147,val,-0.04269685264837966,-0.0024687382396225803,2020-04-03,2024-07-12,-0.0018134143375108291
2024-08-01,688528,val,-0.0032439747230159875,0.0005542839968797406,2020-04-03,2024-07-12,0.0032447834374500304
2024-08-02,600025,val,0.0028536310466389034,0.005174340998335404,2020-04-03,2024-07-12,0.0009642699761615232
2024-08-02,600051,val,0.029964376660674384,0.0013494051668888288,2020-04-03,2024-07-12,0.0009642699761615232
2024-08-02,600127,val,0.023810251453377416,-0.001146209152806941,2020-04-03,2024-07-12,0.0009642699761615232
2024-08-02,600153,val,0.022151876660674162,0.007015859684571375,2020-04-03,2024-07-12,0.006803761026193077
2024-08-02,600548,val,-0.01704185234268544,0.0040264567170732665,2020-04-03,2024-07-12,0.0009642699761615232
2024-08-02,600865,val,0.02366245067880087,0.0015883768646418601,2020-04-03,2024-07-12,0.0009642699761615232
2024-08-02,600967,val,0.01678491033838788,0.0011259816405109196,2020-04-03,2024-07-12,-7.973457044855495e-05
2024-08-02,601222,val,0.029020008528806006,0.004601535450842468,2020-04-03,2024-07-12,0.0009642699761615232
2024-08-02,603237,val,0.02760890258154721,0.00446023978771111,2020-04-03,2024-07-12,0.006803761026193077
2024-08-02,603335,val,-0.020603467757378015,-0.004377310218481051,2020-04-03,2024-07-12,0.0032447834374500304
2024-08-02,603341,val,-0.03585917306308276,-0.012022960680854606,2020-04-03,2024-07-12,-0.0018134143375108291
2024-08-02,603658,val,0.013509901352032193,-0.004780175027825455,2020-04-03,2024-07-12,-0.0018134143375108291
2024-08-02,605090,val,0.015091125961659811,-0.0015352501523245425,2020-04-03,2024-07-12,-0.0018134143375108291
2024-08-02,605589,val,-0.07158109336657373,0.00018594713561346647,2020-04-03,2024-07-12,-0.0018134143375108291
2024-08-02,688031,val,-0.06248272671221781,0.004113813664099657,2020-04-03,2024-07-12,-0.0018134143375108291
2024-08-02,688045,val,-0.01684533782400547,-0.00782621758751282,2020-04-03,2024-07-12,-0.0018134143375108291
2024-08-02,688133,val,0.041302086116090285,-0.008123973923107914,2020-04-03,2024-07-12,-0.013229984416286835
2024-08-02,688147,val,-0.020241933019931636,-0.0003076120190811013,2020-04-03,2024-07-12,-0.0018134143375108291
2024-08-02,688528,val,-0.0011039372928142513,0.004894651374094328,2020-04-03,2024-07-12,-0.0018134143375108291
2024-08-05,600025,val,-0.007202846985791649,0.0026090686103121727,2020-04-03,2024-07-12,0.0009642699761615232
2024-08-05,600051,val,0.021777051401661536,0.00011499831814450573,2020-04-03,2024-07-12,0.0009642699761615232
2024-08-05,600127,val,-9.173587468058157e-05,-0.0030240264298245995,2020-04-03,2024-07-12,0.0009642699761615232
2024-08-05,600153,val,-0.0015865041855923575,0.0013350216911878821,2020-04-03,2024-07-12,0.006803761026193077
2024-08-05,600548,val,-0.00871572974206269,0.0027582632298169198,2020-04-03,2024-07-12,0.0009642699761615232
2024-08-05,600865,val,0.007600571817627084,-0.00044018224603345994,2020-04-03,2024-07-12,0.0009642699761615232
2024-08-05,600967,val,0.008101627500985092,0.0014483832311622867,2020-04-03,2024-07-12,0.0009642699761615232
2024-08-05,601222,val,0.02076332147672689,-0.0012405185877906652,2020-04-03,2024-07-12,0.0009642699761615232
2024-08-05,603237,val,0.01089727511433059,-0.0004210283817757935,2020-04-03,2024-07-12,0.006803761026193077
2024-08-05,603335,val,-0.01246797349844297,-0.0037873488113342783,2020-04-03,2024-07-12,0.0032447834374500304
2024-08-05,603341,val,-0.028921089398268533,0.003741712522552371,2020-04-03,2024-07-12,-0.0018134143375108291
2024-08-05,603658,val,0.01412627360399244,-0.003977838497622882,2020-04-03,2024-07-12,-0.0018134143375108291
2024-08-05,605090,val,0.04323761473722177,0.002650318314605441,2020-04-03,2024-07-12,-0.0018134143375108291
2024-08-05,605589,val,-0.0360917358746805,0.002623555813531936,2020-04-03,2024-07-12,-0.0018134143375108291
2024-08-05,688031,val,-0.038591569927119866,0.01034392878098107,2020-04-03,2024-07-12,-0.0018134143375108291
2024-08-05,688045,val,0.003908264125319422,-0.001471109232732876,2020-04-03,2024-07-12,-0.0018134143375108291
2024-08-05,688133,val,-0.004745604402894726,-0.019869401088838144,2020-04-03,2024-07-12,-0.013229984416286835
2024-08-05,688147,val,0.0038271006662928876,0.004833129317194077,2020-04-03,2024-07-12,-0.0018134143375108291
2024-08-05,688528,val,0.004175689445376169,0.00018997316885231523,2020-04-03,2024-07-12,-0.0018134143375108291
2024-08-06,600025,val,0.017694222283170108,0.002953679118407461,2020-04-03,2024-07-12,0.006803761026193077
2024-08-06,600051,val,0.02953509832888282,0.0030226495962874527,2020-04-03,2024-07-12,0.0009642699761615232
2024-08-06,600127,val,-0.010151231863449654,-0.005446377773677809,2020-04-03,2024-07-12,0.0009642699761615232
2024-08-06,600153,val,-0.008438919755651779,0.0011467070866308664,2020-04-03,2024-07-12,0.006803761026193077
2024-08-06,600548,val,0.024489605041334933,0.00012681012058845446,2020-04-03,2024-07-12,0.0009642699761615232
2024-08-06,600865,val,-0.023415017258382548,-0.007928968581768467,2020-04-03,2024-07-12,0.0009642699761615232
2024-08-06,600967,val,0.0038831543820521414,0.0014187288942038427,2020-04-03,2024-07-12,0.0009642699761615232
2024-08-06,601222,val,0.028450632841474116,0.00220497392112051,2020-04-03,2024-07-12,0.0009642699761615232
2024-08-06,603237,val,0.006530203670445019,0.0020794633830091146,2020-04-03,2024-07-12,0.006803761026193077
2024-08-06,603335,val,-0.006824327331145101,0.002231924428826162,2020-04-03,2024-07-12,0.0032447834374500304
2024-08-06,603341,val,-0.0021874898573754614,0.005467757121179875,2020-04-03,2024-07-12,-0.0018134143375108291
2024-08-06,603658,val,-0.013094054734301334,-0.006000569120123616,2020-04-03,2024-07-12,-0.0018134143375108291
2024-08-06,605090,val,0.030163093973702898,0.0042718438460718385,2020-04-03,2024-07-12,-0.0018134143375108291
2024-08-06,605589,val,-0.02448838717473542,-0.002875380860380302,2020-04-03,2024-07-12,-0.0018134143375108291
2024-08-06,688031,val,-0.036860443671868,0.0063068946884628895,2020-04-03,2024-07-12,-0.0018134143375108291
2024-08-06,688045,val,0.02817141009426019,0.0017697451148091245,2020-04-03,2024-07-12,-0.0018134143375108291
2024-08-06,688133,val,-0.032050953414649225,-0.012810961516195688,2020-04-03,2024-07-12,-7.973457044855495e-05
2024-08-06,688147,val,-0.01653332963892093,0.0018388049761660485,2020-04-03,2024-07-12,-0.0018134143375108291
2024-08-06,688528,val,0.00512673408515721,-0.001360824721229465,2020-04-03,2024-07-12,-0.0018134143375108291
2024-08-07,600025,val,0.03848051498197402,-0.0007662343076254629,2020-04-03,2024-07-12,0.0009642699761615232
2024-08-07,600051,val,0.022559691797740422,0.0010719736407775737,2020-04-03,2024-07-12,0.0009642699761615232
2024-08-07,600127,val,-0.0005392665355931081,-0.004859261841391454,2020-04-03,2024-07-12,0.0009642699761615232
2024-08-07,600153,val,-0.008195438449636216,0.0021068449033400543,2020-04-03,2024-07-12,0.006803761026193077
2024-08-07,600548,val,0.04293211851852585,0.0030330051730220646,2020-04-03,2024-07-12,0.0009642699761615232
2024-08-07,600865,val,-0.0316503776467042,-0.0039483263823710335,2020-04-03,2024-07-12,-0.013229984416286835
2024-08-07,600967,val,-0.012461815164243273,0.001679046494063035,2020-04-03,2024-07-12,0.0009642699761615232
2024-08-07,601222,val,0.01618734810076039,0.001352439125414308,2020-04-03,2024-07-12,0.0009642699761615232
2024-08-07,603237,val,0.02370811863948652,-6.196951876872503e-05,2020-04-03,2024-07-12,0.006803761026193077
2024-08-07,603335,val,-0.006765835402748999,0.002609801567584082,2020-04-03,2024-07-12,0.0032447834374500304
2024-08-07,603341,val,0.11230088432022356,0.0035810613207583474,2020-04-03,2024-07-12,-0.0018134143375108291
2024-08-07,603658,val,-0.026176521437554,-0.000930222932503443,2020-04-03,2024-07-12,-0.0018134143375108291
2024-08-07,605090,val,-0.04082460601524229,-0.003633648547898268,2020-04-03,2024-07-12,-0.0018134143375108291
2024-08-07,605589,val,-0.02822268652403892,0.003565403288530188,2020-04-03,2024-07-12,-0.0018134143375108291
2024-08-07,688031,val,-0.054738400734727355,0.0072030897073799855,2020-04-03,2024-07-12,-0.0018134143375108291
2024-08-07,688045,val,0.014243867450150383,0.0005623941544372575,2020-04-03,2024-07-12,-0.0018134143375108291
2024-08-07,688133,val,-0.030265423287245574,-0.016430530871239277,2020-04-03,2024-07-12,-0.013229984416286835
2024-08-07,688147,val,-0.03511314449827596,0.0018432567136977519,2020-04-03,2024-07-12,-0.0018134143375108291
2024-08-07,688528,val,0.004540971887148748,0.00043877803518127463,2020-04-03,2024-07-12,-0.0018134143375108291
2024-08-08,600025,val,0.05493022337699699,0.0027593845280261624,2020-04-03,2024-07-12,0.0009642699761615232
2024-08-08,600051,val,0.005592182776820439,0.0022765455462733252,2020-04-03,2024-07-12,0.0009642699761615232
2024-08-08,600127,val,-0.026296679801125437,-0.008607930098981363,2020-04-03,2024-07-12,0.0009642699761615232
2024-08-08,600153,val,-0.0214066750187249,-0.0018145266080283108,2020-04-03,2024-07-12,0.006803761026193077
2024-08-08,600548,val,0.03938113808066118,0.005581598450279961,2020-04-03,2024-07-12,-0.0018134143375108291
2024-08-08,600865,val,-0.029042840596066936,-0.004251007942260389,2020-04-03,2024-07-12,0.0009642699761615232
2024-08-08,600967,val,-0.010543006182713147,0.0015783383559930808,2020-04-03,2024-07-12,0.0009642699761615232
2024-08-08,601222,val,0.026413347299145403,0.0043421701898758045,2020-04-03,2024-07-12,0.0009642699761615232
2024-08-08,603237,val,0.012160241680840785,-0.0017580942973387528,2020-04-03,2024-07-12,0.006803761026193077
2024-08-08,603335,val,0.0021046705514443063,-0.00020740390461423329,2020-04-03,2024-07-12,0.0032447834374500304
2024-08-08,603341,val,0.10245148672455023,-0.0016275068239773084,2020-04-03,2024-07-12,-0.0018134143375108291
2024-08-08,603658,val,-0.022343607965330695,-0.0013709436740663944,2020-04-03,2024-07-12,-0.0018134143375108291
2024-08-08,605090,val,-0.03916223931349977,0.0029442025034425298,2020-04-03,2024-07-12,0.0032447834374500304
2024-08-08,605589,val,-0.0005538206026220495,0.003373623414473503,2020-04-03,2024-07-12,-0.0018134143375108291
2024-08-08,688031,val,-0.029687946372271404,0.0061439718697583155,2020-04-03,2024-07-12,-0.0018134143375108291
2024-08-08,688045,val,0.008744149027060274,-0.002211295281405541,2020-04-03,2024-07-12,-0.0018134143375108291
2024-08-08,688133,val,-0.04598458508498121,-0.004475338547212136,2020-04-03,2024-07-12,-7.973457044855495e-05
2024-08-08,688147,val,-0.034854306034315996,-0.005551838392292121,2020-04-03,2024-07-12,-0.0018134143375108291
2024-08-08,688528,val,0.008098267454131943,0.0012929504344421719,2020-04-03,2024-07-12,-0.0018134143375108291
2024-08-09,600025,val,0.047250582898420164,0.0009106944596355436,2020-04-03,2024-07-12,0.0009642699761615232
2024-08-09,600051,val,-0.002391635348449264,-0.003612109124618388,2020-04-03,2024-07-12,0.0009642699761615232
2024-08-09,600127,val,-0.026379006363388573,-0.007862322635714644,2020-04-03,2024-07-12,0.0009642699761615232
2024-08-09,600153,val,-0.027551133187510617,-0.007175631178398313,2020-04-03,2024-07-12,0.006803761026193077
2024-08-09,600548,val,0.0510136157312206,0.004447543526382909,2020-04-03,2024-07-12,-0.0018134143375108291
2024-08-09,600865,val,-0.02523529875298807,-0.004724086757790182,2020-04-03,2024-07-12,0.0009642699761615232
2024-08-09,600967,val,-0.00736953401170253,0.004415452439663701,2020-04-03,2024-07-12,0.0009642699761615232
2024-08-09,601222,val,0.013654241741560111,0.0012726203924054043,2020-04-03,2024-07-12,0.0009642699761615232
2024-08-09,603237,val,0.0054575962946039145,0.0006421965737796728,2020-04-03,2024-07-12,0.006803761026193077
2024-08-09,603335,val,-0.006503240172732341,0.0044352286897862735,2020-04-03,2024-07-12,-0.0018134143375108291
2024-08-09,603341,val,0.11046044130707817,0.003103915275549993,2020-04-03,2024-07-12,-0.0018134143375108291
2024-08-09,603658,val,-0.01774829207178335,-0.004999676780244441,2020-04-03,2024-07-12,-0.0018134143375108291
2024-08-09,605090,val,-0.04560587569135726,0.0035194780736947677,2020-04-03,2024-07-12,-0.0018134143375108291
2024-08-09,605589,val,0.010036870154354458,0.004195476105885746,2020-04-03,2024-07-12,-0.0018134143375108291
2024-08-09,688031,val,0.010928288798401195,0.005717366468253063,2020-04-03,2024-07-12,-0.0018134143375108291
2024-08-09,688045,val,-0.02628782678761337,-0.0022480930988889184,2020-04-03,2024-07-12,-0.0018134143375108291
2024-08-09,688133,val,-0.03180962548896742,-0.0035170610944975527,2020-04-03,2024-07-12,0.0032447834374500304
2024-08-09,688147,val,-0.04514640875769609,0.0002844595634116368,2020-04-03,2024-07-12,-0.0018134143375108291
2024-08-09,688528,val,0.013226239708550256,-0.00038855117590792224,2020-04-03,2024-07-12,-0.0018134143375108291
2024-08-12,600025,val,0.05449143265504891,0.0018869334708299108,2020-04-03,2024-08-09,0.0011765390169754494
2024-08-12,600051,val,0.004047114390102021,-0.006667041476202446,2020-04-03,2024-08-09,0.0011765390169754494
2024-08-12,600127,val,-0.016978778547835086,-0.0009739146065338977,2020-04-03,2024-08-09,0.0011765390169754494
2024-08-12,600153,val,-0.007031894906479878,-0.003546268078422775,2020-04-03,2024-08-09,-0.001658053740001071
2024-08-12,600548,val,0.06206536389121581,0.0054709644744746905,2020-04-03,2024-08-09,-0.001658053740001071
2024-08-12,600865,val,-0.014962598385018847,-0.0043877819949271245,2020-04-03,2024-08-09,0.0011765390169754494
2024-08-12,600967,val,0.005229239062883358,0.003389103191719361,2020-04-03,2024-08-09,0.0011765390169754494
2024-08-12,601222,val,0.03006959159956851,0.0035982026150087557,2020-04-03,2024-08-09,0.0011765390169754494
2024-08-12,603237,val,-0.0049694437218925115,-0.000779080399470771,2020-04-03,2024-08-09,0.0064034681957882205
2024-08-12,603335,val,0.002925633645438904,-0.01164341996380991,2020-04-03,2024-08-09,-0.001658053740001071
2024-08-12,603341,val,0.10598913948650351,-0.00029653438683611836,2020-04-03,2024-08-09,-0.001658053740001071
2024-08-12,603658,val,-0.03485573566568939,-0.006973389336717381,2020-04-03,2024-08-09,0.0030877496435006624
2024-08-12,605090,val,-0.05711307482201616,0.006530427838276109,2020-04-03,2024-08-09,-0.001658053740001071
2024-08-12,605589,val,0.013273079022366682,0.010299287948998996,2020-04-03,2024-08-09,-0.001658053740001071
2024-08-12,688031,val,-0.01622476219227426,0.01061684569084162,2020-04-03,2024-08-09,-0.001658053740001071
2024-08-12,688045,val,-0.05834216823884447,-0.0035690589557525894,2020-04-03,2024-08-09,-0.001658053740001071
2024-08-12,688133,val,-0.03531139668608824,-0.002644114993724461,2020-04-03,2024-08-09,0.0030877496435006624
2024-08-12,688147,val,-0.055819642104657896,-0.0005937941189387195,2020-04-03,2024-08-09,-0.001658053740001071
2024-08-12,688528,val,0.023518901517669052,-0.001262476978688279,2020-04-03,2024-08-09,-0.001658053740001071
2024-08-13,600025,val,0.06602865741591482,-0.0023436800586994007,2020-04-03,2024-08-09,0.0011765390169754494
2024-08-13,600051,val,-0.005755897007173688,-0.005625420336036223,2020-04-03,2024-08-09,0.0011765390169754494
2024-08-13,600127,val,-0.011140594045590396,0.0038933285508477907,2020-04-03,2024-08-09,0.0011765390169754494
2024-08-13,600153,val,0.006301749528541484,0.0016410412836394654,2020-04-03,2024-08-09,-0.001658053740001071
2024-08-13,600548,val,0.07024849796726865,0.001162035113056514,2020-04-03,2024-08-09,-0.001658053740001071
2024-08-13,600865,val,-0.011073816082318139,-0.0006889798608624636,2020-04-03,2024-08-09,0.0011765390169754494
2024-08-13,600967,val,-0.004527582976470462,0.002926760779691166,2020-04-03,2024-08-09,0.0011765390169754494
2024-08-13,601222,val,0.028926183917681675,0.00022186792472561154,2020-04-03,2024-08-09,-0.0003921430558008014
2024-08-13,603237,val,-0.0001671855004508893,0.0038359842007069144,2020-04-03,2024-08-09,0.0064034681957882205
2024-08-13,603335,val,0.006538124216189295,-0.002488913401239329,2020-04-03,2024-08-09,-0.001658053740001071
2024-08-13,603341,val,0.09547660530681304,-0.005334719144969446,2020-04-03,2024-08-09,-0.001658053740001071
2024-08-13,603658,val,-0.018408145927858638,0.00038017750116415574,2020-04-03,2024-08-09,0.0030877496435006624
2024-08-13,605090,val,-0.03904744822379788,0.0018535080900049163,2020-04-03,2024-08-09,-0.001658053740001071
2024-08-13,605589,val,0.026536697657227576,0.002194864783491672,2020-04-03,2024-08-09,-0.001658053740001071
2024-08-13,688031,val,-0.028167833176335283,0.010482174087197219,2020-04-03,2024-08-09,-0.001658053740001071
2024-08-13,688045,val,-0.07334654335504562,-0.004834307817164684,2020-04-03,2024-08-09,-0.001658053740001071
2024-08-13,688133,val,-0.04898828591242951,-0.0032382408254071687,2020-04-03,2024-08-09,0.0030877496435006624
2024-08-13,688147,val,-0.06211627379719584,-0.0014319528064322812,2020-04-03,2024-08-09,-0.001658053740001071
2024-08-13,688528,val,0.0026830899950297804,-0.004150638123589525,2020-04-03,2024-08-09,-0.001658053740001071
2024-08-14,600025,val,0.03966481221163859,-0.004026133142172446,2020-04-03,2024-08-09,0.0011765390169754494
2024-08-14,600051,val,-0.020780897225361642,0.00032065263813744246,2020-04-03,2024-08-09,0.0011765390169754494
2024-08-14,600127,val,0.00392635354571896,0.00245324345359655,2020-04-03,2024-08-09,0.0011765390169754494
2024-08-14,600153,val,0.018386640785485516,0.0057846926771573165,2020-04-03,2024-08-09,-0.001658053740001071
2024-08-14,600548,val,0.051168811178889995,-0.00012846270978153553,2020-04-03,2024-08-09,0.0030877496435006624
2024-08-14,600865,val,-0.0034327497436170175,0.0007352586122958667,2020-04-03,2024-08-09,0.0011765390169754494
2024-08-14,600967,val,0.01802911374489263,0.003222110802979125,2020-04-03,2024-08-09,0.0011765390169754494
2024-08-14,601222,val,0.04448403161607867,0.0028501282020768313,2020-04-03,2024-08-09,0.0011765390169754494
2024-08-14,603237,val,-0.007512717103878078,0.0007045165442382477,2020-04-03,2024-08-09,0.0064034681957882205
2024-08-14,603335,val,0.005131111920053385,-0.00014236809395198178,2020-04-03,2024-08-09,-0.001658053740001071
2024-08-14,603341,val,-0.01516906113017064,-0.027910294428550395,2020-04-03,2024-08-09,-0.013545260550690635
2024-08-14,603658,val,-0.0076201010956095695,0.005018760080337387,2020-04-03,2024-08-09,-0.001658053740001071
2024-08-14,605090,val,-0.003469666427078636,0.0060620952826599805,2020-04-03,2024-08-09,-0.001658053740001071
2024-08-14,605589,val,0.048659339543764946,-8.485848574135943e-05,2020-04-03,2024-08-09,-0.001658053740001071
2024-08-14,688031,val,-0.005851181649643659,0.005898055798390119,2020-04-03,2024-08-09,-0.001658053740001071
2024-08-14,688045,val,-0.06109673142850597,-0.0006028458526606889,2020-04-03,2024-08-09,-0.001658053740001071
2024-08-14,688133,val,-0.06597147501107953,0.0008251951357226312,2020-04-03,2024-08-09,0.0030877496435006624
2024-08-14,688147,val,-0.04392923509376795,-0.0001950735141517579,2020-04-03,2024-08-09,-0.001658053740001071
2024-08-14,688528,val,0.005383601362190012,-0.0023297830604563923,2020-04-03,2024-08-09,-0.001658053740001071
2024-08-15,600025,val,0.07041215853195734,0.004054281067526013,2020-04-03,2024-08-09,-0.03556145502759047
2024-08-15,600051,val,-0.0036519446073916204,-0.00047386975784694007,2020-04-03,2024-08-09,0.0011765390169754494
2024-08-15,600127,val,-0.005772197459871363,0.001310934814734135,2020-04-03,2024-08-09,0.0011765390169754494
2024-08-15,600153,val,0.015817568832251917,0.002858498724610651,2020-04-03,2024-08-09,-0.001658053740001071
2024-08-15,600548,val,0.06748537164439691,0.00507310414594207,2020-04-03,2024-08-09,0.0030877496435006624
2024-08-15,600865,val,-0.004634112404902767,0.0017813471522835093,2020-04-03,2024-08-09,0.0011765390169754494
2024-08-15,600967,val,-0.02904590297009215,0.004150820246603539,2020-04-03,2024-08-09,0.0011765390169754494
2024-08-15,601222,val,0.049793906306813664,0.0035465289411591525,2020-04-03,2024-08-09,0.0011765390169754494
2024-08-15,603237,val,-0.02781878741722745,0.000751048108729845,2020-04-03,2024-08-09,0.0011765390169754494
2024-08-15,603335,val,-0.008848516896199497,-0.001511698501363269,2020-04-03,2024-08-09,-0.001658053740001071
2024-08-15,603341,val,-0.006201652209730811,-0.022328047069697602,2020-04-03,2024-08-09,-0.013545260550690635
2024-08-15,603658,val,0.009514019307245249,0.0063627771463399185,2020-04-03,2024-08-09,0.0030877496435006624
2024-08-15,605090,val,0.004400994180646635,0.007001045135254346,2020-04-03,2024-08-09,-0.001658053740001071
2024-08-15,605589,val,0.04313168112360231,-0.0006252481673066141,2020-04-03,2024-08-09,-0.001658053740001071
2024-08-15,688031,val,-0.012481444955844821,-0.0020407734516338727,2020-04-03,2024-08-09,-0.001658053740001071
2024-08-15,688045,val,-0.05935733791007249,-0.0030494568261365193,2020-04-03,2024-08-09,-0.001658053740001071
2024-08-15,688133,val,-0.06158986851320127,0.0005124382033647368,2020-04-03,2024-08-09,0.0030877496435006624
2024-08-15,688147,val,-0.045664926050810094,-0.004502407093367558,2020-04-03,2024-08-09,-0.001658053740001071
2024-08-15,688528,val,0.004510991468430238,-0.00441643287907054,2020-04-03,2024-08-09,-0.001658053740001071
2024-08-16,600025,val,0.03431904299627798,0.0049237073725300435,2020-04-03,2024-08-09,0.0011765390169754494
2024-08-16,600051,val,-0.030093631076793963,-0.001314110260756122,2020-04-03,2024-08-09,0.0011765390169754494
2024-08-16,600127,val,-0.010869898632296142,-0.0018981379074730223,2020-04-03,2024-08-09,0.0011765390169754494
2024-08-16,600153,val,0.003979374877971072,0.003735782918920399,2020-04-03,2024-08-09,-0.001658053740001071
2024-08-16,600548,val,0.052229530598744474,0.0009385642339427146,2020-04-03,2024-08-09,-0.013545260550690635
2024-08-16,600865,val,-0.0014471356110765596,0.0003974665566712296,2020-04-03,2024-08-09,0.0011765390169754494
2024-08-16,600967,val,-0.04388187078678606,0.00637408046833911,2020-04-03,2024-08-09,0.0011765390169754494
2024-08-16,601222,val,0.06903990311129082,0.0038165647413724783,2020-04-03,2024-08-09,0.0011765390169754494
2024-08-16,603237,val,0.02442787542775094,0.003062301556353415,2020-04-03,2024-08-09,0.0011765390169754494
2024-08-16,603335,val,0.02448726560936599,-0.002573090694823069,2020-04-03,2024-08-09,-0.001658053740001071
2024-08-16,603341,val,-0.02525364295343179,-0.016729943511406827,2020-04-03,2024-08-09,-0.013545260550690635
2024-08-16,603658,val,0.011751227039659258,0.0021170931005942794,2020-04-03,2024-08-09,-0.001658053740001071
2024-08-16,605090,val,0.01802418607239465,0.0037871085367594264,2020-04-03,2024-08-09,-0.001658053740001071
2024-08-16,605589,val,0.053381184995645044,-0.0010625085926754838,2020-04-03,2024-08-09,-0.001658053740001071
2024-08-16,688031,val,-0.028405718629083247,-0.00185186501248915,2020-04-03,2024-08-09,-0.001658053740001071
2024-08-16,688045,val,-0.04833481947638795,-0.00013574311009290576,2020-04-03,2024-08-09,-0.001658053740001071
2024-08-16,688133,val,-0.0669159228242866,3.1009338771296715e-05,2020-04-03,2024-08-09,-0.001658053740001071
2024-08-16,688147,val,-0.024376536469013936,-0.002552143317691359,2020-04-03,2024-08-09,-0.001658053740001071
2024-08-16,688528,val,-0.012060414269943968,-0.0026112464767215292,2020-04-03,2024-08-09,-0.001658053740001071
2024-08-19,600025,val,0.006752180508532796,0.005998204473993451,2020-04-03,2024-08-09,-0.03556145502759047
2024-08-19,600051,val,-0.014346247635179749,0.0003732467653594359,2020-04-03,2024-08-09,0.0011765390169754494
2024-08-19,600127,val,0.028123407390373806,-0.0031981801754149427,2020-04-03,2024-08-09,0.0011765390169754494
2024-08-19,600153,val,-0.01023815493001265,0.002985418379850462,2020-04-03,2024-08-09,-0.001658053740001071
2024-08-19,600548,val,-0.07797951143492318,0.003163115489069129,2020-04-03,2024-08-09,-0.0003921430558008014
2024-08-19,600865,val,-0.004971247635179948,-0.007669422031804988,2020-04-03,2024-08-09,0.0011765390169754494
2024-08-19,600967,val,-0.07850254432131318,0.00244300584340206,2020-04-03,2024-08-09,0.0011765390169754494
2024-08-19,601222,val,0.058027378280876035,0.0037243657165462675,2020-04-03,2024-08-09,0.0011765390169754494
2024-08-19,603237,val,0.04261026475298271,0.00022763213812214463,2020-04-03,2024-08-09,0.0011765390169754494
2024-08-19,603335,val,0.0020462271759034423,-0.010489095286336063,2020-04-03,2024-08-09,-0.001658053740001071
2024-08-19,603341,val,0.029358524347343345,-0.0027528220993707398,2020-04-03,2024-08-09,-0.0003921430558008014
2024-08-19,603658,val,0.005959828932137784,0.0005984488332558199,2020-04-03,2024-08-09,-0.001658053740001071
2024-08-19,605090,val,-0.00044165279931160373,0.004854250765607731,2020-04-03,2024-08-09,-0.001658053740001071
2024-08-19,605589,val,0.06952757311953708,-0.0004838719751241294,2020-04-03,2024-08-09,-0.001658053740001071
2024-08-19,688031,val,-0.0042897610769909444,-0.004394992053989295,2020-04-03,2024-08-09,-0.001658053740001071
2024-08-19,688045,val,0.0014423966627255258,0.003273677375820133,2020-04-03,2024-08-09,-0.001658053740001071
2024-08-19,688133,val,-0.04309071159364039,0.0028656945182465444,2020-04-03,2024-08-09,-0.001658053740001071
2024-08-19,688147,val,0.0001633013780692194,0.0006971887305755411,2020-04-03,2024-08-09,-0.001658053740001071
2024-08-19,688528,val,-0.010151251121930133,-0.0037609754676835765,2020-04-03,2024-08-09,0.0030877496435006624
2024-08-20,600025,val,-0.017613360901620058,0.01121802378610331,2020-04-03,2024-08-09,-0.03556145502759047
2024-08-20,600051,val,0.0050414997348582,-0.008338343640657317,2020-04-03,2024-08-09,0.0011765390169754494
2024-08-20,600127,val,0.05379616431873387,-0.0057974815639332666,2020-04-03,2024-08-09,0.0011765390169754494
2024-08-20,600153,val,-0.021109901167041735,0.001755377564472909,2020-04-03,2024-08-09,-0.001658053740001071
2024-08-20,600548,val,-0.1166453591056004,0.006526986524953895,2020-04-03,2024-08-09,-0.0003921430558008014
2024-08-20,600865,val,-0.0018197777102516924,-0.006246201900676077,2020-04-03,2024-08-09,0.0011765390169754494
2024-08-20,600967,val,-0.0834369497071136,0.0014398363275746858,2020-04-03,2024-08-09,0.0011765390169754494
2024-08-20,601222,val,0.06772030738660192,-0.004731392949389548,2020-04-03,2024-08-09,0.0011765390169754494
2024-08-20,603237,val,0.1562957855882385,-0.0026543189642334293,2020-04-03,2024-08-09,0.0011765390169754494
2024-08-20,603335,val,-0.014065324784042911,-0.0015702015060672916,2020-04-03,2024-08-09,-0.001658053740001071
2024-08-20,603341,val,-0.03057772503086923,-0.003429261963711208,2020-04-03,2024-08-09,-0.0003921430558008014
2024-08-20,603658,val,0.020059580727683955,0.004873834822848555,2020-04-03,2024-08-09,-0.001658053740001071
2024-08-20,605090,val,-0.008731940490170821,0.007120153120143107,2020-04-03,2024-08-09,-0.001658053740001071
2024-08-20,605589,val,0.08188780712008767,-0.0023516915752950355,2020-04-03,2024-08-09,-0.001658053740001071
2024-08-20,688031,val,-0.013256205073074935,0.0026464849490279215,2020-04-03,2024-08-09,-0.001658053740001071
2024-08-20,688045,val,-0.03834403931362732,0.004822459586722712,2020-04-03,2024-08-09,-0.001658053740001071
2024-08-20,688133,val,-0.02800042150525376,-0.0050719518313365524,2020-04-03,2024-08-09,-0.001658053740001071
2024-08-20,688147,val,0.005247297197182164,0.0063682238875147415,2020-04-03,2024-08-09,-0.001658053740001071
2024-08-20,688528,val,-0.01644743728471979,-0.0081256447339372,2020-04-03,2024-08-09,-0.001658053740001071
2024-08-21,600025,val,-0.019265174669340787,0.012033190039815156,2020-04-03,2024-08-09,-0.03556145502759047
2024-08-21,600051,val,0.034787379508078045,-0.010732747110941297,2020-04-03,2024-08-09,0.0011765390169754494
2024-08-21,600127,val,0.08591687004173772,-6.15093568120326e-05,2020-04-03,2024-08-09,0.0011765390169754494
2024-08-21,600153,val,-0.04158135172173798,0.0034471553229616634,2020-04-03,2024-08-09,-0.001658053740001071
2024-08-21,600548,val,-0.1292017424041624,0.005897175644249107,2020-04-03,2024-08-09,-0.0003921430558008014
2024-08-21,600865,val,-0.030467905044767415,-0.0019136857517468846,2020-04-03,2024-08-09,0.0011765390169754494
2024-08-21,600967,val,-0.1010615440369194,0.0015116694211179912,2020-04-03,2024-08-09,0.0011765390169754494
2024-08-21,601222,val,0.07949471550727767,-0.007363943221708005,2020-04-03,2024-08-09,0.0011765390169754494
2024-08-21,603237,val,0.19164678026991785,-0.0007425115041324905,2020-04-03,2024-08-09,0.0011765390169754494
2024-08-21,603335,val,0.0012300541389061595,-0.0013105857507817256,2020-04-03,2024-08-09,-0.001658053740001071
2024-08-21,603341,val,-0.03087848938875863,-0.00400850585361829,2020-04-03,2024-08-09,0.0030877496435006624
2024-08-21,603658,val,0.01505533048259207,-0.007334274471286823,2020-04-03,2024-08-09,-0.001658053740001071
2024-08-21,605090,val,-0.011289530303284542,-0.0006209191708168414,2020-04-03,2024-08-09,-0.001658053740001071
2024-08-21,605589,val,0.06414920409977538,-0.0022051867968166552,2020-04-03,2024-08-09,-0.001658053740001071
2024-08-21,688031,val,-0.02500796268165488,0.006793491598379783,2020-04-03,2024-08-09,-0.001658053740001071
2024-08-21,688045,val,-0.04092763498916789,0.006790318437984519,2020-04-03,2024-08-09,-0.001658053740001071
2024-08-21,688133,val,-0.009343933784153366,-0.0062170691231523845,2020-04-03,2024-08-09,-0.001658053740001071
2024-08-21,688147,val,-0.004126167071768757,0.007655694829520635,2020-04-03,2024-08-09,-0.001658053740001071
2024-08-21,688528,val,-0.02912889795256883,-0.003162867242090488,2020-04-03,2024-08-09,-0.001658053740001071
2024-08-22,600025,val,-0.104293633921326,0.003420278818291295,2020-04-03,2024-08-09,-0.03556145502759047
2024-08-22,600051,val,0.020927623789812895,-0.005359548005499589,2020-04-03,2024-08-09,0.0011765390169754494
2024-08-22,600127,val,0.07304223023805718,-0.004183223941640482,2020-04-03,2024-08-09,0.0011765390169754494
2024-08-22,600153,val,-0.051278700045962515,0.009126777594705232,2020-04-03,2024-08-09,-0.001658053740001071
2024-08-22,600548,val,-0.19031854839922363,0.006924883051773752,2020-04-03,2024-08-09,-0.0003921430558008014
2024-08-22,600865,val,-0.03810904704625045,-0.0024734177947760443,2020-04-03,2024-08-09,0.0011765390169754494
2024-08-22,600967,val,-0.05933845000091003,-0.013792518549680784,2020-04-03,2024-08-09,-0.001658053740001071
2024-08-22,601222,val,0.07550760237900007,0.001567754114728717,2020-04-03,2024-08-09,-0.0003921430558008014
2024-08-22,603237,val,0.18068729329117744,-0.002048768942793402,2020-04-03,2024-08-09,0.0011765390169754494
2024-08-22,603335,val,0.02532728847556271,-0.004692106341438353,2020-04-03,2024-08-09,-0.001658053740001071
2024-08-22,603341,val,0.014493793406370312,-0.0063984763817072614,2020-04-03,2024-08-09,0.0030877496435006624
2024-08-22,603658,val,0.0017391216014828823,0.0002164757572227923,2020-04-03,2024-08-09,-0.001658053740001071
2024-08-22,605090,val,-0.00819643543514841,0.002857821088046074,2020-04-03,2024-08-09,-0.001658053740001071
2024-08-22,605589,val,0.07257519332312164,0.0033352811905145324,2020-04-03,2024-08-09,0.0030877496435006624
2024-08-22,688031,val,-0.010911086804490535,0.004861566217718387,2020-04-03,2024-08-09,-0.001658053740001071
2024-08-22,688045,val,-0.029742585746578225,0.003253264303063316,2020-04-03,2024-08-09,-0.001658053740001071
2024-08-22,688133,val,0.044986327025708546,-0.002164604824226337,2020-04-03,2024-08-09,-0.001658053740001071
2024-08-22,688147,val,0.025433620846756995,0.00662061307904894,2020-04-03,2024-08-09,-0.001658053740001071
2024-08-22,688528,val,-0.0425316069771609,-0.0026171604932257934,2020-04-03,2024-08-09,0.0011765390169754494
2024-08-23,600025,val,-0.09515253954961472,0.002441009407959112,2020-04-03,2024-08-09,0.0011765390169754494
2024-08-23,600051,val,0.046597943026835675,-0.004288842730400948,2020-04-03,2024-08-09,0.0011765390169754494
2024-08-23,600127,val,0.07937483756843594,-0.0024722153892665576,2020-04-03,2024-08-09,0.0011765390169754494
2024-08-23,600153,val,-0.01585551937078172,0.007898003429001,2020-04-03,2024-08-09,-0.001658053740001071
2024-08-23,600548,val,-0.20222515449411121,0.004189651614347363,2020-04-03,2024-08-09,-0.0003921430558008014
2024-08-23,600865,val,-0.02530809211449375,-0.00564330266540892,2020-04-03,2024-08-09,0.0011765390169754494
2024-08-23,600967,val,-0.04483390048484942,-0.0036784144123179546,2020-04-03,2024-08-09,-0.001658053740001071
2024-08-23,601222,val,0.038814750854502866,0.0015906973342047716,2020-04-03,2024-08-09,-0.0003921430558008014
2024-08-23,603237,val,0.11159368632760164,-0.008350882715106601,2020-04-03,2024-08-09,0.0030877496435006624
2024-08-23,603335,val,-0.014176366697054073,-0.00960460487713293,2020-04-03,2024-08-09,0.0064034681957882205
2024-08-23,603341,val,0.03555078062310674,-0.004775146374467784,2020-04-03,2024-08-09,0.0030877496435006624
2024-08-23,603658,val,0.011641084397789606,0.0015985415702622831,2020-04-03,2024-08-09,-0.001658053740001071
2024-08-23,605090,val,-0.025318521286085412,0.0018105967983659086,2020-04-03,2024-08-09,-0.001658053740001071
2024-08-23,605589,val,0.056943309761834315,0.0030808679500792394,2020-04-03,2024-08-09,-0.0003921430558008014
2024-08-23,688031,val,-0.0010662592661035385,0.0059517134802750124,2020-04-03,2024-08-09,-0.001658053740001071
2024-08-23,688045,val,-0.02118434230108895,0.005764041976120596,2020-04-03,2024-08-09,-0.001658053740001071
2024-08-23,688133,val,0.08304120885775806,-0.0007194849831745505,2020-04-03,2024-08-09,-0.001658053740001071
2024-08-23,688147,val,-0.001769366734579999,0.005914217371429263,2020-04-03,2024-08-09,-0.001658053740001071
2024-08-23,688528,val,-0.016667539119102067,-0.002251556844643378,2020-04-03,2024-08-09,-0.001658053740001071
2024-08-26,600025,val,-0.06026167098929649,0.010925854100766316,2020-04-03,2024-08-09,0.0011765390169754494
2024-08-26,600051,val,0.04020290508503586,-0.001940358490856925,2020-04-03,2024-08-09,0.0011765390169754494
2024-08-26,600127,val,0.056608001224282424,-0.013130170112580657,2020-04-03,2024-08-09,-0.001658053740001071
2024-08-26,600153,val,-0.02183537671510496,0.009110643310153932,2020-04-03,2024-08-09,0.0064034681957882205
2024-08-26,600548,val,-0.06378088459958056,0.008334305092716696,2020-04-03,2024-08-09,-0.001658053740001071
2024-08-26,600865,val,-0.014174377818227859,-0.003593012965938762,2020-04-03,2024-08-09,0.0011765390169754494
2024-08-26,600967,val,-0.025715025788957038,0.003729487825113711,2020-04-03,2024-08-09,-0.001658053740001071
2024-08-26,601222,val,0.06479758043217629,0.0007005584598195303,2020-04-03,2024-08-09,-0.0003921430558008014
2024-08-26,603237,val,0.13815142006714318,-0.004824874415009086,2020-04-03,2024-08-09,0.0011765390169754494
2024-08-26,603335,val,0.018683334219224055,-0.0063271281899234776,2020-04-03,2024-08-09,0.0064034681957882205
2024-08-26,603341,val,0.01206805048288848,-0.0068701520878453135,2020-04-03,2024-08-09,0.0030877496435006624
2024-08-26,603658,val,0.009889133761933764,0.0033937119726582836,2020-04-03,2024-08-09,-0.001658053740001071
2024-08-26,605090,val,-0.01701288482076915,0.005860116032216467,2020-04-03,2024-08-09,-0.001658053740001071
2024-08-26,605589,val,0.008467141903476503,-0.00788772067100287,2020-04-03,2024-08-09,-0.013545260550690635
2024-08-26,688031,val,-0.06061454571242288,0.007471375828036669,2020-04-03,2024-08-09,-0.001658053740001071
2024-08-26,688045,val,-0.0664664737612545,-0.005902883834263607,2020-04-03,2024-08-09,-0.001658053740001071
2024-08-26,688133,val,0.013180773789017695,-0.003578557594040928,2020-04-03,2024-08-09,-0.001658053740001071
2024-08-26,688147,val,-0.0016629979964873044,0.003272239665724694,2020-04-03,2024-08-09,-0.001658053740001071
2024-08-26,688528,val,-0.030524102763077512,-0.00028854398561973084,2020-04-03,2024-08-09,0.0011765390169754494
2024-08-27,600025,val,-0.08395546901104244,0.012648931267026941,2020-04-03,2024-08-09,0.0011765390169754494
2024-08-27,600051,val,0.025379539598013322,-0.0004032922911155265,2020-04-03,2024-08-09,0.0011765390169754494
2024-08-27,600127,val,0.05445108724541238,-0.005216146243990425,2020-04-03,2024-08-09,0.0030877496435006624
2024-08-27,600153,val,-0.013140579646424667,0.006816406010657311,2020-04-03,2024-08-09,0.0064034681957882205
2024-08-27,600548,val,-0.0564129893269205,0.01037332522654017,2020-04-03,2024-08-09,-0.001658053740001071
2024-08-27,600865,val,-0.0064492139552642,-0.003951596134417724,2020-04-03,2024-08-09,0.0011765390169754494
2024-08-27,600967,val,-0.01655167758101782,-0.002583817819324979,2020-04-03,2024-08-09,-0.001658053740001071
2024-08-27,601222,val,0.07331154622721149,0.007604869326763268,2020-04-03,2024-08-09,0.0011765390169754494
2024-08-27,603237,val,0.01436005083084647,-0.0267129836937233,2020-04-03,2024-08-09,-0.013545260550690635
2024-08-27,603335,val,0.03934715093404585,-0.004893115986768539,2020-04-03,2024-08-09,0.0064034681957882205
2024-08-27,603341,val,0.0654034039519117,-0.00199539690546879,2020-04-03,2024-08-09,0.0030877496435006624
2024-08-27,603658,val,-0.0015866883663996252,0.002878491737187483,2020-04-03,2024-08-09,-0.001658053740001071
2024-08-27,605090,val,-0.030555698734067816,0.004645327150285171,2020-04-03,2024-08-09,-0.001658053740001071
2024-08-27,605589,val,-0.008784798658244653,0.0025778276563473007,2020-04-03,2024-08-09,-0.0003921430558008014
2024-08-27,688031,val,-0.009938999999676724,0.004116005189961652,2020-04-03,2024-08-09,-0.001658053740001071
2024-08-27,688045,val,-0.03502725549747564,-9.466407484817689e-05,2020-04-03,2024-08-09,-0.001658053740001071
2024-08-27,688133,val,0.02015416847790531,-0.007911553833199367,2020-04-03,2024-08-09,-0.001658053740001071
2024-08-27,688147,val,-8.82221619858542e-07,-3.899964957073716e-06,2020-04-03,2024-08-09,-0.001658053740001071
2024-08-27,688528,val,-0.030002694267192587,0.0005601733231695504,2020-04-03,2024-08-09,0.0011765390169754494
2024-08-28,600025,val,-0.07511860014842386,0.010338658023406376,2020-04-03,2024-08-09,0.0011765390169754494
2024-08-28,600051,val,0.0059159900234537705,-0.001237309448435596,2020-04-03,2024-08-09,0.0011765390169754494
2024-08-28,600127,val,0.03893007738536735,-0.00360953328067463,2020-04-03,2024-08-09,-0.013545260550690635
2024-08-28,600153,val,0.013538801994091847,0.005666786529305079,2020-04-03,2024-08-09,0.0064034681957882205
2024-08-28,600548,val,-0.03580519871509647,0.0016445866513671956,2020-04-03,2024-08-09,-0.001658053740001071
2024-08-28,600865,val,0.01731409646706083,-0.004096628908062351,2020-04-03,2024-08-09,0.0011765390169754494
2024-08-28,600967,val,-0.00748421324456417,-0.004113253199141018,2020-04-03,2024-08-09,-0.001658053740001071
2024-08-28,601222,val,0.043639937301300995,0.001500170754783806,2020-04-03,2024-08-09,-0.013545260550690635
2024-08-28,603237,val,-0.014791275008551381,-0.015520564083229396,2020-04-03,2024-08-09,-0.013545260550690635
2024-08-28,603335,val,0.019699308154598187,-0.004473784453466323,2020-04-03,2024-08-09,0.0011765390169754494
2024-08-28,603341,val,0.06763400538789255,0.0005885127905543011,2020-04-03,2024-08-09,-0.001658053740001071
2024-08-28,603658,val,0.015022643100574655,0.00046383119169271167,2020-04-03,2024-08-09,0.0011765390169754494
2024-08-28,605090,val,-0.025917811401790843,0.005311769869609551,2020-04-03,2024-08-09,-0.001658053740001071
2024-08-28,605589,val,-0.013192135779790622,0.008216260923728,2020-04-03,2024-08-09,0.0030877496435006624
2024-08-28,688031,val,-0.01226377029416282,0.0028934033873479325,2020-04-03,2024-08-09,-0.001658053740001071
2024-08-28,688045,val,-0.03637106304707772,0.003981549290251362,2020-04-03,2024-08-09,-0.001658053740001071
2024-08-28,688133,val,0.04117175298470709,-0.006565808180979941,2020-04-03,2024-08-09,-0.001658053740001071
2024-08-28,688147,val,0.0007838782091911184,-0.0005955308630744445,2020-04-03,2024-08-09,-0.001658053740001071
2024-08-28,688528,val,-0.042706423368780506,-0.001938227054857699,2020-04-03,2024-08-09,0.0011765390169754494
2024-08-29,600025,val,-0.03192722142212894,0.0040555445006440535,2020-04-03,2024-08-09,0.0011765390169754494
2024-08-29,600051,val,0.015207887201396273,0.0021595220701490035,2020-04-03,2024-08-09,0.0011765390169754494
2024-08-29,600127,val,0.034596754239032586,0.000760423772486303,2020-04-03,2024-08-09,0.0030877496435006624
2024-08-29,600153,val,0.04244666209713683,0.006969449948382213,2020-04-03,2024-08-09,0.0064034681957882205
2024-08-29,600548,val,0.005438379126410495,0.003730695350831153,2020-04-03,2024-08-09,-0.001658053740001071
2024-08-29,600865,val,0.035246036376469454,-0.003909117642869136,2020-04-03,2024-08-09,0.0011765390169754494
2024-08-29,600967,val,-0.0030172068415477617,-0.006899876173649576,2020-04-03,2024-08-09,-0.001658053740001071
2024-08-29,601222,val,0.02278404499679438,-0.001685227355408968,2020-04-03,2024-08-09,-0.013545260550690635
2024-08-29,603237,val,0.009920312762932768,-0.017578877586407596,2020-04-03,2024-08-09,-0.0003921430558008014
2024-08-29,603335,val,0.008007855421945551,-0.0027627845243907356,2020-04-03,2024-08-09,0.0011765390169754494
2024-08-29,603341,val,0.007174446698020318,0.0011772942740084335,2020-04-03,2024-08-09,-0.001658053740001071
2024-08-29,603658,val,0.003625000451798319,-0.0030739792594805092,2020-04-03,2024-08-09,0.0011765390169754494
2024-08-29,605090,val,-0.026190163453665476,0.005371782005016551,2020-04-03,2024-08-09,-0.001658053740001071
2024-08-29,605589,val,-0.035273554369744824,0.01083788997033153,2020-04-03,2024-08-09,0.0030877496435006624
2024-08-29,688031,val,-0.01914285069800497,0.0024804297000527867,2020-04-03,2024-08-09,-0.001658053740001071
2024-08-29,688045,val,-0.03563659975905669,0.009088573938495445,2020-04-03,2024-08-09,-0.001658053740001071
2024-08-29,688133,val,0.022264964723241305,-0.008916678157698421,2020-04-03,2024-08-09,-0.001658053740001071
2024-08-29,688147,val,-0.028813215785932038,-0.003575814622014705,2020-04-03,2024-08-09,-0.001658053740001071
2024-08-29,688528,val,-0.0267115317650976,0.00022563973164711735,2020-04-03,2024-08-09,0.0011765390169754494
2024-08-30,600025,val,0.01366227783484084,-0.00032951298780618647,2020-04-03,2024-08-09,0.0011765390169754494
2024-08-30,600051,val,0.02004638720624161,0.0001243534599260916,2020-04-03,2024-08-09,0.0011765390169754494
2024-08-30,600127,val,0.03666131482469445,0.0007745857155444937,2020-04-03,2024-08-09,0.0030877496435006624
2024-08-30,600153,val,0.057997074587760794,-0.002484478961272784,2020-04-03,2024-08-09,0.0011765390169754494
2024-08-30,600548,val,0.056501442536929986,0.0077513203712626134,2020-04-03,2024-08-09,-0.001658053740001071
2024-08-30,600865,val,0.02524482545456794,-0.0018373942623837523,2020-04-03,2024-08-09,0.0011765390169754494
2024-08-30,600967,val,0.009850820317323847,-0.004178606824280097,2020-04-03,2024-08-09,-0.001658053740001071
2024-08-30,601222,val,0.05284849167897074,-0.0030941828176976084,2020-04-03,2024-08-09,0.0011765390169754494
2024-08-30,603237,val,0.012318104344455325,-0.008594293702495107,2020-04-03,2024-08-09,-0.0003921430558008014
2024-08-30,603335,val,0.019484442681010992,0.003705867350652557,2020-04-03,2024-08-09,0.0011765390169754494
2024-08-30,603341,val,-0.017023663760174192,-0.004022721234271258,2020-04-03,2024-08-09,-0.001658053740001071
2024-08-30,603658,val,0.0007804945505783568,-0.0013840761898110646,2020-04-03,2024-08-09,0.0011765390169754494
2024-08-30,605090,val,-0.00819072891486752,0.0022663710402251,2020-04-03,2024-08-09,0.0064034681957882205
2024-08-30,605589,val,-0.0205034776204325,0.00972596886847767,2020-04-03,2024-08-09,0.0030877496435006624
2024-08-30,688031,val,-0.06606484744951349,0.0021261790563779216,2020-04-03,2024-08-09,-0.001658053740001071
2024-08-30,688045,val,-0.07269054318235205,0.010160016095838225,2020-04-03,2024-08-09,-0.001658053740001071
2024-08-30,688133,val,-0.017381281015947072,-0.009097673613351337,2020-04-03,2024-08-09,-0.001658053740001071
2024-08-30,688147,val,-0.05587828556902644,-0.005964436235628076,2020-04-03,2024-08-09,-0.001658053740001071
2024-08-30,688528,val,-0.04766284850506167,0.002807604810817473,2020-04-03,2024-08-09,0.0011765390169754494
2024-09-02,600025,val,-9.181402970529634e-05,0.006723253457323618,2020-04-03,2024-08-09,-0.001658053740001071
2024-09-02,600051,val,0.015590842796862812,0.0011196981497652474,2020-04-03,2024-08-09,0.0011765390169754494
2024-09-02,600127,val,0.03319084279686287,-0.002751442915032285,2020-04-03,2024-08-09,0.0030877496435006624
2024-09-02,600153,val,0.05725750946352955,0.002277205004299357,2020-04-03,2024-08-09,0.0064034681957882205
2024-09-02,600548,val,0.013418346598731055,0.00200951078276982,2020-04-03,2024-08-09,-0.001658053740001071
2024-09-02,600865,val,0.028598972878163563,0.0014443979850929504,2020-04-03,2024-08-09,0.0011765390169754494
2024-09-02,600967,val,0.015590842796862812,-0.004204256774609325,2020-04-03,2024-08-09,-0.001658053740001071
2024-09-02,601222,val,0.009561298027492914,-0.001981195230891099,2020-04-03,2024-08-09,-0.0003921430558008014
2024-09-02,603237,val,-0.022870695664675512,-0.007800462495416527,2020-04-03,2024-08-09,-0.0003921430558008014
2024-09-02,603335,val,0.013071951109205303,0.0021802298859267964,2020-04-03,2024-08-09,0.0011765390169754494
2024-09-02,603341,val,-0.014890440625597336,-0.0009306269179315204,2020-04-03,2024-08-09,0.0030877496435006624
2024-09-02,603658,val,0.009395695662118363,0.0004524950457129712,2020-04-03,2024-08-09,0.0011765390169754494
2024-09-02,605090,val,-0.017076458704363175,0.0007232328231029034,2020-04-03,2024-08-09,0.0011765390169754494
2024-09-02,605589,val,-0.013378516534613673,0.003525410237503331,2020-04-03,2024-08-09,0.0011765390169754494
2024-09-02,688031,val,0.005170155803424024,0.004106604145822296,2020-04-03,2024-08-09,-0.001658053740001071
2024-09-02,688045,val,-0.04325759073404326,0.00593924185390185,2020-04-03,2024-08-09,-0.001658053740001071
2024-09-02,688133,val,0.0033564577356908973,-0.00756074918398137,2020-04-03,2024-08-09,-0.001658053740001071
2024-09-02,688147,val,-0.06965257451702248,-0.007716026816400586,2020-04-03,2024-08-09,-0.001658053740001071
2024-09-02,688528,val,-0.022984824858923426,0.0008983709031665146,2020-04-03,2024-08-09,0.0011765390169754494
2024-09-03,600025,val,0.020360395069408038,0.004685584007488336,2020-04-03,2024-08-09,-0.001658053740001071
2024-09-03,600051,val,0.01748276286620401,0.0009720692745604164,2020-04-03,2024-08-09,0.0011765390169754494
2024-09-03,600127,val,-0.014958001157006823,-0.008734706261428003,2020-04-03,2024-08-09,-0.013545260550690635
2024-09-03,600153,val,0.03536596216037749,0.0027950017650388353,2020-04-03,2024-08-09,0.0011765390169754494
2024-09-03,600548,val,0.042657370688942625,-0.001412383087831408,2020-04-03,2024-08-09,-0.001658053740001071
2024-09-03,600865,val,0.00973957948815432,0.0015109674022738126,2020-04-03,2024-08-09,0.0064034681957882205
2024-09-03,600967,val,0.005598482030464341,-0.002052741446849713,2020-04-03,2024-08-09,-0.001658053740001071
2024-09-03,601222,val,-0.011311710551212356,-0.005482418873370946,2020-04-03,2024-08-09,-0.013545260550690635
2024-09-03,603237,val,-0.02081968754753946,-0.004067320383582094,2020-04-03,2024-08-09,-0.0003921430558008014
2024-09-03,603335,val,0.01941699884299311,0.00410482069985762,2020-04-03,2024-08-09,0.0011765390169754494
2024-09-03,603341,val,0.008071352404998372,-0.0035256713649433136,2020-04-03,2024-08-09,-0.001658053740001071
2024-09-03,603658,val,-0.011072368310478503,0.0023230017192146027,2020-04-03,2024-08-09,0.0011765390169754494
2024-09-03,605090,val,-0.0003366403534947604,0.005950602557290997,2020-04-03,2024-08-09,0.0064034681957882205
2024-09-03,605589,val,-0.016754397929405668,0.007136290744799294,2020-04-03,2024-08-09,0.0030877496435006624
2024-09-03,688031,val,0.002373649454330745,0.00028766163470061805,2020-04-03,2024-08-09,-0.001658053740001071
2024-09-03,688045,val,-0.0146255543484963,0.005061062716208388,2020-04-03,2024-08-09,-0.001658053740001071
2024-09-03,688133,val,-0.0004293519892732689,-0.006211250208290461,2020-04-03,2024-08-09,-0.001658053740001071
2024-09-03,688147,val,-0.06495328773317563,-0.005208949191794399,2020-04-03,2024-08-09,0.0064034681957882205
2024-09-03,688528,val,-0.00580555308579031,0.00032326823678244785,2020-04-03,2024-08-09,0.0011765390169754494
2024-09-04,600025,val,-0.02099242561933792,0.006053322553909516,2020-04-03,2024-08-09,-0.001658053740001071
2024-09-04,600051,val,0.015552876591386686,0.0018027659800216283,2020-04-03,2024-08-09,0.0011765390169754494
2024-09-04,600127,val,-0.03882308199757048,-0.011862291949636323,2020-04-03,2024-08-09,-0.013545260550690635
2024-09-04,600153,val,0.057675687100940704,0.004603603066881172,2020-04-03,2024-08-09,0.0011765390169754494
2024-09-04,600548,val,0.017260357901852517,0.003659555257806865,2020-04-03,2024-08-09,-0.001658053740001071
2024-09-04,600865,val,-0.006514899382639296,0.0008551887467082664,2020-04-03,2024-08-09,0.0064034681957882205
2024-09-04,600967,val,0.000920581867147361,-0.0023351491369385095,2020-04-03,2024-08-09,-0.001658053740001071
2024-09-04,601222,val,-0.0012081305683417053,-0.0020281707991580437,2020-04-03,2024-08-09,-0.0003921430558008014
2024-09-04,603237,val,-0.03768373055147059,-0.003555140157467468,2020-04-03,2024-08-09,-0.0003921430558008014
2024-09-04,603335,val,0.021959126591386522,0.001352255089655901,2020-04-03,2024-08-09,0.0011765390169754494
2024-09-04,603341,val,-0.007740873408613316,-0.008951463595872533,2020-04-03,2024-08-09,-0.001658053740001071
2024-09-04,603658,val,-0.008518286139619826,0.0014273757338060184,2020-04-03,2024-08-09,0.0011765390169754494
2024-09-04,605090,val,-0.006747937501940606,0.003360657029443736,2020-04-03,2024-08-09,0.0064034681957882205
2024-09-04,605589,val,0.009346767040824797,0.00630015605536542,2020-04-03,2024-08-09,0.0030877496435006624
2024-09-04,688031,val,0.01347110263929072,0.005829571548331475,2020-04-03,2024-08-09,-0.001658053740001071
2024-09-04,688045,val,-0.008055920700100996,0.0035512063286182336,2020-04-03,2024-08-09,-0.001658053740001071
2024-09-04,688133,val,0.018825413029916336,-0.003575925568987736,2020-04-03,2024-08-09,-0.001658053740001071
2024-09-04,688147,val,-0.03971247104174949,-0.005287063879135915,2020-04-03,2024-08-09,0.0064034681957882205
2024-09-04,688528,val,0.020985844148638553,-0.0027455623632268045,2020-04-03,2024-08-09,0.0064034681957882205
2024-09-05,600025,val,-0.006714183428333562,0.010116160808183925,2020-04-03,2024-08-09,-0.001658053740001071
2024-09-05,600051,val,0.020243071832948892,0.0025909443330436295,2020-04-03,2024-08-09,0.0011765390169754494
2024-09-05,600127,val,-0.004972023149587931,-0.008026875963986515,2020-04-03,2024-08-09,0.0030877496435006624
2024-09-05,600153,val,0.03728293551403934,-0.002138733435745081,2020-04-03,2024-08-09,0.0011765390169754494
2024-09-05,600548,val,0.062075924505219995,0.007997376108951596,2020-04-03,2024-08-09,-0.001658053740001071
2024-09-05,600865,val,-0.02144677646644659,0.002353898698588738,2020-04-03,2024-08-09,0.0011765390169754494
2024-09-05,600967,val,0.004964148463230303,0.0009960171048617663,2020-04-03,2024-08-09,-0.001658053740001071
2024-09-05,601222,val,0.019124518983618846,-0.0009720472410661987,2020-04-03,2024-08-09,-0.0003921430558008014
2024-09-05,603237,val,-0.05702282609218638,-0.004508851101628919,2020-04-03,2024-08-09,0.0030877496435006624
2024-09-05,603335,val,0.020550841082953644,0.004371586512368288,2020-04-03,2024-08-09,0.0011765390169754494
2024-09-05,603341,val,-0.021614049228119867,-0.00892282987812639,2020-04-03,2024-08-09,-0.001658053740001071
2024-09-05,603658,val,-0.02322202872210881,0.002729983609258244,2020-04-03,2024-08-09,0.0011765390169754494
2024-09-05,605090,val,-0.019508360464774263,0.005851523572403424,2020-04-03,2024-08-09,0.0064034681957882205
2024-09-05,605589,val,-0.00935643330649387,0.0025941683363302588,2020-04-03,2024-08-09,0.0011765390169754494
2024-09-05,688031,val,0.005049043866297745,-0.005809998483929589,2020-04-03,2024-08-09,-0.001658053740001071
2024-09-05,688045,val,-0.012638009857490903,0.0016527510660712013,2020-04-03,2024-08-09,-0.001658053740001071
2024-09-05,688133,val,0.0006318257378429976,-0.006844792090680821,2020-04-03,2024-08-09,-0.013545260550690635
2024-09-05,688147,val,-0.027464925160562134,-0.003877068100023428,2020-04-03,2024-08-09,0.0064034681957882205
2024-09-05,688528,val,0.03403730588995253,-0.0016983239147492456,2020-04-03,2024-08-09,0.0064034681957882205
2024-09-06,600025,val,-0.02472090553546064,0.008673669769339051,2020-04-03,2024-08-09,-0.001658053740001071
2024-09-06,600051,val,0.017151918360452986,0.002850641754837316,2020-04-03,2024-08-09,0.0011765390169754494
2024-09-06,600127,val,0.029099169170889446,-0.002182367598834939,2020-04-03,2024-08-09,0.0030877496435006624
2024-09-06,600153,val,0.015031190915396227,-0.0115144857592029,2020-04-03,2024-08-09,-0.013545260550690635
2024-09-06,600548,val,0.053345431910451324,-0.011238790189484864,2020-04-03,2024-08-09,-0.001658053740001071
2024-09-06,600865,val,-0.01931423514456793,-0.005564363257874742,2020-04-03,2024-08-09,0.0011765390169754494
2024-09-06,600967,val,-0.0035305419218300584,-0.005527261851137519,2020-04-03,2024-08-09,0.0064034681957882205
2024-09-06,601222,val,0.02107348698790384,0.0021566153556747602,2020-04-03,2024-08-09,0.0011765390169754494
2024-09-06,603237,val,-0.06327859125170493,-0.0012855632326804972,2020-04-03,2024-08-09,0.0030877496435006624
2024-09-06,603335,val,0.010972476886893786,0.003506020536290278,2020-04-03,2024-08-09,0.0011765390169754494
2024-09-06,603341,val,0.006887117029628461,-0.0023832292277927688,2020-04-03,2024-08-09,-0.001658053740001071
2024-09-06,603658,val,-0.021260018432849918,0.0013126737315427288,2020-04-03,2024-08-09,0.0011765390169754494
2024-09-06,605090,val,-0.019193320045254484,0.0019560715170542304,2020-04-03,2024-08-09,0.0064034681957882205
2024-09-06,605589,val,-0.021043758316592612,0.007409880128080433,2020-04-03,2024-08-09,0.0011765390169754494
2024-09-06,688031,val,0.008612427797872687,0.005939330278647546,2020-04-03,2024-08-09,-0.001658053740001071
2024-09-06,688045,val,-0.004625340784864377,0.007804565027624872,2020-04-03,2024-08-09,-0.001658053740001071
2024-09-06,688133,val,-0.01480095247397956,-0.0010007682814205641,2020-04-03,2024-08-09,0.0030877496435006624
2024-09-06,688147,val,-0.007079666165249191,-0.0013182746742139706,2020-04-03,2024-08-09,-0.001658053740001071
2024-09-06,688528,val,0.03667411101286494,-0.001139474086323461,2020-04-03,2024-08-09,0.0064034681957882205
2024-09-09,600025,val,-0.019078367559991108,0.006427008819749747,2020-04-03,2024-09-06,-0.0016546600214230238
2024-09-09,600051,val,0.0006157455393929617,0.0017728164587438662,2020-04-03,2024-09-06,0.0003736953196553053
2024-09-09,600127,val,-0.005538966547335836,0.0018559096457182655,2020-04-03,2024-09-06,-0.004479365747403972
2024-09-09,600153,val,0.06436911279470585,-0.011785490537374469,2020-04-03,2024-09-06,-0.004479365747403972
2024-09-09,600548,val,0.07816100346445413,-0.002212388558662156,2020-04-03,2024-09-06,-0.0016546600214230238
2024-09-09,600865,val,-0.019036245891551798,-0.004020114781598024,2020-04-03,2024-09-06,0.005064025619000561
2024-09-09,600967,val,0.00888761456216318,-0.0032777120302773318,2020-04-03,2024-09-06,0.005064025619000561
2024-09-09,601222,val,0.0425894063016236,-0.000794468441307816,2020-04-03,2024-09-06,0.0003736953196553053
2024-09-09,603237,val,-0.08855396412837131,-0.00031653378625282486,2020-04-03,2024-09-06,0.002856887941346847
2024-09-09,603335,val,0.010756059181652275,0.0014878027722360354,2020-04-03,2024-09-06,0.0003736953196553053
2024-09-09,603341,val,-0.03559270145282274,-0.0033375782168084045,2020-04-03,2024-09-06,-0.0016546600214230238
2024-09-09,603658,val,-0.01487164644605328,0.0022855599150907115,2020-04-03,2024-09-06,0.005064025619000561
2024-09-09,605090,val,0.004801016610109163,0.003661637291485855,2020-04-03,2024-09-06,0.005064025619000561
2024-09-09,605589,val,-0.006794663188347386,0.005437586890249177,2020-04-03,2024-09-06,0.0003736953196553053
2024-09-09,688031,val,0.007186825503214075,-0.0018975243441448897,2020-04-03,2024-09-06,-0.0016546600214230238
2024-09-09,688045,val,-0.015028098181452634,0.004651617667591943,2020-04-03,2024-09-06,-0.0016546600214230238
2024-09-09,688133,val,-0.02950311667074397,-0.004198157625206873,2020-04-03,2024-09-06,-0.0016546600214230238
2024-09-09,688147,val,-0.0061901684707259125,0.00011139929127904073,2020-04-03,2024-09-06,-0.0016546600214230238
2024-09-09,688528,val,0.022821154580080757,0.0026278859751347463,2020-04-03,2024-09-06,0.005064025619000561
2024-09-10,600025,val,-0.03682915879144416,-0.0003875540704317451,2020-04-03,2024-09-06,-0.0016546600214230238
2024-09-10,600051,val,0.00930071722138531,0.0023843374735030183,2020-04-03,2024-09-06,0.0003736953196553053
2024-09-10,600127,val,0.0646367599699364,0.002555090030329391,2020-04-03,2024-09-06,0.002856887941346847
2024-09-10,600153,val,0.05833446309898521,-0.009623839203711328,2020-04-03,2024-09-06,0.0003736953196553053
2024-09-10,600548,val,0.0069125066061098105,-0.0025032193437044435,2020-04-03,2024-09-06,-0.0016546600214230238
2024-09-10,600865,val,0.004724043737053426,-0.0030744404122570092,2020-04-03,2024-09-06,0.005064025619000561
2024-09-10,600967,val,0.020580130956182992,-0.0045215887987803734,2020-04-03,2024-09-06,0.005064025619000561
2024-09-10,601222,val,0.021806334567750992,-0.000828209009955656,2020-04-03,2024-09-06,0.0003736953196553053
2024-09-10,603237,val,-0.057811853153020676,0.013617130608834118,2020-04-03,2024-09-06,-0.0016546600214230238
2024-09-10,603335,val,0.011238701717509455,0.0031513417233368164,2020-04-03,2024-09-06,-0.004479365747403972
2024-09-10,603341,val,-0.061886465082597375,-0.01095679255911562,2020-04-03,2024-09-06,-0.024876948379067558
2024-09-10,603658,val,0.0009321478063044029,-0.0004977985131304759,2020-04-03,2024-09-06,0.005064025619000561
2024-09-10,605090,val,-0.0063940434658122415,0.0019272244748498998,2020-04-03,2024-09-06,0.005064025619000561
2024-09-10,605589,val,-0.011278619298656648,0.00351790468208971,2020-04-03,2024-09-06,0.0003736953196553053
2024-09-10,688031,val,-0.004592432847134235,-0.005367991077368335,2020-04-03,2024-09-06,-0.0016546600214230238
2024-09-10,688045,val,-0.0438273775776446,0.0044934883700689,2020-04-03,2024-09-06,-0.0016546600214230238
2024-09-10,688133,val,-0.01488801284813385,-0.001796612536533028,2020-04-03,2024-09-06,-0.0016546600214230238
2024-09-10,688147,val,-0.0011158746234769014,0.0062194008987978815,2020-04-03,2024-09-06,-0.0016546600214230238
2024-09-10,688528,val,0.040158032006702704,0.00017138366882491222,2020-04-03,2024-09-06,0.005064025619000561
2024-09-11,600025,val,-0.004286029372398333,2.4906334974739863e-06,2020-04-03,2024-09-06,-0.0016546600214230238
2024-09-11,600051,val,0.02708651964720951,0.008431136082324079,2020-04-03,2024-09-06,0.0003736953196553053
2024-09-11,600127,val,0.05211685751525583,0.008189775035287042,2020-04-03,2024-09-06,-0.0016546600214230238
2024-09-11,600153,val,0.02827141078157744,-0.007508003835071948,2020-04-03,2024-09-06,-0.004479365747403972
2024-09-11,600548,val,0.02792734958870588,-0.004433234588335965,2020-04-03,2024-09-06,-0.0016546600214230238
2024-09-11,600865,val,0.021400245137405655,-0.0035843311275319868,2020-04-03,2024-09-06,0.005064025619000561
2024-09-11,600967,val,0.02556678063244741,0.0015673210132205319,2020-04-03,2024-09-06,0.005064025619000561
2024-09-11,601222,val,0.01592240371443307,0.003354699086664166,2020-04-03,2024-09-06,0.0003736953196553053
2024-09-11,603237,val,-0.04226137102421049,0.010460490750015367,2020-04-03,2024-09-06,-0.0016546600214230238
2024-09-11,603335,val,0.016387776309475605,0.0025091995200079895,2020-04-03,2024-09-06,0.0003736953196553053
2024-09-11,603341,val,-0.02039800047662957,-0.00646028548640954,2020-04-03,2024-09-06,0.002856887941346847
2024-09-11,603658,val,-0.00048251166217175463,0.0006102397714357749,2020-04-03,2024-09-06,0.0003736953196553053
2024-09-11,605090,val,0.002856639428226641,-0.002803482581457722,2020-04-03,2024-09-06,0.005064025619000561
2024-09-11,605589,val,-0.03230009538472847,-0.0005904600074457978,2020-04-03,2024-09-06,0.0003736953196553053
2024-09-11,688031,val,0.012153257185598313,-0.003622825793188796,2020-04-03,2024-09-06,-0.0016546600214230238
2024-09-11,688045,val,-0.05844944540194011,0.002599163596485103,2020-04-03,2024-09-06,-0.0016546600214230238
2024-09-11,688133,val,-0.06596183476113585,-0.009546680067516244,2020-04-03,2024-09-06,0.002856887941346847
2024-09-11,688147,val,-0.04591361162867261,0.0024047634444502673,2020-04-03,2024-09-06,-0.0016546600214230238
2024-09-11,688528,val,0.040363659771551846,-0.0031007190407832275,2020-04-03,2024-09-06,0.005064025619000561
2024-09-12,600025,val,0.009114798134996044,0.0010682808904443693,2020-04-03,2024-09-06,-0.0016546600214230238
2024-09-12,600051,val,0.019852240433343986,0.008625756258035836,2020-04-03,2024-09-06,0.0003736953196553053
2024-09-12,600127,val,0.03443726478399333,0.008520224414309817,2020-04-03,2024-09-06,0.002856887941346847
2024-09-12,600153,val,0.02389029641493911,-0.008848303195564091,2020-04-03,2024-09-06,-0.004479365747403972
2024-09-12,600548,val,-0.017555315249199184,-0.011053171922029655,2020-04-03,2024-09-06,-0.004479365747403972
2024-09-12,600865,val,0.028542991272270217,0.0010354095487428961,2020-04-03,2024-09-06,0.005064025619000561
2024-09-12,600967,val,0.024230887003358174,0.003053808244245381,2020-04-03,2024-09-06,0.005064025619000561
2024-09-12,601222,val,-0.0197463201275151,-0.001073536502108672,2020-04-03,2024-09-06,0.0003736953196553053
2024-09-12,603237,val,-0.034747692558858685,0.008059135760566183,2020-04-03,2024-09-06,-0.0016546600214230238
2024-09-12,603335,val,0.02258661543334394,0.0052645353471575855,2020-04-03,2024-09-06,0.0003736953196553053
2024-09-12,603341,val,0.002143353021996636,-0.005261636687274884,2020-04-03,2024-09-06,-0.0016546600214230238
2024-09-12,603658,val,-0.003275223155645884,0.001538525158934588,2020-04-03,2024-09-06,0.005064025619000561
2024-09-12,605090,val,0.02470441165438563,0.003456943668006883,2020-04-03,2024-09-06,0.005064025619000561
2024-09-12,605589,val,0.0006803838048901004,-0.003199494011765202,2020-04-03,2024-09-06,-0.0016546600214230238
2024-09-12,688031,val,0.013874494221222883,-0.003969780890500803,2020-04-03,2024-09-06,-0.0016546600214230238
2024-09-12,688045,val,-0.05322145411636615,0.002321141385445925,2020-04-03,2024-09-06,-0.0016546600214230238
2024-09-12,688133,val,-0.06536095489913685,-0.00628481929879072,2020-04-03,2024-09-06,0.002856887941346847
2024-09-12,688147,val,-0.06077793204590277,0.001000670784458081,2020-04-03,2024-09-06,-0.0016546600214230238
2024-09-12,688528,val,0.050627155973884556,-0.00577443254666695,2020-04-03,2024-09-06,0.005064025619000561
2024-09-13,600025,val,-0.014661046317055018,0.005179739602026067,2020-04-03,2024-09-06,-0.0016546600214230238
2024-09-13,600051,val,0.005158954145668568,0.008685060793979621,2020-04-03,2024-09-06,0.0003736953196553053
2024-09-13,600127,val,-0.018199790024048826,-0.002132005844818703,2020-04-03,2024-09-06,0.002856887941346847
2024-09-13,600153,val,-0.001051705692064378,-0.0016257806430783445,2020-04-03,2024-09-06,-0.004479365747403972
2024-09-13,600548,val,-0.06292715784981497,-0.010693517272015401,2020-04-03,2024-09-06,-0.004479365747403972
2024-09-13,600865,val,0.011786913529533524,0.0001444350124222917,2020-04-03,2024-09-06,0.005064025619000561
2024-09-13,600967,val,0.005211091724324976,0.0016874687545651995,2020-04-03,2024-09-06,0.005064025619000561
2024-09-13,601222,val,-0.06751901227549463,0.0035792384756282753,2020-04-03,2024-09-06,0.0003736953196553053
2024-09-13,603237,val,-0.010709973453334812,0.005478691736662263,2020-04-03,2024-09-06,-0.0016546600214230238
2024-09-13,603335,val,0.09566996169829599,0.004409274144443474,2020-04-03,2024-09-06,0.0003736953196553053
2024-09-13,603341,val,-0.015843605353807036,0.0003764515277507335,2020-04-03,2024-09-06,-0.0016546600214230238
2024-09-13,603658,val,-0.007853334412601179,-0.00026741816958972253,2020-04-03,2024-09-06,0.0003736953196553053
2024-09-13,605090,val,0.016307580550654607,0.002959186216758226,2020-04-03,2024-09-06,0.005064025619000561
2024-09-13,605589,val,0.0030723165796425617,-0.00017769219695216407,2020-04-03,2024-09-06,-0.0016546600214230238
2024-09-13,688031,val,0.04111675240195921,-0.0036273803810256385,2020-04-03,2024-09-06,-0.0016546600214230238
2024-09-13,688045,val,-0.03838315052299225,-0.0007114786187989986,2020-04-03,2024-09-06,-0.0016546600214230238
2024-09-13,688133,val,-0.008862548980393861,-0.0032582198445492176,2020-04-03,2024-09-06,-0.0016546600214230238
2024-09-13,688147,val,0.005318209494201573,-0.0057146818842764135,2020-04-03,2024-09-06,-0.0016546600214230238
2024-09-13,688528,val,0.06236954475732591,-0.005812115003484893,2020-04-03,2024-09-06,0.005064025619000561
2024-09-18,600025,val,-0.027809787240896458,0.0015389939901834684,2020-04-03,2024-09-06,-0.0016546600214230238
2024-09-18,600051,val,0.02268980239239847,-0.00041885958722092596,2020-04-03,2024-09-06,0.0003736953196553053
2024-09-18,600127,val,-0.014437242219676141,0.007097644470805565,2020-04-03,2024-09-06,0.002856887941346847
2024-09-18,600153,val,0.0020466442642101818,-0.004429031143684309,2020-04-03,2024-09-06,-0.004479365747403972
2024-09-18,600548,val,-0.07141497377841323,-0.001922069153099436,2020-04-03,2024-09-06,-0.004479365747403972
2024-09-18,600865,val,0.010811038910957901,-0.0018136854052861198,2020-04-03,2024-09-06,0.005064025619000561
2024-09-18,600967,val,-0.004898339441359104,0.0017936420644358853,2020-04-03,2024-09-06,0.005064025619000561
2024-09-18,601222,val,-0.09446312325987706,0.003703094519512138,2020-04-03,2024-09-06,0.0003736953196553053
2024-09-18,603237,val,0.008438943443166855,0.004582170526584181,2020-04-03,2024-09-06,-0.0016546600214230238
2024-09-18,603335,val,0.06763068984825592,0.0010160142591284244,2020-04-03,2024-09-06,0.0003736953196553053
2024-09-18,603341,val,0.018847941594452675,-0.0010275410455069358,2020-04-03,2024-09-06,-0.0016546600214230238
2024-09-18,603658,val,-0.021979591557314007,-0.001449329062131667,2020-04-03,2024-09-06,0.0003736953196553053
2024-09-18,605090,val,0.0019776418735184403,-0.0006575672647597432,2020-04-03,2024-09-06,0.005064025619000561
2024-09-18,605589,val,-0.023399513637463412,0.0018937954608852334,2020-04-03,2024-09-06,-0.0016546600214230238
2024-09-18,688031,val,0.044174654627514784,-0.00206373337791351,2020-04-03,2024-09-06,-0.0016546600214230238
2024-09-18,688045,val,0.006279845570582351,-0.0005037248749050604,2020-04-03,2024-09-06,-0.0016546600214230238
2024-09-18,688133,val,0.03140942319220684,-0.0009697343439964311,2020-04-03,2024-09-06,-0.0016546600214230238
2024-09-18,688147,val,-0.016604522949216008,-0.00043523603886003436,2020-04-03,2024-09-06,-0.0016546600214230238
2024-09-18,688528,val,0.06070046836695096,-0.0074555875885241926,2020-04-03,2024-09-06,0.005064025619000561
2024-09-19,600025,val,-0.03901181936683677,0.007761910553865785,2020-04-03,2024-09-06,0.005064025619000561
2024-09-19,600051,val,0.008570608778890779,0.006349456234444774,2020-04-03,2024-09-06,0.0003736953196553053
2024-09-19,600127,val,-0.08237237662071877,-0.00961483804811855,2020-04-03,2024-09-06,-0.004479365747403972
2024-09-19,600153,val,0.11088352998818869,-0.0020608425926208884,2020-04-03,2024-09-06,-0.004479365747403972
2024-09-19,600548,val,-0.035290613007660274,0.004225442387709753,2020-04-03,2024-09-06,0.002856887941346847
2024-09-19,600865,val,7.820302048336392e-06,0.000860057113553071,2020-04-03,2024-09-06,0.0003736953196553053
2024-09-19,600967,val,-0.026816939536419546,0.0025475816763087943,2020-04-03,2024-09-06,0.005064025619000561
2024-09-19,601222,val,-0.11391264676657702,0.004951804460260351,2020-04-03,2024-09-06,0.0003736953196553053
2024-09-19,603237,val,-0.018980346020826253,0.0016315711954478927,2020-04-03,2024-09-06,-0.0016546600214230238
2024-09-19,603335,val,0.018182981999156314,0.003463390729360936,2020-04-03,2024-09-06,0.0003736953196553053
2024-09-19,603341,val,-0.028338249850368855,-0.0016901643985296273,2020-04-03,2024-09-06,-0.0016546600214230238
2024-09-19,603658,val,-0.007875915389256069,-0.0031014271215073583,2020-04-03,2024-09-06,0.0003736953196553053
2024-09-19,605090,val,-0.01586508596679885,-0.0002409472247539786,2020-04-03,2024-09-06,0.005064025619000561
2024-09-19,605589,val,-0.018227342809316524,-0.00358055321087708,2020-04-03,2024-09-06,0.0003736953196553053
2024-09-19,688031,val,0.009912950551748304,-0.004285945021983966,2020-04-03,2024-09-06,-0.0016546600214230238
2024-09-19,688045,val,0.01171633037121396,0.004192991963974647,2020-04-03,2024-09-06,-0.0016546600214230238
2024-09-19,688133,val,0.050316228126041376,0.00012716647573372553,2020-04-03,2024-09-06,-0.0016546600214230238
2024-09-19,688147,val,-0.02284388338216141,-0.002174770170605917,2020-04-03,2024-09-06,-0.0016546600214230238
2024-09-19,688528,val,0.19994476859965243,-0.010882628596015721,2020-04-03,2024-09-06,-0.004479365747403972
2024-09-20,600025,val,-0.09235479511610822,0.0004962634388682121,2020-04-03,2024-09-06,0.005064025619000561
2024-09-20,600051,val,-0.025821699698550638,0.006206625339666532,2020-04-03,2024-09-06,0.0003736953196553053
2024-09-20,600127,val,-0.10232274803058472,0.0009907132626882263,2020-04-03,2024-09-06,-0.0016546600214230238
2024-09-20,600153,val,0.12193885982671471,0.0003162484792373248,2020-04-03,2024-09-06,0.002856887941346847
2024-09-20,600548,val,-0.09314612362388519,0.0072824201296411845,2020-04-03,2024-09-06,0.002856887941346847
2024-09-20,600865,val,-0.034983619751559725,0.0013263385769076179,2020-04-03,2024-09-06,0.0003736953196553053
2024-09-20,600967,val,-0.0484507898427734,0.005866936004031033,2020-04-03,2024-09-06,0.005064025619000561
2024-09-20,601222,val,-0.14509102905191373,0.0032174320760900996,2020-04-03,2024-09-06,0.0003736953196553053
2024-09-20,603237,val,-0.03968422323418952,0.0007221548029248485,2020-04-03,2024-09-06,-0.0016546600214230238
2024-09-20,603335,val,-0.023100793751838267,0.004131375153571601,2020-04-03,2024-09-06,0.0003736953196553053
2024-09-20,603341,val,-0.06876061013462975,-0.0039026943349642082,2020-04-03,2024-09-06,-0.0016546600214230238
2024-09-20,603658,val,-0.019736130277866137,-0.0006258338705877868,2020-04-03,2024-09-06,0.0003736953196553053
2024-09-20,605090,val,-0.046795313766662905,-0.0028194673114400734,2020-04-03,2024-09-06,0.005064025619000561
2024-09-20,605589,val,-0.038401468954877394,-0.005216947774222676,2020-04-03,2024-09-06,0.0003736953196553053
2024-09-20,688031,val,0.07653848053973344,-0.009533334636915986,2020-04-03,2024-09-06,0.002856887941346847
2024-09-20,688045,val,0.054406070168002585,0.0010494626272131958,2020-04-03,2024-09-06,-0.0016546600214230238
2024-09-20,688133,val,0.10888355047061726,-0.0023828836248139342,2020-04-03,2024-09-06,-0.0016546600214230238
2024-09-20,688147,val,0.03175599298083143,-0.005622004712824479,2020-04-03,2024-09-06,-0.0016546600214230238
2024-09-20,688528,val,0.3851263912495403,-0.0030235472194241044,2020-04-03,2024-09-06,-0.004479365747403972
2024-09-23,600025,val,-0.1758371653714787,0.005192307410629317,2020-04-03,2024-09-06,0.005064025619000561
2024-09-23,600051,val,-0.0613541031071429,0.010387828491145982,2020-04-03,2024-09-06,0.0003736953196553053
2024-09-23,600127,val,-0.1404615957426391,0.0014914751468945446,2020-04-03,2024-09-06,0.002856887941346847
2024-09-23,600153,val,0.1285492436185552,0.0053306907014239605,2020-04-03,2024-09-06,0.002856887941346847
2024-09-23,600548,val,-0.13997087694703486,0.01607080684910927,2020-04-03,2024-09-06,0.002856887941346847
2024-09-23,600865,val,-0.07728685415153475,0.0018268654444492194,2020-04-03,2024-09-06,0.0003736953196553053
2024-09-23,600967,val,-0.07846608167198371,0.0046290992075675,2020-04-03,2024-09-06,0.005064025619000561
2024-09-23,601222,val,-0.1661466307229415,0.0008718815446973805,2020-04-03,2024-09-06,0.0003736953196553053
2024-09-23,603237,val,-0.058834333110169446,-0.005689445459579076,2020-04-03,2024-09-06,-0.0016546600214230238
2024-09-23,603335,val,-0.07251536107691131,-0.0027145260453376,2020-04-03,2024-09-06,0.0003736953196553053
2024-09-23,603341,val,-0.07546180194156843,-0.010775362947846466,2020-04-03,2024-09-06,-0.0016546600214230238
2024-09-23,603658,val,-0.009608575634915073,-0.004481738327696476,2020-04-03,2024-09-06,0.005064025619000561
2024-09-23,605090,val,-0.11466376949621243,-0.001786378216972506,2020-04-03,2024-09-06,0.005064025619000561
2024-09-23,605589,val,-0.046094875309244665,-0.005589479715777682,2020-04-03,2024-09-06,0.0003736953196553053
2024-09-23,688031,val,0.20498289189303925,-0.010186157280336484,2020-04-03,2024-09-06,-0.0016546600214230238
2024-09-23,688045,val,0.13654557992120214,0.006265620227380102,2020-04-03,2024-09-06,-0.0016546600214230238
2024-09-23,688133,val,0.1640606340053073,-0.0004144854634818351,2020-04-03,2024-09-06,-0.0016546600214230238
2024-09-23,688147,val,0.16407374491729337,-0.0006896765925732451,2020-04-03,2024-09-06,-0.0016546600214230238
2024-09-23,688528,val,0.41848992992837936,-0.01126006856804926,2020-04-03,2024-09-06,-0.004479365747403972
2024-09-24,600025,val,-0.26864723572517707,0.005142091042363746,2020-04-03,2024-09-06,0.005064025619000561
2024-09-24,600051,val,-0.10763818306492762,0.008627396592482064,2020-04-03,2024-09-06,0.0003736953196553053
2024-09-24,600127,val,-0.1744362045572277,0.0074002708163554455,2020-04-03,2024-09-06,-0.0016546600214230238
2024-09-24,600153,val,0.0549379653352699,0.0022903672108402218,2020-04-03,2024-09-06,0.0003736953196553053
2024-09-24,600548,val,-0.21329824637774358,0.01200471401006336,2020-04-03,2024-09-06,-0.0016546600214230238
2024-09-24,600865,val,-0.13549136233899134,0.006233234928807682,2020-04-03,2024-09-06,0.005064025619000561
2024-09-24,600967,val,-0.07505540895367463,0.008572713782818497,2020-04-03,2024-09-06,0.005064025619000561
2024-09-24,601222,val,-0.1593544402414891,0.0044417691041281765,2020-04-03,2024-09-06,0.0003736953196553053
2024-09-24,603237,val,-0.12346658903129987,-0.005861473225569625,2020-04-03,2024-09-06,-0.0016546600214230238
2024-09-24,603335,val,-0.18211810484246543,-0.01858046367279529,2020-04-03,2024-09-06,-0.024876948379067558
2024-09-24,603341,val,-0.08784474841975026,-0.007626952672506137,2020-04-03,2024-09-06,-0.0016546600214230238
2024-09-24,603658,val,-0.041796291392823204,-0.003086301942799492,2020-04-03,2024-09-06,0.005064025619000561
2024-09-24,605090,val,-0.16728209080987738,0.0018834163802733564,2020-04-03,2024-09-06,0.005064025619000561
2024-09-24,605589,val,-0.026741655218877114,-0.005887487635858306,2020-04-03,2024-09-06,0.0003736953196553053
2024-09-24,688031,val,0.40456104452716873,-0.006648635282593251,2020-04-03,2024-09-06,0.002856887941346847
2024-09-24,688045,val,0.33197572029651873,0.003486899203259235,2020-04-03,2024-09-06,-0.0016546600214230238
2024-09-24,688133,val,0.2695177292238328,-0.004669956984978189,2020-04-03,2024-09-06,-0.0016546600214230238
2024-09-24,688147,val,0.2850115746896111,-0.006372491234227098,2020-04-03,2024-09-06,-0.0016546600214230238
2024-09-24,688528,val,0.4171665269019224,-0.0028698540144177307,2020-04-03,2024-09-06,-0.004479365747403972
2024-09-25,600025,val,-0.19507531888491286,0.007296033355323824,2020-04-03,2024-09-06,0.005064025619000561
2024-09-25,600051,val,-0.09652848308898315,0.0021621959996641444,2020-04-03,2024-09-06,0.0003736953196553053
2024-09-25,600127,val,-0.16057647070508224,0.004880591568059161,2020-04-03,2024-09-06,-0.0016546600214230238
2024-09-25,600153,val,-0.018760136529218874,-0.010490852036730496,2020-04-03,2024-09-06,-0.024876948379067558
2024-09-25,600548,val,-0.17592199200517195,0.013277540661822037,2020-04-03,2024-09-06,-0.0016546600214230238
2024-09-25,600865,val,-0.10549815076826125,0.0029080625160658887,2020-04-03,2024-09-06,0.0003736953196553053
2024-09-25,600967,val,-0.03820969595788787,0.006087604230992302,2020-04-03,2024-09-06,0.005064025619000561
2024-09-25,601222,val,-0.1083663334123583,0.002612792254661675,2020-04-03,2024-09-06,0.0003736953196553053
2024-09-25,603237,val,-0.10089160966256955,-0.006526483317858782,2020-04-03,2024-09-06,-0.0016546600214230238
2024-09-25,603335,val,-0.027442515368561293,-0.009154954803737281,2020-04-03,2024-09-06,-0.004479365747403972
2024-09-25,603341,val,-0.08605024236303488,-0.005319695815968126,2020-04-03,2024-09-06,-0.0016546600214230238
2024-09-25,603658,val,0.026904355586148843,-0.0012966079983333597,2020-04-03,2024-09-06,0.005064025619000561
2024-09-25,605090,val,-0.13742669762425325,0.0021264213048419814,2020-04-03,2024-09-06,0.005064025619000561
2024-09-25,605589,val,-0.019586853613461963,-0.006366238642958658,2020-04-03,2024-09-06,0.005064025619000561
2024-09-25,688031,val,0.46626183404289484,-0.0004009885552298339,2020-04-03,2024-09-06,0.002856887941346847
2024-09-25,688045,val,0.1966474715033802,1.3833153051962191e-05,2020-04-03,2024-09-06,-0.0016546600214230238
2024-09-25,688133,val,0.15645256431106153,-0.0033296985548578726,2020-04-03,2024-09-06,-0.0016546600214230238
2024-09-25,688147,val,0.2337206435472588,-0.0017299819968418701,2020-04-03,2024-09-06,-0.0016546600214230238
2024-09-25,688528,val,0.19034763099301327,0.0017296830836798713,2020-04-03,2024-09-06,-0.004479365747403972
2024-09-26,600025,val,-0.12530806987594476,0.007684009005312615,2020-04-03,2024-09-06,0.005064025619000561
2024-09-26,600051,val,-0.05557188687377443,0.0007631287033864218,2020-04-03,2024-09-06,0.0003736953196553053
2024-09-26,600127,val,-0.07470314405137343,0.007901403762839574,2020-04-03,2024-09-06,-0.0016546600214230238
2024-09-26,600153,val,-0.05313825855519003,-0.020981626388851073,2020-04-03,2024-09-06,-0.024876948379067558
2024-09-26,600548,val,-0.11266796152548728,0.010312520776615465,2020-04-03,2024-09-06,-0.0016546600214230238
2024-09-26,600865,val,-0.06639127060338287,0.004657858609411358,2020-04-03,2024-09-06,0.0003736953196553053
2024-09-26,600967,val,0.00697724340616393,0.009284513674830443,2020-04-03,2024-09-06,0.005064025619000561
2024-09-26,601222,val,-0.062227774189770074,0.008140124061871881,2020-04-03,2024-09-06,0.005064025619000561
2024-09-26,603237,val,-0.06374197372546894,-0.005478023231004567,2020-04-03,2024-09-06,-0.0016546600214230238
2024-09-26,603335,val,-0.0653579894968945,-0.0007587309447233232,2020-04-03,2024-09-06,-0.0016546600214230238
2024-09-26,603341,val,-0.0317232667029361,0.0006093567671663649,2020-04-03,2024-09-06,-0.0016546600214230238
2024-09-26,603658,val,-0.027569936341204276,-0.003103812472282391,2020-04-03,2024-09-06,0.005064025619000561
2024-09-26,605090,val,-0.07833611252095493,0.004124947755464607,2020-04-03,2024-09-06,0.005064025619000561
2024-09-26,605589,val,-0.008381084162254221,-0.001959222221188292,2020-04-03,2024-09-06,0.005064025619000561
2024-09-26,688031,val,0.4304391473025502,-0.0014891540301280757,2020-04-03,2024-09-06,-0.0016546600214230238
2024-09-26,688045,val,0.11592953805497921,-0.002036330782723191,2020-04-03,2024-09-06,-0.0016546600214230238
2024-09-26,688133,val,0.11155549880641161,-0.007181837357933622,2020-04-03,2024-09-06,-0.0016546600214230238
2024-09-26,688147,val,0.16091583515507127,-0.0030542270006757052,2020-04-03,2024-09-06,-0.0016546600214230238
2024-09-26,688528,val,-0.000698534100540521,-0.008955642281741913,2020-04-03,2024-09-06,-0.004479365747403972
2024-09-27,600025,val,-0.05944273081495532,-0.0022733820819057287,2020-04-03,2024-09-06,0.005064025619000561
2024-09-27,600051,val,-0.019547067425037194,0.003768210403402335,2020-04-03,2024-09-06,0.0003736953196553053
2024-09-27,600127,val,-0.03186211385964909,0.0024541661834168917,2020-04-03,2024-09-06,-0.0016546600214230238
2024-09-27,600153,val,-0.02178079142529487,-0.00198289147209367,2020-04-03,2024-09-06,0.002856887941346847
2024-09-27,600548,val,-0.02907250614596634,0.0021293029793919105,2020-04-03,2024-09-06,-0.0016546600214230238
2024-09-27,600865,val,0.003510551526980328,0.005086491364607299,2020-04-03,2024-09-06,0.0003736953196553053
2024-09-27,600967,val,0.023239039310165917,0.007350704770293198,2020-04-03,2024-09-06,0.005064025619000561
2024-09-27,601222,val,-0.030374034335834403,-0.0012376450795139647,2020-04-03,2024-09-06,0.005064025619000561
2024-09-27,603237,val,-0.02475108148443316,-0.00364476306168766,2020-04-03,2024-09-06,-0.0016546600214230238
2024-09-27,603335,val,-0.03827732336039257,0.011050599990249757,2020-04-03,2024-09-06,-0.0016546600214230238
2024-09-27,603341,val,-0.029203533066274205,0.0004493652786513274,2020-04-03,2024-09-06,-0.0016546600214230238
2024-09-27,603658,val,-0.01544123971583266,0.0019706982910343757,2020-04-03,2024-09-06,-0.0016546600214230238
2024-09-27,605090,val,-0.0016168270310695718,0.0031751467960732154,2020-04-03,2024-09-06,0.005064025619000561
2024-09-27,605589,val,-0.018716004878075114,-0.0007399938441046334,2020-04-03,2024-09-06,0.005064025619000561
2024-09-27,688031,val,0.18411529113554115,-0.007692225470850241,2020-04-03,2024-09-06,0.002856887941346847
2024-09-27,688045,val,0.04412509471577398,-0.00451059099502673,2020-04-03,2024-09-06,-0.0016546600214230238
2024-09-27,688133,val,0.034043220620676336,-0.0010312534041685495,2020-04-03,2024-09-06,-0.0016546600214230238
2024-09-27,688147,val,0.08475176633296078,-0.0024054022539238126,2020-04-03,2024-09-06,-0.0016546600214230238
2024-09-27,688528,val,-0.053699710099283975,-0.0134372819881987,2020-04-03,2024-09-06,-0.03406739671776185
2024-10-08,600025,val,0.04824052596701445,0.011943250528853241,2020-04-03,2024-09-06,0.005064025619000561
2024-10-08,600051,val,0.04055033720525403,0.008258262306781053,2020-04-03,2024-09-06,0.005064025619000561
2024-10-08,600127,val,0.09933236641989285,0.005597599688885898,2020-04-03,2024-09-06,0.005064025619000561
2024-10-08,600153,val,0.07578803390201072,0.005355272851866586,2020-04-03,2024-09-06,-0.0016546600214230238
2024-10-08,600548,val,0.05753885836081085,0.0012212440015039146,2020-04-03,2024-09-06,0.005064025619000561
2024-10-08,600865,val,0.061521388037257596,0.013030991104013165,2020-04-03,2024-09-06,0.005064025619000561
2024-10-08,600967,val,0.055271505302793233,0.012500982190183488,2020-04-03,2024-09-06,0.005064025619000561
2024-10-08,601222,val,-0.017134231054818372,0.005358898858807774,2020-04-03,2024-09-06,0.005064025619000561
2024-10-08,603237,val,0.011366739751644483,0.008780144946022583,2020-04-03,2024-09-06,-0.0016546600214230238
2024-10-08,603335,val,0.003580471994433676,-0.0004210968255888925,2020-04-03,2024-09-06,0.005064025619000561
2024-10-08,603341,val,-0.008445424610021401,-0.001078963497995459,2020-04-03,2024-09-06,-0.0016546600214230238
2024-10-08,603658,val,-0.025741706588363944,0.005633440920775421,2020-04-03,2024-09-06,-0.0016546600214230238
2024-10-08,605090,val,0.022241525739551737,0.012975617285521344,2020-04-03,2024-09-06,0.005064025619000561
2024-10-08,605589,val,-0.04359894793431385,-0.005669442588353023,2020-04-03,2024-09-06,-0.0016546600214230238
2024-10-08,688031,val,-0.07258879677488261,-0.02509597378968305,2020-04-03,2024-09-06,-0.004479365747403972
2024-10-08,688045,val,-0.1002742876064211,-0.010983593398171657,2020-04-03,2024-09-06,-0.004479365747403972
2024-10-08,688133,val,-0.12233133964958076,-0.02025085871182238,2020-04-03,2024-09-06,-0.004479365747403972
2024-10-08,688147,val,-0.053548172392359095,-0.011596541691810024,2020-04-03,2024-09-06,-0.004479365747403972
2024-10-08,688528,val,-0.0317688460699026,-0.01707997777414318,2020-04-03,2024-09-06,-0.03406739671776185
2024-10-09,600025,val,0.016645615217439104,-0.0013309601951231524,2020-04-03,2024-09-06,0.005064025619000561
2024-10-09,600051,val,0.04055519447052978,0.0030918942104759713,2020-04-03,2024-09-06,0.005064025619000561
2024-10-09,600127,val,0.10912239255580022,-9.393711891765183e-05,2020-04-03,2024-09-06,0.005064025619000561
2024-10-09,600153,val,0.14797100937742688,-0.001234185785607604,2020-04-03,2024-09-06,-0.0016546600214230238
2024-10-09,600548,val,0.05751787020097796,0.002944519629201233,2020-04-03,2024-09-06,0.005064025619000561
2024-10-09,600865,val,0.043936794672939185,0.0056604440351913695,2020-04-03,2024-09-06,0.005064025619000561
2024-10-09,600967,val,0.02088959585756254,0.0073322005031024404,2020-04-03,2024-09-06,0.005064025619000561
2024-10-09,601222,val,-0.03746481169318896,0.004091347931524561,2020-04-03,2024-09-06,0.005064025619000561
2024-10-09,603237,val,0.017721008845646292,0.005986388762539386,2020-04-03,2024-09-06,-0.0016546600214230238
2024-10-09,603335,val,-0.08531943726347715,-0.0033399836618114706,2020-04-03,2024-09-06,0.0003736953196553053
2024-10-09,603341,val,-0.014712933968330531,0.002550743838060299,2020-04-03,2024-09-06,-0.0016546600214230238
2024-10-09,603658,val,-0.07531641123629954,0.0029101501538243233,2020-04-03,2024-09-06,0.0003736953196553053
2024-10-09,605090,val,0.00724113864432805,0.004420104874612736,2020-04-03,2024-09-06,0.005064025619000561
2024-10-09,605589,val,-0.027184180735902473,0.0006621632514868035,2020-04-03,2024-09-06,-0.0016546600214230238
2024-10-09,688031,val,-0.16379269512681763,-0.022063855739531464,2020-04-03,2024-09-06,-0.004479365747403972
2024-10-09,688045,val,-0.09062466406841665,-0.0038584785941166676,2020-04-03,2024-09-06,-0.004479365747403972
2024-10-09,688133,val,-0.10166873256352385,-0.0014335229170836879,2020-04-03,2024-09-06,0.002856887941346847
2024-10-09,688147,val,-0.05817909976437532,-0.003576950901511426,2020-04-03,2024-09-06,-0.004479365747403972
2024-10-09,688528,val,0.19266234657768197,-0.0042388258706693325,2020-04-03,2024-09-06,0.002856887941346847
2024-10-10,600025,val,-0.011080928841837846,0.004699540277133778,2020-04-03,2024-09-06,0.005064025619000561
2024-10-10,600051,val,0.018729154706498295,0.008075626301710815,2020-04-03,2024-09-06,0.005064025619000561
2024-10-10,600127,val,0.05507583285257347,0.005562298004707268,2020-04-03,2024-09-06,0.005064025619000561
2024-10-10,600153,val,0.05859790902379038,-0.007722725594770348,2020-04-03,2024-09-06,-0.0016546600214230238
2024-10-10,600548,val,0.03535650299891426,0.00470169326190536,2020-04-03,2024-09-06,0.005064025619000561
2024-10-10,600865,val,0.01936815477671796,0.010644894056083203,2020-04-03,2024-09-06,0.005064025619000561
2024-10-10,600967,val,0.01020375973771661,0.010233364872502104,2020-04-03,2024-09-06,0.0003736953196553053
2024-10-10,601222,val,-0.03417151931258631,0.0018026432655656064,2020-04-03,2024-09-06,0.005064025619000561
2024-10-10,603237,val,-0.017600394478786897,0.007542245750478091,2020-04-03,2024-09-06,-0.0016546600214230238
2024-10-10,603335,val,-0.015590100003783004,0.001098426927728504,2020-04-03,2024-09-06,0.005064025619000561
2024-10-10,603341,val,0.009297830102648307,-0.0024953439402084924,2020-04-03,2024-09-06,-0.0016546600214230238
2024-10-10,603658,val,-0.03285424790857259,0.003835385745573356,2020-04-03,2024-09-06,0.005064025619000561
2024-10-10,605090,val,0.007048052161503081,0.009346955900211246,2020-04-03,2024-09-06,0.005064025619000561
2024-10-10,605589,val,-0.01171797576307896,-0.0014278481360294683,2020-04-03,2024-09-06,-0.0016546600214230238
2024-10-10,688031,val,-0.13862127832338186,-0.02672557045328729,2020-04-03,2024-09-06,-0.004479365747403972
2024-10-10,688045,val,-0.012036081217639084,-0.013360938518482511,2020-04-03,2024-09-06,0.002856887941346847
2024-10-10,688133,val,-0.08905993774193896,-0.006070278760201863,2020-04-03,2024-09-06,0.002856887941346847
2024-10-10,688147,val,-0.011534305696303405,-0.007303619920709071,2020-04-03,2024-09-06,0.002856887941346847
2024-10-10,688528,val,0.16058957292754653,-0.003957492634263707,2020-04-03,2024-09-06,0.002856887941346847
2024-10-11,600025,val,-0.03834030480204799,0.004435281690011236,2020-04-03,2024-09-06,0.005064025619000561
2024-10-11,600051,val,-0.0070048580019687195,0.008093088881903717,2020-04-03,2024-09-06,0.0003736953196553053
2024-10-11,600127,val,0.015389129533165277,0.009310157774008182,2020-04-03,2024-09-06,0.005064025619000561
2024-10-11,600153,val,0.01813275888224096,-0.0033270066161871755,2020-04-03,2024-09-06,0.002856887941346847
2024-10-11,600548,val,-0.036615103084011294,0.01072325337658614,2020-04-03,2024-09-06,0.005064025619000561
2024-10-11,600865,val,-0.02964973257070737,0.006535274851903641,2020-04-03,2024-09-06,0.005064025619000561
2024-10-11,600967,val,-0.0003994458652151339,0.006799152435406093,2020-04-03,2024-09-06,0.0003736953196553053
2024-10-11,601222,val,-0.04595993809196687,0.006413154304653474,2020-04-03,2024-09-06,0.005064025619000561
2024-10-11,603237,val,-0.04746721519364917,0.009292558546561578,2020-04-03,2024-09-06,-0.0016546600214230238
2024-10-11,603335,val,0.00748493791639869,0.0021462536942628723,2020-04-03,2024-09-06,-0.0016546600214230238
2024-10-11,603341,val,0.03947446671221032,0.0016401372270789377,2020-04-03,2024-09-06,-0.0016546600214230238
2024-10-11,603658,val,-0.04277625611345205,-0.000991126760436907,2020-04-03,2024-09-06,0.005064025619000561
2024-10-11,605090,val,-0.03175516403152402,0.00760857443247999,2020-04-03,2024-09-06,0.005064025619000561
2024-10-11,605589,val,0.03140464208966863,-0.00149363688387898,2020-04-03,2024-09-06,-0.0016546600214230238
2024-10-11,688031,val,-0.04716892767228244,-0.03253731603586843,2020-04-03,2024-09-06,-0.024876948379067558
2024-10-11,688045,val,0.08255846732816328,-0.00781792628698168,2020-04-03,2024-09-06,0.002856887941346847
2024-10-11,688133,val,-0.03559672618221456,-0.0041920838075824,2020-04-03,2024-09-06,0.002856887941346847
2024-10-11,688147,val,0.074937135987979,-0.0070253412353826795,2020-04-03,2024-09-06,0.002856887941346847
2024-10-11,688528,val,0.09335213315921341,-0.017133193182890975,2020-04-03,2024-09-06,-0.03406739671776185
2024-10-14,600025,val,-0.05115950941689353,0.006470336339248112,2020-04-03,2024-09-06,0.005064025619000561
2024-10-14,600051,val,-0.01301893847986071,0.008232297762961856,2020-04-03,2024-09-06,0.005064025619000561
2024-10-14,600127,val,-0.027367235620564555,0.003275841215903058,2020-04-03,2024-09-06,-0.0016546600214230238
2024-10-14,600153,val,-0.0498946996345714,-0.008937516615431558,2020-04-03,2024-09-06,-0.004479365747403972
2024-10-14,600548,val,-0.042928371698833255,0.009517408265781273,2020-04-03,2024-09-06,0.005064025619000561
2024-10-14,600865,val,-0.01896468355604055,0.006293590785887344,2020-04-03,2024-09-06,0.005064025619000561
2024-10-14,600967,val,0.0008871668163860976,0.005969212357862114,2020-04-03,2024-09-06,0.0003736953196553053
2024-10-14,601222,val,-0.044347169792619455,0.006464698568342032,2020-04-03,2024-09-06,0.005064025619000561
2024-10-14,603237,val,-0.034941328180689867,0.006991193349156915,2020-04-03,2024-09-06,-0.0016546600214230238
2024-10-14,603335,val,-0.008140960941925202,0.008563489488284089,2020-04-03,2024-09-06,-0.0016546600214230238
2024-10-14,603341,val,0.028842103430700684,0.0015652748820807702,2020-04-03,2024-09-06,-0.0016546600214230238
2024-10-14,603658,val,-0.0415803772426663,0.0032756101738491963,2020-04-03,2024-09-06,0.005064025619000561
2024-10-14,605090,val,-0.014308174286619369,0.006789600856590409,2020-04-03,2024-09-06,0.005064025619000561
2024-10-14,605589,val,0.05982679883106432,-0.0037953906671879113,2020-04-03,2024-09-06,-0.0016546600214230238
2024-10-14,688031,val,0.00019715818644614434,-0.02276515924237294,2020-04-03,2024-09-06,-0.004479365747403972
2024-10-14,688045,val,0.12051022176825185,-0.0072958552492390465,2020-04-03,2024-09-06,0.002856887941346847
2024-10-14,688133,val,0.030252640942182808,-0.004825858459750728,2020-04-03,2024-09-06,0.002856887941346847
2024-10-14,688147,val,0.027493204825455454,-0.012748307528811169,2020-04-03,2024-09-06,-0.004479365747403972
2024-10-14,688528,val,0.07864215405079686,-0.01456120987750727,2020-04-03,2024-09-06,-0.03406739671776185
2024-10-15,600025,val,-0.037544263279497836,-0.0002348248119973479,2020-04-03,2024-09-06,0.005064025619000561
2024-10-15,600051,val,-0.02190435866900514,0.007590751331193898,2020-04-03,2024-09-06,0.005064025619000561
2024-10-15,600127,val,-0.046048722086664606,-0.011668526389014602,2020-04-03,2024-09-06,-0.004479365747403972
2024-10-15,600153,val,-0.062757154672135,-0.010158112390207487,2020-04-03,2024-09-06,-0.004479365747403972
2024-10-15,600548,val,-0.04871928083695304,0.005110301373214505,2020-04-03,2024-09-06,0.005064025619000561
2024-10-15,600865,val,-0.033301531704109044,0.0025570929241947836,2020-04-03,2024-09-06,0.005064025619000561
2024-10-15,600967,val,-0.03400287784161976,0.0005604552954989069,2020-04-03,2024-09-06,0.0003736953196553053
2024-10-15,601222,val,-0.0005100399960885071,0.004348678821619907,2020-04-03,2024-09-06,0.005064025619000561
2024-10-15,603237,val,-0.014313802501151163,0.007808806806896792,2020-04-03,2024-09-06,-0.0016546600214230238
2024-10-15,603335,val,0.0109686989523749,0.00594271912737897,2020-04-03,2024-09-06,-0.0016546600214230238
2024-10-15,603341,val,0.023699412624753557,0.0006058628147082264,2020-04-03,2024-09-06,-0.0016546600214230238
2024-10-15,603658,val,-0.005788143746257524,0.002698393250266025,2020-04-03,2024-09-06,0.005064025619000561
2024-10-15,605090,val,-0.01328723341266752,0.0009819999588093166,2020-04-03,2024-09-06,0.005064025619000561
2024-10-15,605589,val,0.057512452768354316,-0.0021949469021194457,2020-04-03,2024-09-06,-0.0016546600214230238
2024-10-15,688031,val,-0.018234130849562435,-0.004219525630080437,2020-04-03,2024-09-06,0.002856887941346847
2024-10-15,688045,val,0.1781525530814551,0.002497486897288059,2020-04-03,2024-09-06,0.002856887941346847
2024-10-15,688133,val,0.05791028217504762,0.00985407228855644,2020-04-03,2024-09-06,-0.0016546600214230238
2024-10-15,688147,val,-0.016563811560535602,-0.005985900363003416,2020-04-03,2024-09-06,-0.004479365747403972
2024-10-15,688528,val,0.02473195155426161,-0.01761552799755641,2020-04-03,2024-09-06,-0.03406739671776185
2024-10-16,600025,val,-0.0655688221782677,-0.002086769911286667,2020-04-03,2024-09-06,0.005064025619000561
2024-10-16,600051,val,0.01825752454381563,0.0025492053406200137,2020-04-03,2024-09-06,0.005064025619000561
2024-10-16,600127,val,-0.0603799505130968,0.003689444715992015,2020-04-03,2024-09-06,0.005064025619000561
2024-10-16,600153,val,-0.11387626899780096,-0.005477416296986933,2020-04-03,2024-09-06,-0.004479365747403972
2024-10-16,600548,val,-0.07713761976437211,0.006335572183688057,2020-04-03,2024-09-06,0.005064025619000561
2024-10-16,600865,val,-0.034809207194309855,0.005458865292151952,2020-04-03,2024-09-06,0.005064025619000561
2024-10-16,600967,val,-0.02053416810213654,0.006255269487200161,2020-04-03,2024-09-06,0.0003736953196553053
2024-10-16,601222,val,-0.0059219376487554265,0.0004057375125814271,2020-04-03,2024-09-06,0.005064025619000561
2024-10-16,603237,val,-0.03682507401704377,0.0005426903210048058,2020-04-03,2024-09-06,-0.0016546600214230238
2024-10-16,603335,val,0.0012384884367626081,0.0009613687145742054,2020-04-03,2024-09-06,-0.0016546600214230238
2024-10-16,603341,val,0.0036940478071014193,-0.0005677814798477155,2020-04-03,2024-09-06,-0.0016546600214230238
2024-10-16,603658,val,-0.015944881265604283,0.0015178493779197698,2020-04-03,2024-09-06,0.005064025619000561
2024-10-16,605090,val,-0.012798645322028623,0.0004035684311523756,2020-04-03,2024-09-06,0.005064025619000561
2024-10-16,605589,val,0.06756603037406056,-0.0019013368444742557,2020-04-03,2024-09-06,-0.0016546600214230238
2024-10-16,688031,val,0.03399259169113317,0.0008272513435991271,2020-04-03,2024-09-06,0.002856887941346847
2024-10-16,688045,val,0.27171238009003046,-0.0017039684137567475,2020-04-03,2024-09-06,-0.0016546600214230238
2024-10-16,688133,val,0.05811017872731944,0.005256913425663332,2020-04-03,2024-09-06,-0.0016546600214230238
2024-10-16,688147,val,0.0343053707776137,0.002806465616131532,2020-04-03,2024-09-06,0.002856887941346847
2024-10-16,688528,val,-0.04508003744442096,-0.026793672410279887,2020-04-03,2024-09-06,-0.03406739671776185
2024-10-17,600025,val,-0.046479658551226086,-0.0065308816603180655,2020-04-03,2024-10-16,0.00442159981266309
2024-10-17,600051,val,-0.004971463485943392,0.002460688002312897,2020-04-03,2024-10-16,0.00442159981266309
2024-10-17,600127,val,-0.05742493218306659,0.002141836349943805,2020-04-03,2024-10-16,-0.002755033522141288
2024-10-17,600153,val,-0.07002516127814122,-0.003737665505245233,2020-04-03,2024-10-16,-0.00135215753068163
2024-10-17,600548,val,-0.0666405783022556,-0.00045373900724136375,2020-04-03,2024-10-16,0.00442159981266309
2024-10-17,600865,val,-0.006552839159811016,0.0032562379164313795,2020-04-03,2024-10-16,0.00442159981266309
2024-10-17,600967,val,-0.028297433176049644,0.004540627563171321,2020-04-03,2024-10-16,-0.000122488233066785
2024-10-17,601222,val,-0.016888605397909304,-0.0012838742000902588,2020-04-03,2024-10-16,0.00442159981266309
2024-10-17,603237,val,-0.025206840485421253,-0.00043813825707500183,2020-04-03,2024-10-16,-0.00135215753068163
2024-10-17,603335,val,0.014323946740699992,-0.0006625154720254843,2020-04-03,2024-10-16,-0.00135215753068163
2024-10-17,603341,val,-0.017158197122794913,0.00083561617188323,2020-04-03,2024-10-16,-0.00135215753068163
2024-10-17,603658,val,-0.01877641492492381,-0.0010865302272234233,2020-04-03,2024-10-16,0.00442159981266309
2024-10-17,605090,val,-0.03418681473840894,-0.0004517640012052048,2020-04-03,2024-10-16,0.00442159981266309
2024-10-17,605589,val,0.031776945751205446,0.0013996871945595435,2020-04-03,2024-10-16,-0.00135215753068163
2024-10-17,688031,val,0.017520363221747173,0.0025336916616259084,2020-04-03,2024-10-16,0.0036999589405195964
2024-10-17,688045,val,0.2909342456027247,0.0032650600952605527,2020-04-03,2024-10-16,0.0036999589405195964
2024-10-17,688133,val,0.04115119048944134,0.005586443873420431,2020-04-03,2024-10-16,-0.00135215753068163
2024-10-17,688147,val,0.00601359668547892,0.00469615390287042,2020-04-03,2024-10-16,0.0036999589405195964
2024-10-17,688528,val,-0.009111349685345813,-0.017563691387856694,2020-04-03,2024-10-16,-0.04165678972761737
2024-10-18,600025,val,-0.08571924228313496,-0.005081113939654197,2020-04-03,2024-10-16,0.00442159981266309
2024-10-18,600051,val,-0.00871656038014975,0.00425685026067258,2020-04-03,2024-10-16,0.00442159981266309
2024-10-18,600127,val,-0.05777839406884907,0.008202810251460479,2020-04-03,2024-10-16,0.00442159981266309
2024-10-18,600153,val,-0.08376173807909879,0.0006321858887942165,2020-04-03,2024-10-16,-0.00135215753068163
2024-10-18,600548,val,-0.048346529103842927,0.009177175336968643,2020-04-03,2024-10-16,0.00442159981266309
2024-10-18,600865,val,0.043650177359722465,0.002967894613084229,2020-04-03,2024-10-16,0.00442159981266309
2024-10-18,600967,val,-0.04312058072958865,0.007520147088169829,2020-04-03,2024-10-16,-0.000122488233066785
2024-10-18,601222,val,-0.005037198256787355,0.0019111630024849573,2020-04-03,2024-10-16,0.00442159981266309
2024-10-18,603237,val,-0.028598933577913065,0.007107846728875534,2020-04-03,2024-10-16,-0.00135215753068163
2024-10-18,603335,val,-0.017167893458348536,-0.0010885386127738636,2020-04-03,2024-10-16,-0.00135215753068163
2024-10-18,603341,val,-0.020769847060302125,-0.0020656870710923287,2020-04-03,2024-10-16,-0.00135215753068163
2024-10-18,603658,val,-0.02993000306305934,1.750548987868066e-06,2020-04-03,2024-10-16,0.00442159981266309
2024-10-18,605090,val,-0.0641231744200502,0.003347428451537864,2020-04-03,2024-10-16,0.00442159981266309
2024-10-18,605589,val,0.007579812769000362,-0.00723697582809115,2020-04-03,2024-10-16,-0.00135215753068163
2024-10-18,688031,val,-0.025287551578006405,0.0013831733426331334,2020-04-03,2024-10-16,0.0036999589405195964
2024-10-18,688045,val,0.3982053090068423,-0.011699873386260233,2020-04-03,2024-10-16,-0.002755033522141288
2024-10-18,688133,val,0.08458047838275909,0.002215281257801691,2020-04-03,2024-10-16,-0.00135215753068163
2024-10-18,688147,val,-0.01586263477464952,-0.007435093744032805,2020-04-03,2024-10-16,0.0036999589405195964
2024-10-18,688528,val,0.00020450331545655148,-0.01560918117636776,2020-04-03,2024-10-16,-0.002755033522141288
2024-10-21,600025,val,-0.07693838246122138,-0.0025679559532023073,2020-04-03,2024-10-16,0.00442159981266309
2024-10-21,600051,val,0.053867276372558545,0.007170057722270145,2020-04-03,2024-10-16,0.00442159981266309
2024-10-21,600127,val,-0.044449223547660524,0.0035830277626740627,2020-04-03,2024-10-16,0.00442159981266309
2024-10-21,600153,val,-0.07781742047109792,0.003141371236542509,2020-04-03,2024-10-16,-0.00135215753068163
2024-10-21,600548,val,-0.03912533411496351,0.002058605896395743,2020-04-03,2024-10-16,0.00442159981266309
2024-10-21,600865,val,0.14873688499541832,0.007395221519429684,2020-04-03,2024-10-16,0.00442159981266309
2024-10-21,600967,val,-0.05021133946358387,0.006609279505601244,2020-04-03,2024-10-16,-0.000122488233066785
2024-10-21,601222,val,-0.00798193441477664,0.0048749090727732945,2020-04-03,2024-10-16,0.00442159981266309
2024-10-21,603237,val,-0.006459204946357169,0.006499776968781926,2020-04-03,2024-10-16,-0.00135215753068163
2024-10-21,603335,val,0.030281328715762654,0.0062864077567554464,2020-04-03,2024-10-16,-0.00135215753068163
2024-10-21,603341,val,-0.045288605145550734,0.0013958309657207432,2020-04-03,2024-10-16,-0.00135215753068163
2024-10-21,603658,val,0.00608635517707716,0.0010412524885578072,2020-04-03,2024-10-16,0.00442159981266309
2024-10-21,605090,val,-0.05571985052784774,0.0034987399734674332,2020-04-03,2024-10-16,0.00442159981266309
2024-10-21,605589,val,-0.01740735043027626,-0.006387502781109623,2020-04-03,2024-10-16,0.0036999589405195964
2024-10-21,688031,val,-0.08255406155414076,-0.004447603407882265,2020-04-03,2024-10-16,0.0036999589405195964
2024-10-21,688045,val,0.16965008624955674,-0.022734131039412266,2020-04-03,2024-10-16,-0.01575661575343259
2024-10-21,688133,val,0.09096478492787301,-0.006709261576464349,2020-04-03,2024-10-16,-0.00135215753068163
2024-10-21,688147,val,-0.05894647021617745,-0.002725279121712304,2020-04-03,2024-10-16,0.0036999589405195964
2024-10-21,688528,val,0.06331246085540747,-0.00947550397598814,2020-04-03,2024-10-16,-0.002755033522141288
2024-10-22,600025,val,-0.07744219923257648,-0.0015666198748556157,2020-04-03,2024-10-16,0.00442159981266309
2024-10-22,600051,val,0.03726286780758923,0.008850547086572182,2020-04-03,2024-10-16,0.00442159981266309
2024-10-22,600127,val,-0.04715420765426239,0.0056788610730037015,2020-04-03,2024-10-16,0.00442159981266309
2024-10-22,600153,val,-0.07153256278432621,0.0005341353651221175,2020-04-03,2024-10-16,0.0036999589405195964
2024-10-22,600548,val,-0.029061797781030817,0.010323438612844796,2020-04-03,2024-10-16,0.00442159981266309
2024-10-22,600865,val,0.29501831312025595,0.008181585494769153,2020-04-03,2024-10-16,0.00442159981266309
2024-10-22,600967,val,-0.036075836070931476,0.008525695493159747,2020-04-03,2024-10-16,0.00442159981266309
2024-10-22,601222,val,-0.031450337308168506,0.00044066334114206977,2020-04-03,2024-10-16,0.00442159981266309
2024-10-22,603237,val,-0.02846720071102784,0.006384346459532535,2020-04-03,2024-10-16,0.00442159981266309
2024-10-22,603335,val,0.0009338744763729215,0.00599164519355056,2020-04-03,2024-10-16,-0.00135215753068163
2024-10-22,603341,val,0.07747315533256979,0.0012053294438358465,2020-04-03,2024-10-16,-0.00135215753068163
2024-10-22,603658,val,-0.02718823468181377,-0.0006466533374496244,2020-04-03,2024-10-16,0.00442159981266309
2024-10-22,605090,val,-0.05616725136414393,0.003952247918265099,2020-04-03,2024-10-16,0.00442159981266309
2024-10-22,605589,val,-0.03256553337268999,-0.004353020254442755,2020-04-03,2024-10-16,-0.00135215753068163
2024-10-22,688031,val,-0.05528973409964801,-0.0038863542646051987,2020-04-03,2024-10-16,-0.00135215753068163
2024-10-22,688045,val,0.047047766841829854,-0.023540957790090036,2020-04-03,2024-10-16,-0.01575661575343259
2024-10-22,688133,val,0.0809417470239708,-0.009283997579080373,2020-04-03,2024-10-16,-0.00135215753068163
2024-10-22,688147,val,-0.0692560100275176,-0.008909360848521473,2020-04-03,2024-10-16,-0.00135215753068163
2024-10-22,688528,val,0.022973180485548396,-0.009374288519553978,2020-04-03,2024-10-16,-0.00135215753068163
2024-10-23,600025,val,-0.07225989206842177,-0.003237119812469648,2020-04-03,2024-10-16,0.00442159981266309
2024-10-23,600051,val,-0.019516289706217344,0.006510194519472834,2020-04-03,2024-10-16,-0.000122488233066785
2024-10-23,600127,val,-0.036615512870058944,0.005357893950461054,2020-04-03,2024-10-16,0.00442159981266309
2024-10-23,600153,val,-0.05975910825001719,0.0023474487492930033,2020-04-03,2024-10-16,-0.00135215753068163
2024-10-23,600548,val,-0.02211120762899223,0.002393876038814362,2020-04-03,2024-10-16,0.00442159981266309
2024-10-23,600865,val,0.4261785942600276,0.008987426672169988,2020-04-03,2024-10-16,0.00442159981266309
2024-10-23,600967,val,-0.02615944511076453,0.006743092975606742,2020-04-03,2024-10-16,0.00442159981266309
2024-10-23,601222,val,-0.007870688737623217,0.0006750554786085804,2020-04-03,2024-10-16,0.00442159981266309
2024-10-23,603237,val,-0.028839983736067904,0.004294715982495902,2020-04-03,2024-10-16,0.00442159981266309
2024-10-23,603335,val,0.006289631346414231,0.0016441556587609553,2020-04-03,2024-10-16,-0.00135215753068163
2024-10-23,603341,val,0.0630516983977809,0.0022333029913150877,2020-04-03,2024-10-16,-0.00135215753068163
2024-10-23,603658,val,-0.021078789706217255,-0.0015944961377876068,2020-04-03,2024-10-16,0.00442159981266309
2024-10-23,605090,val,-0.061826227187462016,0.005095230408889238,2020-04-03,2024-10-16,0.00442159981266309
2024-10-23,605589,val,-0.053112215890061334,0.0007028333943281832,2020-04-03,2024-10-16,0.0036999589405195964
2024-10-23,688031,val,-0.08555476680355369,-0.009185630023170679,2020-04-03,2024-10-16,-0.00135215753068163
2024-10-23,688045,val,0.002964926140777129,-0.02167509290620422,2020-04-03,2024-10-16,-0.01575661575343259
2024-10-23,688133,val,0.07515960794888786,-0.004080756527191463,2020-04-03,2024-10-16,-0.00135215753068163
2024-10-23,688147,val,-0.07755332151413087,-0.004076180559063524,2020-04-03,2024-10-16,-0.00135215753068163
2024-10-23,688528,val,-0.0013870088842993407,-0.00462870784112996,2020-04-03,2024-10-16,0.0036999589405195964
2024-10-24,600025,val,-0.10853725954728859,-0.004232875336455436,2020-04-03,2024-10-16,0.00442159981266309
2024-10-24,600051,val,-0.01598276173732842,0.0079143268887245,2020-04-03,2024-10-16,0.00442159981266309
2024-10-24,600127,val,-0.047962050287987654,0.006142451487078948,2020-04-03,2024-10-16,0.00442159981266309
2024-10-24,600153,val,-0.07205142729488183,-0.00037651882843733474,2020-04-03,2024-10-16,-0.00135215753068163
2024-10-24,600548,val,-0.057897719553864066,0.003100661761283517,2020-04-03,2024-10-16,0.00442159981266309
2024-10-24,600865,val,0.521935344758916,0.007181910488381842,2020-04-03,2024-10-16,0.00442159981266309
2024-10-24,600967,val,-0.031091330726445918,0.007551285013205812,2020-04-03,2024-10-16,0.00442159981266309
2024-10-24,601222,val,0.0044145761106529485,0.00044730843547028266,2020-04-03,2024-10-16,0.00442159981266309
2024-10-24,603237,val,-0.0513313062998481,0.003406375124538356,2020-04-03,2024-10-16,0.00442159981266309
2024-10-24,603335,val,0.007863919907789743,0.0016596300971907579,2020-04-03,2024-10-16,-0.00135215753068163
2024-10-24,603341,val,0.03754359277220705,0.0028131360508760303,2020-04-03,2024-10-16,-0.00135215753068163
2024-10-24,603658,val,-0.023126624005680593,-0.00039511799532035354,2020-04-03,2024-10-16,-0.00135215753068163
2024-10-24,605090,val,-0.07616834451891989,0.004777560780579772,2020-04-03,2024-10-16,0.00442159981266309
2024-10-24,605589,val,-0.04461367671928011,0.002160654419861456,2020-04-03,2024-10-16,-0.00135215753068163
2024-10-24,688031,val,-0.0645955432923551,-0.007015359926345642,2020-04-03,2024-10-16,-0.00135215753068163
2024-10-24,688045,val,-0.01202818200118487,-0.023795638267654896,2020-04-03,2024-10-16,-0.002755033522141288
2024-10-24,688133,val,0.09205486172668483,-0.0029863354925617415,2020-04-03,2024-10-16,-0.00135215753068163
2024-10-24,688147,val,-0.01972277071616639,-0.002380344728097419,2020-04-03,2024-10-16,-0.00135215753068163
2024-10-24,688528,val,-0.038703298575019016,-0.0074658669591195995,2020-04-03,2024-10-16,0.0036999589405195964
2024-10-25,600025,val,-0.012684107998305567,-0.002919898373469789,2020-04-03,2024-10-16,0.00442159981266309
2024-10-25,600051,val,0.012248219456726144,0.008306562113731772,2020-04-03,2024-10-16,0.00442159981266309
2024-10-25,600127,val,0.017162705576377318,0.006712495567896176,2020-04-03,2024-10-16,0.00442159981266309
2024-10-25,600153,val,0.020909564534256058,0.0002034453645778525,2020-04-03,2024-10-16,-0.00135215753068163
2024-10-25,600548,val,-0.004953669831994873,0.0010120492959864536,2020-04-03,2024-10-16,0.00442159981266309
2024-10-25,600865,val,0.34542034247259923,0.003102539526064338,2020-04-03,2024-10-16,0.00442159981266309
2024-10-25,600967,val,0.01859742580593247,0.006619727088041448,2020-04-03,2024-10-16,0.00442159981266309
2024-10-25,601222,val,0.015708922050877688,0.0031053240947934656,2020-04-03,2024-10-16,0.00442159981266309
2024-10-25,603237,val,0.009118752820150493,0.004555242287014101,2020-04-03,2024-10-16,0.00442159981266309
2024-10-25,603335,val,-0.002021130895098606,0.004005693890929563,2020-04-03,2024-10-16,-0.00135215753068163
2024-10-25,603341,val,-0.030350315976994908,0.005311221700751476,2020-04-03,2024-10-16,-0.00135215753068163
2024-10-25,603658,val,0.0342512011282161,0.00022217595260637523,2020-04-03,2024-10-16,0.00442159981266309
2024-10-25,605090,val,-0.0021245270309028404,0.0034391688139231375,2020-04-03,2024-10-16,0.00442159981266309
2024-10-25,605589,val,-0.031940711770108834,0.0035076300240266755,2020-04-03,2024-10-16,-0.00135215753068163
2024-10-25,688031,val,-0.09412077868284564,-0.005788352093905797,2020-04-03,2024-10-16,-0.00135215753068163
2024-10-25,688045,val,-0.1926221971783965,-0.026509092815642017,2020-04-03,2024-10-16,-0.04165678972761737
2024-10-25,688133,val,0.052096746765642785,-0.009500676448473354,2020-04-03,2024-10-16,-0.00135215753068163
2024-10-25,688147,val,-0.06886613104537954,-0.003763656678120392,2020-04-03,2024-10-16,-0.00135215753068163
2024-10-25,688528,val,-0.08583031020075095,-0.003114356297532783,2020-04-03,2024-10-16,0.0036999589405195964
2024-10-28,600025,val,-0.006117739264095652,-0.004152860816520024,2020-04-03,2024-10-16,0.00442159981266309
2024-10-28,600051,val,-0.034151439495105136,0.0034845086607172577,2020-04-03,2024-10-16,0.00442159981266309
2024-10-28,600127,val,-0.00405509602498156,0.011530412057868021,2020-04-03,2024-10-16,0.00442159981266309
2024-10-28,600153,val,0.04314572874937272,0.001693605646659434,2020-04-03,2024-10-16,-0.00135215753068163
2024-10-28,600548,val,0.01608707801471309,0.002231082517402838,2020-04-03,2024-10-16,0.00442159981266309
2024-10-28,600865,val,0.24429548387640054,-0.011944821646963111,2020-04-03,2024-10-16,-0.002755033522141288
2024-10-28,600967,val,0.017368543480044234,0.009453792430936631,2020-04-03,2024-10-16,0.00442159981266309
2024-10-28,601222,val,0.04288152335046257,0.004753577783414334,2020-04-03,2024-10-16,0.00442159981266309
2024-10-28,603237,val,-0.013367451577098961,0.0028222811820250975,2020-04-03,2024-10-16,0.00442159981266309
2024-10-28,603335,val,-0.01654342468978099,0.003471243680234464,2020-04-03,2024-10-16,-0.00135215753068163
2024-10-28,603341,val,0.01257538838994731,0.004471237483812842,2020-04-03,2024-10-16,-0.00135215753068163
2024-10-28,603658,val,0.010236984443569568,-0.000650385333178636,2020-04-03,2024-10-16,0.00442159981266309
2024-10-28,605090,val,0.023435548661662746,0.006074103017686855,2020-04-03,2024-10-16,0.00442159981266309
2024-10-28,605589,val,-0.02290809176873377,0.00481605881666251,2020-04-03,2024-10-16,-0.00135215753068163
2024-10-28,688031,val,-0.07435623393650526,-0.0033533962379571004,2020-04-03,2024-10-16,-0.00135215753068163
2024-10-28,688045,val,-0.08848205829925293,-0.013838950944408134,2020-04-03,2024-10-16,-0.01575661575343259
2024-10-28,688133,val,0.005483662299186724,-0.011847575595423413,2020-04-03,2024-10-16,-0.002755033522141288
2024-10-28,688147,val,-0.009630029949295522,-0.0021815255894883363,2020-04-03,2024-10-16,-0.00135215753068163
2024-10-28,688528,val,-0.14589837626050972,-0.008325144100282731,2020-04-03,2024-10-16,0.0036999589405195964
2024-10-29,600025,val,-0.03659372492339451,0.0002623483203065577,2020-04-03,2024-10-16,0.00442159981266309
2024-10-29,600051,val,-0.027029595281192958,0.007204695848630689,2020-04-03,2024-10-16,0.00442159981266309
2024-10-29,600127,val,-0.014814696766859408,0.00530969212079706,2020-04-03,2024-10-16,0.00442159981266309
2024-10-29,600153,val,0.03448042102442096,9.251480750150623e-06,2020-04-03,2024-10-16,-0.00135215753068163
2024-10-29,600548,val,-0.0028471343792315466,0.0009562662328279766,2020-04-03,2024-10-16,0.00442159981266309
2024-10-29,600865,val,0.04908336635996259,-0.00844338679352474,2020-04-03,2024-10-16,-0.02405175940803636
2024-10-29,600967,val,0.0326600474040757,0.00611336658112979,2020-04-03,2024-10-16,0.00442159981266309
2024-10-29,601222,val,0.042561821532445934,0.003726936984913853,2020-04-03,2024-10-16,0.00442159981266309
2024-10-29,603237,val,-0.02034235248283887,0.002806638176265169,2020-04-03,2024-10-16,0.00442159981266309
2024-10-29,603335,val,-0.012128765489652676,0.0036585872315475494,2020-04-03,2024-10-16,0.00442159981266309
2024-10-29,603341,val,-0.05106806966410947,-0.00011774957817559158,2020-04-03,2024-10-16,-0.002755033522141288
2024-10-29,603658,val,0.00552195810369362,-0.0011404648582838065,2020-04-03,2024-10-16,0.00442159981266309
2024-10-29,605090,val,0.03070411801753627,0.0015255241774622473,2020-04-03,2024-10-16,0.00442159981266309
2024-10-29,605589,val,-0.013361796632496353,0.0017766201507602142,2020-04-03,2024-10-16,-0.00135215753068163
2024-10-29,688031,val,0.013499079852001845,-0.004513868186317495,2020-04-03,2024-10-16,-0.00135215753068163
2024-10-29,688045,val,-0.0018522956599011757,-0.005862489759761928,2020-04-03,2024-10-16,0.0036999589405195964
2024-10-29,688133,val,0.028178620480643363,-0.004529200564591116,2020-04-03,2024-10-16,0.0036999589405195964
2024-10-29,688147,val,0.037400392432713994,-0.0038950119754884594,2020-04-03,2024-10-16,-0.00135215753068163
2024-10-29,688528,val,-0.09405139392781735,-0.006340512576049349,2020-04-03,2024-10-16,-0.00135215753068163
2024-10-30,600025,val,-0.036165299012804075,0.002391272699010588,2020-04-03,2024-10-16,0.00442159981266309
2024-10-30,600051,val,-0.02111975943188449,0.002338092118862943,2020-04-03,2024-10-16,0.00442159981266309
2024-10-30,600127,val,0.05336035033204689,0.007209878389479607,2020-04-03,2024-10-16,0.00442159981266309
2024-10-30,600153,val,0.050692959230708046,-0.0010878352956143953,2020-04-03,2024-10-16,-0.00135215753068163
2024-10-30,600548,val,0.0134921500548294,0.002242954027220179,2020-04-03,2024-10-16,0.00442159981266309
2024-10-30,600865,val,-0.07807340784021166,-0.016163097329330946,2020-04-03,2024-10-16,-0.002755033522141288
2024-10-30,600967,val,0.01689633034230742,0.004268411461350663,2020-04-03,2024-10-16,0.00442159981266309
2024-10-30,601222,val,0.04829352694893341,0.0002338204998482882,2020-04-03,2024-10-16,0.00442159981266309
2024-10-30,603237,val,0.012819576480901707,0.004848630510298538,2020-04-03,2024-10-16,0.00442159981266309
2024-10-30,603335,val,-0.010384739867167592,0.0031857517403831876,2020-04-03,2024-10-16,0.00442159981266309
2024-10-30,603341,val,-0.03602823812397349,0.011609542589841142,2020-04-03,2024-10-16,0.0036999589405195964
2024-10-30,603658,val,-0.0004215329403395307,0.0005991936559844562,2020-04-03,2024-10-16,0.00442159981266309
2024-10-30,605090,val,0.02813536491937041,-0.0007106098462464642,2020-04-03,2024-10-16,0.00442159981266309
2024-10-30,605589,val,-0.03323138058737829,0.0009649457596572107,2020-04-03,2024-10-16,-0.00135215753068163
2024-10-30,688031,val,0.016436729522724014,-0.008226634816379613,2020-04-03,2024-10-16,-0.00135215753068163
2024-10-30,688045,val,-0.04829348245337739,-0.004704864844925151,2020-04-03,2024-10-16,0.0036999589405195964
2024-10-30,688133,val,0.09853229937774033,0.002513404499943702,2020-04-03,2024-10-16,0.0036999589405195964
2024-10-30,688147,val,0.03254106169975579,-0.0020588583767723666,2020-04-03,2024-10-16,-0.00135215753068163
2024-10-30,688528,val,-0.1074825086521809,-0.010946754429412836,2020-04-03,2024-10-16,-0.00135215753068163
2024-10-31,600025,val,-0.028458568244847292,-0.0014141628126869805,2020-04-03,2024-10-16,0.00442159981266309
2024-10-31,600051,val,0.0006162148933827952,0.0031826005028521547,2020-04-03,2024-10-16,0.00442159981266309
2024-10-31,600127,val,0.030857252368454248,0.004819434163244763,2020-04-03,2024-10-16,0.00442159981266309
2024-10-31,600153,val,0.05677103251465885,-0.0031956592540892223,2020-04-03,2024-10-16,-0.00135215753068163
2024-10-31,600548,val,0.030062351969474023,0.0014905121580562127,2020-04-03,2024-10-16,0.00442159981266309
2024-10-31,600865,val,-0.14305260064230754,-0.01178496303934908,2020-04-03,2024-10-16,-0.04165678972761737
2024-10-31,600967,val,-0.0032984684898476266,0.005604265329607619,2020-04-03,2024-10-16,0.00442159981266309
2024-10-31,601222,val,0.01904648161645526,0.006345923738400908,2020-04-03,2024-10-16,0.00442159981266309
2024-10-31,603237,val,0.03806806278635764,0.0036517088442597607,2020-04-03,2024-10-16,0.00442159981266309
2024-10-31,603335,val,-0.021800396056769665,0.0058235442028590325,2020-04-03,2024-10-16,0.00442159981266309
2024-10-31,603341,val,-0.049852531170537805,0.006536414946854453,2020-04-03,2024-10-16,-0.00135215753068163
2024-10-31,603658,val,0.002882996623421598,0.001207357619052035,2020-04-03,2024-10-16,0.00442159981266309
2024-10-31,605090,val,0.09164530765991327,-0.001484082910209691,2020-04-03,2024-10-16,0.00442159981266309
2024-10-31,605589,val,0.013139966321451292,-0.00013697452730635347,2020-04-03,2024-10-16,-0.00135215753068163
2024-10-31,688031,val,0.006978957094182482,-0.009866158035035906,2020-04-03,2024-10-16,-0.00135215753068163
2024-10-31,688045,val,-0.05542180739276228,-0.007483850292317251,2020-04-03,2024-10-16,0.0036999589405195964
2024-10-31,688133,val,0.10596209247629693,0.001785584664443632,2020-04-03,2024-10-16,0.0036999589405195964
2024-10-31,688147,val,-0.013849296805479104,-0.0018079179291653744,2020-04-03,2024-10-16,-0.00135215753068163
2024-10-31,688528,val,-0.08029704752149705,-0.00476633435627196,2020-04-03,2024-10-16,-0.00135215753068163
2024-11-01,600025,val,-0.07073310922759815,-0.0013244958170238964,2020-04-03,2024-10-16,0.00442159981266309
2024-11-01,600051,val,-0.026560452145595687,0.005580904458012976,2020-04-03,2024-10-16,0.00442159981266309
2024-11-01,600127,val,-0.023714431066678504,0.010029608651422061,2020-04-03,2024-10-16,0.00442159981266309
2024-11-01,600153,val,-0.042009781661277584,0.005417142024600882,2020-04-03,2024-10-16,-0.00135215753068163
2024-11-01,600548,val,0.006860570861887488,0.005494344603856843,2020-04-03,2024-10-16,0.00442159981266309
2024-11-01,600865,val,-0.1030574877032279,-0.03525598316250793,2020-04-03,2024-10-16,-0.04165678972761737
2024-11-01,600967,val,-0.0196465304603283,0.005301182788049477,2020-04-03,2024-10-16,-0.000122488233066785
2024-11-01,601222,val,-0.011754014982715694,0.0044786924302642585,2020-04-03,2024-10-16,0.00442159981266309
2024-11-01,603237,val,-0.01945220811117024,0.007558360557824558,2020-04-03,2024-10-16,0.00442159981266309
2024-11-01,603335,val,0.02715066270222652,0.006194494448499163,2020-04-03,2024-10-16,0.00442159981266309
2024-11-01,603341,val,0.04244182447039643,0.0034044793120712982,2020-04-03,2024-10-16,-0.00135215753068163
2024-11-01,603658,val,-0.051332421708710246,0.002607666481558334,2020-04-03,2024-10-16,0.00442159981266309
2024-11-01,605090,val,0.05296072842168095,0.008255777138383292,2020-04-03,2024-10-16,0.00442159981266309
2024-11-01,605589,val,0.030850696423790097,0.0024550714487486924,2020-04-03,2024-10-16,-0.00135215753068163
2024-11-01,688031,val,0.0820792151119186,-0.005536282144654668,2020-04-03,2024-10-16,-0.00135215753068163
2024-11-01,688045,val,0.030222176788334693,-0.010780640146110116,2020-04-03,2024-10-16,0.0036999589405195964
2024-11-01,688133,val,0.060400541670343116,-0.0035995460392447146,2020-04-03,2024-10-16,0.0036999589405195964
2024-11-01,688147,val,0.028492925864222668,-0.008353011793719695,2020-04-03,2024-10-16,-0.00135215753068163
2024-11-01,688528,val,0.006801094752501763,-0.0034205222268321217,2020-04-03,2024-10-16,-0.00135215753068163
2024-11-04,600025,val,-0.10055945289457811,0.0006515838078249773,2020-04-03,2024-10-16,0.00442159981266309
2024-11-04,600051,val,-0.04325073935434896,0.0020126289808894996,2020-04-03,2024-10-16,-0.000122488233066785
2024-11-04,600127,val,-0.0374126773726816,0.00446694063739011,2020-04-03,2024-10-16,0.00442159981266309
2024-11-04,600153,val,-0.0823417983161737,0.00481709672473948,2020-04-03,2024-10-16,-0.00135215753068163
2024-11-04,600548,val,-0.02088090658325946,0.004723683711466639,2020-04-03,2024-10-16,0.00442159981266309
2024-11-04,600865,val,-0.17118314735004825,-0.02548968233522558,2020-04-03,2024-10-16,-0.04165678972761737
2024-11-04,600967,val,-0.042259835701537005,0.004771419295878665,2020-04-03,2024-10-16,-0.000122488233066785
2024-11-04,601222,val,-0.060784107620132186,0.009817790659691615,2020-04-03,2024-10-16,0.00442159981266309
2024-11-04,603237,val,-0.04682453878404967,0.001466000227835984,2020-04-03,2024-10-16,0.00442159981266309
2024-11-04,603335,val,0.013955968201438643,0.005381728398991904,2020-04-03,2024-10-16,-0.00135215753068163
2024-11-04,603341,val,0.06302664623474542,0.004083133822730906,2020-04-03,2024-10-16,-0.00135215753068163
2024-11-04,603658,val,-0.07246639403766518,0.0013439870968035687,2020-04-03,2024-10-16,0.00442159981266309
2024-11-04,605090,val,0.009462617673698395,0.006143927938015324,2020-04-03,2024-10-16,0.00442159981266309
2024-11-04,605589,val,0.07777245204223239,-0.0002365377023416043,2020-04-03,2024-10-16,-0.00135215753068163
2024-11-04,688031,val,0.12950117752782508,-0.007464264264073891,2020-04-03,2024-10-16,-0.00135215753068163
2024-11-04,688045,val,0.03568747482841762,-0.005996152789812174,2020-04-03,2024-10-16,-0.00135215753068163
2024-11-04,688133,val,0.08211963908526844,-0.0007725247593336304,2020-04-03,2024-10-16,0.0036999589405195964
2024-11-04,688147,val,0.19030052871806447,-0.005314472543022572,2020-04-03,2024-10-16,-0.00135215753068163
2024-11-04,688528,val,0.07613709370278356,-0.005899043895250478,2020-04-03,2024-10-16,-0.00135215753068163
2024-11-05,600025,val,-0.0732336236820571,0.0014331975934717917,2020-04-03,2024-10-16,0.00442159981266309
2024-11-05,600051,val,-0.02176453789159838,0.0038908294525761772,2020-04-03,2024-10-16,-0.000122488233066785
2024-11-05,600127,val,-0.03136035190751596,0.004940290144611803,2020-04-03,2024-10-16,-0.000122488233066785
2024-11-05,600153,val,-0.04940793318969994,-0.0033477647875705626,2020-04-03,2024-10-16,-0.00135215753068163
2024-11-05,600548,val,-0.011722527436043184,0.0031091897076916813,2020-04-03,2024-10-16,0.00442159981266309
2024-11-05,600865,val,-0.07542127712599189,-0.01949111185956543,2020-04-03,2024-10-16,-0.02405175940803636
2024-11-05,600967,val,-0.05564485299626698,0.0011253553008953806,2020-04-03,2024-10-16,-0.000122488233066785
2024-11-05,601222,val,-0.042733127884503896,0.005356622685812308,2020-04-03,2024-10-16,-0.000122488233066785
2024-11-05,603237,val,-0.006372965912308515,0.006309846449349,2020-04-03,2024-10-16,0.00442159981266309
2024-11-05,603335,val,0.05579603391902899,0.007224621085980938,2020-04-03,2024-10-16,-0.00135215753068163
2024-11-05,603341,val,-0.0018730426802205935,0.0022410300763932647,2020-04-03,2024-10-16,-0.00135215753068163
2024-11-05,603658,val,-0.03013637175666284,0.0019286939364397432,2020-04-03,2024-10-16,0.00442159981266309
2024-11-05,605090,val,0.000651019753101445,0.0016468978985005858,2020-04-03,2024-10-16,0.00442159981266309
2024-11-05,605589,val,0.09457154412311064,0.004043030281132511,2020-04-03,2024-10-16,-0.00135215753068163
2024-11-05,688031,val,0.01907322628496011,-0.009920403007037608,2020-04-03,2024-10-16,-0.00135215753068163
2024-11-05,688045,val,-0.034649235097668485,-0.003079691485225259,2020-04-03,2024-10-16,-0.00135215753068163
2024-11-05,688133,val,0.08260227121177854,-0.0057425008934972625,2020-04-03,2024-10-16,-0.002755033522141288
2024-11-05,688147,val,0.16366815681021285,-0.003219951489094195,2020-04-03,2024-10-16,-0.00135215753068163
2024-11-05,688528,val,0.017957595458345188,5.90619223339574e-05,2020-04-03,2024-10-16,-0.00135215753068163
2024-11-06,600025,val,-0.03641149483801702,0.0015624897769853801,2020-04-03,2024-10-16,0.00442159981266309
2024-11-06,600051,val,-0.02305614827709239,0.006116910604262772,2020-04-03,2024-10-16,-0.000122488233066785
2024-11-06,600127,val,-0.09331159999048814,-0.0048426381926176066,2020-04-03,2024-10-16,-0.02405175940803636
2024-11-06,600153,val,-0.07443912663510403,-0.0026122367636098424,2020-04-03,2024-10-16,-0.00135215753068163
2024-11-06,600548,val,-0.020050877868006453,0.006882598718102917,2020-04-03,2024-10-16,0.00442159981266309
2024-11-06,600865,val,-0.06135275225386265,7.63011284058677e-05,2020-04-03,2024-10-16,0.0036999589405195964
2024-11-06,600967,val,-0.05780265570296088,0.0037546471299781123,2020-04-03,2024-10-16,-0.000122488233066785
2024-11-06,601222,val,-0.053388058380173506,0.004142615824919844,2020-04-03,2024-10-16,-0.000122488233066785
2024-11-06,603237,val,-0.030546540916306195,0.007195275424505841,2020-04-03,2024-10-16,0.00442159981266309
2024-11-06,603335,val,0.037041976257825085,0.008341976872303229,2020-04-03,2024-10-16,-0.00135215753068163
2024-11-06,603341,val,0.027921756273365975,-0.0023312524849862524,2020-04-03,2024-10-16,-0.00135215753068163
2024-11-06,603658,val,-0.023482916237558535,0.005726114271974604,2020-04-03,2024-10-16,0.00442159981266309
2024-11-06,605090,val,0.004157564561781027,0.003534072740165562,2020-04-03,2024-10-16,0.00442159981266309
2024-11-06,605589,val,0.146398854040858,0.0035951811021693596,2020-04-03,2024-10-16,-0.00135215753068163
2024-11-06,688031,val,0.05343018404707074,-0.009838674450262836,2020-04-03,2024-10-16,-0.00135215753068163
2024-11-06,688045,val,0.014453277702100434,-0.008844506191918842,2020-04-03,2024-10-16,-0.00135215753068163
2024-11-06,688133,val,0.03588500838259097,-0.014282527848120456,2020-04-03,2024-10-16,-0.002755033522141288
2024-11-06,688147,val,0.13097218346360945,-0.005714512592371979,2020-04-03,2024-10-16,-0.00135215753068163
2024-11-06,688528,val,0.023581366370368076,-0.0039545920566869865,2020-04-03,2024-10-16,-0.00135215753068163
2024-11-07,600025,val,0.008644316301758395,-0.0022849651383095157,2020-04-03,2024-10-16,0.00442159981266309
2024-11-07,600051,val,-0.017576096385558168,0.004641048630548939,2020-04-03,2024-10-16,-0.00135215753068163
2024-11-07,600127,val,-0.040613177691230004,0.0006548611273304751,2020-04-03,2024-10-16,0.00442159981266309
2024-11-07,600153,val,-0.05457873754951452,-0.0016009870041375112,2020-04-03,2024-10-16,-0.00135215753068163
2024-11-07,600548,val,0.029158834887386534,0.005073328852006621,2020-04-03,2024-10-16,0.00442159981266309
2024-11-07,600865,val,-0.08651267330116834,-0.0028303459631947186,2020-04-03,2024-10-16,0.0036999589405195964
2024-11-07,600967,val,-0.02541188967061063,0.0028559664977700332,2020-04-03,2024-10-16,0.00442159981266309
2024-11-07,601222,val,-0.025946074929521765,0.008695582377876761,2020-04-03,2024-10-16,0.00442159981266309
2024-11-07,603237,val,-0.026082646055337208,0.0029134984421473912,2020-04-03,2024-10-16,0.00442159981266309
2024-11-07,603335,val,0.014399770884426746,0.006457985176444011,2020-04-03,2024-10-16,-0.00135215753068163
2024-11-07,603341,val,0.05810540847927066,0.004186657372253719,2020-04-03,2024-10-16,-0.00135215753068163
2024-11-07,603658,val,-0.012856558516956593,0.002735111269391321,2020-04-03,2024-10-16,0.00442159981266309
2024-11-07,605090,val,-0.03856253031236738,-0.005397868912076085,2020-04-03,2024-10-16,-0.01575661575343259
2024-11-07,605589,val,0.05815480714550643,0.0024103556020087596,2020-04-03,2024-10-16,-0.00135215753068163
2024-11-07,688031,val,0.0705506575339074,-0.005386451945760155,2020-04-03,2024-10-16,-0.00135215753068163
2024-11-07,688045,val,0.0031211156591232784,-0.007924149559112994,2020-04-03,2024-10-16,-0.00135215753068163
2024-11-07,688133,val,-0.0414648800085851,-0.0071712638992282645,2020-04-03,2024-10-16,-0.002755033522141288
2024-11-07,688147,val,0.10462412713976428,-0.00499109685231439,2020-04-03,2024-10-16,-0.00135215753068163
2024-11-07,688528,val,0.022846226389705973,-0.004530023060445553,2020-04-03,2024-10-16,-0.00135215753068163
2024-11-08,600025,val,0.005088031328271115,0.0024996047475050152,2020-04-03,2024-10-16,0.00442159981266309
2024-11-08,600051,val,0.0034608258580501212,0.006447209126295682,2020-04-03,2024-10-16,-0.00135215753068163
2024-11-08,600127,val,-0.013561202649430126,0.005493633007445991,2020-04-03,2024-10-16,0.00442159981266309
2024-11-08,600153,val,-0.015503704591931688,-0.0008906186416472756,2020-04-03,2024-10-16,-0.00135215753068163
2024-11-08,600548,val,0.047304388023290775,0.0031167803830133827,2020-04-03,2024-10-16,0.00442159981266309
2024-11-08,600865,val,-0.06951590784271384,0.0012203990701631987,2020-04-03,2024-10-16,0.0036999589405195964
2024-11-08,600967,val,-0.023981492368265477,0.008046273538646466,2020-04-03,2024-10-16,0.00442159981266309
2024-11-08,601222,val,-0.014803935819874003,0.010919091908796703,2020-04-03,2024-10-16,0.00442159981266309
2024-11-08,603237,val,0.0015518164499215732,0.006458631921364071,2020-04-03,2024-10-16,0.00442159981266309
2024-11-08,603335,val,-0.015406765915338804,-0.008538090252139975,2020-04-03,2024-10-16,-0.00135215753068163
2024-11-08,603341,val,0.08928665371955306,0.007117265424847122,2020-04-03,2024-10-16,-0.00135215753068163
2024-11-08,603658,val,0.014439619141732463,0.006533546444313951,2020-04-03,2024-10-16,0.00442159981266309
2024-11-08,605090,val,-0.043164106904158464,-0.005535527285572893,2020-04-03,2024-10-16,-0.002755033522141288
2024-11-08,605589,val,0.04057431700333096,0.00019668904069170687,2020-04-03,2024-10-16,-0.00135215753068163
2024-11-08,688031,val,0.060527471000004926,-0.007516804608451176,2020-04-03,2024-10-16,-0.00135215753068163
2024-11-08,688045,val,-0.053633695601504286,-0.010369644623400802,2020-04-03,2024-10-16,-0.00135215753068163
2024-11-08,688133,val,-0.06851051690106975,-0.009057731970523964,2020-04-03,2024-10-16,-0.002755033522141288
2024-11-08,688147,val,0.09940540925282375,-0.008790509906087658,2020-04-03,2024-10-16,-0.00135215753068163
2024-11-08,688528,val,-0.043557203182692364,-0.00884295431206077,2020-04-03,2024-10-16,-0.00135215753068163
2024-11-11,600025,val,0.059447408188870426,-0.005782655513853307,2020-04-03,2024-10-16,0.00442159981266309
2024-11-11,600051,val,0.060160931116952227,0.0037471526551610783,2020-04-03,2024-10-16,-0.00135215753068163
2024-11-11,600127,val,0.00732245984887861,0.008776621333889956,2020-04-03,2024-10-16,0.00442159981266309
2024-11-11,600153,val,0.11756790048027524,0.00017538902050204315,2020-04-03,2024-10-16,0.00442159981266309
2024-11-11,600548,val,0.09235543121116321,0.00520804640564032,2020-04-03,2024-10-16,0.00442159981266309
2024-11-11,600865,val,-0.007855696018112174,0.002052711123828091,2020-04-03,2024-10-16,0.0036999589405195964
2024-11-11,600967,val,0.009029655465125602,0.008542184538784192,2020-04-03,2024-10-16,0.00442159981266309
2024-11-11,601222,val,0.03850706348192215,0.012414702506453431,2020-04-03,2024-10-16,0.00442159981266309
2024-11-11,603237,val,0.032109457571230654,0.004976638307735655,2020-04-03,2024-10-16,0.00442159981266309
2024-11-11,603335,val,-0.03436591153154109,0.003032435494374401,2020-04-03,2024-10-16,-0.00135215753068163
2024-11-11,603341,val,0.002316867677234963,0.006314568430507861,2020-04-03,2024-10-16,0.0036999589405195964
2024-11-11,603658,val,0.05517147889404131,0.005026510465539532,2020-04-03,2024-10-16,0.00442159981266309
2024-11-11,605090,val,-0.02228907061298044,0.0027820297926477214,2020-04-03,2024-10-16,0.00442159981266309
2024-11-11,605589,val,0.02311946744916485,-0.0011549298954698372,2020-04-03,2024-10-16,0.0036999589405195964
2024-11-11,688031,val,-0.06697469911558993,-0.009683634252264052,2020-04-03,2024-10-16,0.0036999589405195964
2024-11-11,688045,val,-0.066017811640626,-0.007072538064981048,2020-04-03,2024-10-16,-0.00135215753068163
2024-11-11,688133,val,-0.09915060118387228,-0.0006298866141599666,2020-04-03,2024-10-16,0.0036999589405195964
2024-11-11,688147,val,-0.10021360126751908,-0.025978938428580567,2020-04-03,2024-10-16,-0.01575661575343259
2024-11-11,688528,val,-0.10024073001461828,-0.014239164292556783,2020-04-03,2024-10-16,-0.00135215753068163
2024-11-12,600025,val,0.037390093730263245,-0.004126650146508949,2020-04-03,2024-10-16,0.00442159981266309
2024-11-12,600051,val,0.059574006990708576,0.007479931922546361,2020-04-03,2024-10-16,-0.00135215753068163
2024-11-12,600127,val,-0.0021900913360833954,0.005367240046474396,2020-04-03,2024-10-16,0.00442159981266309
2024-11-12,600153,val,0.04312306610754179,0.0026234102581377903,2020-04-03,2024-10-16,0.00442159981266309
2024-11-12,600548,val,0.0979661084245752,0.003011991588450125,2020-04-03,2024-10-16,0.00442159981266309
2024-11-12,600865,val,-0.03912226772104011,-0.0005436954361120518,2020-04-03,2024-10-16,-0.00135215753068163
2024-11-12,600967,val,0.004367004203580042,0.003271471770767493,2020-04-03,2024-10-16,0.00442159981266309
2024-11-12,601222,val,0.028355633625642855,0.010265768174498209,2020-04-03,2024-10-16,0.00442159981266309
2024-11-12,603237,val,0.006362713432238924,0.008806084079537521,2020-04-03,2024-10-16,0.00442159981266309
2024-11-12,603335,val,-0.04422454235784657,0.0007698244112315516,2020-04-03,2024-10-16,0.0036999589405195964
2024-11-12,603341,val,0.05754202013089015,-0.001640232821858459,2020-04-03,2024-10-16,-0.00135215753068163
2024-11-12,603658,val,0.026014939821737408,0.0048255801135890656,2020-04-03,2024-10-16,0.00442159981266309
2024-11-12,605090,val,-0.013176323773326233,0.005196220268353606,2020-04-03,2024-10-16,0.00442159981266309
2024-11-12,605589,val,0.014424564234882802,0.00215094629295606,2020-04-03,2024-10-16,-0.002755033522141288
2024-11-12,688031,val,-0.04089868606167724,-0.0076749206875827815,2020-04-03,2024-10-16,-0.00135215753068163
2024-11-12,688045,val,-0.016707283122894497,-0.012250505412421968,2020-04-03,2024-10-16,-0.00135215753068163
2024-11-12,688133,val,-0.09411917578231821,-0.0032739096644743716,2020-04-03,2024-10-16,0.0036999589405195964
2024-11-12,688147,val,-0.0748332951363676,-0.014026804544659951,2020-04-03,2024-10-16,-0.002755033522141288
2024-11-12,688528,val,-0.04984848541050713,-0.011724507199724914,2020-04-03,2024-10-16,-0.00135215753068163
2024-11-13,600025,val,0.01041517740613716,-0.005174604851261035,2020-04-03,2024-10-16,0.00442159981266309
2024-11-13,600051,val,0.05696207501686444,0.0067978089869847845,2020-04-03,2024-10-16,-0.00135215753068163
2024-11-13,600127,val,0.008533622451956529,0.0010968940304032038,2020-04-03,2024-10-16,0.00442159981266309
2024-11-13,600153,val,0.0326167064026832,0.0012165872413206446,2020-04-03,2024-10-16,0.00442159981266309
2024-11-13,600548,val,0.09115675135555111,0.007043633279890259,2020-04-03,2024-10-16,0.00442159981266309
2024-11-13,600865,val,-0.027179206903575576,-0.004200299045356434,2020-04-03,2024-10-16,-0.00135215753068163
2024-11-13,600967,val,0.01072343078396774,0.004882683227114288,2020-04-03,2024-10-16,0.00442159981266309
2024-11-13,601222,val,0.0076896322547013,0.011193413632964217,2020-04-03,2024-10-16,0.00442159981266309
2024-11-13,603237,val,0.014380241622486172,0.007957267717492687,2020-04-03,2024-10-16,0.00442159981266309
2024-11-13,603335,val,-0.012958081041748244,0.004089122642915295,2020-04-03,2024-10-16,-0.00135215753068163
2024-11-13,603341,val,0.04471073599837093,0.005121010560783366,2020-04-03,2024-10-16,-0.00135215753068163
2024-11-13,603658,val,0.041591233488104104,0.004627432583134565,2020-04-03,2024-10-16,0.00442159981266309
2024-11-13,605090,val,7.882989459105302e-05,0.006118698358266292,2020-04-03,2024-10-16,0.00442159981266309
2024-11-13,605589,val,-0.023049668558708842,-0.0027976044422396333,2020-04-03,2024-10-16,-0.002755033522141288
2024-11-13,688031,val,-0.04840714356452126,-0.006432230146008997,2020-04-03,2024-10-16,0.0036999589405195964
2024-11-13,688045,val,-0.03763495440688115,-0.012596930851902438,2020-04-03,2024-10-16,-0.00135215753068163
2024-11-13,688133,val,-0.07349012927144673,-0.0057758020907483516,2020-04-03,2024-10-16,0.0036999589405195964
2024-11-13,688147,val,-0.05230813978700867,-0.0143543428184326,2020-04-03,2024-10-16,-0.002755033522141288
2024-11-13,688528,val,-0.04383111314152323,-0.010305495002121284,2020-04-03,2024-10-16,-0.00135215753068163
2024-11-14,600025,val,-0.028987721279516595,-0.001619156141370991,2020-04-03,2024-11-13,0.0045267498860738385
2024-11-14,600051,val,0.029376201955928997,0.006299904273138385,2020-04-03,2024-11-13,-0.001376439212812645
2024-11-14,600127,val,-0.026761471868861516,0.0052755461999227935,2020-04-03,2024-11-13,0.0045267498860738385
2024-11-14,600153,val,0.0112981314336616,0.00347879516908044,2020-04-03,2024-11-13,0.0045267498860738385
2024-11-14,600548,val,0.05374479681901617,0.009449281917454299,2020-04-03,2024-11-13,0.0045267498860738385
2024-11-14,600865,val,-0.027454788237304125,-0.008953425815140073,2020-04-03,2024-11-13,-0.001376439212812645
2024-11-14,600967,val,-0.012905726910576284,0.0039732818055814405,2020-04-03,2024-11-13,0.0045267498860738385
2024-11-14,601222,val,-0.012646502541181655,0.009835590934408554,2020-04-03,2024-11-13,0.0045267498860738385
2024-11-14,603237,val,0.016549291518621893,0.008352001197878009,2020-04-03,2024-11-13,0.0045267498860738385
2024-11-14,603335,val,0.005954723597266846,0.0024977337267769657,2020-04-03,2024-11-13,-0.001376439212812645
2024-11-14,603341,val,0.05775684712379531,0.0026582618140526277,2020-04-03,2024-11-13,-0.001376439212812645
2024-11-14,603658,val,0.0021017519113344964,0.005359321069224074,2020-04-03,2024-11-13,0.0045267498860738385
2024-11-14,605090,val,-0.024305634698286,0.005338403546576725,2020-04-03,2024-11-13,-0.001376439212812645
2024-11-14,605589,val,0.0036594599333941748,-0.004881437112770121,2020-04-03,2024-11-13,-0.001376439212812645
2024-11-14,688031,val,0.09992955970963996,-0.011214418670109224,2020-04-03,2024-11-13,-0.002327077700516891
2024-11-14,688045,val,-0.059201026768776754,-0.015614723566786075,2020-04-03,2024-11-13,0.003738847957927414
2024-11-14,688133,val,-0.023517079633027568,-0.005892061611704376,2020-04-03,2024-11-13,-0.001376439212812645
2024-11-14,688147,val,-0.01708776724747046,-0.00901033587608211,2020-04-03,2024-11-13,-0.002327077700516891
2024-11-14,688528,val,-0.04750304481765849,-0.006782167904728966,2020-04-03,2024-11-13,0.003738847957927414
2024-11-15,600025,val,-0.01892419901332136,-0.00264812861607409,2020-04-03,2024-11-13,0.0045267498860738385
2024-11-15,600051,val,0.039348367829817724,0.004548363212779133,2020-04-03,2024-11-13,-0.001376439212812645
2024-11-15,600127,val,0.010224737156891386,0.0056881163421085915,2020-04-03,2024-11-13,0.0045267498860738385
2024-11-15,600153,val,-0.003284034772933305,0.00446990072326701,2020-04-03,2024-11-13,0.0045267498860738385
2024-11-15,600548,val,0.022137846912988993,0.0031736740938478583,2020-04-03,2024-11-13,-0.002327077700516891
2024-11-15,600865,val,0.03385702415240706,-0.006218248290851275,2020-04-03,2024-11-13,-0.001376439212812645
2024-11-15,600967,val,-0.015193482038791603,0.002116543719877248,2020-04-03,2024-11-13,0.0045267498860738385
2024-11-15,601222,val,-0.025438222637805083,0.010005623670181709,2020-04-03,2024-11-13,0.0045267498860738385
2024-11-15,603237,val,-0.003856895496169895,0.008459727758648977,2020-04-03,2024-11-13,0.0045267498860738385
2024-11-15,603335,val,0.004224737156891382,0.00470665034867082,2020-04-03,2024-11-13,-0.001376439212812645
2024-11-15,603341,val,0.0029552559554631578,-0.011431496259727683,2020-04-03,2024-11-13,-0.016021540431941046
2024-11-15,603658,val,-0.03396329703114291,0.005229196630005858,2020-04-03,2024-11-13,0.0045267498860738385
2024-11-15,605090,val,-0.02711678315149106,0.004595204331561836,2020-04-03,2024-11-13,0.0045267498860738385
2024-11-15,605589,val,0.009924913523734327,-0.0020065142813330762,2020-04-03,2024-11-13,-0.001376439212812645
2024-11-15,688031,val,0.18307110850467664,-0.011089430063091881,2020-04-03,2024-11-13,-0.002327077700516891
2024-11-15,688045,val,-0.029320717388563164,-0.009640120662218754,2020-04-03,2024-11-13,0.003738847957927414
2024-11-15,688133,val,-0.043811175626349216,-0.0004418249735849685,2020-04-03,2024-11-13,-0.001376439212812645
2024-11-15,688147,val,-0.05854829328621773,-0.005487563594933484,2020-04-03,2024-11-13,0.003738847957927414
2024-11-15,688528,val,-0.04628689075008534,-0.005479279133731374,2020-04-03,2024-11-13,0.003738847957927414
2024-11-18,600025,val,-0.05388468155397142,0.0031051490792561305,2020-04-03,2024-11-13,0.0045267498860738385
2024-11-18,600051,val,0.007982420765623716,0.0033606253346939183,2020-04-03,2024-11-13,-0.001376439212812645
2024-11-18,600127,val,0.01851940151537034,0.00519781925193883,2020-04-03,2024-11-13,0.0045267498860738385
2024-11-18,600153,val,-0.1056258976299288,-0.008568917104878759,2020-04-03,2024-11-13,-0.023877681998929833
2024-11-18,600548,val,-0.004606062478690226,0.003971848675689277,2020-04-03,2024-11-13,-0.002327077700516891
2024-11-18,600865,val,0.011263165687706128,-0.014294480976371806,2020-04-03,2024-11-13,-0.001376439212812645
2024-11-18,600967,val,-0.03788198256767462,0.0016548356828833195,2020-04-03,2024-11-13,0.0045267498860738385
2024-11-18,601222,val,-0.03321710282589042,0.01004624689098692,2020-04-03,2024-11-13,-0.00025374398285739336
2024-11-18,603237,val,0.0017345315390112585,0.008197398102258465,2020-04-03,2024-11-13,0.0045267498860738385
2024-11-18,603335,val,0.05780017606585474,0.003203814946557057,2020-04-03,2024-11-13,-0.001376439212812645
2024-11-18,603341,val,0.01945398095462269,0.00018633298472715246,2020-04-03,2024-11-13,-0.001376439212812645
2024-11-18,603658,val,-0.04434413316024478,0.0025299872357430397,2020-04-03,2024-11-13,-0.00025374398285739336
2024-11-18,605090,val,-0.020485155123514905,0.004586660333295996,2020-04-03,2024-11-13,0.0045267498860738385
2024-11-18,605589,val,-0.03129983203488241,0.00285468561851151,2020-04-03,2024-11-13,-0.001376439212812645
2024-11-18,688031,val,0.229323639833939,-0.0001281112471409037,2020-04-03,2024-11-13,0.003738847957927414
2024-11-18,688045,val,-0.02775240220324183,-0.014293204183343266,2020-04-03,2024-11-13,0.003738847957927414
2024-11-18,688133,val,-0.021843808795115834,-0.0015865120257461923,2020-04-03,2024-11-13,-0.001376439212812645
2024-11-18,688147,val,0.03154790283662378,-0.005413598991084142,2020-04-03,2024-11-13,0.003738847957927414
2024-11-18,688528,val,0.0033158391744035846,-0.006060184652574189,2020-04-03,2024-11-13,0.003738847957927414
2024-11-19,600025,val,-0.027491112611941353,0.005250015716628933,2020-04-03,2024-11-13,0.0045267498860738385
2024-11-19,600051,val,0.035609461919279065,-0.004975554834972555,2020-04-03,2024-11-13,-0.002327077700516891
2024-11-19,600127,val,0.026279811417735627,0.008775024987283428,2020-04-03,2024-11-13,0.0045267498860738385
2024-11-19,600153,val,-0.0293780169502794,-0.004454070081649966,2020-04-03,2024-11-13,-0.001376439212812645
2024-11-19,600548,val,0.023856575132535713,0.00576823325405064,2020-04-03,2024-11-13,-0.002327077700516891
2024-11-19,600865,val,0.03419201808714668,-0.012642049148125407,2020-04-03,2024-11-13,-0.001376439212812645
2024-11-19,600967,val,-0.02127999061943407,0.003641518240125621,2020-04-03,2024-11-13,0.0045267498860738385
2024-11-19,601222,val,-0.03539101737891613,0.012137152928691384,2020-04-03,2024-11-13,-0.00025374398285739336
2024-11-19,603237,val,0.05562788239786533,0.009543209062285705,2020-04-03,2024-11-13,0.0045267498860738385
2024-11-19,603335,val,0.029942878672344592,0.0020440977403503283,2020-04-03,2024-11-13,-0.001376439212812645
2024-11-19,603341,val,-0.02921094475382689,-0.0034669201039156266,2020-04-03,2024-11-13,-0.002327077700516891
2024-11-19,603658,val,-0.01211874855624982,0.004305522874800528,2020-04-03,2024-11-13,0.0045267498860738385
2024-11-19,605090,val,-0.0034741123704074943,0.00815998085742236,2020-04-03,2024-11-13,0.0045267498860738385
2024-11-19,605589,val,-0.049406006228962504,0.002079471128848868,2020-04-03,2024-11-13,-0.001376439212812645
2024-11-19,688031,val,0.134109932094044,-0.0036947120756995137,2020-04-03,2024-11-13,0.003738847957927414
2024-11-19,688045,val,-0.04043881504744261,-0.01307790407781845,2020-04-03,2024-11-13,0.003738847957927414
2024-11-19,688133,val,-0.049941434193003106,-0.005166170291006941,2020-04-03,2024-11-13,-0.001376439212812645
2024-11-19,688147,val,-0.028242671456438422,-0.008430791742529694,2020-04-03,2024-11-13,0.003738847957927414
2024-11-19,688528,val,-0.013245689554049239,-0.00724565947936738,2020-04-03,2024-11-13,0.003738847957927414
2024-11-20,600025,val,-0.016688925642167635,-0.0008985353956226243,2020-04-03,2024-11-13,0.0045267498860738385
2024-11-20,600051,val,0.0198854415082703,-0.0013388880159354842,2020-04-03,2024-11-13,-0.002327077700516891
2024-11-20,600127,val,0.0008934919402496626,0.00577106228805226,2020-04-03,2024-11-13,0.0045267498860738385
2024-11-20,600153,val,-0.012574229531981413,-0.0023619159378919044,2020-04-03,2024-11-13,-0.001376439212812645
2024-11-20,600548,val,0.02302085141700692,0.00284002522099275,2020-04-03,2024-11-13,-0.002327077700516891
2024-11-20,600865,val,0.027562800066511555,-0.01389774217597706,2020-04-03,2024-11-13,-0.001376439212812645
2024-11-20,600967,val,-0.028748651295229317,0.002228297230875015,2020-04-03,2024-11-13,0.0045267498860738385
2024-11-20,601222,val,-0.02811144517129473,0.007447862423954476,2020-04-03,2024-11-13,-0.00025374398285739336
2024-11-20,603237,val,0.07202288154097712,0.008939894450430532,2020-04-03,2024-11-13,0.0045267498860738385
2024-11-20,603335,val,-0.007027179404545909,0.0012485249134767038,2020-04-03,2024-11-13,-0.001376439212812645
2024-11-20,603341,val,-0.019404309489627142,0.003430290764338344,2020-04-03,2024-11-13,-0.002327077700516891
2024-11-20,603658,val,-0.006296226258642585,0.002679685258393029,2020-04-03,2024-11-13,-0.00025374398285739336
2024-11-20,605090,val,0.032451031605122735,0.005922410607037095,2020-04-03,2024-11-13,0.0045267498860738385
2024-11-20,605589,val,-0.02890893007774122,0.0033119197747935865,2020-04-03,2024-11-13,-0.001376439212812645
2024-11-20,688031,val,0.12693389441569744,0.001387918885806877,2020-04-03,2024-11-13,0.003738847957927414
2024-11-20,688045,val,-0.03671884718933073,-0.015096840052793551,2020-04-03,2024-11-13,0.003738847957927414
2024-11-20,688133,val,-0.07504115542296898,-0.008454520300726796,2020-04-03,2024-11-13,-0.001376439212812645
2024-11-20,688147,val,-0.0193991862205173,-0.001948505529191223,2020-04-03,2024-11-13,0.003738847957927414
2024-11-20,688528,val,-0.02385130678978877,-0.002660549454609658,2020-04-03,2024-11-13,0.003738847957927414
2024-11-21,600025,val,-0.023089257523510893,0.001756374042266861,2020-04-03,2024-11-13,0.0045267498860738385
2024-11-21,600051,val,0.0641654177825005,0.0054553068744922365,2020-04-03,2024-11-13,-0.00025374398285739336
2024-11-21,600127,val,0.02960632660406302,0.005859269017745373,2020-04-03,2024-11-13,0.0045267498860738385
2024-11-21,600153,val,-0.0008529770120070564,0.007303961576503263,2020-04-03,2024-11-13,-0.001376439212812645
2024-11-21,600548,val,0.03454185891351523,0.005701875100325669,2020-04-03,2024-11-13,-0.00025374398285739336
2024-11-21,600865,val,0.08569276421422432,-0.013780825371080448,2020-04-03,2024-11-13,-0.001376439212812645
2024-11-21,600967,val,-0.022871856650616435,0.002681528367696172,2020-04-03,2024-11-13,0.0045267498860738385
2024-11-21,601222,val,-0.01823540949656401,0.007640571409072382,2020-04-03,2024-11-13,0.0045267498860738385
2024-11-21,603237,val,0.07813111560042284,0.007374964911816909,2020-04-03,2024-11-13,0.0045267498860738385
2024-11-21,603335,val,-0.020416154491379474,0.001704438682017744,2020-04-03,2024-11-13,-0.001376439212812645
2024-11-21,603341,val,-0.03385678186891784,4.76108051365223e-05,2020-04-03,2024-11-13,-0.001376439212812645
2024-11-21,603658,val,0.0014883968493868242,0.005322727305719304,2020-04-03,2024-11-13,0.0045267498860738385
2024-11-21,605090,val,0.043665472688963244,0.0049105636415719195,2020-04-03,2024-11-13,0.0045267498860738385
2024-11-21,605589,val,0.004921967122839193,0.004674723375093551,2020-04-03,2024-11-13,-0.001376439212812645
2024-11-21,688031,val,-0.07970996181707925,-0.02519586930158556,2020-04-03,2024-11-13,-0.04481403278069457
2024-11-21,688045,val,-0.03549261435985264,-0.008895367196803675,2020-04-03,2024-11-13,0.003738847957927414
2024-11-21,688133,val,-0.058953873891588585,-0.010428810364716367,2020-04-03,2024-11-13,-0.001376439212812645
2024-11-21,688147,val,-0.03776498601899149,-0.0025111206859218314,2020-04-03,2024-11-13,0.003738847957927414
2024-11-21,688528,val,-0.01096944664540746,-0.0010715272339476727,2020-04-03,2024-11-13,0.003738847957927414
2024-11-22,600025,val,-0.0422369741731972,-0.0007792223693363727,2020-04-03,2024-11-13,0.0045267498860738385
2024-11-22,600051,val,0.03252519816038875,0.010449765045869041,2020-04-03,2024-11-13,-0.00025374398285739336
2024-11-22,600127,val,-0.024978508320414303,0.005671712448463829,2020-04-03,2024-11-13,-0.00025374398285739336
2024-11-22,600153,val,0.015379149175717657,0.008059596706951007,2020-04-03,2024-11-13,-0.001376439212812645
2024-11-22,600548,val,0.016461596373041523,0.006197132200929825,2020-04-03,2024-11-13,-0.00025374398285739336
2024-11-22,600865,val,0.03910792821291993,-0.01779280572451508,2020-04-03,2024-11-13,-0.001376439212812645
2024-11-22,600967,val,-0.02922178979141858,0.0017458446774588818,2020-04-03,2024-11-13,0.0045267498860738385
2024-11-22,601222,val,0.008823278982359753,0.005821000114296171,2020-04-03,2024-11-13,0.0045267498860738385
2024-11-22,603237,val,0.06562598538422522,0.007889585937061459,2020-04-03,2024-11-13,-0.00025374398285739336
2024-11-22,603335,val,-0.013285534811338914,0.001076996646539438,2020-04-03,2024-11-13,-0.001376439212812645
2024-11-22,603341,val,-0.045141354098079664,0.0012690638086935346,2020-04-03,2024-11-13,-0.001376439212812645
2024-11-22,603658,val,0.02364267224863721,0.0027124319336623037,2020-04-03,2024-11-13,0.0045267498860738385
2024-11-22,605090,val,0.05164286126606006,0.0026757267530577605,2020-04-03,2024-11-13,0.0045267498860738385
2024-11-22,605589,val,0.0013458957981012515,0.00423380844719671,2020-04-03,2024-11-13,-0.001376439212812645
2024-11-22,688031,val,-0.12981939935317172,-0.024690515407605692,2020-04-03,2024-11-13,-0.04481403278069457
2024-11-22,688045,val,-0.014584787449497913,-0.006573379333669856,2020-04-03,2024-11-13,0.003738847957927414
2024-11-22,688133,val,0.015053702158491847,-0.007567946329055835,2020-04-03,2024-11-13,-0.001376439212812645
2024-11-22,688147,val,0.014979431004203361,-0.00014106540494916324,2020-04-03,2024-11-13,0.003738847957927414
2024-11-22,688528,val,0.014680649232971701,-0.0017073351956455349,2020-04-03,2024-11-13,0.003738847957927414
2024-11-25,600025,val,-0.028639715496482546,0.0034452262018763173,2020-04-03,2024-11-13,0.0045267498860738385
2024-11-25,600051,val,0.0034619124446697985,0.005762231925934879,2020-04-03,2024-11-13,-0.00025374398285739336
2024-11-25,600127,val,-0.019993382866980228,0.008828054984531264,2020-04-03,2024-11-13,-0.00025374398285739336
2024-11-25,600153,val,0.033226737674318094,-0.002143500536363241,2020-04-03,2024-11-13,-0.001376439212812645
2024-11-25,600548,val,-0.04605900390603386,0.003234771510664518,2020-04-03,2024-11-13,-0.00025374398285739336
2024-11-25,600865,val,0.03440442268577697,-0.011404869711766219,2020-04-03,2024-11-13,-0.001376439212812645
2024-11-25,600967,val,-0.02388689256184158,0.0027486258771268314,2020-04-03,2024-11-13,0.0045267498860738385
2024-11-25,601222,val,-0.015111853107933906,0.0061730118248893625,2020-04-03,2024-11-13,-0.00025374398285739336
2024-11-25,603237,val,0.1103712735145062,0.011655037234969539,2020-04-03,2024-11-13,0.0045267498860738385
2024-11-25,603335,val,-0.02608907464796957,0.003622168830855954,2020-04-03,2024-11-13,-0.001376439212812645
2024-11-25,603341,val,0.018891066974058998,0.0009809434271597648,2020-04-03,2024-11-13,-0.001376439212812645
2024-11-25,603658,val,-0.0013622442356091141,0.0032272954272816253,2020-04-03,2024-11-13,0.0045267498860738385
2024-11-25,605090,val,0.010942923275792979,0.004425534494598036,2020-04-03,2024-11-13,-0.001376439212812645
2024-11-25,605589,val,0.0296257949084187,0.004971033566729825,2020-04-03,2024-11-13,-0.001376439212812645
2024-11-25,688031,val,-0.019314590359839248,-0.03303106829132082,2020-04-03,2024-11-13,-0.04481403278069457
2024-11-25,688045,val,-0.015160331495688698,-0.005483947025543135,2020-04-03,2024-11-13,0.003738847957927414
2024-11-25,688133,val,0.009928795638400031,-0.004107683161042378,2020-04-03,2024-11-13,-0.001376439212812645
2024-11-25,688147,val,-0.027790804548133166,-0.0031836668353167853,2020-04-03,2024-11-13,0.003738847957927414
2024-11-25,688528,val,-0.02744503388942983,-0.0011688047898629121,2020-04-03,2024-11-13,0.003738847957927414
2024-11-26,600025,val,-0.009079061389784586,0.009021502957449554,2020-04-03,2024-11-13,0.0045267498860738385
2024-11-26,600051,val,-0.03334599768907703,-0.0014139389255617178,2020-04-03,2024-11-13,-0.002327077700516891
2024-11-26,600127,val,-0.026531933130447154,0.004875875795244489,2020-04-03,2024-11-13,0.0045267498860738385
2024-11-26,600153,val,0.031231016129595064,0.002795310125664294,2020-04-03,2024-11-13,-0.001376439212812645
2024-11-26,600548,val,-0.050571987463868866,0.004738959257392761,2020-04-03,2024-11-13,-0.002327077700516891
2024-11-26,600865,val,-0.004170629041522815,-0.01801067469547328,2020-04-03,2024-11-13,-0.001376439212812645
2024-11-26,600967,val,-0.028057662033615642,0.004147841832194243,2020-04-03,2024-11-13,0.0045267498860738385
2024-11-26,601222,val,-0.009904698204590882,0.005149760345026853,2020-04-03,2024-11-13,-0.00025374398285739336
2024-11-26,603237,val,0.12432446836353123,0.0011380760408823,2020-04-03,2024-11-13,-0.023877681998929833
2024-11-26,603335,val,-0.012335792732383437,0.001528854000882042,2020-04-03,2024-11-13,-0.001376439212812645
2024-11-26,603341,val,-0.00849448901718313,0.005264326910719746,2020-04-03,2024-11-13,-0.001376439212812645
2024-11-26,603658,val,-0.030087272022324356,0.004654035154442169,2020-04-03,2024-11-13,0.0045267498860738385
2024-11-26,605090,val,-0.008689126768567305,0.003847039933749349,2020-04-03,2024-11-13,-0.00025374398285739336
2024-11-26,605589,val,0.04372969837041813,0.001512725941856521,2020-04-03,2024-11-13,-0.001376439212812645
2024-11-26,688031,val,0.059255070198032396,-0.016415335018075735,2020-04-03,2024-11-13,0.003738847957927414
2024-11-26,688045,val,-0.036094770102635,-0.0047924403691176985,2020-04-03,2024-11-13,0.003738847957927414
2024-11-26,688133,val,0.006764136774377212,-0.0033882615794977432,2020-04-03,2024-11-13,-0.001376439212812645
2024-11-26,688147,val,-0.0011327532788336023,-0.006828196573071756,2020-04-03,2024-11-13,0.003738847957927414
2024-11-26,688528,val,-0.006808216961120266,0.0007249338206960089,2020-04-03,2024-11-13,0.003738847957927414
2024-11-27,600025,val,-0.0006402679849000746,0.011014834827269514,2020-04-03,2024-11-13,0.0045267498860738385
2024-11-27,600051,val,-0.005899452605970187,0.0018381797272257207,2020-04-03,2024-11-13,-0.00025374398285739336
2024-11-27,600127,val,0.03821242055098811,0.007877945635728193,2020-04-03,2024-11-13,0.0045267498860738385
2024-11-27,600153,val,0.02948139924215826,0.006851748324849171,2020-04-03,2024-11-13,-0.001376439212812645
2024-11-27,600548,val,-0.004534405355543,0.007040681403480281,2020-04-03,2024-11-13,-0.00025374398285739336
2024-11-27,600865,val,0.0068781062940376815,-0.01472958680039536,2020-04-03,2024-11-13,-0.001376439212812645
2024-11-27,600967,val,-0.01946700369885451,0.006290434496390804,2020-04-03,2024-11-13,0.0045267498860738385
2024-11-27,601222,val,-0.011887993714512487,0.005144029793500652,2020-04-03,2024-11-13,0.0045267498860738385
2024-11-27,603237,val,0.014651314284637122,-0.0021025502943036963,2020-04-03,2024-11-13,-0.023877681998929833
2024-11-27,603335,val,-0.009585457861834009,0.0006046452401582451,2020-04-03,2024-11-13,-0.001376439212812645
2024-11-27,603341,val,-0.033293154075242415,0.0034106749396008275,2020-04-03,2024-11-13,-0.001376439212812645
2024-11-27,603658,val,-0.04640610511365223,0.003916759166866694,2020-04-03,2024-11-13,-0.00025374398285739336
2024-11-27,605090,val,-0.043198194516411326,-0.002412340207434521,2020-04-03,2024-11-13,-0.002327077700516891
2024-11-27,605589,val,0.02051027504815778,6.440243671423218e-05,2020-04-03,2024-11-13,-0.001376439212812645
2024-11-27,688031,val,0.13121457759680116,-0.009266362865047085,2020-04-03,2024-11-13,0.003738847957927414
2024-11-27,688045,val,-0.030889280469888755,-0.00970776862924637,2020-04-03,2024-11-13,0.003738847957927414
2024-11-27,688133,val,-0.02472549730956591,-0.009122690595645775,2020-04-03,2024-11-13,-0.001376439212812645
2024-11-27,688147,val,-0.002252712908863471,-0.008786791375336,2020-04-03,2024-11-13,0.003738847957927414
2024-11-27,688528,val,-0.008168567401541756,0.0006241497310268563,2020-04-03,2024-11-13,0.003738847957927414
2024-11-28,600025,val,-0.02447956366516406,0.005592045041366299,2020-04-03,2024-11-13,0.0045267498860738385
2024-11-28,600051,val,-0.04561559035159839,0.0009165500096120773,2020-04-03,2024-11-13,-0.002327077700516891
2024-11-28,600127,val,-0.0033620692248377687,0.007885735397736031,2020-04-03,2024-11-13,0.0045267498860738385
2024-11-28,600153,val,0.0116290267764569,0.005699841026833615,2020-04-03,2024-11-13,-0.001376439212812645
2024-11-28,600548,val,-0.004407864957316751,0.005264635443724146,2020-04-03,2024-11-13,-0.00025374398285739336
2024-11-28,600865,val,-0.04981190224356895,-0.016916826756324818,2020-04-03,2024-11-13,-0.002327077700516891
2024-11-28,600967,val,-0.014618930397132954,0.005930895177631198,2020-04-03,2024-11-13,0.0045267498860738385
2024-11-28,601222,val,-0.034347984717795696,0.005770790277979057,2020-04-03,2024-11-13,0.0045267498860738385
2024-11-28,603237,val,-0.02269544234491465,-0.011670465382620092,2020-04-03,2024-11-13,-0.016021540431941046
2024-11-28,603335,val,-0.02054127860339698,0.003388504989879679,2020-04-03,2024-11-13,-0.001376439212812645
2024-11-28,603341,val,-0.026819483964945642,0.003920155267616952,2020-04-03,2024-11-13,-0.001376439212812645
2024-11-28,603658,val,-0.050913912633622924,0.003980558977401038,2020-04-03,2024-11-13,-0.00025374398285739336
2024-11-28,605090,val,-0.06292011596731643,-0.0010810188878368778,2020-04-03,2024-11-13,-0.001376439212812645
2024-11-28,605589,val,-0.013711699249179962,-0.001211643528658612,2020-04-03,2024-11-13,-0.001376439212812645
2024-11-28,688031,val,0.392966830097019,-0.004073210291502545,2020-04-03,2024-11-13,0.003738847957927414
2024-11-28,688045,val,-0.011885907704960272,-0.006604452585140958,2020-04-03,2024-11-13,0.003738847957927414
2024-11-28,688133,val,-0.010653381821788696,-0.007706197053928433,2020-04-03,2024-11-13,-0.001376439212812645
2024-11-28,688147,val,0.004839142484312789,-0.0036994186040927917,2020-04-03,2024-11-13,0.003738847957927414
2024-11-28,688528,val,-0.012649871510248586,0.0031639164357273653,2020-04-03,2024-11-13,0.003738847957927414
2024-11-29,600025,val,-0.018246435422093088,0.008606070962841784,2020-04-03,2024-11-13,0.0045267498860738385
2024-11-29,600051,val,-0.022603071693623022,0.004583514391280648,2020-04-03,2024-11-13,-0.00025374398285739336
2024-11-29,600127,val,0.002679117897826211,0.005564368958566874,2020-04-03,2024-11-13,0.0045267498860738385
2024-11-29,600153,val,-0.0033186665617402356,0.006812549398652928,2020-04-03,2024-11-13,-0.001376439212812645
2024-11-29,600548,val,0.028987108494760105,0.005271405978763003,2020-04-03,2024-11-13,-0.00025374398285739336
2024-11-29,600865,val,-0.015273266459076507,-0.014527454726200486,2020-04-03,2024-11-13,-0.002327077700516891
2024-11-29,600967,val,-0.010347626675052679,0.006682818107374953,2020-04-03,2024-11-13,0.0045267498860738385
2024-11-29,601222,val,-0.04662856921725206,0.0035800351418860577,2020-04-03,2024-11-13,0.0045267498860738385
2024-11-29,603237,val,-0.020232684467165696,-0.002669900472927602,2020-04-03,2024-11-13,-0.023877681998929833
2024-11-29,603335,val,-0.03057136539408184,0.0052597418538521505,2020-04-03,2024-11-13,-0.001376439212812645
2024-11-29,603341,val,-0.04232355030380602,0.00037034653519199,2020-04-03,2024-11-13,-0.001376439212812645
2024-11-29,603658,val,-0.050890919891395214,0.008606524350126288,2020-04-03,2024-11-13,0.0045267498860738385
2024-11-29,605090,val,-0.0674457136986702,0.001365626430968745,2020-04-03,2024-11-13,-0.001376439212812645
2024-11-29,605589,val,-0.033803336148485685,0.0005292618940997678,2020-04-03,2024-11-13,-0.001376439212812645
2024-11-29,688031,val,0.35617216922906975,-0.016060545441401872,2020-04-03,2024-11-13,0.003738847957927414
2024-11-29,688045,val,-0.009450787907461511,-0.007803087725783003,2020-04-03,2024-11-13,0.003738847957927414
2024-11-29,688133,val,0.006868278557716934,-0.008512591648291585,2020-04-03,2024-11-13,-0.001376439212812645
2024-11-29,688147,val,-0.005991801659698981,-0.010136482899182332,2020-04-03,2024-11-13,0.003738847957927414
2024-11-29,688528,val,-0.017578878679770205,0.0010281938655841052,2020-04-03,2024-11-13,0.003738847957927414
2024-12-02,600025,val,0.00013434739288959233,0.0050229806318887885,2020-04-03,2024-11-13,0.0045267498860738385
2024-12-02,600051,val,0.0424977810606712,0.006149831321476114,2020-04-03,2024-11-13,-0.00025374398285739336
2024-12-02,600127,val,-0.022980298860324874,0.004775651251254443,2020-04-03,2024-11-13,0.0045267498860738385
2024-12-02,600153,val,-0.027081234301476517,0.0007598994499712758,2020-04-03,2024-11-13,-0.001376439212812645
2024-12-02,600548,val,0.10228574950248576,0.005616200705755317,2020-04-03,2024-11-13,-0.00025374398285739336
2024-12-02,600865,val,-0.022633589626255,-0.006833443060160466,2020-04-03,2024-11-13,-0.001376439212812645
2024-12-02,600967,val,0.09333774569373915,0.004429591548140068,2020-04-03,2024-11-13,0.0045267498860738385
2024-12-02,601222,val,-0.03990433259144238,0.003623705809063273,2020-04-03,2024-11-13,0.0045267498860738385
2024-12-02,603237,val,-0.07923875675271191,-0.009204941347929247,2020-04-03,2024-11-13,-0.016021540431941046
2024-12-02,603335,val,0.05091430092757271,0.004083341073977608,2020-04-03,2024-11-13,-0.001376439212812645
2024-12-02,603341,val,-0.07262104320449464,0.00017944499085217354,2020-04-03,2024-11-13,-0.001376439212812645
2024-12-02,603658,val,-0.047581692455747115,0.007917238781493715,2020-04-03,2024-11-13,0.0045267498860738385
2024-12-02,605090,val,-0.05562661202646452,0.006342216801452388,2020-04-03,2024-11-13,-0.001376439212812645
2024-12-02,605589,val,-0.040169139477536475,-0.0011591116524796348,2020-04-03,2024-11-13,-0.001376439212812645
2024-12-02,688031,val,0.209717056038567,-0.014559861767851347,2020-04-03,2024-11-13,-0.016021540431941046
2024-12-02,688045,val,-0.039233443832339454,-0.004995028836410638,2020-04-03,2024-11-13,0.003738847957927414
2024-12-02,688133,val,-0.016967346279666947,-0.008046480950781575,2020-04-03,2024-11-13,-0.001376439212812645
2024-12-02,688147,val,-0.02528174520260956,-0.005975310734938575,2020-04-03,2024-11-13,0.003738847957927414
2024-12-02,688528,val,-0.009567746004856045,0.0004244709406287628,2020-04-03,2024-11-13,0.003738847957927414
2024-12-03,600025,val,-0.03434128373907554,0.005300038593699738,2020-04-03,2024-11-13,0.0045267498860738385
2024-12-03,600051,val,0.025637394299304218,0.005928232130690908,2020-04-03,2024-11-13,-0.00025374398285739336
2024-12-03,600127,val,-0.021731967910113347,0.005695033083447995,2020-04-03,2024-11-13,0.0045267498860738385
2024-12-03,600153,val,-0.04947344313911929,0.003803508996145349,2020-04-03,2024-11-13,-0.001376439212812645
2024-12-03,600548,val,0.06036710639243713,0.009674062267734205,2020-04-03,2024-11-13,-0.00025374398285739336
2024-12-03,600865,val,0.0023498868276965353,-0.0023787105639624284,2020-04-03,2024-11-13,-0.001376439212812645
2024-12-03,600967,val,0.09277323143514148,0.0027742345414421927,2020-04-03,2024-11-13,0.0045267498860738385
2024-12-03,601222,val,-0.058190470273570064,0.003936678270950292,2020-04-03,2024-11-13,0.0045267498860738385
2024-12-03,603237,val,-0.11591380128622587,-0.018220077672272,2020-04-03,2024-11-13,-0.016021540431941046
2024-12-03,603335,val,0.0442088228707329,0.0035098551235278755,2020-04-03,2024-11-13,-0.001376439212812645
2024-12-03,603341,val,-0.025029572802994126,0.0004364514382087492,2020-04-03,2024-11-13,-0.001376439212812645
2024-12-03,603658,val,-0.048413206262924016,0.004140607353726762,2020-04-03,2024-11-13,0.0045267498860738385
2024-12-03,605090,val,-0.052023304127514006,0.00555083959980261,2020-04-03,2024-11-13,-0.001376439212812645
2024-12-03,605589,val,-0.048764599056177374,-0.0011640911685955732,2020-04-03,2024-11-13,-0.001376439212812645
2024-12-03,688031,val,0.2743877634010583,-0.008275694504266908,2020-04-03,2024-11-13,0.003738847957927414
2024-12-03,688045,val,-0.013535974409757855,-0.005989900408599634,2020-04-03,2024-11-13,0.003738847957927414
2024-12-03,688133,val,0.014852505247406434,-0.007823527053692535,2020-04-03,2024-11-13,-0.001376439212812645
2024-12-03,688147,val,-0.017998786335467153,-0.00781729892220355,2020-04-03,2024-11-13,0.003738847957927414
2024-12-03,688528,val,-0.02916030113083835,-0.0005298461503816681,2020-04-03,2024-11-13,0.003738847957927414
2024-12-04,600025,val,-0.053576839615611216,0.0012850736122861028,2020-04-03,2024-11-13,0.0045267498860738385
2024-12-04,600051,val,0.005041003131219912,0.007809105025482173,2020-04-03,2024-11-13,-0.00025374398285739336
2024-12-04,600127,val,-0.05454895700164486,-0.0006686845665077757,2020-04-03,2024-11-13,0.0045267498860738385
2024-12-04,600153,val,-0.030910123606433193,0.006819387496622922,2020-04-03,2024-11-13,-0.001376439212812645
2024-12-04,600548,val,0.001610234452155468,0.006494334889125631,2020-04-03,2024-11-13,-0.00025374398285739336
2024-12-04,600865,val,0.07661861808264792,-0.0034821351578276137,2020-04-03,2024-11-13,-0.001376439212812645
2024-12-04,600967,val,0.1191099092086837,0.004912356330051228,2020-04-03,2024-11-13,0.0045267498860738385
2024-12-04,601222,val,-0.06216225765776018,0.004021434916781311,2020-04-03,2024-11-13,0.0045267498860738385
2024-12-04,603237,val,-0.014212210988403862,-0.010071206393367666,2020-04-03,2024-11-13,-0.001376439212812645
2024-12-04,603335,val,0.06384715299798749,0.003882429793897736,2020-04-03,2024-11-13,-0.001376439212812645
2024-12-04,603341,val,0.023375997525140302,0.004616180091948129,2020-04-03,2024-11-13,-0.001376439212812645
2024-12-04,603658,val,-0.04985877523570459,0.003938674276207389,2020-04-03,2024-11-13,0.0045267498860738385
2024-12-04,605090,val,-0.06163463814291348,0.0038106898718207067,2020-04-03,2024-11-13,-0.001376439212812645
2024-12-04,605589,val,-0.05402324890092436,-0.0009908079493300204,2020-04-03,2024-11-13,-0.001376439212812645
2024-12-04,688031,val,0.09697636647262453,-0.021008828013926322,2020-04-03,2024-11-13,-0.04481403278069457
2024-12-04,688045,val,-0.00646193795221095,-0.005462538399842832,2020-04-03,2024-11-13,0.003738847957927414
2024-12-04,688133,val,0.030109129623977604,-0.004128311415288708,2020-04-03,2024-11-13,-0.001376439212812645
2024-12-04,688147,val,-0.021685443959370887,-0.004380345551105217,2020-04-03,2024-11-13,0.003738847957927414
2024-12-04,688528,val,-0.007613978433459345,0.0011535860983751991,2020-04-03,2024-11-13,0.003738847957927414
2024-12-05,600025,val,-0.015526905443786619,0.008733329093013775,2020-04-03,2024-11-13,0.0045267498860738385
2024-12-05,600051,val,0.06308051681184415,0.004791851129878919,2020-04-03,2024-11-13,-0.00025374398285739336
2024-12-05,600127,val,-0.013702445217019653,0.008442440871104975,2020-04-03,2024-11-13,0.0045267498860738385
2024-12-05,600153,val,-0.01628456255323537,0.012357228622165154,2020-04-03,2024-11-13,-0.001376439212812645
2024-12-05,600548,val,-0.008702370463519259,0.00864346108803426,2020-04-03,2024-11-13,-0.00025374398285739336
2024-12-05,600865,val,0.1258764178276405,-0.0029388300385642216,2020-04-03,2024-11-13,-0.001376439212812645
2024-12-05,600967,val,0.11618099845611543,0.00510923740488282,2020-04-03,2024-11-13,0.0045267498860738385
2024-12-05,601222,val,-0.043757090025762745,0.0018179377467791651,2020-04-03,2024-11-13,0.0045267498860738385
2024-12-05,603237,val,0.016975894267431103,0.0014682939132587677,2020-04-03,2024-11-13,-0.001376439212812645
2024-12-05,603335,val,0.04573707339836167,0.012727125634178596,2020-04-03,2024-11-13,-0.001376439212812645
2024-12-05,603341,val,-0.010238729650015564,0.0004696934963100251,2020-04-03,2024-11-13,-0.001376439212812645
2024-12-05,603658,val,-0.03624513919489555,-0.0018398800577029966,2020-04-03,2024-11-13,0.0045267498860738385
2024-12-05,605090,val,-0.031470851952721444,0.002193611455214565,2020-04-03,2024-11-13,0.0045267498860738385
2024-12-05,605589,val,-0.06102751968035399,-0.000882766602185161,2020-04-03,2024-11-13,-0.001376439212812645
2024-12-05,688031,val,-0.09500587367804955,-0.04499173184041568,2020-04-03,2024-11-13,-0.04481403278069457
2024-12-05,688045,val,-0.0023876178431663994,-0.0061358805359970365,2020-04-03,2024-11-13,0.003738847957927414
2024-12-05,688133,val,0.02782456449631169,-0.005887944473536568,2020-04-03,2024-11-13,-0.001376439212812645
2024-12-05,688147,val,-0.043423378486017704,-0.004786278682353733,2020-04-03,2024-11-13,0.003738847957927414
2024-12-05,688528,val,-0.017902981069160738,-0.0007405032686632505,2020-04-03,2024-11-13,0.003738847957927414
2024-12-06,600025,val,0.014742446612093792,-0.0015747691747939627,2020-04-03,2024-11-13,0.0045267498860738385
2024-12-06,600051,val,0.03067425179061512,0.004333414840633844,2020-04-03,2024-11-13,-0.00025374398285739336
2024-12-06,600127,val,-0.00040042527122085506,0.010589858925602347,2020-04-03,2024-11-13,0.0045267498860738385
2024-12-06,600153,val,-0.010209414369043428,0.007366563990758872,2020-04-03,2024-11-13,-0.001376439212812645
2024-12-06,600548,val,-0.01004216538739166,0.004349786575054019,2020-04-03,2024-11-13,-0.00025374398285739336
2024-12-06,600865,val,0.04305959346681321,-0.001369569364921421,2020-04-03,2024-11-13,-0.001376439212812645
2024-12-06,600967,val,0.1077792541072331,0.007102720796905587,2020-04-03,2024-11-13,0.0045267498860738385
2024-12-06,601222,val,-0.030149150612086444,-0.003699770658555795,2020-04-03,2024-11-13,0.0045267498860738385
2024-12-06,603237,val,0.024796594899763498,0.0004113031723066847,2020-04-03,2024-11-13,-0.001376439212812645
2024-12-06,603335,val,0.13114369922789404,0.003298287813526627,2020-04-03,2024-11-13,-0.001376439212812645
2024-12-06,603341,val,0.028766168279355193,-0.003917790290965927,2020-04-03,2024-11-13,-0.001376439212812645
2024-12-06,603658,val,-0.01620763143444314,0.004632098609930292,2020-04-03,2024-11-13,0.0045267498860738385
2024-12-06,605090,val,-0.03943517663258011,-0.001833338033174856,2020-04-03,2024-11-13,0.0045267498860738385
2024-12-06,605589,val,-0.036814176176758966,-0.003112969699753699,2020-04-03,2024-11-13,-0.001376439212812645
2024-12-06,688031,val,-0.13183941234930574,-0.030495509295457402,2020-04-03,2024-11-13,-0.04481403278069457
2024-12-06,688045,val,0.0009255873673372833,-0.003007386048748967,2020-04-03,2024-11-13,0.003738847957927414
2024-12-06,688133,val,-0.028092293118483262,0.006486647172209226,2020-04-03,2024-11-13,-0.001376439212812645
2024-12-06,688147,val,-0.06180542450091652,-0.00409574146294361,2020-04-03,2024-11-13,0.003738847957927414
2024-12-06,688528,val,-0.01689232589887512,0.0030865570877905727,2020-04-03,2024-11-13,0.003738847957927414
2024-12-09,600025,val,0.029168509082663125,0.0027883416867516843,2020-04-03,2024-11-13,0.0045267498860738385
2024-12-09,600051,val,0.0068280835507482825,0.0014390766475871652,2020-04-03,2024-11-13,-0.00025374398285739336
2024-12-09,600127,val,0.04539557666369566,0.00706319879057194,2020-04-03,2024-11-13,0.0045267498860738385
2024-12-09,600153,val,0.011233369894360207,0.009412644657418947,2020-04-03,2024-11-13,-0.001376439212812645
2024-12-09,600548,val,0.014231834784706483,0.0003012337776869969,2020-04-03,2024-11-13,-0.00025374398285739336
2024-12-09,600865,val,0.09436670353015066,-0.002800389652760392,2020-04-03,2024-11-13,-0.001376439212812645
2024-12-09,600967,val,-0.008230412916296875,-0.002955445698604428,2020-04-03,2024-11-13,-0.023877681998929833
2024-12-09,601222,val,-0.021849863108271177,0.0006535199981288359,2020-04-03,2024-11-13,0.0045267498860738385
2024-12-09,603237,val,0.028823791705254415,-0.00015802704126144785,2020-04-03,2024-11-13,-0.001376439212812645
2024-12-09,603335,val,0.012166161842562934,0.00082068243542344,2020-04-03,2024-11-13,-0.001376439212812645
2024-12-09,603341,val,-0.020800959070798247,-0.0005884639893099903,2020-04-03,2024-11-13,-0.001376439212812645
2024-12-09,603658,val,0.009563438007096265,0.00180428685730447,2020-04-03,2024-11-13,0.0045267498860738385
2024-12-09,605090,val,-0.008908548180596148,0.003533294621972466,2020-04-03,2024-11-13,0.0045267498860738385
2024-12-09,605589,val,-0.03898948685698632,0.0015670746561570147,2020-04-03,2024-11-13,-0.001376439212812645
2024-12-09,688031,val,-0.07301855755610308,-0.02599557466233572,2020-04-03,2024-11-13,-0.04481403278069457
2024-12-09,688045,val,0.003933727544959482,-0.0008956607831813069,2020-04-03,2024-11-13,0.003738847957927414
2024-12-09,688133,val,-0.014153871967506265,-0.002655771243469148,2020-04-03,2024-11-13,-0.001376439212812645
2024-12-09,688147,val,-0.051884927252446075,-0.00289946493504026,2020-04-03,2024-11-13,0.003738847957927414
2024-12-09,688528,val,-0.017874569697193348,0.008115838832362159,2020-04-03,2024-11-13,0.003738847957927414
2024-12-10,600025,val,0.06592952887866145,-0.004175090896571126,2020-04-03,2024-11-13,0.0045267498860738385
2024-12-10,600051,val,-0.007469618646931728,0.0007630872420744386,2020-04-03,2024-11-13,-0.00025374398285739336
2024-12-10,600127,val,0.0728644768222484,0.005665678028040506,2020-04-03,2024-11-13,0.0045267498860738385
2024-12-10,600153,val,0.06643780005074419,0.005584455374221767,2020-04-03,2024-11-13,-0.001376439212812645
2024-12-10,600548,val,0.08016964461368793,-0.0011129943085395073,2020-04-03,2024-11-13,-0.00025374398285739336
2024-12-10,600865,val,0.03247318310740367,0.00022084605681189272,2020-04-03,2024-11-13,-0.001376439212812645
2024-12-10,600967,val,0.010955633938611223,-0.006600170032554551,2020-04-03,2024-11-13,-0.023877681998929833
2024-12-10,601222,val,0.024962468902285942,-0.0036645966918835895,2020-04-03,2024-11-13,0.0045267498860738385
2024-12-10,603237,val,-0.004463963808766333,-0.0001785083594807715,2020-04-03,2024-11-13,-0.001376439212812645
2024-12-10,603335,val,-0.020718306254298366,0.00032740697784853725,2020-04-03,2024-11-13,-0.001376439212812645
2024-12-10,603341,val,-0.03725118725406239,0.002651774942337495,2020-04-03,2024-11-13,-0.001376439212812645
2024-12-10,603658,val,0.043240723778496984,-0.001243047186304187,2020-04-03,2024-11-13,0.0045267498860738385
2024-12-10,605090,val,0.03431620434922179,0.0004222479290178093,2020-04-03,2024-11-13,0.0045267498860738385
2024-12-10,605589,val,-0.00539489539600134,0.0015843579471992457,2020-04-03,2024-11-13,-0.001376439212812645
2024-12-10,688031,val,-0.15140928710390122,-0.01190502835958336,2020-04-03,2024-11-13,-0.04481403278069457
2024-12-10,688045,val,-0.0030141296923647948,6.731874544242954e-05,2020-04-03,2024-11-13,0.003738847957927414
2024-12-10,688133,val,-0.04507051145756745,0.002762628061219758,2020-04-03,2024-11-13,-0.001376439212812645
2024-12-10,688147,val,-0.03654867843132546,0.0020581449227035906,2020-04-03,2024-11-13,0.003738847957927414
2024-12-10,688528,val,-0.12000908639614248,0.005321884563402063,2020-04-03,2024-11-13,0.003738847957927414
2024-12-11,600025,val,0.06635230281369506,-0.0003472927354571803,2020-04-03,2024-11-13,0.0045267498860738385
2024-12-11,600051,val,0.0012134285001958733,0.0010766892376995075,2020-04-03,2024-11-13,-0.00025374398285739336
2024-12-11,600127,val,0.043514672687236716,0.0066366355140186324,2020-04-03,2024-11-13,-0.00025374398285739336
2024-12-11,600153,val,0.07077876081927034,0.008446760820218177,2020-04-03,2024-11-13,-0.001376439212812645
2024-12-11,600548,val,0.07979786421311305,0.00020969113362463118,2020-04-03,2024-11-13,-0.00025374398285739336
2024-12-11,600865,val,-0.05070233727649234,-0.010870625907407883,2020-04-03,2024-11-13,-0.016021540431941046
2024-12-11,600967,val,-0.009003910248216035,-0.012497281212621314,2020-04-03,2024-11-13,-0.023877681998929833
2024-12-11,601222,val,0.02863155041981577,0.00048404133512849776,2020-04-03,2024-11-13,0.0045267498860738385
2024-12-11,603237,val,-0.039058813072281234,-0.004017789960325634,2020-04-03,2024-11-13,-0.001376439212812645
2024-12-11,603335,val,-0.030375092597910852,-0.003067782838905874,2020-04-03,2024-11-13,-0.002327077700516891
2024-12-11,603341,val,-0.041026339229239844,-0.0005341904673325673,2020-04-03,2024-11-13,-0.001376439212812645
2024-12-11,603658,val,0.07126430402747128,0.001387715369069749,2020-04-03,2024-11-13,0.0045267498860738385
2024-12-11,605090,val,0.029407191289737317,0.004152657775780622,2020-04-03,2024-11-13,0.0045267498860738385
2024-12-11,605589,val,0.01646468150515676,0.0036958527615164353,2020-04-03,2024-11-13,-0.001376439212812645
2024-12-11,688031,val,-0.05226365859367724,-0.01407716082196311,2020-04-03,2024-11-13,-0.002327077700516891
2024-12-11,688045,val,0.0024944939558862733,-0.0005782943476955035,2020-04-03,2024-11-13,0.003738847957927414
2024-12-11,688133,val,-0.031626980596051874,0.005832307503395837,2020-04-03,2024-11-13,-0.001376439212812645
2024-12-11,688147,val,-0.024616964687605908,0.00483385255995457,2020-04-03,2024-11-13,0.003738847957927414
2024-12-11,688528,val,-0.13124515393010308,0.0077846092367047865,2020-04-03,2024-11-13,0.003738847957927414
2024-12-12,600025,val,0.05656696594499966,0.0027657908813430564,2020-04-03,2024-12-11,0.004488625987215546
2024-12-12,600051,val,-0.05104645529038576,-0.003634921255093003,2020-04-03,2024-12-11,-0.0013200893359344317
2024-12-12,600127,val,-0.0028948554146479566,0.004532579061656414,2020-04-03,2024-12-11,0.004488625987215546
2024-12-12,600153,val,0.09601718589090236,0.00978859829053022,2020-04-03,2024-12-11,-0.0013200893359344317
2024-12-12,600548,val,0.07433102858701568,-0.0029273879503957444,2020-04-03,2024-12-11,-0.00018429913308076304
2024-12-12,600865,val,-0.10313256109180047,-0.020866355868722444,2020-04-03,2024-12-11,-0.01826661460756771
2024-12-12,600967,val,-0.0028718490150343445,-0.002132335795784652,2020-04-03,2024-12-11,-0.000857535577559452
2024-12-12,601222,val,0.04588029551579975,-0.0008340287550916104,2020-04-03,2024-12-11,0.004488625987215546
2024-12-12,603237,val,-0.04498560668264684,-0.007170005740133533,2020-04-03,2024-12-11,-0.0013200893359344317
2024-12-12,603335,val,0.09464209039815985,0.0033922412189831466,2020-04-03,2024-12-11,-0.0013200893359344317
2024-12-12,603341,val,-0.0035430543476128173,-0.0010853239695027437,2020-04-03,2024-12-11,-0.0013200893359344317
2024-12-12,603658,val,0.04460658591168398,0.0036139151858547852,2020-04-03,2024-12-11,0.004488625987215546
2024-12-12,605090,val,0.02487801706768622,0.003323069582282173,2020-04-03,2024-12-11,0.004488625987215546
2024-12-12,605589,val,0.03649500816192208,0.004385606698021013,2020-04-03,2024-12-11,0.004488625987215546
2024-12-12,688031,val,-0.04623703048096095,-0.009789531102428247,2020-04-03,2024-12-11,0.0036524515038506436
2024-12-12,688045,val,-0.005984132693816591,0.0016809169035252225,2020-04-03,2024-12-11,0.0036524515038506436
2024-12-12,688133,val,-0.06592933817326863,0.0004990584281405758,2020-04-03,2024-12-11,-0.0013200893359344317
2024-12-12,688147,val,-0.037345404359550916,0.0026392897303150085,2020-04-03,2024-12-11,0.0036524515038506436
2024-12-12,688528,val,-0.10944688992844409,0.010393042540652318,2020-04-03,2024-12-11,0.0036524515038506436
2024-12-13,600025,val,0.018159833057443543,0.005214106609217597,2020-04-03,2024-12-11,0.004488625987215546
2024-12-13,600051,val,-0.043040173847083994,-0.00449866157164066,2020-04-03,2024-12-11,-0.0013200893359344317
2024-12-13,600127,val,-0.026704834580294788,0.005940712979296411,2020-04-03,2024-12-11,0.004488625987215546
2024-12-13,600153,val,0.0671527372925537,0.011884258242740935,2020-04-03,2024-12-11,-0.0013200893359344317
2024-12-13,600548,val,0.05492264282561724,-0.005384797908353838,2020-04-03,2024-12-11,-0.0013200893359344317
2024-12-13,600865,val,-0.0930132282874285,-0.014163114355492248,2020-04-03,2024-12-11,-0.016778653933011072
2024-12-13,600967,val,-0.010201871716498744,-0.0002926992294198195,2020-04-03,2024-12-11,-0.000857535577559452
2024-12-13,601222,val,0.014121382528151573,-0.00219862439103474,2020-04-03,2024-12-11,0.004488625987215546
2024-12-13,603237,val,-0.030681144567401196,-0.002328725632034868,2020-04-03,2024-12-11,-0.0013200893359344317
2024-12-13,603335,val,0.023612033122489974,-0.010132586238047962,2020-04-03,2024-12-11,-0.01826661460756771
2024-12-13,603341,val,0.02607452623405352,0.002151082866733886,2020-04-03,2024-12-11,-0.0013200893359344317
2024-12-13,603658,val,0.02444949695126334,0.0017450706866689542,2020-04-03,2024-12-11,0.004488625987215546
2024-12-13,605090,val,0.036415162145854975,0.001836784473163068,2020-04-03,2024-12-11,0.004488625987215546
2024-12-13,605589,val,0.03359165639416065,0.003777672538320889,2020-04-03,2024-12-11,0.004488625987215546
2024-12-13,688031,val,0.05085583628090055,-0.005953828891547041,2020-04-03,2024-12-11,0.0036524515038506436
2024-12-13,688045,val,0.028775544310097358,0.00168679965202835,2020-04-03,2024-12-11,0.004488625987215546
2024-12-13,688133,val,-0.059720030911141385,-0.00149267558791692,2020-04-03,2024-12-11,-0.0013200893359344317
2024-12-13,688147,val,-0.010397997948794445,0.0007171730692098488,2020-04-03,2024-12-11,0.0036524515038506436
2024-12-13,688528,val,-0.1043715692839434,0.010066270772260097,2020-04-03,2024-12-11,0.0036524515038506436
2024-12-16,600025,val,0.036026920632561944,-0.003981951737494182,2020-04-03,2024-12-11,0.004488625987215546
2024-12-16,600051,val,-0.07851518814246186,-0.0020414214151914796,2020-04-03,2024-12-11,-0.0013200893359344317
2024-12-16,600127,val,-0.0481195117143798,-0.0008872940273305273,2020-04-03,2024-12-11,-0.00018429913308076304
2024-12-16,600153,val,0.07899203372747418,0.010775668009302889,2020-04-03,2024-12-11,0.004488625987215546
2024-12-16,600548,val,0.05022646473394674,-0.0060534592420138445,2020-04-03,2024-12-11,-0.000857535577559452
2024-12-16,600865,val,-0.11020254362499807,-0.01269291305025399,2020-04-03,2024-12-11,-0.016778653933011072
2024-12-16,600967,val,0.029155134057388545,0.0034817720916263764,2020-04-03,2024-12-11,-0.0013200893359344317
2024-12-16,601222,val,0.04381884832819192,-0.0012136074716144025,2020-04-03,2024-12-11,0.004488625987215546
2024-12-16,603237,val,-0.040762075956183884,-0.0008619994437676618,2020-04-03,2024-12-11,-0.0013200893359344317
2024-12-16,603335,val,0.054446155758214855,-0.006502195389910989,2020-04-03,2024-12-11,-0.000857535577559452
2024-12-16,603341,val,0.04386567156656527,0.0007923544665781319,2020-04-03,2024-12-11,-0.0013200893359344317
2024-12-16,603658,val,0.024260695265383415,0.0012607334713853678,2020-04-03,2024-12-11,0.004488625987215546
2024-12-16,605090,val,0.04201742247994875,0.002418826706371869,2020-04-03,2024-12-11,0.004488625987215546
2024-12-16,605589,val,0.05972470240356973,0.001961215878607076,2020-04-03,2024-12-11,0.004488625987215546
2024-12-16,688031,val,-0.014352741253456557,-0.003969199501742272,2020-04-03,2024-12-11,0.0036524515038506436
2024-12-16,688045,val,0.028002804486010426,0.00027150393106488684,2020-04-03,2024-12-11,0.0036524515038506436
2024-12-16,688133,val,-0.08448620752503547,0.0036740941919806837,2020-04-03,2024-12-11,-0.0013200893359344317
2024-12-16,688147,val,0.012399654576002762,0.0032214087529404754,2020-04-03,2024-12-11,0.0036524515038506436
2024-12-16,688528,val,-0.126498239798743,0.008920681863613574,2020-04-03,2024-12-11,0.0036524515038506436
2024-12-17,600025,val,0.013805513837406365,-0.008386155687605342,2020-04-03,2024-12-11,-0.00018429913308076304
2024-12-17,600051,val,-0.06469799056864767,-0.001590831624472442,2020-04-03,2024-12-11,-0.0013200893359344317
2024-12-17,600127,val,-0.07793118084046458,-0.005224862748739481,2020-04-03,2024-12-11,-0.00018429913308076304
2024-12-17,600153,val,0.022643531803213553,0.0008123749809291133,2020-04-03,2024-12-11,-0.00018429913308076304
2024-12-17,600548,val,0.02647867648768066,-0.009786021031559336,2020-04-03,2024-12-11,-0.000857535577559452
2024-12-17,600865,val,-0.07167903969623701,-0.0008766804492915653,2020-04-03,2024-12-11,-0.0013200893359344317
2024-12-17,600967,val,0.03526002900069181,0.01001351051105075,2020-04-03,2024-12-11,-0.0013200893359344317
2024-12-17,601222,val,0.01131581304875285,-0.00574634165588965,2020-04-03,2024-12-11,0.004488625987215546
2024-12-17,603237,val,-0.02703325157530067,-0.003181756721784926,2020-04-03,2024-12-11,-0.0013200893359344317
2024-12-17,603335,val,0.09475576466016922,0.0018690444856008645,2020-04-03,2024-12-11,-0.0013200893359344317
2024-12-17,603341,val,0.05565340877427583,0.0016379027166866394,2020-04-03,2024-12-11,-0.0013200893359344317
2024-12-17,603658,val,-0.008540704649988455,-0.002667291485609935,2020-04-03,2024-12-11,0.004488625987215546
2024-12-17,605090,val,0.002372918873828295,-0.0008232815919844259,2020-04-03,2024-12-11,0.004488625987215546
2024-12-17,605589,val,0.04915215249286898,7.636947579166899e-06,2020-04-03,2024-12-11,0.004488625987215546
2024-12-17,688031,val,0.023777967549181718,0.0027339515658381893,2020-04-03,2024-12-11,0.0036524515038506436
2024-12-17,688045,val,0.014413867722667624,0.0002875607162776602,2020-04-03,2024-12-11,0.0036524515038506436
2024-12-17,688133,val,-0.09513887546024213,0.001785774740305011,2020-04-03,2024-12-11,-0.0013200893359344317
2024-12-17,688147,val,0.007571663629692422,0.004739965389335834,2020-04-03,2024-12-11,0.0036524515038506436
2024-12-17,688528,val,-0.01218026508954883,0.012969719027485884,2020-04-03,2024-12-11,0.0036524515038506436
2024-12-18,600025,val,0.033223346615864784,-0.006999568291728988,2020-04-03,2024-12-11,-0.00018429913308076304
2024-12-18,600051,val,-0.06461371080462563,0.0010575025139897382,2020-04-03,2024-12-11,-0.0013200893359344317
2024-12-18,600127,val,-0.07349559337799039,-0.0022151928754117274,2020-04-03,2024-12-11,-0.00018429913308076304
2024-12-18,600153,val,0.024844425027663257,-0.005328812208130249,2020-04-03,2024-12-11,-0.000857535577559452
2024-12-18,600548,val,0.05601028101279836,-0.006130215918994595,2020-04-03,2024-12-11,-0.0013200893359344317
2024-12-18,600865,val,0.04447280088438787,-0.0008799068640008446,2020-04-03,2024-12-11,-0.0013200893359344317
2024-12-18,600967,val,0.019056106509714003,0.009752278114534121,2020-04-03,2024-12-11,-0.0013200893359344317
2024-12-18,601222,val,0.020209562376796268,-0.006231820228146813,2020-04-03,2024-12-11,0.004488625987215546
2024-12-18,603237,val,-0.005782179606862453,-7.202374999825268e-05,2020-04-03,2024-12-11,-0.0013200893359344317
2024-12-18,603335,val,0.056280634645339604,0.004610592861381571,2020-04-03,2024-12-11,-0.0013200893359344317
2024-12-18,603341,val,0.059302619241422654,-0.00042401992775861275,2020-04-03,2024-12-11,-0.0013200893359344317
2024-12-18,603658,val,-0.006212346061388324,-0.004735514407494364,2020-04-03,2024-12-11,0.004488625987215546
2024-12-18,605090,val,0.02917610474109488,-0.003649162101307467,2020-04-03,2024-12-11,0.004488625987215546
2024-12-18,605589,val,0.047570081057824225,-0.0014850069780796193,2020-04-03,2024-12-11,0.004488625987215546
2024-12-18,688031,val,-0.04723087372029556,-0.0068894813887448916,2020-04-03,2024-12-11,0.0036524515038506436
2024-12-18,688045,val,-0.019781653995773925,0.0006649741811776482,2020-04-03,2024-12-11,0.0036524515038506436
2024-12-18,688133,val,-0.11825594669126094,0.005388150252334861,2020-04-03,2024-12-11,-0.0013200893359344317
2024-12-18,688147,val,-0.01940068550343533,0.002159643831076957,2020-04-03,2024-12-11,0.0036524515038506436
2024-12-18,688528,val,-0.03537297235127335,0.01998180126945354,2020-04-03,2024-12-11,0.0036524515038506436
2024-12-19,600025,val,-0.0020553953404781316,-0.0012893065054754955,2020-04-03,2024-12-11,-0.00018429913308076304
2024-12-19,600051,val,-0.06014686220440932,-0.0038601708055313938,2020-04-03,2024-12-11,-0.0013200893359344317
2024-12-19,600127,val,-0.033376202780688397,-0.0015054403699579528,2020-04-03,2024-12-11,-0.00018429913308076304
2024-12-19,600153,val,-0.022006817579527577,-0.007715234183182989,2020-04-03,2024-12-11,-0.000857535577559452
2024-12-19,600548,val,0.028740742180758977,0.00013710642323452868,2020-04-03,2024-12-11,-0.00018429913308076304
2024-12-19,600865,val,0.16506237173547214,0.0033440195736067478,2020-04-03,2024-12-11,-0.0013200893359344317
2024-12-19,600967,val,-0.0061652142655080604,0.006585527648298624,2020-04-03,2024-12-11,-0.0013200893359344317
2024-12-19,601222,val,-0.009112293029584244,-0.007080278584961178,2020-04-03,2024-12-11,0.004488625987215546
2024-12-19,603237,val,-0.027241592537249754,-0.0011141405749103758,2020-04-03,2024-12-11,-0.0013200893359344317
2024-12-19,603335,val,0.03281859778911214,-0.004316658755109158,2020-04-03,2024-12-11,-0.01826661460756771
2024-12-19,603341,val,0.13040161041986012,3.270145467798805e-05,2020-04-03,2024-12-11,-0.0013200893359344317
2024-12-19,603658,val,-0.014509370475851184,-0.008323168909525482,2020-04-03,2024-12-11,0.004488625987215546
2024-12-19,605090,val,0.014732936069597276,-0.002652185863433636,2020-04-03,2024-12-11,0.004488625987215546
2024-12-19,605589,val,0.027401685735715914,-0.0018067489699963041,2020-04-03,2024-12-11,0.004488625987215546
2024-12-19,688031,val,-0.05737794082055489,-0.0018199773865470075,2020-04-03,2024-12-11,0.0036524515038506436
2024-12-19,688045,val,-0.007041221618426434,0.0013471160891684402,2020-04-03,2024-12-11,0.0036524515038506436
2024-12-19,688133,val,-0.11980076985041685,0.004160485465811445,2020-04-03,2024-12-11,-0.0013200893359344317
2024-12-19,688147,val,-0.004630913133479046,-9.678271947893404e-05,2020-04-03,2024-12-11,0.0036524515038506436
2024-12-19,688528,val,-0.0356933502943427,0.02454735505746416,2020-04-03,2024-12-11,0.0036524515038506436
2024-12-20,600025,val,0.01893934799793729,0.00027745799684013306,2020-04-03,2024-12-11,0.004488625987215546
2024-12-20,600051,val,-0.03317681377644332,0.00172500132459333,2020-04-03,2024-12-11,-0.0013200893359344317
2024-12-20,600127,val,0.00607610906880785,0.004857809633466556,2020-04-03,2024-12-11,0.004488625987215546
2024-12-20,600153,val,-0.0004079470517114269,0.0032442160169979706,2020-04-03,2024-12-11,-0.00018429913308076304
2024-12-20,600548,val,0.05419555699239787,0.002689609512474792,2020-04-03,2024-12-11,-0.00018429913308076304
2024-12-20,600865,val,0.13507492009675637,0.004170531112837212,2020-04-03,2024-12-11,-0.0013200893359344317
2024-12-20,600967,val,0.04483786835310089,0.008499567444072122,2020-04-03,2024-12-11,-0.0013200893359344317
2024-12-20,601222,val,0.007890590488484178,-0.004099988415045086,2020-04-03,2024-12-11,0.004488625987215546
2024-12-20,603237,val,-0.01123922551892042,-0.0024113290979364175,2020-04-03,2024-12-11,-0.0013200893359344317
2024-12-20,603335,val,0.011320950979952898,-0.004683904794252024,2020-04-03,2024-12-11,-0.016778653933011072
2024-12-20,603341,val,0.028521787196792554,-0.007249671997324306,2020-04-03,2024-12-11,-0.000857535577559452
2024-12-20,603658,val,-0.009608834420708806,-0.0024479930242707585,2020-04-03,2024-12-11,0.004488625987215546
2024-12-20,605090,val,0.016434361958638795,-0.0037227284983938624,2020-04-03,2024-12-11,0.004488625987215546
2024-12-20,605589,val,0.018395153209864408,-0.0021804623762042234,2020-04-03,2024-12-11,0.004488625987215546
2024-12-20,688031,val,-0.15409995445648372,-0.020140704524620738,2020-04-03,2024-12-11,0.0036524515038506436
2024-12-20,688045,val,-0.04145545369956582,-0.004223868694896835,2020-04-03,2024-12-11,0.0036524515038506436
2024-12-20,688133,val,-0.10607975002003578,0.0067748386055042405,2020-04-03,2024-12-11,-0.0013200893359344317
2024-12-20,688147,val,0.05556931088948514,0.0007408247849247599,2020-04-03,2024-12-11,0.0036524515038506436
2024-12-20,688528,val,-0.04118797828834896,0.016755013075385215,2020-04-03,2024-12-11,0.0036524515038506436
2024-12-23,600025,val,-0.05212830107880915,-0.00473695095907022,2020-04-03,2024-12-11,-0.00018429913308076304
2024-12-23,600051,val,-0.025469460860647254,0.0011711628580588305,2020-04-03,2024-12-11,-0.0013200893359344317
2024-12-23,600127,val,-0.028880653937356816,0.005067891756166149,2020-04-03,2024-12-11,0.004488625987215546
2024-12-23,600153,val,-0.0042040031545112835,0.006664182622363457,2020-04-03,2024-12-11,-0.00018429913308076304
2024-12-23,600548,val,0.02022801538359755,0.002290678434635149,2020-04-03,2024-12-11,-0.00018429913308076304
2024-12-23,600865,val,0.27256824420597126,0.007898504479841946,2020-04-03,2024-12-11,-0.0013200893359344317
2024-12-23,600967,val,0.009149989995940987,0.0019269974878812284,2020-04-03,2024-12-11,-0.0013200893359344317
2024-12-23,601222,val,-0.019871609304691208,-0.005333354580614154,2020-04-03,2024-12-11,0.004488625987215546
2024-12-23,603237,val,0.02975513749252747,-0.002588486450321741,2020-04-03,2024-12-11,-0.0013200893359344317
2024-12-23,603335,val,-0.038022069658090275,-0.00703090157372396,2020-04-03,2024-12-11,-0.0013200893359344317
2024-12-23,603341,val,0.10685582590531753,-0.0072925256071231,2020-04-03,2024-12-11,-0.0013200893359344317
2024-12-23,603658,val,-0.025726506544118212,0.002466311052567514,2020-04-03,2024-12-11,0.004488625987215546
2024-12-23,605090,val,-0.01201455863041554,-0.005726635398956077,2020-04-03,2024-12-11,0.004488625987215546
2024-12-23,605589,val,-0.005196667533002498,-0.007097350280971896,2020-04-03,2024-12-11,-0.00018429913308076304
2024-12-23,688031,val,-0.11004169297278385,-0.0076184454711381135,2020-04-03,2024-12-11,0.0036524515038506436
2024-12-23,688045,val,-0.02792195187246014,-0.004604288155820945,2020-04-03,2024-12-11,0.0036524515038506436
2024-12-23,688133,val,-0.09884842976615113,0.004079619695281688,2020-04-03,2024-12-11,-0.0013200893359344317
2024-12-23,688147,val,0.02316683467833327,0.0052028735212085115,2020-04-03,2024-12-11,0.0036524515038506436
2024-12-23,688528,val,-0.013398142348650756,0.01383493465388771,2020-04-03,2024-12-11,0.0036524515038506436
2024-12-24,600025,val,-0.028514336455894927,-0.0009888516328271449,2020-04-03,2024-12-11,-0.00018429913308076304
2024-12-24,600051,val,-0.01061369543025422,0.0003126337969738218,2020-04-03,2024-12-11,-0.0013200893359344317
2024-12-24,600127,val,-0.011502484060978278,0.0007022449069136491,2020-04-03,2024-12-11,0.004488625987215546
2024-12-24,600153,val,0.020761793487607684,0.0074249277540080014,2020-04-03,2024-12-11,-0.00018429913308076304
2024-12-24,600548,val,0.0525037777602582,-0.0057953414018797654,2020-04-03,2024-12-11,-0.000857535577559452
2024-12-24,600865,val,0.2923398766101775,0.001842120303203522,2020-04-03,2024-12-11,-0.0013200893359344317
2024-12-24,600967,val,-0.02068800474612694,-0.00026985294577910077,2020-04-03,2024-12-11,-0.0013200893359344317
2024-12-24,601222,val,-0.011533516350075122,-0.001816334020561476,2020-04-03,2024-12-11,0.004488625987215546
2024-12-24,603237,val,0.01873945142289294,-0.0014211186722417272,2020-04-03,2024-12-11,-0.0013200893359344317
2024-12-24,603335,val,-0.029719615688006816,-0.011028805004206717,2020-04-03,2024-12-11,-0.0013200893359344317
2024-12-24,603341,val,0.007566115189747959,-0.0016808270252863702,2020-04-03,2024-12-11,-0.0013200893359344317
2024-12-24,603658,val,-0.01592306385506067,0.002292311957689026,2020-04-03,2024-12-11,0.004488625987215546
2024-12-24,605090,val,0.03853505467915878,-0.0018346134079625994,2020-04-03,2024-12-11,0.004488625987215546
2024-12-24,605589,val,-0.013276063002801451,-0.0030123680696310016,2020-04-03,2024-12-11,-0.00018429913308076304
2024-12-24,688031,val,-0.10327301903253468,-0.011797122640783125,2020-04-03,2024-12-11,0.0036524515038506436
2024-12-24,688045,val,-0.048618596156202974,0.003496863227724554,2020-04-03,2024-12-11,0.0036524515038506436
2024-12-24,688133,val,-0.08752906076667218,0.01043598459639022,2020-04-03,2024-12-11,-0.0013200893359344317
2024-12-24,688147,val,-0.029695814062091284,0.003536788696678581,2020-04-03,2024-12-11,0.0036524515038506436
2024-12-24,688528,val,-0.01955879954314351,0.008175577665729706,2020-04-03,2024-12-11,0.0036524515038506436
2024-12-25,600025,val,-0.04738813681320878,-0.0017264273361277868,2020-04-03,2024-12-11,-0.00018429913308076304
2024-12-25,600051,val,0.01087117281324864,0.0021363488763946918,2020-04-03,2024-12-11,-0.0013200893359344317
2024-12-25,600127,val,0.014148056611529368,0.0006304592952119176,2020-04-03,2024-12-11,0.004488625987215546
2024-12-25,600153,val,-0.02726968398212585,0.002478514219949267,2020-04-03,2024-12-11,-0.00018429913308076304
2024-12-25,600548,val,0.061058832294455266,-0.008426410057964287,2020-04-03,2024-12-11,-0.000857535577559452
2024-12-25,600865,val,0.2519926681403513,-0.014782791998143353,2020-04-03,2024-12-11,-0.0013200893359344317
2024-12-25,600967,val,-0.031441340308462164,-0.00015945388577887805,2020-04-03,2024-12-11,-0.0013200893359344317
2024-12-25,601222,val,-0.021023204875521485,-0.002183234862522844,2020-04-03,2024-12-11,0.004488625987215546
2024-12-25,603237,val,0.056792516366494704,-0.0017390175119412282,2020-04-03,2024-12-11,-0.0013200893359344317
2024-12-25,603335,val,0.057120873268556714,-0.007012109532398867,2020-04-03,2024-12-11,-0.0013200893359344317
2024-12-25,603341,val,-0.05590676761423755,-0.0028773607146439033,2020-04-03,2024-12-11,-0.0013200893359344317
2024-12-25,603658,val,-0.05007075167454748,0.0010332217672082262,2020-04-03,2024-12-11,0.004488625987215546
2024-12-25,605090,val,0.012644143441223742,-0.002897543968425649,2020-04-03,2024-12-11,0.004488625987215546
2024-12-25,605589,val,-0.014831433763183556,-0.0011744044986884649,2020-04-03,2024-12-11,-0.00018429913308076304
2024-12-25,688031,val,-0.09667858506347962,-0.00046951296007031215,2020-04-03,2024-12-11,0.0036524515038506436
2024-12-25,688045,val,-0.03943068952388221,0.008009015483952579,2020-04-03,2024-12-11,0.0036524515038506436
2024-12-25,688133,val,-0.04838848224079865,0.01615950243292589,2020-04-03,2024-12-11,-0.0013200893359344317
2024-12-25,688147,val,-0.047374201325939315,0.004938862062181498,2020-04-03,2024-12-11,0.0036524515038506436
2024-12-25,688528,val,0.015175014249526907,0.006636561273033437,2020-04-03,2024-12-11,0.0036524515038506436
2024-12-26,600025,val,0.027890115712425972,0.0028672022598071416,2020-04-03,2024-12-11,-0.00018429913308076304
2024-12-26,600051,val,0.00633665846914136,-0.00306730001795147,2020-04-03,2024-12-11,-0.0013200893359344317
2024-12-26,600127,val,0.0008590072859685771,-0.0008234893693886637,2020-04-03,2024-12-11,0.004488625987215546
2024-12-26,600153,val,0.022917830815380485,0.004644602662669714,2020-04-03,2024-12-11,-0.00018429913308076304
2024-12-26,600548,val,0.09120607154127838,-6.174611220069028e-05,2020-04-03,2024-12-11,-0.00018429913308076304
2024-12-26,600865,val,0.07778712041939786,-0.01755662115292879,2020-04-03,2024-12-11,-0.016778653933011072
2024-12-26,600967,val,-0.0002451204531175033,0.004247062400460151,2020-04-03,2024-12-11,-0.0013200893359344317
2024-12-26,601222,val,0.03260503903200043,0.0023155123739301135,2020-04-03,2024-12-11,0.004488625987215546
2024-12-26,603237,val,0.05478334381900088,-0.0027573202901704694,2020-04-03,2024-12-11,-0.0013200893359344317
2024-12-26,603335,val,-0.0791267307696529,-0.0016397201357279823,2020-04-03,2024-12-11,-0.0013200893359344317
2024-12-26,603341,val,-0.13378364136718798,-0.011266922276250115,2020-04-03,2024-12-11,-0.01826661460756771
2024-12-26,603658,val,0.016886558779445143,-0.0017291755786888526,2020-04-03,2024-12-11,0.004488625987215546
2024-12-26,605090,val,0.06517927966316142,0.0008267192307814962,2020-04-03,2024-12-11,0.004488625987215546
2024-12-26,605589,val,0.031862046799646465,0.006010763467692407,2020-04-03,2024-12-11,-0.00018429913308076304
2024-12-26,688031,val,-0.11761141118444982,-0.0005343268375090113,2020-04-03,2024-12-11,0.0036524515038506436
2024-12-26,688045,val,-0.07569712266821957,0.005794237747270474,2020-04-03,2024-12-11,0.0036524515038506436
2024-12-26,688133,val,-0.023935908093530384,0.0062108836752580165,2020-04-03,2024-12-11,-0.0013200893359344317
2024-12-26,688147,val,0.020504770606831785,0.0025917723021221654,2020-04-03,2024-12-11,0.0036524515038506436
2024-12-26,688528,val,-0.018417908407520417,0.002502083734976354,2020-04-03,2024-12-11,0.0036524515038506436
2024-12-27,600025,val,0.03715061488162395,0.0015123816293533617,2020-04-03,2024-12-11,-0.00018429913308076304
2024-12-27,600051,val,0.005334273887394922,-1.9627679387532946e-05,2020-04-03,2024-12-11,-0.0013200893359344317
2024-12-27,600127,val,0.005864805103167212,0.00198414378064645,2020-04-03,2024-12-11,0.004488625987215546
2024-12-27,600153,val,0.03487710273704035,0.005279181407246706,2020-04-03,2024-12-11,-0.00018429913308076304
2024-12-27,600548,val,0.10056148016115217,0.0013881795763410793,2020-04-03,2024-12-11,-0.00018429913308076304
2024-12-27,600865,val,0.028719242332604464,-0.01595373769694763,2020-04-03,2024-12-11,-0.01826661460756771
2024-12-27,600967,val,-0.019667784459889384,0.004610184131713742,2020-04-03,2024-12-11,-0.0013200893359344317
2024-12-27,601222,val,0.06023388410335449,0.0012956440465277375,2020-04-03,2024-12-11,0.004488625987215546
2024-12-27,603237,val,0.03469636215249493,-0.0033546637821371002,2020-04-03,2024-12-11,-0.0013200893359344317
2024-12-27,603335,val,-0.12705192620306938,-0.0051454211374675025,2020-04-03,2024-12-11,-0.0013200893359344317
2024-12-27,603341,val,-0.07965551351032675,-0.005238384976785257,2020-04-03,2024-12-11,-0.016778653933011072
2024-12-27,603658,val,0.03347632158070167,0.0010624087625357088,2020-04-03,2024-12-11,0.004488625987215546
2024-12-27,605090,val,0.08260299208449372,0.0021706701936887785,2020-04-03,2024-12-11,0.004488625987215546
2024-12-27,605589,val,0.0418696599900643,0.0036391617641301404,2020-04-03,2024-12-11,0.004488625987215546
2024-12-27,688031,val,-0.08583342722006494,-0.00728356033814307,2020-04-03,2024-12-11,0.0036524515038506436
2024-12-27,688045,val,-0.08841056849583652,0.004044708851551827,2020-04-03,2024-12-11,0.0036524515038506436
2024-12-27,688133,val,-0.02533611266137882,0.008088463101480078,2020-04-03,2024-12-11,-0.0013200893359344317
2024-12-27,688147,val,-0.04195219175968491,-0.002874358540415025,2020-04-03,2024-12-11,-0.01826661460756771
2024-12-27,688528,val,0.002520785296158609,0.003368844990219468,2020-04-03,2024-12-11,-0.0013200893359344317
2024-12-30,600025,val,0.04601992324929044,-0.00036198011751626313,2020-04-03,2024-12-11,-0.00018429913308076304
2024-12-30,600051,val,0.030926820705361957,-0.0023626294992670264,2020-04-03,2024-12-11,-0.0013200893359344317
2024-12-30,600127,val,0.034560359969012244,-0.0003339900232964693,2020-04-03,2024-12-11,0.004488625987215546
2024-12-30,600153,val,0.02576346161835491,0.007816356974357468,2020-04-03,2024-12-11,-0.00018429913308076304
2024-12-30,600548,val,0.08038103561013293,0.0028868393725328405,2020-04-03,2024-12-11,-0.00018429913308076304
2024-12-30,600865,val,-0.1294068850517474,-0.01910501029339853,2020-04-03,2024-12-11,-0.01826661460756771
2024-12-30,600967,val,-0.008665176597099589,0.0044087914848514615,2020-04-03,2024-12-11,-0.0013200893359344317
2024-12-30,601222,val,0.0447732164964007,0.002215404039020816,2020-04-03,2024-12-11,0.004488625987215546
2024-12-30,603237,val,0.033116113375040446,-0.004430896034525007,2020-04-03,2024-12-11,-0.0013200893359344317
2024-12-30,603335,val,-0.11242521900972563,-3.188337348507104e-05,2020-04-03,2024-12-11,-0.0013200893359344317
2024-12-30,603341,val,-0.10315313984541002,-0.0009123309103746343,2020-04-03,2024-12-11,-0.000857535577559452
2024-12-30,603658,val,0.022132723155680656,0.003949591914525764,2020-04-03,2024-12-11,0.004488625987215546
2024-12-30,605090,val,0.06326484968068563,0.003938960309355538,2020-04-03,2024-12-11,0.004488625987215546
2024-12-30,605589,val,0.03701403367761896,0.005969514308165559,2020-04-03,2024-12-11,0.004488625987215546
2024-12-30,688031,val,-0.06199387265251505,-0.005754902797558847,2020-04-03,2024-12-11,0.0036524515038506436
2024-12-30,688045,val,-0.023404103359486894,0.0014420672515196389,2020-04-03,2024-12-11,0.0036524515038506436
2024-12-30,688133,val,0.0259214566612605,0.002992698126632379,2020-04-03,2024-12-11,-0.0013200893359344317
2024-12-30,688147,val,-0.029177953202224216,-0.0003966968967491838,2020-04-03,2024-12-11,0.0036524515038506436
2024-12-30,688528,val,0.024352355519369373,-0.0033556857506384027,2020-04-03,2024-12-11,-0.0013200893359344317
2024-12-31,600025,val,0.03734717367058736,-0.00042640024190784517,2020-04-03,2024-12-11,-0.00018429913308076304
2024-12-31,600051,val,0.034335639494693856,-0.0016707943717242932,2020-04-03,2024-12-11,-0.0013200893359344317
2024-12-31,600127,val,0.019712873528383232,0.0005182572346512328,2020-04-03,2024-12-11,0.004488625987215546
2024-12-31,600153,val,0.01142775677372708,0.00609893851499795,2020-04-03,2024-12-11,-0.00018429913308076304
2024-12-31,600548,val,0.05509748131380508,-0.0032306172224944476,2020-04-03,2024-12-11,-0.00018429913308076304
2024-12-31,600865,val,-0.12845374548913835,-0.011443845716199521,2020-04-03,2024-12-11,-0.044703404911798125
2024-12-31,600967,val,-0.010131716743041821,-0.00030443467668869837,2020-04-03,2024-12-11,-0.0013200893359344317
2024-12-31,601222,val,0.040440890344501365,-0.0006272782446696435,2020-04-03,2024-12-11,0.004488625987215546
2024-12-31,603237,val,0.05551769974635144,-0.0012614920062603639,2020-04-03,2024-12-11,-0.0013200893359344317
2024-12-31,603335,val,-0.15170460635863614,0.004444808989887969,2020-04-03,2024-12-11,-0.0013200893359344317
2024-12-31,603341,val,-0.05563253428656391,0.003926095532988551,2020-04-03,2024-12-11,-0.0013200893359344317
2024-12-31,603658,val,0.015324291345108251,0.0014553808866158517,2020-04-03,2024-12-11,0.004488625987215546
2024-12-31,605090,val,0.003218942342633188,0.005401135557883494,2020-04-03,2024-12-11,-0.00018429913308076304
2024-12-31,605589,val,0.01266540846730567,0.002795139237476599,2020-04-03,2024-12-11,0.004488625987215546
2024-12-31,688031,val,-0.041873205480194256,-0.005993215013259281,2020-04-03,2024-12-11,0.0036524515038506436
2024-12-31,688045,val,0.0027532998234079814,0.00029579515062328593,2020-04-03,2024-12-11,0.0036524515038506436
2024-12-31,688133,val,0.07006774386720903,0.0005822843831470039,2020-04-03,2024-12-11,-0.0013200893359344317
2024-12-31,688147,val,-0.0109750665677837,-0.0038232378213764553,2020-04-03,2024-12-11,-0.0013200893359344317
2024-12-31,688528,val,0.04086167420764451,0.0018376979104606026,2020-04-03,2024-12-11,-0.0013200893359344317
2025-01-02,600025,val,0.03428755402203139,0.0011030760573785595,2020-04-03,2024-12-11,-0.00018429913308076304
2025-01-02,600051,val,0.02498982728152639,-0.0028994210800317565,2020-04-03,2024-12-11,-0.0013200893359344317
2025-01-02,600127,val,0.018622651082671318,0.0006492543067424333,2020-04-03,2024-12-11,0.004488625987215546
2025-01-02,600153,val,0.029034703942845533,-5.526937416008265e-05,2020-04-03,2024-12-11,-0.00018429913308076304
2025-01-02,600548,val,0.012699143747353106,-0.0016615743621300751,2020-04-03,2024-12-11,-0.00018429913308076304
2025-01-02,600865,val,-0.2138832687344266,-0.02488667917725916,2020-04-03,2024-12-11,-0.044703404911798125
2025-01-02,600967,val,0.022721166124372208,0.0022494521104654596,2020-04-03,2024-12-11,-0.0013200893359344317
2025-01-02,601222,val,0.03649107254900526,0.006012901983587654,2020-04-03,2024-12-11,0.004488625987215546
2025-01-02,603237,val,0.018009808553387144,-0.0004859305330870816,2020-04-03,2024-12-11,-0.0013200893359344317
2025-01-02,603335,val,-0.19052657871106998,0.0005829617045996123,2020-04-03,2024-12-11,-0.0013200893359344317
2025-01-02,603341,val,-0.014231197121253022,0.007016136149894841,2020-04-03,2024-12-11,-0.0013200893359344317
2025-01-02,603658,val,0.02290704063652778,-0.00751254669305334,2020-04-03,2024-12-11,0.004488625987215546
2025-01-02,605090,val,0.009865381463920311,0.00512179793911805,2020-04-03,2024-12-11,-0.00018429913308076304
2025-01-02,605589,val,0.07771085759981518,0.005709017207885825,2020-04-03,2024-12-11,-0.00018429913308076304
2025-01-02,688031,val,-0.0472269051430219,-0.004314981885901628,2020-04-03,2024-12-11,0.0036524515038506436
2025-01-02,688045,val,0.025066368665323704,0.002829490435049398,2020-04-03,2024-12-11,0.0036524515038506436
2025-01-02,688133,val,0.07477140265004929,0.002175052293639262,2020-04-03,2024-12-11,-0.0013200893359344317
2025-01-02,688147,val,0.03493800248913222,0.007519195158724713,2020-04-03,2024-12-11,-0.0013200893359344317
2025-01-02,688528,val,0.023752968901810737,-0.0005777141573107687,2020-04-03,2024-12-11,-0.0013200893359344317
2025-01-03,600025,val,0.0048470606042589695,-0.006252824401925259,2020-04-03,2024-12-11,-0.00018429913308076304
2025-01-03,600051,val,0.020506345374010727,-0.0020265959538128234,2020-04-03,2024-12-11,-0.0013200893359344317
2025-01-03,600127,val,0.016518543356652017,-0.0002721223756704077,2020-04-03,2024-12-11,0.004488625987215546
2025-01-03,600153,val,-0.007272188405666145,-0.001393544329737378,2020-04-03,2024-12-11,-0.00018429913308076304
2025-01-03,600548,val,0.018359477780862533,-0.0051166250816011664,2020-04-03,2024-12-11,-0.000857535577559452
2025-01-03,600865,val,-0.20919909100794168,-0.00027272496355465513,2020-04-03,2024-12-11,-0.016778653933011072
2025-01-03,600967,val,0.13051645021170163,0.0013124457302093751,2020-04-03,2024-12-11,-0.0013200893359344317
2025-01-03,601222,val,0.007848041179656297,-0.004528083424064789,2020-04-03,2024-12-11,-0.00018429913308076304
2025-01-03,603237,val,0.06681176409322251,-0.005482293525067406,2020-04-03,2024-12-11,-0.0013200893359344317
2025-01-03,603335,val,-0.1650340776917674,-0.0008521794064319976,2020-04-03,2024-12-11,-0.0013200893359344317
2025-01-03,603341,val,-0.019690940436865277,0.006324202551901824,2020-04-03,2024-12-11,-0.0013200893359344317
2025-01-03,603658,val,-0.012153047979268992,-0.0039444809951246175,2020-04-03,2024-12-11,-0.00018429913308076304
2025-01-03,605090,val,-0.01770920718442428,-0.005042445111265017,2020-04-03,2024-12-11,-0.00018429913308076304
2025-01-03,605589,val,0.08304644054657015,-0.00170606204843707,2020-04-03,2024-12-11,-0.00018429913308076304
2025-01-03,688031,val,-0.010704216071308802,0.006278077868901055,2020-04-03,2024-12-11,0.0036524515038506436
2025-01-03,688045,val,0.055573115461737245,0.009797355663984141,2020-04-03,2024-12-11,0.0036524515038506436
2025-01-03,688133,val,0.0512369527581916,0.0024169811717018393,2020-04-03,2024-12-11,-0.0013200893359344317
2025-01-03,688147,val,-0.043038966650003084,0.002438202393805685,2020-04-03,2024-12-11,-0.0013200893359344317
2025-01-03,688528,val,0.029537544060381983,0.006896934320340625,2020-04-03,2024-12-11,-0.0013200893359344317
2025-01-06,600025,val,-0.011268427520204363,-0.006856291776287165,2020-04-03,2024-12-11,-0.00018429913308076304
2025-01-06,600051,val,0.018165432906916787,-0.0022653938356077307,2020-04-03,2024-12-11,-0.0013200893359344317
2025-01-06,600127,val,-0.001706558117155102,-0.0029130877152264787,2020-04-03,2024-12-11,0.004488625987215546
2025-01-06,600153,val,-0.0103451726202793,-0.0005953667618571747,2020-04-03,2024-12-11,-0.00018429913308076304
2025-01-06,600548,val,-0.019221070632633855,-0.0014159362893356642,2020-04-03,2024-12-11,-0.000857535577559452
2025-01-06,600865,val,-0.14322895697244703,0.009111045458130683,2020-04-03,2024-12-11,0.0036524515038506436
2025-01-06,600967,val,0.14969810890637852,-0.0024232005614291245,2020-04-03,2024-12-11,-0.0013200893359344317
2025-01-06,601222,val,-0.0208797317563338,-0.004083634312694414,2020-04-03,2024-12-11,-0.00018429913308076304
2025-01-06,603237,val,0.04578725250827591,-0.006289910632101407,2020-04-03,2024-12-11,-0.0013200893359344317
2025-01-06,603335,val,-0.09236876615282426,0.003597616477898273,2020-04-03,2024-12-11,-0.0013200893359344317
2025-01-06,603341,val,-0.0433075567613674,0.0029253969080727145,2020-04-03,2024-12-11,-0.0013200893359344317
2025-01-06,603658,val,-0.03009703787472258,-0.004458206661575095,2020-04-03,2024-12-11,-0.00018429913308076304
2025-01-06,605090,val,-0.03535070299747474,-0.006979377390943335,2020-04-03,2024-12-11,-0.000857535577559452
2025-01-06,605589,val,0.07106019923780442,-0.0009110768204460929,2020-04-03,2024-12-11,-0.00018429913308076304
2025-01-06,688031,val,0.007530475490404351,0.006714826033481341,2020-04-03,2024-12-11,0.0036524515038506436
2025-01-06,688045,val,0.06884432428429625,0.007000875584117296,2020-04-03,2024-12-11,0.0036524515038506436
2025-01-06,688133,val,0.06913693947052839,0.005201954107955996,2020-04-03,2024-12-11,-0.0013200893359344317
2025-01-06,688147,val,-0.03698046337584633,0.0001439992666739506,2020-04-03,2024-12-11,-0.0013200893359344317
2025-01-06,688528,val,0.014531711976684167,0.0030699870053254802,2020-04-03,2024-12-11,-0.0013200893359344317
2025-01-07,600025,val,-0.024461359166265018,-0.008077962760203887,2020-04-03,2024-12-11,-0.00018429913308076304
2025-01-07,600051,val,0.001252978152667228,0.0002642928769911758,2020-04-03,2024-12-11,-0.0013200893359344317
2025-01-07,600127,val,-0.013263150879590735,-0.0018608529753118795,2020-04-03,2024-12-11,-0.00018429913308076304
2025-01-07,600153,val,-0.03528958259765258,-0.0032265553685503303,2020-04-03,2024-12-11,-0.00018429913308076304
2025-01-07,600548,val,-0.03975115337257917,-0.0019489664624694658,2020-04-03,2024-12-11,-0.00018429913308076304
2025-01-07,600865,val,-0.06612658700293883,0.008555866621146432,2020-04-03,2024-12-11,0.0036524515038506436
2025-01-07,600967,val,0.14704219263185958,-0.0018661035582420726,2020-04-03,2024-12-11,-0.0013200893359344317
2025-01-07,601222,val,-0.023959972395483087,-0.005542618023969192,2020-04-03,2024-12-11,-0.00018429913308076304
2025-01-07,603237,val,0.060131344533253084,-0.0013391138331530468,2020-04-03,2024-12-11,-0.0013200893359344317
2025-01-07,603335,val,-0.057413261254866566,0.0033179410432396836,2020-04-03,2024-12-11,-0.0013200893359344317
2025-01-07,603341,val,-0.028603515213243558,0.006589349845066169,2020-04-03,2024-12-11,-0.0013200893359344317
2025-01-07,603658,val,-0.04046394217533755,-0.005332394957318106,2020-04-03,2024-12-11,-0.00018429913308076304
2025-01-07,605090,val,-0.024793044819939714,-0.011424857435975398,2020-04-03,2024-12-11,-0.00018429913308076304
2025-01-07,605589,val,0.07728100612308542,0.0019517592793188013,2020-04-03,2024-12-11,-0.00018429913308076304
2025-01-07,688031,val,-0.001209030338385264,0.0043493326246488275,2020-04-03,2024-12-11,0.0036524515038506436
2025-01-07,688045,val,0.01357581532319252,0.006637406530729545,2020-04-03,2024-12-11,0.0036524515038506436
2025-01-07,688133,val,0.0504347070685488,0.0017474817865262141,2020-04-03,2024-12-11,-0.0013200893359344317
2025-01-07,688147,val,-0.013263150879590846,-0.0019832041505613417,2020-04-03,2024-12-11,-0.0013200893359344317
2025-01-07,688528,val,0.018879706263266294,0.007763417002239871,2020-04-03,2024-12-11,-0.0013200893359344317
2025-01-08,600025,val,-0.039925075182341646,-0.006853329748786429,2020-04-03,2024-12-11,-0.00018429913308076304
2025-01-08,600051,val,0.008818404628019224,-0.0008318304670009548,2020-04-03,2024-12-11,-0.0013200893359344317
2025-01-08,600127,val,-0.01388604191305273,-0.0026309514121295677,2020-04-03,2024-12-11,-0.00018429913308076304
2025-01-08,600153,val,-0.015453440032175162,-0.002809797503839463,2020-04-03,2024-12-11,-0.00018429913308076304
2025-01-08,600548,val,-0.047721417905561364,0.0009705582659285392,2020-04-03,2024-12-11,-0.000857535577559452
2025-01-08,600865,val,-0.06723337530725612,0.012922830864857626,2020-04-03,2024-12-11,0.0036524515038506436
2025-01-08,600967,val,0.162841133611236,-0.004221182529621976,2020-04-03,2024-12-11,-0.0013200893359344317
2025-01-08,601222,val,-0.023141016907943762,-0.004768230036688055,2020-04-03,2024-12-11,-0.00018429913308076304
2025-01-08,603237,val,0.00044661675374216454,-0.004673662390938766,2020-04-03,2024-12-11,-0.0013200893359344317
2025-01-08,603335,val,-0.02473418249157175,0.013824404751825583,2020-04-03,2024-12-11,-0.0013200893359344317
2025-01-08,603341,val,-0.024373162529697207,0.0004946680020960232,2020-04-03,2024-12-11,-0.0013200893359344317
2025-01-08,603658,val,-0.04271025423572569,-0.003412312060957274,2020-04-03,2024-12-11,-0.00018429913308076304
2025-01-08,605090,val,-0.03354279515452982,-0.0037231194296144135,2020-04-03,2024-12-11,-0.00018429913308076304
2025-01-08,605589,val,0.10545103620225063,-0.0035682635811660505,2020-04-03,2024-12-11,-0.00018429913308076304
2025-01-08,688031,val,-0.0034700700150556967,0.002299611773870461,2020-04-03,2024-12-11,0.0036524515038506436
2025-01-08,688045,val,0.03370480912607446,0.0063838608157147595,2020-04-03,2024-12-11,0.0036524515038506436
2025-01-08,688133,val,0.015968831191639637,-0.000808037854381333,2020-04-03,2024-12-11,-0.0013200893359344317
2025-01-08,688147,val,0.0020077798167653944,-2.948640564170906e-05,2020-04-03,2024-12-11,-0.0013200893359344317
2025-01-08,688528,val,0.00695222034518342,8.487030624956484e-06,2020-04-03,2024-12-11,-0.0013200893359344317
2025-01-09,600025,val,-0.03193776673192719,-0.00789380930865841,2020-04-03,2024-12-11,-0.00018429913308076304
2025-01-09,600051,val,0.0126098438129911,0.00014538713643431022,2020-04-03,2024-12-11,-0.0013200893359344317
2025-01-09,600127,val,-0.015299038228792111,-0.0014337368003232494,2020-04-03,2024-12-11,-0.00018429913308076304
2025-01-09,600153,val,-0.019538892862347473,-0.006746401068346902,2020-04-03,2024-12-11,-0.00018429913308076304
2025-01-09,600548,val,-0.042828691939920366,-0.0008838473276368459,2020-04-03,2024-12-11,-0.00018429913308076304
2025-01-09,600865,val,0.021972332375911535,0.009335862063913044,2020-04-03,2024-12-11,0.0036524515038506436
2025-01-09,600967,val,0.1182280798144548,-0.005509801417317281,2020-04-03,2024-12-11,-0.00018429913308076304
2025-01-09,601222,val,-0.010672808743099865,-0.0029142138500734415,2020-04-03,2024-12-11,-0.00018429913308076304
2025-01-09,603237,val,-0.004623282969228121,-0.0010231348123983693,2020-04-03,2024-12-11,-0.0013200893359344317
2025-01-09,603335,val,-0.009894606594852223,0.005104098140293435,2020-04-03,2024-12-11,-0.0013200893359344317
2025-01-09,603341,val,-0.026038921165984413,0.002906745773967329,2020-04-03,2024-12-11,-0.0013200893359344317
2025-01-09,603658,val,-0.0455042312658436,-0.0022718306248623093,2020-04-03,2024-12-11,-0.00018429913308076304
2025-01-09,605090,val,-0.03461830167998761,-0.0033620393136881014,2020-04-03,2024-12-11,-0.00018429913308076304
2025-01-09,605589,val,0.03808776635418451,-0.007932158547256653,2020-04-03,2024-12-11,-0.01826661460756771
2025-01-09,688031,val,0.03163489030758601,0.0011984676851434003,2020-04-03,2024-12-11,0.0036524515038506436
2025-01-09,688045,val,-0.0032880492178029297,0.006018297396552056,2020-04-03,2024-12-11,0.0036524515038506436
2025-01-09,688133,val,0.0016112943270547297,0.0055346159759686615,2020-04-03,2024-12-11,-0.0013200893359344317
2025-01-09,688147,val,0.010243855312153077,0.0016342852825843711,2020-04-03,2024-12-11,-0.0013200893359344317
2025-01-09,688528,val,0.009856529095450178,0.006667431699856925,2020-04-03,2024-12-11,-0.0013200893359344317
2025-01-10,600025,val,-0.04419668829784908,-0.0044653129648070475,2020-04-03,2025-01-09,-6.177819170976897e-05
2025-01-10,600051,val,0.019332050075630422,-0.00020408587610397155,2020-04-03,2025-01-09,0.0017560031891592082
2025-01-10,600127,val,-0.007114270715431484,-0.0007524452736809754,2020-04-03,2025-01-09,0.004700121718127152
2025-01-10,600153,val,0.019347490067138415,-0.0036218517562232352,2020-04-03,2025-01-09,-6.177819170976897e-05
2025-01-10,600548,val,-0.07624029091941166,0.0006038057336182468,2020-04-03,2025-01-09,-6.177819170976897e-05
2025-01-10,600865,val,0.018482185428182904,0.007421550615594784,2020-04-03,2025-01-09,-0.001963647327248911
2025-01-10,600967,val,0.008469866718061145,-0.010189963930079822,2020-04-03,2025-01-09,-0.017661049599221164
2025-01-10,601222,val,0.006520659927695668,-0.0008790768568194243,2020-04-03,2025-01-09,-6.177819170976897e-05
2025-01-10,603237,val,-0.05918329544070623,-0.003375594571107026,2020-04-03,2025-01-09,0.0017560031891592082
2025-01-10,603335,val,0.0010009248997639858,0.00403127692319669,2020-04-03,2025-01-09,-0.001963647327248911
2025-01-10,603341,val,-0.005174456178189249,-0.0007768194584751644,2020-04-03,2025-01-09,-0.001963647327248911
2025-01-10,603658,val,-0.03792940719185835,0.00046057897865000626,2020-04-03,2025-01-09,-6.177819170976897e-05
2025-01-10,605090,val,-0.03160086961028476,-0.0020049599365035507,2020-04-03,2025-01-09,-6.177819170976897e-05
2025-01-10,605589,val,0.007133536373622004,0.002159175188093908,2020-04-03,2025-01-09,-0.0008381995482068732
2025-01-10,688031,val,0.035429840711240765,-0.0026587381616899794,2020-04-03,2025-01-09,-0.001963647327248911
2025-01-10,688045,val,0.03313018821546797,0.0029368393735127755,2020-04-03,2025-01-09,-0.001963647327248911
2025-01-10,688133,val,0.039367323311309196,0.0033248617816629008,2020-04-03,2025-01-09,0.0017560031891592082
2025-01-10,688147,val,0.04699581088447434,0.0009093141344975771,2020-04-03,2025-01-09,-0.001963647327248911
2025-01-10,688528,val,0.02622940174114395,0.005691492899196176,2020-04-03,2025-01-09,0.0017560031891592082
2025-01-13,600025,val,-0.054129764233218025,-0.0034534096372307557,2020-04-03,2025-01-09,-6.177819170976897e-05
2025-01-13,600051,val,0.022041825371207358,0.0013374324572510907,2020-04-03,2025-01-09,0.0017560031891592082
2025-01-13,600127,val,-0.02842789568674875,0.0005009006776974292,2020-04-03,2025-01-09,0.004700121718127152
2025-01-13,600153,val,0.005831276980728495,-0.0025884049537693355,2020-04-03,2025-01-09,-6.177819170976897e-05
2025-01-13,600548,val,-0.06113057028712743,-0.000927373464195703,2020-04-03,2025-01-09,-6.177819170976897e-05
2025-01-13,600865,val,0.02352379838602725,0.017069505757752144,2020-04-03,2025-01-09,-0.001963647327248911
2025-01-13,600967,val,-0.035929488218721106,-0.015609445484732266,2020-04-03,2025-01-09,-0.018267127233290943
2025-01-13,601222,val,0.014352623709924739,-0.0001296265810931825,2020-04-03,2025-01-09,-6.177819170976897e-05
2025-01-13,603237,val,-0.0552360730671001,-0.005964454447545152,2020-04-03,2025-01-09,0.0017560031891592082
2025-01-13,603335,val,0.020743124072506447,0.0014996225187269721,2020-04-03,2025-01-09,-0.001963647327248911
2025-01-13,603341,val,0.006636074269781522,-0.0019236629361150366,2020-04-03,2025-01-09,-0.001963647327248911
2025-01-13,603658,val,-0.04166482879936417,-7.673000478765155e-05,2020-04-03,2025-01-09,-6.177819170976897e-05
2025-01-13,605090,val,-0.0327780785932017,-0.0025022945181881395,2020-04-03,2025-01-09,-6.177819170976897e-05
2025-01-13,605589,val,0.04854466385009393,-0.001082354213432962,2020-04-03,2025-01-09,-6.177819170976897e-05
2025-01-13,688031,val,0.014909574681788218,-0.0011019629489404537,2020-04-03,2025-01-09,-0.001963647327248911
2025-01-13,688045,val,0.07444171439368064,0.0006222220631619395,2020-04-03,2025-01-09,-0.001963647327248911
2025-01-13,688133,val,0.015609817267890236,0.007085866372302349,2020-04-03,2025-01-09,0.0017560031891592082
2025-01-13,688147,val,0.020755060665325065,-2.3571494867266585e-07,2020-04-03,2025-01-09,-0.001963647327248911
2025-01-13,688528,val,0.04190714523652739,0.005854451900620248,2020-04-03,2025-01-09,0.0017560031891592082
2025-01-14,600025,val,-0.03963665431289819,-0.0023108097996192858,2020-04-03,2025-01-09,-6.177819170976897e-05
2025-01-14,600051,val,0.0043563094055998515,0.001613138254602744,2020-04-03,2025-01-09,0.0017560031891592082
2025-01-14,600127,val,-0.03169690066721796,0.001984729011225222,2020-04-03,2025-01-09,0.004700121718127152
2025-01-14,600153,val,-0.0023342046378551466,-0.0027806825053007535,2020-04-03,2025-01-09,-6.177819170976897e-05
2025-01-14,600548,val,-0.04113004272946795,-0.002643481062575819,2020-04-03,2025-01-09,-6.177819170976897e-05
2025-01-14,600865,val,0.11667375681196669,0.007915347540984828,2020-04-03,2025-01-09,-0.001963647327248911
2025-01-14,600967,val,-0.03445843413050552,-0.015126954358050785,2020-04-03,2025-01-09,-0.0008381995482068732
2025-01-14,601222,val,0.023894410446181586,-0.0002398103866071768,2020-04-03,2025-01-09,-6.177819170976897e-05
2025-01-14,603237,val,-0.0692087715124221,-0.00564504391297076,2020-04-03,2025-01-09,0.0017560031891592082
2025-01-14,603335,val,-0.023959467313926158,0.002321823275033682,2020-04-03,2025-01-09,-0.001963647327248911
2025-01-14,603341,val,0.05392495130484477,-0.0027270637495587793,2020-04-03,2025-01-09,-0.001963647327248911
2025-01-14,603658,val,-0.02743130224384958,-0.0005961800634884728,2020-04-03,2025-01-09,0.004700121718127152
2025-01-14,605090,val,-0.013555153721275009,-0.0018189688603745657,2020-04-03,2025-01-09,-6.177819170976897e-05
2025-01-14,605589,val,0.04867309100134222,0.0014611898842060796,2020-04-03,2025-01-09,-6.177819170976897e-05
2025-01-14,688031,val,-0.025173706755432162,-0.002481640722766553,2020-04-03,2025-01-09,-0.001963647327248911
2025-01-14,688045,val,0.06369079906865883,0.002139705599139774,2020-04-03,2025-01-09,-0.001963647327248911
2025-01-14,688133,val,-0.023200659327839084,0.008537978365615595,2020-04-03,2025-01-09,0.0017560031891592082
2025-01-14,688147,val,-0.00046190732271543175,0.0002541952557832101,2020-04-03,2025-01-09,-0.001963647327248911
2025-01-14,688528,val,0.02103388663681029,0.008752575077254748,2020-04-03,2025-01-09,0.0017560031891592082
2025-01-15,600025,val,-0.020212800189839005,-0.0021284658204500026,2020-04-03,2025-01-09,0.004700121718127152
2025-01-15,600051,val,-0.01311010015507302,0.003961485267291635,2020-04-03,2025-01-09,0.004700121718127152
2025-01-15,600127,val,-0.022470104308482227,0.002821787296833572,2020-04-03,2025-01-09,0.004700121718127152
2025-01-15,600153,val,-0.04534877258164122,-0.003206379068108172,2020-04-03,2025-01-09,-6.177819170976897e-05
2025-01-15,600548,val,-0.04567616967637861,-8.815707842722827e-05,2020-04-03,2025-01-09,-6.177819170976897e-05
2025-01-15,600865,val,0.12656822883791224,0.0006395359427182243,2020-04-03,2025-01-09,-0.001963647327248911
2025-01-15,600967,val,-0.0636786126685846,-0.010987133222572366,2020-04-03,2025-01-09,-0.0008381995482068732
2025-01-15,601222,val,0.03777180024004295,0.0018855214343494451,2020-04-03,2025-01-09,-6.177819170976897e-05
2025-01-15,603237,val,-0.040135003085655596,-0.004477358592911359,2020-04-03,2025-01-09,0.0017560031891592082
2025-01-15,603335,val,-0.021660144366682118,0.0016241476421477044,2020-04-03,2025-01-09,-0.001963647327248911
2025-01-15,603341,val,0.06204945750685381,-0.004667985250916918,2020-04-03,2025-01-09,-0.001963647327248911
2025-01-15,603658,val,-0.015349000076693538,0.0003432026066901226,2020-04-03,2025-01-09,0.004700121718127152
2025-01-15,605090,val,0.016481895394630023,-0.005327135343561846,2020-04-03,2025-01-09,-6.177819170976897e-05
2025-01-15,605589,val,0.0748580207015846,0.0028235489377316995,2020-04-03,2025-01-09,-6.177819170976897e-05
2025-01-15,688031,val,-0.050066540559844774,-0.004107060362380661,2020-04-03,2025-01-09,-0.001963647327248911
2025-01-15,688045,val,0.046532127596712825,0.002571718465410104,2020-04-03,2025-01-09,0.0017560031891592082
2025-01-15,688133,val,-0.017967645646539684,0.008385268708676001,2020-04-03,2025-01-09,0.0017560031891592082
2025-01-15,688147,val,-0.01593713253146006,0.0010897555609078568,2020-04-03,2025-01-09,0.0017560031891592082
2025-01-15,688528,val,0.007350495569137975,0.007453749719105062,2020-04-03,2025-01-09,0.0017560031891592082
2025-01-16,600025,val,-0.02087311443409388,0.0029707491234372625,2020-04-03,2025-01-09,-6.177819170976897e-05
2025-01-16,600051,val,-0.008084148329994916,0.0012326397845549512,2020-04-03,2025-01-09,0.004700121718127152
2025-01-16,600127,val,-0.017386383773449903,0.006185315415781117,2020-04-03,2025-01-09,0.004700121718127152
2025-01-16,600153,val,0.0006225686537683246,-0.00032515354443581924,2020-04-03,2025-01-09,-6.177819170976897e-05
2025-01-16,600548,val,-0.032194521682939556,0.00014081902550899735,2020-04-03,2025-01-09,-6.177819170976897e-05
2025-01-16,600865,val,0.02394389938720311,-0.010270167319944984,2020-04-03,2025-01-09,-0.001963647327248911
2025-01-16,600967,val,-0.019620167831654194,-0.014763299848343046,2020-04-03,2025-01-09,-0.0008381995482068732
2025-01-16,601222,val,0.03162884240365672,0.003019053148415261,2020-04-03,2025-01-09,-6.177819170976897e-05
2025-01-16,603237,val,-0.045142594953574075,-0.002701739679894901,2020-04-03,2025-01-09,0.0017560031891592082
2025-01-16,603335,val,-0.03261379311025635,0.002805474410780729,2020-04-03,2025-01-09,-0.001963647327248911
2025-01-16,603341,val,0.043603846960676,0.0024872577562775103,2020-04-03,2025-01-09,-0.001963647327248911
2025-01-16,603658,val,-0.010377789959650646,0.006489192092925584,2020-04-03,2025-01-09,0.004700121718127152
2025-01-16,605090,val,0.023836759856305307,-0.0012404379284175365,2020-04-03,2025-01-09,-6.177819170976897e-05
2025-01-16,605589,val,0.04775358987916557,-0.0018139658342469982,2020-04-03,2025-01-09,-0.0008381995482068732
2025-01-16,688031,val,-0.01605905488052604,-0.004826543798667193,2020-04-03,2025-01-09,-0.001963647327248911
2025-01-16,688045,val,0.056945393223123544,-0.0014393250375708741,2020-04-03,2025-01-09,0.0017560031891592082
2025-01-16,688133,val,-0.006560617457945766,0.009402812778075526,2020-04-03,2025-01-09,0.0017560031891592082
2025-01-16,688147,val,-0.02376101600620571,-0.0019111350532517851,2020-04-03,2025-01-09,0.0017560031891592082
2025-01-16,688528,val,0.004338302056392424,0.0031685013515490947,2020-04-03,2025-01-09,0.0017560031891592082
2025-01-17,600025,val,-0.032634299017518104,0.00036731790168535294,2020-04-03,2025-01-09,-6.177819170976897e-05
2025-01-17,600051,val,-0.01644199966044244,0.0026441521397279435,2020-04-03,2025-01-09,0.004700121718127152
2025-01-17,600127,val,-0.027367959496858194,0.005597774762444348,2020-04-03,2025-01-09,0.004700121718127152
2025-01-17,600153,val,-0.03425255959999182,-0.007000251232859192,2020-04-03,2025-01-09,-6.177819170976897e-05
2025-01-17,600548,val,-0.030156275078532222,-0.0008650297185158253,2020-04-03,2025-01-09,-6.177819170976897e-05
2025-01-17,600865,val,0.058742266689825545,-0.009555482119336253,2020-04-03,2025-01-09,-0.001963647327248911
2025-01-17,600967,val,-0.044630096260099145,-0.0057245191966852375,2020-04-03,2025-01-09,-0.0008381995482068732
2025-01-17,601222,val,-0.0034060237992071564,9.219581661748786e-05,2020-04-03,2025-01-09,-6.177819170976897e-05
2025-01-17,603237,val,-0.04163258307174009,-0.0009609146870867755,2020-04-03,2025-01-09,0.0017560031891592082
2025-01-17,603335,val,-0.014090937411148061,0.0039533572354337404,2020-04-03,2025-01-09,-0.001963647327248911
2025-01-17,603341,val,0.059616330479298624,0.0053376674814467825,2020-04-03,2025-01-09,-0.001963647327248911
2025-01-17,603658,val,-0.02090907508970394,0.0032467203500711997,2020-04-03,2025-01-09,0.004700121718127152
2025-01-17,605090,val,-0.009317749666590467,-0.00043316167298592875,2020-04-03,2025-01-09,-6.177819170976897e-05
2025-01-17,605589,val,0.022118380534751483,-0.0033187498575357427,2020-04-03,2025-01-09,-0.0008381995482068732
2025-01-17,688031,val,0.1491498925939018,0.000512910193961054,2020-04-03,2025-01-09,0.0017560031891592082
2025-01-17,688045,val,0.03217955048669832,-0.006203020479490295,2020-04-03,2025-01-09,-0.018267127233290943
2025-01-17,688133,val,-0.03213819594311704,0.006003435752424753,2020-04-03,2025-01-09,-0.0008381995482068732
2025-01-17,688147,val,-0.023894815719800653,-0.0031782670847319743,2020-04-03,2025-01-09,0.0017560031891592082
2025-01-17,688528,val,0.009066149030273609,0.00809391125794746,2020-04-03,2025-01-09,0.0017560031891592082
2025-01-20,600025,val,0.017185902948311717,0.000604212002730874,2020-04-03,2025-01-09,-6.177819170976897e-05
2025-01-20,600051,val,-0.0012472767751908402,0.0013321669137731594,2020-04-03,2025-01-09,-6.177819170976897e-05
2025-01-20,600127,val,0.004973563038184005,0.004406378794062371,2020-04-03,2025-01-09,0.004700121718127152
2025-01-20,600153,val,-0.00888919817257091,-0.0003702441645173099,2020-04-03,2025-01-09,-6.177819170976897e-05
2025-01-20,600548,val,-0.025605834748558785,-0.00044760266881129727,2020-04-03,2025-01-09,-6.177819170976897e-05
2025-01-20,600865,val,-0.02502983623158924,-0.006650840078656165,2020-04-03,2025-01-09,-0.001963647327248911
2025-01-20,600967,val,-0.037041460220381094,-0.004187107647462639,2020-04-03,2025-01-09,0.0017560031891592082
2025-01-20,601222,val,0.013349089027609153,-0.0012947321394483535,2020-04-03,2025-01-09,-6.177819170976897e-05
2025-01-20,603237,val,-0.011532991060905183,0.0030188176423881054,2020-04-03,2025-01-09,0.0017560031891592082
2025-01-20,603335,val,-0.02423578252231725,-0.0006920724460160208,2020-04-03,2025-01-09,-0.001963647327248911
2025-01-20,603341,val,0.0879592288926259,0.0034403820785612656,2020-04-03,2025-01-09,-0.001963647327248911
2025-01-20,603658,val,-0.009420967707502413,0.0027983029337250265,2020-04-03,2025-01-09,0.004700121718127152
2025-01-20,605090,val,0.019081645182077923,-0.0017922365607478596,2020-04-03,2025-01-09,-6.177819170976897e-05
2025-01-20,605589,val,-0.028873735919159614,-0.01117463052427573,2020-04-03,2025-01-09,-0.0008381995482068732
2025-01-20,688031,val,0.13257267456300872,0.004398552813667636,2020-04-03,2025-01-09,0.0017560031891592082
2025-01-20,688045,val,-0.017823527528656534,-0.009846225244888946,2020-04-03,2025-01-09,-0.018267127233290943
2025-01-20,688133,val,-0.03259523915763581,0.01189200109528912,2020-04-03,2025-01-09,0.0017560031891592082
2025-01-20,688147,val,-0.04140948530673557,-0.0018737013603708542,2020-04-03,2025-01-09,-0.001963647327248911
2025-01-20,688528,val,-0.011416768300614187,0.005048625403530493,2020-04-03,2025-01-09,0.0017560031891592082
2025-01-21,600025,val,0.018139586690303917,0.004019237543553512,2020-04-03,2025-01-09,0.004700121718127152
2025-01-21,600051,val,0.008518295915327939,0.0014518116861191462,2020-04-03,2025-01-09,-6.177819170976897e-05
2025-01-21,600127,val,0.01641657103000605,0.003126003758933167,2020-04-03,2025-01-09,0.004700121718127152
2025-01-21,600153,val,-0.00929313956767563,0.0017533211220019185,2020-04-03,2025-01-09,0.004700121718127152
2025-01-21,600548,val,-0.029694641446486918,0.00026735466170575847,2020-04-03,2025-01-09,-6.177819170976897e-05
2025-01-21,600865,val,-0.12980616820403867,-0.01801424836556299,2020-04-03,2025-01-09,-0.018267127233290943
2025-01-21,600967,val,-0.016060539587085747,0.0024166509004554942,2020-04-03,2025-01-09,0.0017560031891592082
2025-01-21,601222,val,-0.004041088078116311,0.00224138399198556,2020-04-03,2025-01-09,-6.177819170976897e-05
2025-01-21,603237,val,-0.036570151690372914,0.0004793583845929255,2020-04-03,2025-01-09,-0.001963647327248911
2025-01-21,603335,val,0.01470399788886157,0.0009185524048023825,2020-04-03,2025-01-09,-0.001963647327248911
2025-01-21,603341,val,0.025091560212642368,-0.01303936428737977,2020-04-03,2025-01-09,-0.018267127233290943
2025-01-21,603658,val,-0.0023716144493667263,0.0005488104561603748,2020-04-03,2025-01-09,0.004700121718127152
2025-01-21,605090,val,-0.006272491962146292,-0.0019902800841025197,2020-04-03,2025-01-09,-6.177819170976897e-05
2025-01-21,605589,val,-0.07197432378946034,-0.006741540095828313,2020-04-03,2025-01-09,-0.0008381995482068732
2025-01-21,688031,val,0.22719796425165606,0.005745212367602858,2020-04-03,2025-01-09,-0.001963647327248911
2025-01-21,688045,val,0.018372083244558753,-0.00330340705057557,2020-04-03,2025-01-09,-0.0008381995482068732
2025-01-21,688133,val,0.006062719338443385,0.013764352481990231,2020-04-03,2025-01-09,0.0017560031891592082
2025-01-21,688147,val,-0.032477360938205406,0.0024364044577394658,2020-04-03,2025-01-09,-0.001963647327248911
2025-01-21,688528,val,0.004058741141154904,0.0025304325083392617,2020-04-03,2025-01-09,0.0017560031891592082
2025-01-22,600025,val,-0.020502971802222415,-0.0032658969478676424,2020-04-03,2025-01-09,0.004700121718127152
2025-01-22,600051,val,-0.004216921571077371,0.0031529332544694556,2020-04-03,2025-01-09,-6.177819170976897e-05
2025-01-22,600127,val,-0.004216921571077149,0.0036700499918433955,2020-04-03,2025-01-09,0.004700121718127152
2025-01-22,600153,val,0.0012226021207473944,-0.000781495722563227,2020-04-03,2025-01-09,0.004700121718127152
2025-01-22,600548,val,-0.07467035618319087,-0.0014754104243610976,2020-04-03,2025-01-09,-6.177819170976897e-05
2025-01-22,600865,val,-0.18047400274099504,-0.031069942089560716,2020-04-03,2025-01-09,-0.018267127233290943
2025-01-22,600967,val,0.08734074131940392,0.0061582091438247746,2020-04-03,2025-01-09,0.0017560031891592082
2025-01-22,601222,val,-0.03876441382643717,0.0009633030561817518,2020-04-03,2025-01-09,-6.177819170976897e-05
2025-01-22,603237,val,-0.034327856594849195,-0.00043614821559376476,2020-04-03,2025-01-09,-0.001963647327248911
2025-01-22,603335,val,0.029653186059179625,0.003335441681530073,2020-04-03,2025-01-09,-0.001963647327248911
2025-01-22,603341,val,0.037733710569330135,-0.009495656759597479,2020-04-03,2025-01-09,0.0017560031891592082
2025-01-22,603658,val,-0.021663085336125633,0.0009403448381642769,2020-04-03,2025-01-09,0.004700121718127152
2025-01-22,605090,val,-0.034327856594849084,-0.002126465538486661,2020-04-03,2025-01-09,-6.177819170976897e-05
2025-01-22,605589,val,-0.10984967822672745,-0.0010140694734222938,2020-04-03,2025-01-09,-0.0008381995482068732
2025-01-22,688031,val,0.30832068318360034,0.004650894645133131,2020-04-03,2025-01-09,-0.001963647327248911
2025-01-22,688045,val,0.03128575215363213,0.003369046746881041,2020-04-03,2025-01-09,0.0017560031891592082
2025-01-22,688133,val,0.006620419267219978,0.014338994532548166,2020-04-03,2025-01-09,0.0017560031891592082
2025-01-22,688147,val,0.022285007775182462,0.00416970556986559,2020-04-03,2025-01-09,-0.001963647327248911
2025-01-22,688528,val,-0.0014480380007445906,0.003526208553544153,2020-04-03,2025-01-09,0.0017560031891592082
2025-01-23,600025,val,-0.025940504720753522,-0.008989896312198122,2020-04-03,2025-01-09,0.004700121718127152
2025-01-23,600051,val,-0.01285893601676661,0.0043239677216103,2020-04-03,2025-01-09,-6.177819170976897e-05
2025-01-23,600127,val,-0.009603554672094984,0.0034013035970813193,2020-04-03,2025-01-09,-6.177819170976897e-05
2025-01-23,600153,val,-0.028555336642744712,0.0002977237402049492,2020-04-03,2025-01-09,0.004700121718127152
2025-01-23,600548,val,-0.07996887928138222,-0.0016904173116429,2020-04-03,2025-01-09,-6.177819170976897e-05
2025-01-23,600865,val,-0.13206672524258292,-0.021524410367965322,2020-04-03,2025-01-09,-0.017661049599221164
2025-01-23,600967,val,0.09638999770762388,0.0065147354411599296,2020-04-03,2025-01-09,0.0017560031891592082
2025-01-23,601222,val,-0.03040015684116918,0.0023095501940639815,2020-04-03,2025-01-09,-6.177819170976897e-05
2025-01-23,603237,val,-0.021798230699592337,-0.00032521125402872725,2020-04-03,2025-01-09,-0.001963647327248911
2025-01-23,603335,val,0.027647928233506,0.004531071040619111,2020-04-03,2025-01-09,-0.001963647327248911
2025-01-23,603341,val,0.07198042477187647,-0.004205151684966911,2020-04-03,2025-01-09,0.0017560031891592082
2025-01-23,603658,val,-0.007302528624773465,0.00026808008187566436,2020-04-03,2025-01-09,0.004700121718127152
2025-01-23,605090,val,-0.04216530594036053,0.0009903404562266046,2020-04-03,2025-01-09,-6.177819170976897e-05
2025-01-23,605589,val,-0.07398839392362802,-0.0007055342110610089,2020-04-03,2025-01-09,0.0017560031891592082
2025-01-23,688031,val,0.20537420265264814,0.0002699432169689312,2020-04-03,2025-01-09,0.0017560031891592082
2025-01-23,688045,val,0.025342246119520483,0.0020056931169790916,2020-04-03,2025-01-09,0.0017560031891592082
2025-01-23,688133,val,0.008976054022974377,0.01146596484309356,2020-04-03,2025-01-09,0.0017560031891592082
2025-01-23,688147,val,0.02033993794218488,0.0021439343457648747,2020-04-03,2025-01-09,-0.001963647327248911
2025-01-23,688528,val,0.008597761155514326,-0.0024716398112524735,2020-04-03,2025-01-09,0.0017560031891592082
2025-01-24,600025,val,-0.024441987364770344,-0.003827754138454364,2020-04-03,2025-01-09,0.004700121718127152
2025-01-24,600051,val,-0.0027202496257510353,0.004427589374691421,2020-04-03,2025-01-09,-6.177819170976897e-05
2025-01-24,600127,val,-0.004441697794022724,0.0022358452154092353,2020-04-03,2025-01-09,0.004700121718127152
2025-01-24,600153,val,-0.03609803587075013,-0.004057016665558114,2020-04-03,2025-01-09,-6.177819170976897e-05
2025-01-24,600548,val,-0.08668346346662895,-0.005667328035850995,2020-04-03,2025-01-09,-6.177819170976897e-05
2025-01-24,600865,val,-0.0837146361534176,-0.008637241317631184,2020-04-03,2025-01-09,0.0017560031891592082
2025-01-24,600967,val,0.12069172859566432,-0.0001894312156374924,2020-04-03,2025-01-09,-0.001963647327248911
2025-01-24,601222,val,-0.04459727029908791,0.004010862337710722,2020-04-03,2025-01-09,-6.177819170976897e-05
2025-01-24,603237,val,-0.015148452239476272,-0.005101974919966116,2020-04-03,2025-01-09,-0.001963647327248911
2025-01-24,603335,val,0.030712682620069855,0.004738721952276107,2020-04-03,2025-01-09,-0.001963647327248911
2025-01-24,603341,val,0.04845158785383783,0.006059884984436521,2020-04-03,2025-01-09,0.0017560031891592082
2025-01-24,603658,val,0.004988913544143415,-0.0019363468434235149,2020-04-03,2025-01-09,0.004700121718127152
2025-01-24,605090,val,-0.04461928627411662,-0.003302434039733909,2020-04-03,2025-01-09,-6.177819170976897e-05
2025-01-24,605589,val,-0.08528365966171794,-5.904018091155794e-05,2020-04-03,2025-01-09,0.0017560031891592082
2025-01-24,688031,val,0.12703815599472354,-0.018864331635450544,2020-04-03,2025-01-09,-0.018267127233290943
2025-01-24,688045,val,0.021832053185983448,0.004865345649377443,2020-04-03,2025-01-09,0.0017560031891592082
2025-01-24,688133,val,0.03464062619624284,0.009565615290968612,2020-04-03,2025-01-09,0.0017560031891592082
2025-01-24,688147,val,0.01790525408452146,0.004324014239688337,2020-04-03,2025-01-09,0.0017560031891592082
2025-01-24,688528,val,0.021487736674552706,0.01002506679059232,2020-04-03,2025-01-09,0.0017560031891592082
2025-01-27,600025,val,-0.06666580782115569,-0.007636305232943343,2020-04-03,2025-01-09,-6.177819170976897e-05
2025-01-27,600051,val,-0.020616891632658202,-0.0009837913069336392,2020-04-03,2025-01-09,-6.177819170976897e-05
2025-01-27,600127,val,-0.028282947840877787,-0.0011329228014964555,2020-04-03,2025-01-09,0.004700121718127152
2025-01-27,600153,val,-0.04504814831764867,-0.003790686981451207,2020-04-03,2025-01-09,-6.177819170976897e-05
2025-01-27,600548,val,-0.07310443264115427,-0.008986006667087085,2020-04-03,2025-01-09,-6.177819170976897e-05
2025-01-27,600865,val,-0.00816510966575587,0.00012486980285287712,2020-04-03,2025-01-09,0.0017560031891592082
2025-01-27,600967,val,0.11712491353610047,0.0013741030676456233,2020-04-03,2025-01-09,-0.001963647327248911
2025-01-27,601222,val,-0.05826368008808944,0.0033731378389679823,2020-04-03,2025-01-09,-6.177819170976897e-05
2025-01-27,603237,val,-0.034296669012674336,-0.00485067645947629,2020-04-03,2025-01-09,-0.001963647327248911
2025-01-27,603335,val,0.03699935054988504,0.008336141137503666,2020-04-03,2025-01-09,0.0017560031891592082
2025-01-27,603341,val,0.03423916955440989,-0.0005149101676432434,2020-04-03,2025-01-09,-0.0008381995482068732
2025-01-27,603658,val,-0.013864293388246546,-0.003077906975715714,2020-04-03,2025-01-09,0.004700121718127152
2025-01-27,605090,val,-0.06708517867517214,-0.006003591652864426,2020-04-03,2025-01-09,-6.177819170976897e-05
2025-01-27,605589,val,-0.038246747889490645,0.0024922558959535575,2020-04-03,2025-01-09,0.0017560031891592082
2025-01-27,688031,val,0.14476001704824407,-0.01219435760332226,2020-04-03,2025-01-09,-0.017661049599221164
2025-01-27,688045,val,0.024936110298222097,0.006673542409071063,2020-04-03,2025-01-09,0.0017560031891592082
2025-01-27,688133,val,0.04619155817727241,0.012738649218832169,2020-04-03,2025-01-09,-0.001963647327248911
2025-01-27,688147,val,0.034100423023073395,0.005702091519142708,2020-04-03,2025-01-09,-0.001963647327248911
2025-01-27,688528,val,0.015288364785716185,0.006966411801496954,2020-04-03,2025-01-09,0.0017560031891592082
2025-02-05,600025,val,-0.0684916889168341,-0.0053039030358448,2020-04-03,2025-01-09,-6.177819170976897e-05
2025-02-05,600051,val,-0.015513756575909358,0.001357838481030647,2020-04-03,2025-01-09,-6.177819170976897e-05
2025-02-05,600127,val,-0.029467178178830038,0.0005121326026069722,2020-04-03,2025-01-09,-6.177819170976897e-05
2025-02-05,600153,val,-0.016411241530860814,-0.003420445293118585,2020-04-03,2025-01-09,0.004700121718127152
2025-02-05,600548,val,-0.06796213861652323,-0.0006306623336275807,2020-04-03,2025-01-09,0.004700121718127152
2025-02-05,600865,val,0.02163428666527701,0.0019983903311335933,2020-04-03,2025-01-09,-0.001963647327248911
2025-02-05,600967,val,0.09541655052088327,-0.00046109103004022487,2020-04-03,2025-01-09,-0.001963647327248911
2025-02-05,601222,val,-0.04487185524369618,0.004753891690985869,2020-04-03,2025-01-09,-6.177819170976897e-05
2025-02-05,603237,val,-0.016382228501373268,-0.00701750507919878,2020-04-03,2025-01-09,-0.001963647327248911
2025-02-05,603335,val,0.0025994778285600775,0.0053246393489894935,2020-04-03,2025-01-09,0.0017560031891592082
2025-02-05,603341,val,0.04379169026136998,0.0010647756451200782,2020-04-03,2025-01-09,0.0017560031891592082
2025-02-05,603658,val,-0.024782492343378586,0.0009662712070074982,2020-04-03,2025-01-09,0.004700121718127152
2025-02-05,605090,val,-0.05432815730370876,-0.0062080013817104275,2020-04-03,2025-01-09,-6.177819170976897e-05
2025-02-05,605589,val,0.024644034148492595,-0.00029320711400590544,2020-04-03,2025-01-09,-0.001963647327248911
2025-02-05,688031,val,0.06657640184402114,-0.01594562507186214,2020-04-03,2025-01-09,-0.018267127233290943
2025-02-05,688045,val,0.006901795943246032,0.0021682450353886777,2020-04-03,2025-01-09,0.0017560031891592082
2025-02-05,688133,val,0.026797904930798706,0.008331187814671522,2020-04-03,2025-01-09,-0.001963647327248911
2025-02-05,688147,val,0.05881991341784288,0.007670013763583903,2020-04-03,2025-01-09,-0.001963647327248911
2025-02-05,688528,val,-0.00897131834937736,0.003743101261423073,2020-04-03,2025-01-09,0.0017560031891592082
2025-02-06,600025,val,-0.03607954947244997,-0.004814533711713343,2020-04-03,2025-01-09,0.004700121718127152
2025-02-06,600051,val,0.004305065912165272,0.0037783347090523823,2020-04-03,2025-01-09,-6.177819170976897e-05
2025-02-06,600127,val,-0.004925703318603881,0.004921538722947671,2020-04-03,2025-01-09,0.004700121718127152
2025-02-06,600153,val,0.047613695267306286,0.0010870211823426719,2020-04-03,2025-01-09,0.004700121718127152
2025-02-06,600548,val,-0.034243585162223714,0.0012011784902410403,2020-04-03,2025-01-09,0.004700121718127152
2025-02-06,600865,val,0.04284776588511162,0.0009734736702367656,2020-04-03,2025-01-09,-0.001963647327248911
2025-02-06,600967,val,-0.016244838728648472,-0.009806048747129328,2020-04-03,2025-01-09,0.0017560031891592082
2025-02-06,601222,val,-0.024448533429669475,0.0003109443808815406,2020-04-03,2025-01-09,-6.177819170976897e-05
2025-02-06,603237,val,-0.005315860711642818,-0.0047304041480410765,2020-04-03,2025-01-09,-0.001963647327248911
2025-02-06,603335,val,-0.01553389245686,0.007523053631727924,2020-04-03,2025-01-09,0.0017560031891592082
2025-02-06,603341,val,0.001972440956090381,0.0007691017269072501,2020-04-03,2025-01-09,0.0017560031891592082
2025-02-06,603658,val,-0.005464439722577609,0.002773360067591044,2020-04-03,2025-01-09,0.004700121718127152
2025-02-06,605090,val,-0.029027743181842328,-0.002263830076877479,2020-04-03,2025-01-09,0.004700121718127152
2025-02-06,605589,val,0.027508299460226468,0.0012865370660793106,2020-04-03,2025-01-09,-0.001963647327248911
2025-02-06,688031,val,0.0654252320763966,-0.01566398041949344,2020-04-03,2025-01-09,-0.018267127233290943
2025-02-06,688045,val,-0.021911932596737307,0.0006403009336038383,2020-04-03,2025-01-09,0.0017560031891592082
2025-02-06,688133,val,0.014282769368129543,0.00733957561832593,2020-04-03,2025-01-09,0.0017560031891592082
2025-02-06,688147,val,0.00032035932827966136,0.0024158315109442663,2020-04-03,2025-01-09,0.0017560031891592082
2025-02-06,688528,val,-0.01107954947245028,0.0008685922349058764,2020-04-03,2025-01-09,0.0017560031891592082
2025-02-07,600025,val,-0.034069270461325143,-0.0023811730700958474,2020-04-03,2025-01-09,0.004700121718127152
2025-02-07,600051,val,-0.020725452200075833,0.004204081306424121,2020-04-03,2025-01-09,-6.177819170976897e-05
2025-02-07,600127,val,-0.02531494974375804,0.003251567529036531,2020-04-03,2025-01-09,0.004700121718127152
2025-02-07,600153,val,0.041266057936847664,0.0012408181191132836,2020-04-03,2025-01-09,0.004700121718127152
2025-02-07,600548,val,-0.03755766085880631,0.0009712663244103365,2020-04-03,2025-01-09,0.004700121718127152
2025-02-07,600865,val,-0.009974580341318606,0.0017450375152929282,2020-04-03,2025-01-09,-0.001963647327248911
2025-02-07,600967,val,-0.031864364256419045,-0.014940868571052025,2020-04-03,2025-01-09,-0.0008381995482068732
2025-02-07,601222,val,-0.0444264343826294,0.0044584457134072665,2020-04-03,2025-01-09,-6.177819170976897e-05
2025-02-07,603237,val,-0.019772094857559607,-0.0027304898305859455,2020-04-03,2025-01-09,-0.001963647327248911
2025-02-07,603335,val,-0.03046507065222571,0.006560941831865734,2020-04-03,2025-01-09,0.0017560031891592082
2025-02-07,603341,val,-0.025712403153750573,0.002506874667618815,2020-04-03,2025-01-09,0.0017560031891592082
2025-02-07,603658,val,0.0006496931946661129,0.0008146025635527871,2020-04-03,2025-01-09,0.004700121718127152
2025-02-07,605090,val,-0.03981839793127752,0.0006111251205949153,2020-04-03,2025-01-09,0.004700121718127152
2025-02-07,605589,val,0.07464322881833794,0.0020772090963348433,2020-04-03,2025-01-09,-0.001963647327248911
2025-02-07,688031,val,0.27262186515615106,-0.018631682842965437,2020-04-03,2025-01-09,-0.018267127233290943
2025-02-07,688045,val,-0.033032111088905705,0.0009138010885318342,2020-04-03,2025-01-09,0.0017560031891592082
2025-02-07,688133,val,0.008852853819289453,0.0029659041478004855,2020-04-03,2025-01-09,0.0017560031891592082
2025-02-07,688147,val,-0.02151735282162982,0.0015132115278016734,2020-04-03,2025-01-09,0.0017560031891592082
2025-02-07,688528,val,-0.02378355617561091,0.0034593746054465443,2020-04-03,2025-01-09,0.0017560031891592082
2025-02-10,600025,val,-0.026744934577082293,-0.0009441975293152818,2020-04-03,2025-01-09,0.004700121718127152
2025-02-10,600051,val,-0.007787317165856702,0.002287062914356826,2020-04-03,2025-01-09,-6.177819170976897e-05
2025-02-10,600127,val,-0.0033059475787467173,0.0011377553889945057,2020-04-03,2025-01-09,0.004700121718127152
2025-02-10,600153,val,0.059431225880500954,0.004190377798127305,2020-04-03,2025-01-09,0.004700121718127152
2025-02-10,600548,val,-0.011439928652929223,0.0046979081845291044,2020-04-03,2025-01-09,0.004700121718127152
2025-02-10,600865,val,-0.013367509331414531,0.0017054426422811874,2020-04-03,2025-01-09,-0.001963647327248911
2025-02-10,600967,val,-0.059038964069677485,-0.018131767441620157,2020-04-03,2025-01-09,-0.0008381995482068732
2025-02-10,601222,val,-0.04531214831404887,0.0035813219443845638,2020-04-03,2025-01-09,0.004700121718127152
2025-02-10,603237,val,-0.028996857199928085,-0.0025786105828732113,2020-04-03,2025-01-09,-0.001963647327248911
2025-02-10,603335,val,-0.028839948744804136,0.010818328058574004,2020-04-03,2025-01-09,0.0017560031891592082
2025-02-10,603341,val,-0.01312193337282699,0.005051403214989352,2020-04-03,2025-01-09,0.0017560031891592082
2025-02-10,603658,val,0.018251520981102918,0.0019312354214130055,2020-04-03,2025-01-09,0.004700121718127152
2025-02-10,605090,val,-0.0358581424966167,-0.0005777855082024626,2020-04-03,2025-01-09,0.004700121718127152
2025-02-10,605589,val,0.09937493673774142,0.003553223885788433,2020-04-03,2025-01-09,-0.001963647327248911
2025-02-10,688031,val,0.20590315902461961,-0.016926797215742754,2020-04-03,2025-01-09,-0.0478147048184552
2025-02-10,688045,val,-0.05161866974084231,0.0008267862268484368,2020-04-03,2025-01-09,0.0017560031891592082
2025-02-10,688133,val,0.004624379893449968,-0.0009306273470708878,2020-04-03,2025-01-09,0.0017560031891592082
2025-02-10,688147,val,-0.03556674127807072,-0.0007418756446086994,2020-04-03,2025-01-09,0.0017560031891592082
2025-02-10,688528,val,-0.02658617999457016,-0.000339137568320414,2020-04-03,2025-01-09,0.0017560031891592082
2025-02-11,600025,val,-0.0027104072927176884,-0.008072052910697196,2020-04-03,2025-01-09,0.004700121718127152
2025-02-11,600051,val,-0.02757084148186765,0.0008025701492590407,2020-04-03,2025-01-09,-6.177819170976897e-05
2025-02-11,600127,val,-0.012432814222348577,0.001236348116602855,2020-04-03,2025-01-09,0.004700121718127152
2025-02-11,600153,val,0.04528723132613085,0.0024187808427368306,2020-04-03,2025-01-09,0.004700121718127152
2025-02-11,600548,val,-0.0008638512635685061,-0.0039506588301075765,2020-04-03,2025-01-09,0.004700121718127152
2025-02-11,600865,val,-0.04357613697730193,0.003143821310176444,2020-04-03,2025-01-09,-0.001963647327248911
2025-02-11,600967,val,0.009563850863548128,-0.008381368639229574,2020-04-03,2025-01-09,-0.017661049599221164
2025-02-11,601222,val,-0.03341810827289541,0.006893254885805465,2020-04-03,2025-01-09,0.004700121718127152
2025-02-11,603237,val,-0.018928590128590862,-0.0014414584890745593,2020-04-03,2025-01-09,-0.001963647327248911
2025-02-11,603335,val,-0.043870528812835076,0.00997099440637373,2020-04-03,2025-01-09,0.0017560031891592082
2025-02-11,603341,val,-0.05147867198471615,0.0018211676250911614,2020-04-03,2025-01-09,0.0017560031891592082
2025-02-11,603658,val,0.012855862526704197,0.0008562263613115618,2020-04-03,2025-01-09,0.004700121718127152
2025-02-11,605090,val,-0.012731354676153307,-0.0010055065860417294,2020-04-03,2025-01-09,0.004700121718127152
2025-02-11,605589,val,0.10627023768909546,0.004136010978373913,2020-04-03,2025-01-09,-0.001963647327248911
2025-02-11,688031,val,0.17169695124243786,-0.01691131632936804,2020-04-03,2025-01-09,-0.018267127233290943
2025-02-11,688045,val,-0.05776407504867324,0.00028949893663064,2020-04-03,2025-01-09,0.0017560031891592082
2025-02-11,688133,val,-0.015486249336852533,0.003506728804102453,2020-04-03,2025-01-09,0.0017560031891592082
2025-02-11,688147,val,0.015508610052321924,0.0038731459497161505,2020-04-03,2025-01-09,0.0017560031891592082
2025-02-11,688528,val,-0.040351114201717476,-0.0005761397391286612,2020-04-03,2025-01-09,0.0017560031891592082
2025-02-12,600025,val,-0.0032498191873692253,-0.00048611640837493796,2020-04-03,2025-01-09,0.004700121718127152
2025-02-12,600051,val,-0.036375295330819186,0.004780738782197133,2020-04-03,2025-01-09,-6.177819170976897e-05
2025-02-12,600127,val,-0.019753931828027434,0.00637588729180439,2020-04-03,2025-01-09,0.004700121718127152
2025-02-12,600153,val,0.0052133788407028245,0.0054141508333497,2020-04-03,2025-01-09,0.004700121718127152
2025-02-12,600548,val,-0.0008610848298548149,0.002611299376059769,2020-04-03,2025-01-09,0.004700121718127152
2025-02-12,600865,val,-0.04985429456861413,0.004217207527368781,2020-04-03,2025-01-09,-0.001963647327248911
2025-02-12,600967,val,0.03261595438332209,-0.014497342084995911,2020-04-03,2025-01-09,-0.017661049599221164
2025-02-12,601222,val,-0.025823660476526074,0.0022870691956599653,2020-04-03,2025-01-09,0.004700121718127152
2025-02-12,603237,val,-0.0340413882740206,0.0018048699860470886,2020-04-03,2025-01-09,-0.001963647327248911
2025-02-12,603335,val,-0.02212930036193262,0.009228698091879973,2020-04-03,2025-01-09,0.0017560031891592082
2025-02-12,603341,val,-0.058894498755275866,-0.0009642227240556179,2020-04-03,2025-01-09,-0.0008381995482068732
2025-02-12,603658,val,0.029171883241482115,0.002092153501592078,2020-04-03,2025-01-09,0.004700121718127152
2025-02-12,605090,val,-0.028281340949695484,0.0019175201373124932,2020-04-03,2025-01-09,0.004700121718127152
2025-02-12,605589,val,0.11004182947910024,0.000597239350412967,2020-04-03,2025-01-09,-0.001963647327248911
2025-02-12,688031,val,0.1788486462674036,-0.02053385644378678,2020-04-03,2025-01-09,-0.018267127233290943
2025-02-12,688045,val,-0.05176271286208634,-0.002230462102517007,2020-04-03,2025-01-09,0.0017560031891592082
2025-02-12,688133,val,-0.0044562630167642794,-0.0031095043294624976,2020-04-03,2025-01-09,0.0017560031891592082
2025-02-12,688147,val,0.004991962162100509,-0.0027217455936415923,2020-04-03,2025-01-09,0.0017560031891592082
2025-02-12,688528,val,-0.025400063933125334,0.0018264624556828739,2020-04-03,2025-01-09,0.0017560031891592082
2025-02-13,600025,val,-0.023784497620802716,0.004089281468280364,2020-04-03,2025-01-09,0.004700121718127152
2025-02-13,600051,val,-0.03217610601241096,0.0033983075983203327,2020-04-03,2025-01-09,-6.177819170976897e-05
2025-02-13,600127,val,-0.029034599201179248,0.0048681498315150526,2020-04-03,2025-01-09,0.004700121718127152
2025-02-13,600153,val,-0.07160174313679292,-0.007089895777410034,2020-04-03,2025-01-09,0.0017560031891592082
2025-02-13,600548,val,-0.04565837291115406,0.004812819958551842,2020-04-03,2025-01-09,0.004700121718127152
2025-02-13,600865,val,-0.029031197528236588,0.0010916494219865248,2020-04-03,2025-01-09,-0.001963647327248911
2025-02-13,600967,val,0.06049830161526769,-0.009892780713922609,2020-04-03,2025-01-09,0.0017560031891592082
2025-02-13,601222,val,-0.04427815632584321,0.004300253520531836,2020-04-03,2025-01-09,0.004700121718127152
2025-02-13,603237,val,-0.03610942198011115,0.00039986604523808603,2020-04-03,2025-01-09,-0.001963647327248911
2025-02-13,603335,val,-0.003235695192805324,0.005750338483247522,2020-04-03,2025-01-09,0.0017560031891592082
2025-02-13,603341,val,0.002323279077483073,-0.0024893945988831586,2020-04-03,2025-01-09,0.0017560031891592082
2025-02-13,603658,val,0.03233704581038564,0.003685175235428442,2020-04-03,2025-01-09,0.004700121718127152
2025-02-13,605090,val,-0.04166432420821432,0.001268426799390651,2020-04-03,2025-01-09,0.004700121718127152
2025-02-13,605589,val,0.11327843944213477,-0.006299954142059317,2020-04-03,2025-01-09,-0.001963647327248911
2025-02-13,688031,val,0.14998886366344533,-0.011228522721320269,2020-04-03,2025-01-09,-0.0478147048184552
2025-02-13,688045,val,-0.03175692864798853,-0.0013011989949308143,2020-04-03,2025-01-09,0.0017560031891592082
2025-02-13,688133,val,0.03344272745094555,0.0007445878315562351,2020-04-03,2025-01-09,0.0017560031891592082
2025-02-13,688147,val,-0.0006899186200016866,-0.0009574300148741046,2020-04-03,2025-01-09,0.0017560031891592082
2025-02-13,688528,val,-0.002847695674121367,0.0034603676118863335,2020-04-03,2025-01-09,0.0017560031891592082
2025-02-14,600025,val,-0.041865901276195806,0.0019233627203716218,2020-04-03,2025-01-09,0.004700121718127152
2025-02-14,600051,val,-0.03193448123451279,0.0030283730782926692,2020-04-03,2025-01-09,0.004700121718127152
2025-02-14,600127,val,-0.022685266809852923,0.0022720834807773067,2020-04-03,2025-01-09,0.004700121718127152
2025-02-14,600153,val,-0.08303469332359012,0.00647989231757501,2020-04-03,2025-01-09,0.0017560031891592082
2025-02-14,600548,val,-0.048285482733354625,0.0017546591215037162,2020-04-03,2025-01-09,0.004700121718127152
2025-02-14,600865,val,-0.004369145280358679,-0.0005084780229366359,2020-04-03,2025-01-09,-0.001963647327248911
2025-02-14,600967,val,0.034781653085689944,-0.0041429026894870885,2020-04-03,2025-01-09,0.0017560031891592082
2025-02-14,601222,val,-0.009445020228791658,0.0024285076942139787,2020-04-03,2025-01-09,0.004700121718127152
2025-02-14,603237,val,-0.04298108998827164,1.9869266597184306e-05,2020-04-03,2025-01-09,-0.001963647327248911
2025-02-14,603335,val,-0.014892755323979913,0.008536699713237363,2020-04-03,2025-01-09,0.0017560031891592082
2025-02-14,603341,val,0.10946654371088796,0.0036212696322522092,2020-04-03,2025-01-09,0.0017560031891592082
2025-02-14,603658,val,-0.0056247875068893075,0.004366857202460183,2020-04-03,2025-01-09,0.004700121718127152
2025-02-14,605090,val,-0.04631337183076476,-0.00039915310523097597,2020-04-03,2025-01-09,0.004700121718127152
2025-02-14,605589,val,0.059966152929743076,-0.00757538398650687,2020-04-03,2025-01-09,0.0017560031891592082
2025-02-14,688031,val,0.03211023421264183,-0.03125445830925196,2020-04-03,2025-01-09,-0.0478147048184552
2025-02-14,688045,val,0.00799315914457479,0.001634159420293405,2020-04-03,2025-01-09,0.0017560031891592082
2025-02-14,688133,val,0.04982628359535781,0.00025269117343140236,2020-04-03,2025-01-09,0.0017560031891592082
2025-02-14,688147,val,0.051640432182695116,0.002074704055781928,2020-04-03,2025-01-09,0.0017560031891592082
2025-02-14,688528,val,0.0056475366749717745,0.0040972940791584225,2020-04-03,2025-01-09,0.0017560031891592082
2025-02-17,600025,val,-0.03788351424460326,0.0013287223216674148,2020-04-03,2025-02-14,0.004320186299327638
2025-02-17,600051,val,-0.03224222624461695,0.002687452503376884,2020-04-03,2025-02-14,-0.0005791741011993567
2025-02-17,600127,val,-0.021810035484557427,0.001102328534936854,2020-04-03,2025-02-14,0.004320186299327638
2025-02-17,600153,val,-0.05337826359046352,0.0033951714046797344,2020-04-03,2025-02-14,0.0008254097185031884
2025-02-17,600548,val,-0.06463292003406054,0.0002436106819354909,2020-04-03,2025-02-14,0.004320186299327638
2025-02-17,600865,val,-0.0470293337301714,-0.004254205475070485,2020-04-03,2025-02-14,0.0008254097185031884
2025-02-17,600967,val,0.039602451721174464,-0.001336549890733824,2020-04-03,2025-02-14,-0.003351830813174365
2025-02-17,601222,val,0.011665314485010597,-0.0014032065933389387,2020-04-03,2025-02-14,0.004320186299327638
2025-02-17,603237,val,-0.024662288764648627,-0.0018466102175568769,2020-04-03,2025-02-14,-0.003351830813174365
2025-02-17,603335,val,-0.006391533281914136,0.009280745360649939,2020-04-03,2025-02-14,0.0008254097185031884
2025-02-17,603341,val,0.12153034506512558,0.005913899958664321,2020-04-03,2025-02-14,0.0008254097185031884
2025-02-17,603658,val,-0.05092935366637544,-0.00016062511535659975,2020-04-03,2025-02-14,0.004320186299327638
2025-02-17,605090,val,-0.023003385185344866,-0.004610017204526014,2020-04-03,2025-02-14,0.004320186299327638
2025-02-17,605589,val,0.04886774632044441,-0.005346095716094296,2020-04-03,2025-02-14,0.0008254097185031884
2025-02-17,688031,val,-0.013101762625341046,-0.015689593733441545,2020-04-03,2025-02-14,0.0036485003682890094
2025-02-17,688045,val,0.03025511867483774,0.0038504364463761626,2020-04-03,2025-02-14,0.0008254097185031884
2025-02-17,688133,val,0.050986899381343015,0.0006028001210782467,2020-04-03,2025-02-14,0.0008254097185031884
2025-02-17,688147,val,0.08007788779982991,0.0019386746541012673,2020-04-03,2025-02-14,0.0008254097185031884
2025-02-17,688528,val,-0.007921146595668477,0.0029478834562054984,2020-04-03,2025-02-14,0.0008254097185031884
2025-02-18,600025,val,-0.05914258996367563,-0.00018767886953331445,2020-04-03,2025-02-14,0.004320186299327638
2025-02-18,600051,val,-0.03506002115633613,0.0015121105856934207,2020-04-03,2025-02-14,0.004320186299327638
2025-02-18,600127,val,-0.03201588112589484,0.0008375263730623881,2020-04-03,2025-02-14,0.004320186299327638
2025-02-18,600153,val,-0.03506002115633613,0.0047509198483142116,2020-04-03,2025-02-14,0.0008254097185031884
2025-02-18,600548,val,-0.08422923105799787,-0.0014405722995240993,2020-04-03,2025-02-14,0.004320186299327638
2025-02-18,600865,val,-0.014250772601422955,-0.0021309401957746318,2020-04-03,2025-02-14,-0.003351830813174365
2025-02-18,600967,val,-0.024307332984292905,-0.0010195751211156498,2020-04-03,2025-02-14,0.0008254097185031884
2025-02-18,601222,val,-0.0031062780035669077,0.0018671131624932921,2020-04-03,2025-02-14,0.004320186299327638
2025-02-18,603237,val,-0.040817073545512915,0.002208945689408032,2020-04-03,2025-02-14,-0.003351830813174365
2025-02-18,603335,val,0.0008950350234391072,0.009492802723838943,2020-04-03,2025-02-14,0.0008254097185031884
2025-02-18,603341,val,0.11646836312313999,0.0030504458636726912,2020-04-03,2025-02-14,-0.003351830813174365
2025-02-18,603658,val,-0.05140148457097051,-0.00048442021060857794,2020-04-03,2025-02-14,0.004320186299327638
2025-02-18,605090,val,-0.057038629690629804,0.0003786358785252093,2020-04-03,2025-02-14,0.004320186299327638
2025-02-18,605589,val,0.008356348950425453,-0.01308129456031935,2020-04-03,2025-02-14,-0.0025590193817262756
2025-02-18,688031,val,0.056431287169372825,-0.01937604042964414,2020-04-03,2025-02-14,0.0036485003682890094
2025-02-18,688045,val,0.046921960825645904,0.006769774732218051,2020-04-03,2025-02-14,-0.003351830813174365
2025-02-18,688133,val,0.06766950737964425,0.001816067430354371,2020-04-03,2025-02-14,0.0008254097185031884
2025-02-18,688147,val,0.11598851968542931,0.002196186628062324,2020-04-03,2025-02-14,0.0008254097185031884
2025-02-18,688528,val,0.023698293699539776,0.0014848142684300402,2020-04-03,2025-02-14,-0.003351830813174365
2025-02-19,600025,val,-0.04562043132804826,-0.00042846306698857096,2020-04-03,2025-02-14,0.004320186299327638
2025-02-19,600051,val,0.0009364046531559374,0.0036824618340192,2020-04-03,2025-02-14,0.004320186299327638
2025-02-19,600127,val,-0.024978229493185827,0.0033053446941796317,2020-04-03,2025-02-14,0.004320186299327638
2025-02-19,600153,val,0.02496863554400865,0.0037260292538479492,2020-04-03,2025-02-14,0.0008254097185031884
2025-02-19,600548,val,-0.0750801316670988,-0.0019879759974211694,2020-04-03,2025-02-14,0.004320186299327638
2025-02-19,600865,val,-0.009032899197058058,0.0020846879082433603,2020-04-03,2025-02-14,-0.003351830813174365
2025-02-19,600967,val,-0.02781376824554858,-0.005598475634733234,2020-04-03,2025-02-14,0.0008254097185031884
2025-02-19,601222,val,0.0005013868137686735,0.0010986812432882437,2020-04-03,2025-02-14,0.004320186299327638
2025-02-19,603237,val,-0.014591616683029978,0.0028102357892927153,2020-04-03,2025-02-14,0.004320186299327638
2025-02-19,603335,val,0.005723524892779403,0.009357796298217091,2020-04-03,2025-02-14,-0.003351830813174365
2025-02-19,603341,val,0.07353871965935689,0.0056027036496532475,2020-04-03,2025-02-14,-0.003351830813174365
2025-02-19,603658,val,-0.045676183765147246,-0.00010057588259825581,2020-04-03,2025-02-14,0.004320186299327638
2025-02-19,605090,val,-0.03450607700951401,-0.0015388981144046456,2020-04-03,2025-02-14,0.004320186299327638
2025-02-19,605589,val,-0.04791557971571224,-0.015603213827789356,2020-04-03,2025-02-14,-0.0025590193817262756
2025-02-19,688031,val,0.029310912678379725,-0.013737180257543412,2020-04-03,2025-02-14,-0.0025590193817262756
2025-02-19,688045,val,0.03777364154884079,0.0033630100823378297,2020-04-03,2025-02-14,0.0008254097185031884
2025-02-19,688133,val,0.055879052533117216,0.0015301347580127383,2020-04-03,2025-02-14,0.0008254097185031884
2025-02-19,688147,val,0.08504099716778414,-0.0028159141405927294,2020-04-03,2025-02-14,0.0008254097185031884
2025-02-19,688528,val,0.011541641613151538,0.0038944329085324387,2020-04-03,2025-02-14,0.0008254097185031884
2025-02-20,600025,val,-0.03333917282328422,0.0016924570080263748,2020-04-03,2025-02-14,0.004320186299327638
2025-02-20,600051,val,0.007154929526488359,0.004966935855154299,2020-04-03,2025-02-14,0.004320186299327638
2025-02-20,600127,val,-0.010844943458279103,0.004238217880555836,2020-04-03,2025-02-14,0.004320186299327638
2025-02-20,600153,val,0.055173822205575124,0.0008473500956126471,2020-04-03,2025-02-14,-0.003351830813174365
2025-02-20,600548,val,-0.013866091494532743,-0.0011358884554038752,2020-04-03,2025-02-14,0.004320186299327638
2025-02-20,600865,val,0.009210831582390252,0.0041802335282716385,2020-04-03,2025-02-14,0.0008254097185031884
2025-02-20,600967,val,-0.07418654389792564,-0.007947466697971419,2020-04-03,2025-02-14,0.0008254097185031884
2025-02-20,601222,val,0.010295793132468119,-0.0006494343783148703,2020-04-03,2025-02-14,0.004320186299327638
2025-02-20,603237,val,0.027182939292240277,0.0038523655557295834,2020-04-03,2025-02-14,0.004320186299327638
2025-02-20,603335,val,-0.016021263908326006,0.0045044545227490105,2020-04-03,2025-02-14,0.0008254097185031884
2025-02-20,603341,val,0.0649404928676072,0.000524797284106714,2020-04-03,2025-02-14,0.0008254097185031884
2025-02-20,603658,val,-0.056655689603279796,0.00042581818476663657,2020-04-03,2025-02-14,0.0008254097185031884
2025-02-20,605090,val,-0.03890651389068664,-0.0007772166132017783,2020-04-03,2025-02-14,0.004320186299327638
2025-02-20,605589,val,-0.025848289371972005,-0.012948982734973484,2020-04-03,2025-02-14,-0.0025590193817262756
2025-02-20,688031,val,-0.05276066672482957,-0.009874695514297703,2020-04-03,2025-02-14,-0.0025590193817262756
2025-02-20,688045,val,0.03038169611608657,0.002764814420037826,2020-04-03,2025-02-14,0.0008254097185031884
2025-02-20,688133,val,0.052362184691470165,-0.0008090868453010649,2020-04-03,2025-02-14,0.0008254097185031884
2025-02-20,688147,val,0.06267925801442156,0.00021164669482673346,2020-04-03,2025-02-14,0.0008254097185031884
2025-02-20,688528,val,0.0030472277443680824,0.004578501707179996,2020-04-03,2025-02-14,0.0008254097185031884
2025-02-21,600025,val,0.007747604786710202,0.0018183419874432814,2020-04-03,2025-02-14,0.004320186299327638
2025-02-21,600051,val,0.04869461268719753,0.0037583893623166207,2020-04-03,2025-02-14,0.004320186299327638
2025-02-21,600127,val,0.010937021579068049,0.004716847968870327,2020-04-03,2025-02-14,0.004320186299327638
2025-02-21,600153,val,0.09698822527733052,0.005212866579799014,2020-04-03,2025-02-14,-0.003351830813174365
2025-02-21,600548,val,0.05847091307210027,0.004193590546237157,2020-04-03,2025-02-14,0.004320186299327638
2025-02-21,600865,val,0.03863210771068669,0.00119220003396196,2020-04-03,2025-02-14,0.0008254097185031884
2025-02-21,600967,val,-0.06747290600844526,0.0007712892093485056,2020-04-03,2025-02-14,-0.003351830813174365
2025-02-21,601222,val,0.010129746135893333,0.00234523216691006,2020-04-03,2025-02-14,0.004320186299327638
2025-02-21,603237,val,0.04293517637892107,0.003134149978709455,2020-04-03,2025-02-14,0.004320186299327638
2025-02-21,603335,val,0.0123595060753071,0.004166120960044442,2020-04-03,2025-02-14,0.0008254097185031884
2025-02-21,603341,val,-0.07316081835330525,-0.013574993140614264,2020-04-03,2025-02-14,-0.0025590193817262756
2025-02-21,603658,val,-0.03929047818329913,0.0020585766866132492,2020-04-03,2025-02-14,0.004320186299327638
2025-02-21,605090,val,0.019247689845269353,-0.0009561548198055158,2020-04-03,2025-02-14,0.004320186299327638
2025-02-21,605589,val,-0.0537851830111077,-0.006307919010001544,2020-04-03,2025-02-14,-0.0025590193817262756
2025-02-21,688031,val,-0.11130892081141743,-0.008484443075181435,2020-04-03,2025-02-14,-0.0327077021152179
2025-02-21,688045,val,-0.009160986135038587,-0.0002996779387337595,2020-04-03,2025-02-14,0.0008254097185031884
2025-02-21,688133,val,-0.008744663773781594,-0.005022329585127023,2020-04-03,2025-02-14,0.0008254097185031884
2025-02-21,688147,val,0.004770386478472263,-0.0024812382855823826,2020-04-03,2025-02-14,0.0008254097185031884
2025-02-21,688528,val,0.012010966249438523,0.0024039718723449896,2020-04-03,2025-02-14,0.0008254097185031884
2025-02-24,600025,val,0.0058717126634485126,-0.0022458152467397323,2020-04-03,2025-02-14,0.004320186299327638
2025-02-24,600051,val,0.0330486819173604,0.0026619240418449455,2020-04-03,2025-02-14,0.004320186299327638
2025-02-24,600127,val,-0.0010017208772499578,-0.0010628857265931567,2020-04-03,2025-02-14,0.004320186299327638
2025-02-24,600153,val,0.059933825013403684,0.00805773310892506,2020-04-03,2025-02-14,0.0008254097185031884
2025-02-24,600548,val,0.08343957979663705,0.0037761130876155396,2020-04-03,2025-02-14,0.004320186299327638
2025-02-24,600865,val,0.03491723599870252,-0.001409545638613459,2020-04-03,2025-02-14,-0.003351830813174365
2025-02-24,600967,val,-0.0484959149851966,0.0014245542186187754,2020-04-03,2025-02-14,-0.003351830813174365
2025-02-24,601222,val,0.006513211413436491,0.003821673889994817,2020-04-03,2025-02-14,0.004320186299327638
2025-02-24,603237,val,0.03440306972028847,0.002001201850171391,2020-04-03,2025-02-14,0.004320186299327638
2025-02-24,603335,val,0.003343091660454288,0.007591102774948197,2020-04-03,2025-02-14,0.0008254097185031884
2025-02-24,603341,val,-0.14782124750446882,-0.011976581039943625,2020-04-03,2025-02-14,-0.0025590193817262756
2025-02-24,603658,val,-0.003570729157810794,-0.0030166534902752017,2020-04-03,2025-02-14,0.0008254097185031884
2025-02-24,605090,val,0.0016732706770776415,-0.000157886917667529,2020-04-03,2025-02-14,0.004320186299327638
2025-02-24,605589,val,-0.06019735571998656,-0.0025398211286795673,2020-04-03,2025-02-14,0.0008254097185031884
2025-02-24,688031,val,-0.09075950045240647,-0.00905665139095364,2020-04-03,2025-02-14,-0.0025590193817262756
2025-02-24,688045,val,0.003618964152188618,0.0028352659915192807,2020-04-03,2025-02-14,0.0008254097185031884
2025-02-24,688133,val,0.03556051496383191,-0.0033297435916355245,2020-04-03,2025-02-14,-0.0025590193817262756
2025-02-24,688147,val,0.03800172771491014,-0.0005989539679520488,2020-04-03,2025-02-14,0.0008254097185031884
2025-02-24,688528,val,0.011521583005379497,0.0018697906729686197,2020-04-03,2025-02-14,0.0008254097185031884
2025-02-25,600025,val,-0.012524407435213764,-0.0017530869320957637,2020-04-03,2025-02-14,0.004320186299327638
2025-02-25,600051,val,0.04155839495233538,0.002077087487742347,2020-04-03,2025-02-14,0.004320186299327638
2025-02-25,600127,val,0.0064250031484254285,0.00023128337789324487,2020-04-03,2025-02-14,0.004320186299327638
2025-02-25,600153,val,0.03493568853031704,0.010740787525013517,2020-04-03,2025-02-14,0.0008254097185031884
2025-02-25,600548,val,0.07606294720839613,0.0025003469343607807,2020-04-03,2025-02-14,0.004320186299327638
2025-02-25,600865,val,0.0007848297156700709,0.00015223345484326425,2020-04-03,2025-02-14,-0.003351830813174365
2025-02-25,600967,val,-0.01320059451288091,0.0009521727621440833,2020-04-03,2025-02-14,-0.003351830813174365
2025-02-25,601222,val,-0.015563488212040228,0.00317132430424115,2020-04-03,2025-02-14,0.004320186299327638
2025-02-25,603237,val,0.03240179063415816,0.0024334610802432123,2020-04-03,2025-02-14,0.004320186299327638
2025-02-25,603335,val,-0.0042070265817581946,0.005590137320040188,2020-04-03,2025-02-14,0.004320186299327638
2025-02-25,603341,val,-0.1137856330472331,-0.010189889041886623,2020-04-03,2025-02-14,-0.0025590193817262756
2025-02-25,603658,val,0.009489628938615385,0.002545713386004272,2020-04-03,2025-02-14,0.0008254097185031884
2025-02-25,605090,val,-0.01671200390270277,-0.002662230278223403,2020-04-03,2025-02-14,0.004320186299327638
2025-02-25,605589,val,-0.06746739241556743,-0.0006824122222230781,2020-04-03,2025-02-14,0.0008254097185031884
2025-02-25,688031,val,-0.08653591666666516,-0.011734835951377018,2020-04-03,2025-02-14,-0.0327077021152179
2025-02-25,688045,val,0.034568806765121425,0.0027909000360940117,2020-04-03,2025-02-14,0.0008254097185031884
2025-02-25,688133,val,0.07668392585404937,-0.0013387789529985606,2020-04-03,2025-02-14,0.0008254097185031884
2025-02-25,688147,val,0.007155212248837533,-0.009598994076327812,2020-04-03,2025-02-14,-0.023090731947441604
2025-02-25,688528,val,0.009930234778135599,0.0034196012840653225,2020-04-03,2025-02-14,0.0008254097185031884
2025-02-26,600025,val,0.00833447960381875,0.0021144484779641384,2020-04-03,2025-02-14,0.004320186299327638
2025-02-26,600051,val,0.00784208475534745,-0.0011545067623019319,2020-04-03,2025-02-14,0.004320186299327638
2025-02-26,600127,val,0.013627788250444556,0.002407184940441082,2020-04-03,2025-02-14,0.004320186299327638
2025-02-26,600153,val,-0.0030764563109999254,0.004209726159765176,2020-04-03,2025-02-14,0.0008254097185031884
2025-02-26,600548,val,0.08915711210990798,0.002960801426556636,2020-04-03,2025-02-14,0.004320186299327638
2025-02-26,600865,val,0.008883203099686182,0.0050403163267055025,2020-04-03,2025-02-14,-0.003351830813174365
2025-02-26,600967,val,-0.024282588667044996,0.0003226213808762479,2020-04-03,2025-02-14,0.0008254097185031884
2025-02-26,601222,val,-0.02701646958931067,0.004187454613874748,2020-04-03,2025-02-14,0.004320186299327638
2025-02-26,603237,val,0.014361814937124323,0.0038139667343239916,2020-04-03,2025-02-14,0.004320186299327638
2025-02-26,603335,val,-0.027721128548057278,0.00429374730683291,2020-04-03,2025-02-14,-0.0005791741011993567
2025-02-26,603341,val,-0.07213114927068184,-0.00554033424254757,2020-04-03,2025-02-14,0.0008254097185031884
2025-02-26,603658,val,0.016545589710911607,0.0051550404564318884,2020-04-03,2025-02-14,0.0008254097185031884
2025-02-26,605090,val,-0.013254835670625548,-0.002377913303863332,2020-04-03,2025-02-14,0.004320186299327638
2025-02-26,605589,val,-0.02433506345091871,0.0011202303919378744,2020-04-03,2025-02-14,0.0008254097185031884
2025-02-26,688031,val,-0.07551326558991442,-0.009699376183565098,2020-04-03,2025-02-14,0.0008254097185031884
2025-02-26,688045,val,0.012818508620288133,-0.004356162407086837,2020-04-03,2025-02-14,0.0008254097185031884
2025-02-26,688133,val,0.10909246392698904,-0.002437360870554408,2020-04-03,2025-02-14,0.0008254097185031884
2025-02-26,688147,val,-0.012785471550585265,-0.010693333764406345,2020-04-03,2025-02-14,-0.0025590193817262756
2025-02-26,688528,val,-0.0005466163663793988,-0.0007217291838315701,2020-04-03,2025-02-14,0.0008254097185031884
2025-02-27,600025,val,-0.01478492548029386,0.0018360972287076512,2020-04-03,2025-02-14,0.004320186299327638
2025-02-27,600051,val,-0.014908619817841967,-0.0020183320698459024,2020-04-03,2025-02-14,0.004320186299327638
2025-02-27,600127,val,-0.009309753765396772,0.0047418077368218976,2020-04-03,2025-02-14,0.004320186299327638
2025-02-27,600153,val,-0.019461359177965425,0.004650949359794059,2020-04-03,2025-02-14,-0.003351830813174365
2025-02-27,600548,val,0.00803131127103685,0.003411056021507403,2020-04-03,2025-02-14,0.004320186299327638
2025-02-27,600865,val,-0.04237434294919972,-0.004210076365909386,2020-04-03,2025-02-14,0.0008254097185031884
2025-02-27,600967,val,0.004744457059849832,0.0011688907708764988,2020-04-03,2025-02-14,0.0008254097185031884
2025-02-27,601222,val,-0.032649352206344344,0.0023929683208252267,2020-04-03,2025-02-14,0.004320186299327638
2025-02-27,603237,val,-0.039430235693107434,-0.009252936543972912,2020-04-03,2025-02-14,0.004320186299327638
2025-02-27,603335,val,-0.027499141987833202,0.004161650818035293,2020-04-03,2025-02-14,-0.0005791741011993567
2025-02-27,603341,val,-0.10082822130329594,-0.0037826967349920662,2020-04-03,2025-02-14,-0.0025590193817262756
2025-02-27,603658,val,0.014346243401834663,0.0057431721222616725,2020-04-03,2025-02-14,-0.003351830813174365
2025-02-27,605090,val,-0.0009306394685628604,0.0008052923442086707,2020-04-03,2025-02-14,0.004320186299327638
2025-02-27,605589,val,-0.028446592179343637,0.00665018205972749,2020-04-03,2025-02-14,0.0008254097185031884
2025-02-27,688031,val,0.11805868851124024,-0.0028843106613309533,2020-04-03,2025-02-14,-0.003351830813174365
2025-02-27,688045,val,0.018320724407546514,-0.004463377392250086,2020-04-03,2025-02-14,0.0008254097185031884
2025-02-27,688133,val,0.06837720552551119,-0.0019775100133052875,2020-04-03,2025-02-14,-0.0025590193817262756
2025-02-27,688147,val,0.07417659301695667,-0.008128539243785357,2020-04-03,2025-02-14,0.0008254097185031884
2025-02-27,688528,val,0.024567960835209186,-0.00019946625982076685,2020-04-03,2025-02-14,0.0008254097185031884
2025-02-28,600025,val,-0.016805553162981296,-0.004640014904829121,2020-04-03,2025-02-14,0.004320186299327638
2025-02-28,600051,val,-0.032549706696280795,-0.0012391856372172762,2020-04-03,2025-02-14,0.004320186299327638
2025-02-28,600127,val,-0.01586423820996488,0.0014518220618725225,2020-04-03,2025-02-14,0.004320186299327638
2025-02-28,600153,val,-0.05864581587165832,0.003567577718796025,2020-04-03,2025-02-14,-0.0025590193817262756
2025-02-28,600548,val,-0.06114217491211896,-0.004114147818782575,2020-04-03,2025-02-14,0.004320186299327638
2025-02-28,600865,val,-0.06977153987399634,-0.00266741990448235,2020-04-03,2025-02-14,-0.0025590193817262756
2025-02-28,600967,val,0.03489076949419542,0.004868927798772844,2020-04-03,2025-02-14,-0.003351830813174365
2025-02-28,601222,val,-0.05648998364387994,-5.9200203292794764e-05,2020-04-03,2025-02-14,0.004320186299327638
2025-02-28,603237,val,-0.04323954212053552,-0.006344827757165807,2020-04-03,2025-02-14,0.004320186299327638
2025-02-28,603335,val,-0.042966373362947535,0.0068969611207783145,2020-04-03,2025-02-14,-0.0005791741011993567
2025-02-28,603341,val,-0.023647242201711022,0.0003750171484821018,2020-04-03,2025-02-14,0.0008254097185031884
2025-02-28,603658,val,0.016632126728510194,-7.805362310173855e-05,2020-04-03,2025-02-14,0.0008254097185031884
2025-02-28,605090,val,-0.01700199447335629,-0.004110765765752759,2020-04-03,2025-02-14,0.004320186299327638
2025-02-28,605589,val,-0.05105004161285623,0.0031466613176246907,2020-04-03,2025-02-14,0.0008254097185031884
2025-02-28,688031,val,0.12458543858150359,-0.005160185480850139,2020-04-03,2025-02-14,-0.003351830813174365
2025-02-28,688045,val,0.037917199932766404,-0.002751806708431337,2020-04-03,2025-02-14,0.0008254097185031884
2025-02-28,688133,val,0.1421875558836093,0.001443072670775095,2020-04-03,2025-02-14,0.0008254097185031884
2025-02-28,688147,val,0.09240834387465421,0.006438452747267231,2020-04-03,2025-02-14,0.0008254097185031884
2025-02-28,688528,val,0.04055277164704804,0.0016219367170902156,2020-04-03,2025-02-14,0.0008254097185031884
2025-03-03,600025,val,-0.010279155310774179,-0.0031950202394726433,2020-04-03,2025-02-14,0.004320186299327638
2025-03-03,600051,val,-0.015015547188672606,-0.0028059506171057512,2020-04-03,2025-02-14,-0.0005791741011993567
2025-03-03,600127,val,-0.023987518401107365,-0.003813300986652526,2020-04-03,2025-02-14,0.004320186299327638
2025-03-03,600153,val,-0.055675479227358174,0.00531041266039578,2020-04-03,2025-02-14,-0.0005791741011993567
2025-03-03,600548,val,-0.06787583673526766,-0.0031367922194588346,2020-04-03,2025-02-14,0.004320186299327638
2025-03-03,600865,val,-0.037135308475296905,0.0025523579749012018,2020-04-03,2025-02-14,0.0008254097185031884
2025-03-03,600967,val,0.02222062500281229,0.006123022782192769,2020-04-03,2025-02-14,-0.003351830813174365
2025-03-03,601222,val,-0.043656918057705565,0.0005668931157275338,2020-04-03,2025-02-14,0.004320186299327638
2025-03-03,603237,val,-0.033320579592843194,-0.0004026868207356388,2020-04-03,2025-02-14,0.004320186299327638
2025-03-03,603335,val,-0.031509908090928254,0.0056242260004132445,2020-04-03,2025-02-14,-0.0005791741011993567
2025-03-03,603341,val,0.06736627487437151,0.006545914556862159,2020-04-03,2025-02-14,0.0008254097185031884
2025-03-03,603658,val,0.0010059318310904238,-0.00012335139189984036,2020-04-03,2025-02-14,0.0008254097185031884
2025-03-03,605090,val,-0.015961569127208374,-0.002234898284525095,2020-04-03,2025-02-14,0.004320186299327638
2025-03-03,605589,val,0.012835108148888653,0.002063967555725123,2020-04-03,2025-02-14,0.0008254097185031884
2025-03-03,688031,val,0.072790443197128,-0.0017941220793986714,2020-04-03,2025-02-14,-0.003351830813174365
2025-03-03,688045,val,0.03296575418763513,0.0011460947254439042,2020-04-03,2025-02-14,0.0008254097185031884
2025-03-03,688133,val,0.04409710772562535,-0.010375175115434752,2020-04-03,2025-02-14,-0.0025590193817262756
2025-03-03,688147,val,0.05334348793883413,-0.0007906635409127766,2020-04-03,2025-02-14,0.0008254097185031884
2025-03-03,688528,val,0.027793087300776776,-0.00261610657851204,2020-04-03,2025-02-14,0.0008254097185031884
2025-03-04,600025,val,0.014046746755485421,-0.0015302479073955831,2020-04-03,2025-02-14,0.004320186299327638
2025-03-04,600051,val,-0.00649266270078422,0.00029253032437773967,2020-04-03,2025-02-14,0.004320186299327638
2025-03-04,600127,val,-0.009378600313869863,-0.0009102734508410958,2020-04-03,2025-02-14,0.004320186299327638
2025-03-04,600153,val,-0.05108455272436033,0.007332486477793619,2020-04-03,2025-02-14,-0.0005791741011993567
2025-03-04,600548,val,-0.0593049967400642,-0.0026222655800609055,2020-04-03,2025-02-14,0.004320186299327638
2025-03-04,600865,val,-0.0009857332044207762,0.00489007691762355,2020-04-03,2025-02-14,0.0008254097185031884
2025-03-04,600967,val,0.07974308500605584,-0.0006933443688052347,2020-04-03,2025-02-14,0.0008254097185031884
2025-03-04,601222,val,-0.018486150871350332,0.0009656785245811693,2020-04-03,2025-02-14,0.004320186299327638
2025-03-04,603237,val,-0.019230101890110013,0.0018716092822745173,2020-04-03,2025-02-14,0.004320186299327638
2025-03-04,603335,val,-0.03225116934793007,0.0040223052227259136,2020-04-03,2025-02-14,0.004320186299327638
2025-03-04,603341,val,0.02418440429364585,0.006532668892348899,2020-04-03,2025-02-14,0.0008254097185031884
2025-03-04,603658,val,-0.007709228330852665,-0.002307869311505962,2020-04-03,2025-02-14,0.0008254097185031884
2025-03-04,605090,val,-4.5687877564567006e-05,-0.003945974419369748,2020-04-03,2025-02-14,0.004320186299327638
2025-03-04,605589,val,0.04493753407619369,0.004020691052446511,2020-04-03,2025-02-14,0.0008254097185031884
2025-03-04,688031,val,0.03432184520451728,-0.007199566638066612,2020-04-03,2025-02-14,-0.003351830813174365
2025-03-04,688045,val,0.006553096421752806,0.00040491452920497154,2020-04-03,2025-02-14,0.0008254097185031884
2025-03-04,688133,val,0.0023530246037308505,-0.009912894659348897,2020-04-03,2025-02-14,-0.0025590193817262756
2025-03-04,688147,val,-0.01914179440955291,-0.0032707764655237072,2020-04-03,2025-02-14,-0.0025590193817262756
2025-03-04,688528,val,0.017970942049478217,0.000705073075093998,2020-04-03,2025-02-14,0.0008254097185031884
2025-03-05,600025,val,-0.019897382109756598,0.0021497737626197254,2020-04-03,2025-02-14,0.004320186299327638
2025-03-05,600051,val,-0.0024646619050941315,3.855257127062417e-05,2020-04-03,2025-02-14,0.004320186299327638
2025-03-05,600127,val,-0.009879642930111607,0.0029878429976299063,2020-04-03,2025-02-14,0.004320186299327638
2025-03-05,600153,val,-0.028935691250692216,0.0076243304546914,2020-04-03,2025-02-14,-0.0005791741011993567
2025-03-05,600548,val,-0.06775091994579556,0.006825265481057584,2020-04-03,2025-02-14,-0.0025590193817262756
2025-03-05,600865,val,-0.010714460190175454,0.008366059721738232,2020-04-03,2025-02-14,-0.003351830813174365
2025-03-05,600967,val,0.1870431209642182,-0.0052320800614493014,2020-04-03,2025-02-14,-0.003351830813174365
2025-03-05,601222,val,0.011652001307954588,-0.0019480514028163772,2020-04-03,2025-02-14,0.004320186299327638
2025-03-05,603237,val,-0.015799773484245702,0.0006653800815415454,2020-04-03,2025-02-14,0.004320186299327638
2025-03-05,603335,val,-0.01976203933427427,0.00103731952447734,2020-04-03,2025-02-14,0.004320186299327638
2025-03-05,603341,val,0.006512535973849556,0.0035560355048468236,2020-04-03,2025-02-14,0.0008254097185031884
2025-03-05,603658,val,-0.02888292756030779,-0.006552947190573879,2020-04-03,2025-02-14,0.0008254097185031884
2025-03-05,605090,val,-0.005901494653192604,0.0012466041917099577,2020-04-03,2025-02-14,0.004320186299327638
2025-03-05,605589,val,0.021021352637658322,-0.00041831000718080464,2020-04-03,2025-02-14,0.0008254097185031884
2025-03-05,688031,val,0.01271131760349116,-0.009708739129765769,2020-04-03,2025-02-14,-0.003351830813174365
2025-03-05,688045,val,0.0043270501493514885,0.0032596016312427495,2020-04-03,2025-02-14,0.0008254097185031884
2025-03-05,688133,val,-0.04569391695345697,-0.008578446642321071,2020-04-03,2025-02-14,-0.0025590193817262756
2025-03-05,688147,val,0.0023980616681735373,-0.0034353901337328082,2020-04-03,2025-02-14,0.0008254097185031884
2025-03-05,688528,val,0.010017470012406007,-0.003237979857432736,2020-04-03,2025-02-14,0.0008254097185031884
2025-03-06,600025,val,0.011075461054931944,0.0009071787273668645,2020-04-03,2025-02-14,0.004320186299327638
2025-03-06,600051,val,0.010237066500402335,0.0017047991675852628,2020-04-03,2025-02-14,0.004320186299327638
2025-03-06,600127,val,-0.00029674392752233663,0.0029375090558084404,2020-04-03,2025-02-14,0.004320186299327638
2025-03-06,600153,val,0.0037840283043488626,0.011277307687597573,2020-04-03,2025-02-14,-0.0005791741011993567
2025-03-06,600548,val,0.0018745356827816078,0.008717549911635586,2020-04-03,2025-02-14,0.0008254097185031884
2025-03-06,600865,val,-0.003997119795172933,0.002937103073341262,2020-04-03,2025-02-14,0.0008254097185031884
2025-03-06,600967,val,0.317066350874597,-0.0010439242895292694,2020-04-03,2025-02-14,-0.003351830813174365
2025-03-06,601222,val,0.042495234359120934,0.0016667790668667905,2020-04-03,2025-02-14,0.004320186299327638
2025-03-06,603237,val,-0.0035372716158181944,-0.0003754327663520868,2020-04-03,2025-02-14,0.004320186299327638
2025-03-06,603335,val,-0.03065553582279058,0.0019890524815508585,2020-04-03,2025-02-14,0.004320186299327638
2025-03-06,603341,val,0.005305228049644383,0.001567828157872929,2020-04-03,2025-02-14,0.0008254097185031884
2025-03-06,603658,val,-0.018488197814717233,-0.001786762553727242,2020-04-03,2025-02-14,0.0008254097185031884
2025-03-06,605090,val,0.007662156809127728,-0.0009725696969028709,2020-04-03,2025-02-14,0.004320186299327638
2025-03-06,605589,val,-0.01620361436961727,-0.0005659389566856443,2020-04-03,2025-02-14,0.0008254097185031884
2025-03-06,688031,val,-0.15602575637383254,-0.02809037747923483,2020-04-03,2025-02-14,0.0036485003682890094
2025-03-06,688045,val,-0.02578093786771186,0.005232231822619106,2020-04-03,2025-02-14,0.0008254097185031884
2025-03-06,688133,val,-0.04726863313793962,-0.0010380611984369015,2020-04-03,2025-02-14,-0.0025590193817262756
2025-03-06,688147,val,-0.07456593752097952,-0.0028737009843088227,2020-04-03,2025-02-14,-0.0025590193817262756
2025-03-06,688528,val,-0.02268031338885269,-0.0035457497295138746,2020-04-03,2025-02-14,0.0008254097185031884
2025-03-07,600025,val,-0.011192950670514675,0.0003800808161051654,2020-04-03,2025-02-14,0.004320186299327638
2025-03-07,600051,val,0.012586924097983624,0.0034923822184299833,2020-04-03,2025-02-14,0.004320186299327638
2025-03-07,600127,val,-0.0006316574509366811,0.0012047848771674391,2020-04-03,2025-02-14,0.004320186299327638
2025-03-07,600153,val,0.004080136482327693,0.01075241964925793,2020-04-03,2025-02-14,0.0008254097185031884
2025-03-07,600548,val,-0.010558854383370394,0.0053336093712935805,2020-04-03,2025-02-14,0.004320186299327638
2025-03-07,600865,val,0.030851452039257935,0.0014509172951273918,2020-04-03,2025-02-14,-0.003351830813174365
2025-03-07,600967,val,0.1568916337094141,0.0023416522356526884,2020-04-03,2025-02-14,0.0008254097185031884
2025-03-07,601222,val,0.030383178701320405,0.0025182595341155137,2020-04-03,2025-02-14,0.004320186299327638
2025-03-07,603237,val,0.010644733046942304,-0.00012955161607450588,2020-04-03,2025-02-14,0.004320186299327638
2025-03-07,603335,val,-0.004535196659819326,0.004068782939113304,2020-04-03,2025-02-14,0.004320186299327638
2025-03-07,603341,val,0.0018279657252406357,-0.00033455217201330725,2020-04-03,2025-02-14,0.0008254097185031884
2025-03-07,603658,val,-0.005082707163081953,0.0008704719054705725,2020-04-03,2025-02-14,-0.003351830813174365
2025-03-07,605090,val,-0.02193036102663409,-0.0006429521375536455,2020-04-03,2025-02-14,0.004320186299327638
2025-03-07,605589,val,0.06812217222785705,-0.0015439721018603782,2020-04-03,2025-02-14,0.0008254097185031884
2025-03-07,688031,val,-0.12830193379864946,-0.02452517884476704,2020-04-03,2025-02-14,0.0036485003682890094
2025-03-07,688045,val,-0.009887904061707083,0.005701945047041886,2020-04-03,2025-02-14,0.0008254097185031884
2025-03-07,688133,val,-0.03371259820564193,-0.005530400266502181,2020-04-03,2025-02-14,-0.0025590193817262756
2025-03-07,688147,val,-0.0635541894855221,0.0016809346296432965,2020-04-03,2025-02-14,0.0008254097185031884
2025-03-07,688528,val,-0.025999843124466068,-0.008444811882094524,2020-04-03,2025-02-14,0.0008254097185031884
2025-03-10,600025,val,-0.005510578648939914,0.002684293736323232,2020-04-03,2025-02-14,0.004320186299327638
2025-03-10,600051,val,0.004999119851349574,0.0050339778669884604,2020-04-03,2025-02-14,0.004320186299327638
2025-03-10,600127,val,-0.002045239225227615,0.0009254036343015186,2020-04-03,2025-02-14,0.004320186299327638
2025-03-10,600153,val,0.034289805704169035,0.011170048925920302,2020-04-03,2025-02-14,0.0008254097185031884
2025-03-10,600548,val,-0.019949659578406134,0.008998192512991655,2020-04-03,2025-02-14,0.0008254097185031884
2025-03-10,600865,val,0.021215954598488327,0.0074936141397657155,2020-04-03,2025-02-14,-0.003351830813174365
2025-03-10,600967,val,0.1665270421519319,0.00625603662355346,2020-04-03,2025-02-14,0.0008254097185031884
2025-03-10,601222,val,0.014959015583905309,0.005180934794802475,2020-04-03,2025-02-14,0.004320186299327638
2025-03-10,603237,val,0.014283763042980933,0.0027678326417860393,2020-04-03,2025-02-14,0.004320186299327638
2025-03-10,603335,val,-0.0015940743996779826,0.004075193145644609,2020-04-03,2025-02-14,0.004320186299327638
2025-03-10,603341,val,-0.019759802566043285,-0.00038497020310265394,2020-04-03,2025-02-14,0.0008254097185031884
2025-03-10,603658,val,-0.0040148053810661576,0.002481957716096946,2020-04-03,2025-02-14,0.0008254097185031884
2025-03-10,605090,val,0.004635945995496413,0.0030177416191466914,2020-04-03,2025-02-14,0.004320186299327638
2025-03-10,605589,val,0.02715530278019238,-0.007601854417714687,2020-04-03,2025-02-14,0.0008254097185031884
2025-03-10,688031,val,-0.1474128560777266,-0.03043383280255745,2020-04-03,2025-02-14,-0.003351830813174365
2025-03-10,688045,val,-0.028289946601198792,0.0023267170876212543,2020-04-03,2025-02-14,0.0008254097185031884
2025-03-10,688133,val,-0.01479848163934552,-0.010426921491260852,2020-04-03,2025-02-14,-0.0025590193817262756
2025-03-10,688147,val,-0.018227052000024082,-0.006203383946528194,2020-04-03,2025-02-14,-0.0025590193817262756
2025-03-10,688528,val,-0.0264634535908578,-0.008716160086225406,2020-04-03,2025-02-14,0.0008254097185031884
2025-03-11,600025,val,-0.009110928119781689,0.0017026722612028644,2020-04-03,2025-02-14,0.004320186299327638
2025-03-11,600051,val,0.01093285280957719,0.0058881022984594985,2020-04-03,2025-02-14,0.004320186299327638
2025-03-11,600127,val,0.0008325219598584602,0.0011434205278373093,2020-04-03,2025-02-14,0.004320186299327638
2025-03-11,600153,val,0.03556178009337192,0.009404474374612446,2020-04-03,2025-02-14,0.0008254097185031884
2025-03-11,600548,val,-0.019062064096605977,0.007611935491625248,2020-04-03,2025-02-14,0.004320186299327638
2025-03-11,600865,val,0.021514280751754836,0.005382280318738092,2020-04-03,2025-02-14,-0.003351830813174365
2025-03-11,600967,val,0.04586531671269796,-0.013695646705339447,2020-04-03,2025-02-14,-0.0327077021152179
2025-03-11,601222,val,0.008472994089620947,0.0041866463105228475,2020-04-03,2025-02-14,0.004320186299327638
2025-03-11,603237,val,0.02805108936350316,0.004892095265499769,2020-04-03,2025-02-14,0.004320186299327638
2025-03-11,603335,val,0.02020002990016108,0.003986987382802811,2020-04-03,2025-02-14,0.004320186299327638
2025-03-11,603341,val,-0.02160429776236099,-0.005687329948459294,2020-04-03,2025-02-14,-0.003351830813174365
2025-03-11,603658,val,0.016219402619506454,0.0014216558198327553,2020-04-03,2025-02-14,-0.003351830813174365
2025-03-11,605090,val,0.014432857838776528,0.0018195874568664866,2020-04-03,2025-02-14,0.004320186299327638
2025-03-11,605589,val,0.007584455301206398,-0.011775910267946773,2020-04-03,2025-02-14,0.0008254097185031884
2025-03-11,688031,val,-0.1323208318886189,-0.018905155636967805,2020-04-03,2025-02-14,-0.003351830813174365
2025-03-11,688045,val,-0.03550495302764549,0.004206768440198185,2020-04-03,2025-02-14,0.0008254097185031884
2025-03-11,688133,val,-0.012176166520979123,-0.0017460919986597445,2020-04-03,2025-02-14,0.0008254097185031884
2025-03-11,688147,val,0.029929804204523805,-0.0014394498393832337,2020-04-03,2025-02-14,0.0008254097185031884
2025-03-11,688528,val,-0.00981814422856657,0.0002477799461111371,2020-04-03,2025-02-14,0.0008254097185031884
2025-03-12,600025,val,0.02851223486571373,0.0014579343350298811,2020-04-03,2025-02-14,0.004320186299327638
2025-03-12,600051,val,0.012728072306657272,0.003121125447458241,2020-04-03,2025-02-14,0.004320186299327638
2025-03-12,600127,val,-0.006627303836496474,0.004147952134643755,2020-04-03,2025-02-14,0.004320186299327638
2025-03-12,600153,val,0.03523236143267204,0.004660827769488168,2020-04-03,2025-02-14,-0.0005791741011993567
2025-03-12,600548,val,0.002577172709889868,0.0036586529538758135,2020-04-03,2025-02-14,0.004320186299327638
2025-03-12,600865,val,0.008808950404068355,0.002518770547188671,2020-04-03,2025-02-14,0.0008254097185031884
2025-03-12,600967,val,-0.051407736353725544,-0.02123485957198178,2020-04-03,2025-02-14,-0.0025590193817262756
2025-03-12,601222,val,-0.017021229686547085,0.0003661373109583088,2020-04-03,2025-02-14,0.004320186299327638
2025-03-12,603237,val,0.029702660675018682,0.0008806437354306621,2020-04-03,2025-02-14,0.004320186299327638
2025-03-12,603335,val,0.021071274659254385,0.0005346112240722477,2020-04-03,2025-02-14,0.004320186299327638
2025-03-12,603341,val,-0.035374704091064815,-0.0056265038574978745,2020-04-03,2025-02-14,0.0008254097185031884
2025-03-12,603658,val,0.031372632494244365,-0.0006936766466906536,2020-04-03,2025-02-14,0.0008254097185031884
2025-03-12,605090,val,0.02431153575973864,0.0019981577204077517,2020-04-03,2025-02-14,0.004320186299327638
2025-03-12,605589,val,-0.008894629406103433,-0.005203204002534466,2020-04-03,2025-02-14,0.0008254097185031884
2025-03-12,688031,val,-0.13856641653376825,-0.012916879079169503,2020-04-03,2025-02-14,-0.003351830813174365
2025-03-12,688045,val,-0.037005928266032564,0.007801979298243042,2020-04-03,2025-02-14,0.0008254097185031884
2025-03-12,688133,val,0.03988585839877477,0.004525933180791326,2020-04-03,2025-02-14,0.0008254097185031884
2025-03-12,688147,val,0.06738038044365134,0.0037837047368433755,2020-04-03,2025-02-14,0.0008254097185031884
2025-03-12,688528,val,-0.006685185975945269,0.004863514260996215,2020-04-03,2025-02-14,0.0008254097185031884
2025-03-13,600025,val,0.015557641384822126,0.0021423944982798915,2020-04-03,2025-02-14,0.004320186299327638
2025-03-13,600051,val,0.016006210170041942,0.0031144676650667674,2020-04-03,2025-02-14,0.004320186299327638
2025-03-13,600127,val,-0.003310283143479756,-0.0003202202849210713,2020-04-03,2025-02-14,0.004320186299327638
2025-03-13,600153,val,-0.00434121097853141,0.009168510692893919,2020-04-03,2025-02-14,0.004320186299327638
2025-03-13,600548,val,-0.005066826266613426,0.0034338707476467903,2020-04-03,2025-02-14,0.004320186299327638
2025-03-13,600865,val,0.009147248000347993,2.918610074786971e-05,2020-04-03,2025-02-14,0.0008254097185031884
2025-03-13,600967,val,-0.09546565252657196,-0.02180296834322189,2020-04-03,2025-02-14,-0.023090731947441604
2025-03-13,601222,val,-0.03565371154689062,0.0056803287739207835,2020-04-03,2025-02-14,0.004320186299327638
2025-03-13,603237,val,0.024883042518200445,-0.0009382743921087515,2020-04-03,2025-02-14,0.004320186299327638
2025-03-13,603335,val,0.07042243575052937,-0.002127403220537117,2020-04-03,2025-02-14,0.004320186299327638
2025-03-13,603341,val,-0.03811503696351376,-0.006643554047781772,2020-04-03,2025-02-14,0.0008254097185031884
2025-03-13,603658,val,0.012653797674679387,-0.0008175205079978289,2020-04-03,2025-02-14,0.0008254097185031884
2025-03-13,605090,val,0.011348103163633046,0.00435149481583003,2020-04-03,2025-02-14,0.004320186299327638
2025-03-13,605589,val,0.014553369791263367,-0.0014822284833644077,2020-04-03,2025-02-14,0.0008254097185031884
2025-03-13,688031,val,-0.08908943021661092,-0.014567809314528191,2020-04-03,2025-02-14,0.0008254097185031884
2025-03-13,688045,val,0.0008459928332450986,0.010616494774595302,2020-04-03,2025-02-14,0.0008254097185031884
2025-03-13,688133,val,0.0371596907468596,0.003603672366812895,2020-04-03,2025-02-14,0.0008254097185031884
2025-03-13,688147,val,0.05029264805478334,0.004392142087666877,2020-04-03,2025-02-14,0.0008254097185031884
2025-03-13,688528,val,0.008171971553806164,0.000812237568553038,2020-04-03,2025-02-14,0.0008254097185031884
2025-03-14,600025,val,0.03323504189871067,0.005468726819980507,2020-04-03,2025-02-14,0.004320186299327638
2025-03-14,600051,val,0.011058489779033606,0.0026606231247332333,2020-04-03,2025-02-14,-0.0005791741011993567
2025-03-14,600127,val,0.0044910507733562505,0.0031874765422988762,2020-04-03,2025-02-14,0.004320186299327638
2025-03-14,600153,val,0.03164398465445077,0.008096781380074863,2020-04-03,2025-02-14,0.004320186299327638
2025-03-14,600548,val,0.03563335412380057,0.0042413600484415715,2020-04-03,2025-02-14,0.004320186299327638
2025-03-14,600865,val,-0.022647055931313956,-0.0003269094339667393,2020-04-03,2025-02-14,0.0008254097185031884
2025-03-14,600967,val,-0.0146325414417285,-0.021668047912116493,2020-04-03,2025-02-14,-0.023090731947441604
2025-03-14,601222,val,-0.005362098762234327,0.006727028215816983,2020-04-03,2025-02-14,0.004320186299327638
2025-03-14,603237,val,0.021243725039121905,-0.0009140736869870091,2020-04-03,2025-02-14,0.004320186299327638
2025-03-14,603335,val,0.037539965194239897,-0.0008613768977995757,2020-04-03,2025-02-14,0.004320186299327638
2025-03-14,603341,val,-0.04931765130972017,-0.006932928781182908,2020-04-03,2025-02-14,0.0008254097185031884
2025-03-14,603658,val,0.016391668075366225,0.005755814313079881,2020-04-03,2025-02-14,0.0008254097185031884
2025-03-14,605090,val,0.033810245491939825,0.0024359619843714628,2020-04-03,2025-02-14,0.004320186299327638
2025-03-14,605589,val,-0.015393435528904667,-0.003951686630965103,2020-04-03,2025-02-14,0.0008254097185031884
2025-03-14,688031,val,-0.10504090624193792,-0.012162483007945955,2020-04-03,2025-02-14,-0.003351830813174365
2025-03-14,688045,val,-0.02929779396205641,0.006211831867521588,2020-04-03,2025-02-14,-0.003351830813174365
2025-03-14,688133,val,-0.025034948891923994,-0.001675687240876055,2020-04-03,2025-02-14,0.0008254097185031884
2025-03-14,688147,val,0.05190321609458563,0.0036915014842480802,2020-04-03,2025-02-14,-0.003351830813174365
2025-03-14,688528,val,-0.0102243090547854,-0.0013390906911740891,2020-04-03,2025-02-14,0.0008254097185031884
2025-03-17,600025,val,0.04475127882380383,0.00406904091111705,2020-04-03,2025-03-14,0.0007978066235171079
2025-03-17,600051,val,-0.0040954060720998844,0.0038352947458778863,2020-04-03,2025-03-14,0.0007978066235171079
2025-03-17,600127,val,-0.0009352691910326852,0.0007210686054577229,2020-04-03,2025-03-14,0.0007978066235171079
2025-03-17,600153,val,0.012578244322480801,0.0022090720712848915,2020-04-03,2025-03-14,0.0007978066235171079
2025-03-17,600548,val,-0.012304009441153042,0.003555527606429166,2020-04-03,2025-03-14,0.0007978066235171079
2025-03-17,600865,val,-0.027737971566254106,-9.757340678303757e-05,2020-04-03,2025-03-14,0.0007978066235171079
2025-03-17,600967,val,-0.029220516463621872,-0.0157347383001463,2020-04-03,2025-03-14,-0.009954982398834739
2025-03-17,601222,val,0.014287481080810037,0.005490098494295806,2020-04-03,2025-03-14,0.0007978066235171079
2025-03-17,603237,val,0.031593921101095844,-0.0007345717556197949,2020-04-03,2025-03-14,0.0007978066235171079
2025-03-17,603335,val,-0.03845291929146442,0.0010637867513994706,2020-04-03,2025-03-14,0.0007978066235171079
2025-03-17,603341,val,0.02112239218551417,-0.0020797147717094427,2020-04-03,2025-03-14,0.0007978066235171079
2025-03-17,603658,val,0.029081647288765854,0.0026103237921678555,2020-04-03,2025-03-14,0.0007978066235171079
2025-03-17,605090,val,0.017928740416469323,0.0017382343261447184,2020-04-03,2025-03-14,0.0007978066235171079
2025-03-17,605589,val,-0.002519214151779338,0.00013585386528275724,2020-04-03,2025-03-14,0.0007978066235171079
2025-03-17,688031,val,-0.07820239238002011,-0.006050474046538323,2020-04-03,2025-03-14,0.00036718340663951507
2025-03-17,688045,val,-0.046957145652409917,0.004624148718034812,2020-04-03,2025-03-14,0.0007978066235171079
2025-03-17,688133,val,0.047368313895159074,-0.004185223640882796,2020-04-03,2025-03-14,0.006001706039987797
2025-03-17,688147,val,0.047867758395322,-0.002610681837269262,2020-04-03,2025-03-14,0.0007978066235171079
2025-03-17,688528,val,-0.026154933299585605,0.00010902709992883837,2020-04-03,2025-03-14,0.0007978066235171079
2025-03-18,600025,val,0.07987855160915402,0.006068999225511802,2020-04-03,2025-03-14,0.0007978066235171079
2025-03-18,600051,val,-0.0009283422412178499,0.0015178759919409798,2020-04-03,2025-03-14,0.0007978066235171079
2025-03-18,600127,val,0.016967913250945377,0.0008311567594617614,2020-04-03,2025-03-14,0.0007978066235171079
2025-03-18,600153,val,0.044146328545216384,0.000508875003376278,2020-04-03,2025-03-14,0.0007978066235171079
2025-03-18,600548,val,-0.0006919941161518395,0.005209433565254806,2020-04-03,2025-03-14,0.0007978066235171079
2025-03-18,600865,val,-0.027106177416039712,0.00019985605520526488,2020-04-03,2025-03-14,0.0007978066235171079
2025-03-18,600967,val,-0.012347632596040548,-0.011639402431965023,2020-04-03,2025-03-14,-0.02287487778626493
2025-03-18,601222,val,0.033595389588454094,0.003808501581704132,2020-04-03,2025-03-14,0.0007978066235171079
2025-03-18,603237,val,0.024001911881582738,-0.0019743262596000144,2020-04-03,2025-03-14,0.0007978066235171079
2025-03-18,603335,val,-0.04423852522412497,-0.0011920271334743978,2020-04-03,2025-03-14,0.0007978066235171079
2025-03-18,603341,val,-0.014902750879071225,-0.0023511913984925557,2020-04-03,2025-03-14,0.00036718340663951507
2025-03-18,603658,val,0.038442996491445114,0.006112543584002597,2020-04-03,2025-03-14,0.0007978066235171079
2025-03-18,605090,val,0.03631009406149921,0.0045710627715327195,2020-04-03,2025-03-14,0.0007978066235171079
2025-03-18,605589,val,-0.02687727253797434,0.0020473513111717487,2020-04-03,2025-03-14,0.0007978066235171079
2025-03-18,688031,val,-0.09842244146253587,0.00034215049323961397,2020-04-03,2025-03-14,0.00036718340663951507
2025-03-18,688045,val,-0.04739250741890311,0.002012541270414518,2020-04-03,2025-03-14,0.0007978066235171079
2025-03-18,688133,val,0.017669680922932196,-0.0070175362491357,2020-04-03,2025-03-14,0.0007978066235171079
2025-03-18,688147,val,0.0193655628462307,-0.010503784015604709,2020-04-03,2025-03-14,0.0007978066235171079
2025-03-18,688528,val,-0.03747078530540038,0.0001164191039282042,2020-04-03,2025-03-14,0.0007978066235171079
2025-03-19,600025,val,0.047330498380496105,-0.003240347704761619,2020-04-03,2025-03-14,0.0007978066235171079
2025-03-19,600051,val,0.02252138942964002,0.005832753766061809,2020-04-03,2025-03-14,0.0007978066235171079
2025-03-19,600127,val,0.01783074738273374,0.0007268572843466618,2020-04-03,2025-03-14,0.0007978066235171079
2025-03-19,600153,val,0.03554210755984724,0.0026247875022584344,2020-04-03,2025-03-14,0.0007978066235171079
2025-03-19,600548,val,-0.017481116977042438,-0.00030067551731038667,2020-04-03,2025-03-14,0.0007978066235171079
2025-03-19,600865,val,-0.015761575146953505,0.0035025974766895894,2020-04-03,2025-03-14,0.0007978066235171079
2025-03-19,600967,val,-0.015251543233803705,-0.004194110462012904,2020-04-03,2025-03-14,-0.02287487778626493
2025-03-19,601222,val,0.04207751609162583,0.0027388384610429572,2020-04-03,2025-03-14,0.0007978066235171079
2025-03-19,603237,val,0.026552208569948138,0.0014293007420782184,2020-04-03,2025-03-14,0.0007978066235171079
2025-03-19,603335,val,-0.033639865342038305,-0.0011253278562301148,2020-04-03,2025-03-14,0.0007978066235171079
2025-03-19,603341,val,-0.0015917281150741036,-0.004463240868044364,2020-04-03,2025-03-14,0.0007978066235171079
2025-03-19,603658,val,0.01771908973682937,0.003735005139782908,2020-04-03,2025-03-14,0.0007978066235171079
2025-03-19,605090,val,0.008274962809273562,0.007035431968835364,2020-04-03,2025-03-14,0.0007978066235171079
2025-03-19,605589,val,-0.012583067430999434,0.0025823699374374278,2020-04-03,2025-03-14,0.0007978066235171079
2025-03-19,688031,val,-0.07616696050193336,-0.0010560191025032304,2020-04-03,2025-03-14,0.00036718340663951507
2025-03-19,688045,val,-0.03595270785089741,0.004298321942281646,2020-04-03,2025-03-14,0.0007978066235171079
2025-03-19,688133,val,-0.01540857574377727,-0.010953101109653824,2020-04-03,2025-03-14,0.0007978066235171079
2025-03-19,688147,val,0.026049074112533682,-0.013286984064706962,2020-04-03,2025-03-14,-0.009954982398834739
2025-03-19,688528,val,-0.020060453730408184,0.0027820416928804933,2020-04-03,2025-03-14,0.0007978066235171079
2025-03-20,600025,val,0.03567333900969763,0.0036962028993628563,2020-04-03,2025-03-14,0.0007978066235171079
2025-03-20,600051,val,0.010422961080748274,0.005392796334076643,2020-04-03,2025-03-14,0.0007978066235171079
2025-03-20,600127,val,0.01603988675009851,0.0011848461876246726,2020-04-03,2025-03-14,0.0007978066235171079
2025-03-20,600153,val,0.042298869338788375,0.003773481292114317,2020-04-03,2025-03-14,0.0007978066235171079
2025-03-20,600548,val,-0.032161977170462736,0.0005440246143221536,2020-04-03,2025-03-14,0.0007978066235171079
2025-03-20,600865,val,-0.01964141366243752,0.004646312270686671,2020-04-03,2025-03-14,0.0007978066235171079
2025-03-20,600967,val,-0.012930004266464488,-0.007414023907845161,2020-04-03,2025-03-14,-0.03498935062232986
2025-03-20,601222,val,0.02214633776049948,0.003325718131960215,2020-04-03,2025-03-14,0.0007978066235171079
2025-03-20,603237,val,0.026782610704447676,0.002290272266414182,2020-04-03,2025-03-14,0.0007978066235171079
2025-03-20,603335,val,-0.07593948089174893,-0.007463154813402062,2020-04-03,2025-03-14,-0.009954982398834739
2025-03-20,603341,val,-0.0068575659057718875,0.0029691494113924465,2020-04-03,2025-03-14,0.0007978066235171079
2025-03-20,603658,val,0.042478258033804034,0.0029919400238549378,2020-04-03,2025-03-14,0.0007978066235171079
2025-03-20,605090,val,0.002970060099108298,0.004632645320641864,2020-04-03,2025-03-14,0.0007978066235171079
2025-03-20,605589,val,-0.0012210948224153674,0.0033703195773894484,2020-04-03,2025-03-14,0.0007978066235171079
2025-03-20,688031,val,-0.05564113749234531,-0.006344342330408761,2020-04-03,2025-03-14,0.00036718340663951507
2025-03-20,688045,val,-0.044218431900285265,0.00017076609708964333,2020-04-03,2025-03-14,0.0007978066235171079
2025-03-20,688133,val,0.026482333386759784,-0.00902349204161017,2020-04-03,2025-03-14,0.0007978066235171079
2025-03-20,688147,val,0.06667289536667301,-0.011606045727351319,2020-04-03,2025-03-14,0.00036718340663951507
2025-03-20,688528,val,-0.04335644541869352,0.0015310836221594224,2020-04-03,2025-03-14,0.0007978066235171079
2025-03-21,600025,val,0.0438992316989628,0.0022178780606568957,2020-04-03,2025-03-14,0.0007978066235171079
2025-03-21,600051,val,-0.0009224154965718056,-0.00014172391867159345,2020-04-03,2025-03-14,0.0007978066235171079
2025-03-21,600127,val,0.023216524575577532,-0.0016015499719593267,2020-04-03,2025-03-14,0.0007978066235171079
2025-03-21,600153,val,0.030930186355816444,0.0030935038299575034,2020-04-03,2025-03-14,0.0007978066235171079
2025-03-21,600548,val,-0.03767478500163636,0.003955142379022948,2020-04-03,2025-03-14,0.0007978066235171079
2025-03-21,600865,val,-0.024308679792530832,0.0028614043115320477,2020-04-03,2025-03-14,0.0007978066235171079
2025-03-21,600967,val,-0.005268414813816581,-0.006209608825790416,2020-04-03,2025-03-14,-0.02287487778626493
2025-03-21,601222,val,0.015483203282934165,-0.0009471625358326651,2020-04-03,2025-03-14,0.0007978066235171079
2025-03-21,603237,val,0.024321979958630488,0.0038513199936702027,2020-04-03,2025-03-14,0.0007978066235171079
2025-03-21,603335,val,-0.06774747348894529,-0.0053230651176582626,2020-04-03,2025-03-14,0.0007978066235171079
2025-03-21,603341,val,-0.014458188658457839,0.0031389861906043876,2020-04-03,2025-03-14,0.0007978066235171079
2025-03-21,603658,val,0.027694117266374038,0.004549631415246154,2020-04-03,2025-03-14,0.0007978066235171079
2025-03-21,605090,val,-0.0076905747179376715,0.004162026948725286,2020-04-03,2025-03-14,0.0007978066235171079
2025-03-21,605589,val,0.0019348623730297432,0.008686434865301983,2020-04-03,2025-03-14,0.0007978066235171079
2025-03-21,688031,val,-0.03815731544998703,0.0007912084314128286,2020-04-03,2025-03-14,0.00036718340663951507
2025-03-21,688045,val,-0.035133439291044524,-0.000787299132163079,2020-04-03,2025-03-14,0.0007978066235171079
2025-03-21,688133,val,0.04988714622346245,-0.012565816901611095,2020-04-03,2025-03-14,0.0007978066235171079
2025-03-21,688147,val,0.05676503325950953,-0.010548154541943832,2020-04-03,2025-03-14,0.00036718340663951507
2025-03-21,688528,val,-0.04277099828336929,-0.0005146562520279272,2020-04-03,2025-03-14,0.0007978066235171079
2025-03-24,600025,val,0.051138709219531904,0.004477729862063188,2020-04-03,2025-03-14,0.0007978066235171079
2025-03-24,600051,val,0.008920919311210869,0.00011706665869703539,2020-04-03,2025-03-14,0.0007978066235171079
2025-03-24,600127,val,0.011816489679480131,-0.0007972371997545466,2020-04-03,2025-03-14,0.0007978066235171079
2025-03-24,600153,val,0.028804369194660458,0.004647715953254001,2020-04-03,2025-03-14,0.0007978066235171079
2025-03-24,600548,val,0.04080482946737241,0.004484177222928879,2020-04-03,2025-03-14,0.0007978066235171079
2025-03-24,600865,val,-0.0033168429265514263,0.0032507423778054332,2020-04-03,2025-03-14,0.0007978066235171079
2025-03-24,600967,val,-0.01963701778331172,0.006254559544785125,2020-04-03,2025-03-14,-0.02287487778626493
2025-03-24,601222,val,0.004323822352580005,0.0013246461965532078,2020-04-03,2025-03-14,0.0007978066235171079
2025-03-24,603237,val,0.0047517104440152405,0.0006192359538086859,2020-04-03,2025-03-14,0.0007978066235171079
2025-03-24,603335,val,-0.021689480630931228,-0.00017633046897196216,2020-04-03,2025-03-14,0.0007978066235171079
2025-03-24,603341,val,-0.08371296671890172,-0.009834970786113055,2020-04-03,2025-03-14,0.0007978066235171079
2025-03-24,603658,val,0.004519165276115185,0.003110760632544138,2020-04-03,2025-03-14,0.0007978066235171079
2025-03-24,605090,val,0.002326246284020457,0.0030230364457464005,2020-04-03,2025-03-14,0.0007978066235171079
2025-03-24,605589,val,0.007925248315539653,0.006513103693403247,2020-04-03,2025-03-14,0.0007978066235171079
2025-03-24,688031,val,0.03449899976733995,-0.0025655433368833554,2020-04-03,2025-03-14,0.00036718340663951507
2025-03-24,688045,val,-0.004521677168685893,0.0033811230746506105,2020-04-03,2025-03-14,0.0007978066235171079
2025-03-24,688133,val,-0.041676203080258094,-0.020425935038208356,2020-04-03,2025-03-14,0.0007978066235171079
2025-03-24,688147,val,-0.02311218559601224,-0.009300371996476804,2020-04-03,2025-03-14,-0.009954982398834739
2025-03-24,688528,val,-0.0021641354072139338,0.0005649904386401281,2020-04-03,2025-03-14,0.0007978066235171079
2025-03-25,600025,val,0.0206323170100853,-0.009771633181572965,2020-04-03,2025-03-14,0.00469653612460646
2025-03-25,600051,val,0.01047870360382477,0.000931072669184453,2020-04-03,2025-03-14,0.0007978066235171079
2025-03-25,600127,val,0.00449273788750817,0.0003640989458822086,2020-04-03,2025-03-14,0.0007978066235171079
2025-03-25,600153,val,-0.017829221451453024,0.0035174411172617503,2020-04-03,2025-03-14,0.0007978066235171079
2025-03-25,600548,val,0.024601250823117284,0.00410562181311622,2020-04-03,2025-03-14,0.0007978066235171079
2025-03-25,600865,val,0.00022091023504247197,0.003853122562632288,2020-04-03,2025-03-14,0.0007978066235171079
2025-03-25,600967,val,-0.02683160340465449,0.0035447964710864912,2020-04-03,2025-03-14,0.00036718340663951507
2025-03-25,601222,val,-0.0031356573023534106,0.0029138552659379383,2020-04-03,2025-03-14,0.0007978066235171079
2025-03-25,603237,val,0.01655306293083172,0.00019999069469584261,2020-04-03,2025-03-14,0.0007978066235171079
2025-03-25,603335,val,-0.03209127518719077,0.002081735884996097,2020-04-03,2025-03-14,0.0007978066235171079
2025-03-25,603341,val,-0.028710811771245546,-0.004383696971810143,2020-04-03,2025-03-14,0.0007978066235171079
2025-03-25,603658,val,0.0072155012676884634,0.0013957769621515397,2020-04-03,2025-03-14,0.0007978066235171079
2025-03-25,605090,val,-0.021061961052854048,0.002698297561333393,2020-04-03,2025-03-14,0.0007978066235171079
2025-03-25,605589,val,0.015100177916302495,0.0037376763989676255,2020-04-03,2025-03-14,0.0007978066235171079
2025-03-25,688031,val,0.04994714526359314,-0.0002526645539466889,2020-04-03,2025-03-14,0.00036718340663951507
2025-03-25,688045,val,-0.001904734156361364,0.0009788562938491722,2020-04-03,2025-03-14,0.0007978066235171079
2025-03-25,688133,val,0.00525758891042163,-0.01109775404414681,2020-04-03,2025-03-14,0.0007978066235171079
2025-03-25,688147,val,-0.03319503699818636,-0.00757448483586475,2020-04-03,2025-03-14,0.006001706039987797
2025-03-25,688528,val,0.010260905475883566,0.0014263901747183824,2020-04-03,2025-03-14,0.0007978066235171079
2025-03-26,600025,val,0.022889494115290496,-0.004882621487734509,2020-04-03,2025-03-14,0.00469653612460646
2025-03-26,600051,val,-0.016202911067098494,-0.0011793759182557922,2020-04-03,2025-03-14,0.0007978066235171079
2025-03-26,600127,val,0.005480567631174315,0.0006621699299579061,2020-04-03,2025-03-14,0.0007978066235171079
2025-03-26,600153,val,-0.016384463043672484,0.002576785197874525,2020-04-03,2025-03-14,0.0007978066235171079
2025-03-26,600548,val,0.0033783046663771066,0.004883980190945668,2020-04-03,2025-03-14,0.0007978066235171079
2025-03-26,600865,val,-0.004644625645298451,0.005927988096881905,2020-04-03,2025-03-14,0.0007978066235171079
2025-03-26,600967,val,-0.014557748242228342,-0.0011834705305404565,2020-04-03,2025-03-14,0.00036718340663951507
2025-03-26,601222,val,-0.015162207762505998,0.0028048685113750338,2020-04-03,2025-03-14,0.0007978066235171079
2025-03-26,603237,val,0.016609987566760562,0.001697903217824997,2020-04-03,2025-03-14,0.0007978066235171079
2025-03-26,603335,val,-0.04187283513669572,-0.0007809389471897877,2020-04-03,2025-03-14,0.0007978066235171079
2025-03-26,603341,val,-0.03424995367211771,-0.002089351852694889,2020-04-03,2025-03-14,0.0007978066235171079
2025-03-26,603658,val,0.018668066139207004,0.0022890408931493214,2020-04-03,2025-03-14,0.0007978066235171079
2025-03-26,605090,val,-0.00219475512322599,0.0016282105988433895,2020-04-03,2025-03-14,0.0007978066235171079
2025-03-26,605589,val,0.047817975079711514,0.002928978658123121,2020-04-03,2025-03-14,0.0007978066235171079
2025-03-26,688031,val,0.049184380386697465,-0.0015708985086423564,2020-04-03,2025-03-14,0.00036718340663951507
2025-03-26,688045,val,0.032240168659332866,0.0007188761864798824,2020-04-03,2025-03-14,0.0007978066235171079
2025-03-26,688133,val,0.00991195944355071,-0.007353987987507361,2020-04-03,2025-03-14,0.0007978066235171079
2025-03-26,688147,val,-0.0649429756211425,-0.00959440176125878,2020-04-03,2025-03-14,-0.009954982398834739
2025-03-26,688528,val,0.004031571625883622,0.0011847447408402463,2020-04-03,2025-03-14,0.0007978066235171079
2025-03-27,600025,val,0.05193980659185726,-0.005596707577966029,2020-04-03,2025-03-14,0.006001706039987797
2025-03-27,600051,val,-0.008730271311290227,-0.00017498691295715147,2020-04-03,2025-03-14,0.0007978066235171079
2025-03-27,600127,val,0.0335836945144814,0.0002482179597190877,2020-04-03,2025-03-14,0.0007978066235171079
2025-03-27,600153,val,0.017571033340529896,-0.00046168258607801505,2020-04-03,2025-03-14,0.0007978066235171079
2025-03-27,600548,val,0.030691275329432388,0.001343685823609534,2020-04-03,2025-03-14,0.0007978066235171079
2025-03-27,600865,val,0.012132027901524234,0.009141047339700604,2020-04-03,2025-03-14,0.0007978066235171079
2025-03-27,600967,val,-0.04721747676048038,-0.016130176780585297,2020-04-03,2025-03-14,0.00036718340663951507
2025-03-27,601222,val,0.0014020620744711332,-0.0019554357002329967,2020-04-03,2025-03-14,0.0007978066235171079
2025-03-27,603237,val,0.02804844370670545,-0.0005304718691393465,2020-04-03,2025-03-14,0.0007978066235171079
2025-03-27,603335,val,0.0716030398665981,5.1895300899737964e-05,2020-04-03,2025-03-14,0.0007978066235171079
2025-03-27,603341,val,-0.04475697201257167,0.006698623577509408,2020-04-03,2025-03-14,0.0007978066235171079
2025-03-27,603658,val,0.004346524921403416,0.001818864662844367,2020-04-03,2025-03-14,0.0007978066235171079
2025-03-27,605090,val,-0.006827759542028078,0.0013626839643119423,2020-04-03,2025-03-14,0.0007978066235171079
2025-03-27,605589,val,-0.014499951128843391,0.008229592583827038,2020-04-03,2025-03-14,0.0007978066235171079
2025-03-27,688031,val,-0.00693089841946648,-0.0005585325237330209,2020-04-03,2025-03-14,0.00036718340663951507
2025-03-27,688045,val,0.003339011141555659,-0.00021153005994654586,2020-04-03,2025-03-14,0.0007978066235171079
2025-03-27,688133,val,-0.055315839546343004,-0.0012155008245748563,2020-04-03,2025-03-14,0.0007978066235171079
2025-03-27,688147,val,-0.07564270224222636,-0.006600510588267745,2020-04-03,2025-03-14,-0.009954982398834739
2025-03-27,688528,val,0.005264951574690646,0.003209423439531318,2020-04-03,2025-03-14,0.0007978066235171079
2025-03-28,600025,val,0.09810975319632956,0.002243921156557503,2020-04-03,2025-03-14,0.00469653612460646
2025-03-28,600051,val,-0.0018944947115756283,-0.0003420425803237381,2020-04-03,2025-03-14,0.0007978066235171079
2025-03-28,600127,val,0.15530108570287496,-0.0034353845582346205,2020-04-03,2025-03-14,0.0007978066235171079
2025-03-28,600153,val,0.035304962053444716,0.004283506034103879,2020-04-03,2025-03-14,0.0007978066235171079
2025-03-28,600548,val,0.05975880566874761,0.012311965288361013,2020-04-03,2025-03-14,0.0007978066235171079
2025-03-28,600865,val,0.018376683830727575,0.0033851237548012743,2020-04-03,2025-03-14,0.0007978066235171079
2025-03-28,600967,val,-0.022168151827338084,-0.013091782847051535,2020-04-03,2025-03-14,0.00036718340663951507
2025-03-28,601222,val,-0.0076193973516206215,0.0032758209169564878,2020-04-03,2025-03-14,0.0007978066235171079
2025-03-28,603237,val,0.03149620082973972,0.003434769687998762,2020-04-03,2025-03-14,0.0007978066235171079
2025-03-28,603335,val,0.07163679113014734,0.004857779212374835,2020-04-03,2025-03-14,0.0007978066235171079
2025-03-28,603341,val,-0.04367970677118346,0.0006441116586951328,2020-04-03,2025-03-14,0.0007978066235171079
2025-03-28,603658,val,0.03571407569601462,0.002207654959382098,2020-04-03,2025-03-14,0.0007978066235171079
2025-03-28,605090,val,0.010426536093576827,0.005788537875908329,2020-04-03,2025-03-14,0.0007978066235171079
2025-03-28,605589,val,-0.027046988235069874,0.004339603324963001,2020-04-03,2025-03-14,0.0007978066235171079
2025-03-28,688031,val,-0.0968359379776251,-0.0010726571096769358,2020-04-03,2025-03-14,0.00036718340663951507
2025-03-28,688045,val,-0.043980642283896504,-0.002465821547000278,2020-04-03,2025-03-14,0.0007978066235171079
2025-03-28,688133,val,-0.11363795916616301,-0.016508062170227256,2020-04-03,2025-03-14,0.0007978066235171079
2025-03-28,688147,val,-0.1045496843150013,-0.014182799517060734,2020-04-03,2025-03-14,0.006001706039987797
2025-03-28,688528,val,-0.05471193156212914,0.0029942556879448204,2020-04-03,2025-03-14,0.0007978066235171079
2025-03-31,600025,val,0.09255490639753568,-0.005113377071282066,2020-04-03,2025-03-14,0.00469653612460646
2025-03-31,600051,val,-0.033993962195703206,0.0038270965099430738,2020-04-03,2025-03-14,0.0007978066235171079
2025-03-31,600127,val,0.24689813859637127,-0.005554201200207898,2020-04-03,2025-03-14,0.0007978066235171079
2025-03-31,600153,val,0.049059782284060785,0.0042612354758344234,2020-04-03,2025-03-14,0.006001706039987797
2025-03-31,600548,val,0.05492019547592715,0.00508157848596599,2020-04-03,2025-03-14,0.0007978066235171079
2025-03-31,600865,val,0.04162303320236001,0.0042030437670879375,2020-04-03,2025-03-14,0.0007978066235171079
2025-03-31,600967,val,-0.007375849058348469,-0.009047976021024655,2020-04-03,2025-03-14,0.00036718340663951507
2025-03-31,601222,val,-0.011829748342363874,0.005306102350840228,2020-04-03,2025-03-14,0.0007978066235171079
2025-03-31,603237,val,0.06569023969044548,0.0034153947385488757,2020-04-03,2025-03-14,0.0007978066235171079
2025-03-31,603335,val,-0.013017696402889564,0.007459441401931885,2020-04-03,2025-03-14,0.0007978066235171079
2025-03-31,603341,val,-0.1374109353678749,0.005362059208605801,2020-04-03,2025-03-14,0.0007978066235171079
2025-03-31,603658,val,0.05798982634522794,0.0005622787434019154,2020-04-03,2025-03-14,0.0007978066235171079
2025-03-31,605090,val,0.011388942551904327,0.0033705686743833205,2020-04-03,2025-03-14,0.0007978066235171079
2025-03-31,605589,val,-0.09399627207096965,-0.00328965353403217,2020-04-03,2025-03-14,0.0007978066235171079
2025-03-31,688031,val,-0.11499766504461766,-0.00976834374264895,2020-04-03,2025-03-14,0.00036718340663951507
2025-03-31,688045,val,-0.05928244348798843,0.004057894322672963,2020-04-03,2025-03-14,0.0007978066235171079
2025-03-31,688133,val,-0.04000321281578682,-0.014275771077738699,2020-04-03,2025-03-14,0.0007978066235171079
2025-03-31,688147,val,-0.07106571044373615,-0.002864229799929362,2020-04-03,2025-03-14,0.006001706039987797
2025-03-31,688528,val,-0.03715156931355394,0.0016753579961193764,2020-04-03,2025-03-14,0.0007978066235171079
2025-04-01,600025,val,0.07776782560397763,0.0002584548405651093,2020-04-03,2025-03-14,0.00469653612460646
2025-04-01,600051,val,-0.048267380988065295,0.0010753316569662517,2020-04-03,2025-03-14,0.0007978066235171079
2025-04-01,600127,val,0.16145672460166702,0.0012811935668676413,2020-04-03,2025-03-14,0.0007978066235171079
2025-04-01,600153,val,0.07628798838607151,0.00013578841960756914,2020-04-03,2025-03-14,0.006001706039987797
2025-04-01,600548,val,0.060307934111504785,0.0017324530985168606,2020-04-03,2025-03-14,0.0007978066235171079
2025-04-01,600865,val,0.05549811215188957,0.003207479922681457,2020-04-03,2025-03-14,0.0007978066235171079
2025-04-01,600967,val,0.07073825209042858,-3.587502451067022e-05,2020-04-03,2025-03-14,0.00036718340663951507
2025-04-01,601222,val,-0.042074032812563084,0.0054104318578489545,2020-04-03,2025-03-14,0.0007978066235171079
2025-04-01,603237,val,0.03677964773637851,0.00017213992995789186,2020-04-03,2025-03-14,0.006001706039987797
2025-04-01,603335,val,-0.027478270592767667,0.006055255267638804,2020-04-03,2025-03-14,0.0007978066235171079
2025-04-01,603341,val,-0.12774988255470535,0.0051259434574854705,2020-04-03,2025-03-14,0.0007978066235171079
2025-04-01,603658,val,0.02296145546076253,9.707849669551628e-05,2020-04-03,2025-03-14,0.0007978066235171079
2025-04-01,605090,val,-0.016772868622723786,0.001992460930200792,2020-04-03,2025-03-14,0.0007978066235171079
2025-04-01,605589,val,-0.09160327330487242,-0.006219985476962651,2020-04-03,2025-03-14,0.0007978066235171079
2025-04-01,688031,val,-0.1033948313210056,-0.009250455918091809,2020-04-03,2025-03-14,0.00036718340663951507
2025-04-01,688045,val,-0.03469500553526075,0.0009219923472591384,2020-04-03,2025-03-14,0.0007978066235171079
2025-04-01,688133,val,-0.0175836191557929,-0.010767831404186955,2020-04-03,2025-03-14,0.0007978066235171079
2025-04-01,688147,val,-0.006773300306154556,-0.0038333735193527008,2020-04-03,2025-03-14,0.006001706039987797
2025-04-01,688528,val,-0.045405474948768815,0.0013100167792853947,2020-04-03,2025-03-14,0.0007978066235171079
2025-04-02,600025,val,0.04070320324199818,0.004057428107232028,2020-04-03,2025-03-14,0.00469653612460646
2025-04-02,600051,val,-0.052885197182441876,0.002939544549131828,2020-04-03,2025-03-14,0.0007978066235171079
2025-04-02,600127,val,0.24603269661496985,0.004879284889113462,2020-04-03,2025-03-14,0.0007978066235171079
2025-04-02,600153,val,0.05313146204706877,0.003783259948821443,2020-04-03,2025-03-14,0.006001706039987797
2025-04-02,600548,val,0.08381108962592111,0.004112066239199908,2020-04-03,2025-03-14,0.0007978066235171079
2025-04-02,600865,val,0.06267859280632061,-5.470734880796034e-05,2020-04-03,2025-03-14,0.0007978066235171079
2025-04-02,600967,val,0.06921860263220138,-0.007182128624692993,2020-04-03,2025-03-14,0.00036718340663951507
2025-04-02,601222,val,-0.052574876106023724,0.005167013977197998,2020-04-03,2025-03-14,0.0007978066235171079
2025-04-02,603237,val,0.03617063963805957,0.00345129349525438,2020-04-03,2025-03-14,0.006001706039987797
2025-04-02,603335,val,-0.037898962316688864,0.0040757653495632805,2020-04-03,2025-03-14,0.0007978066235171079
2025-04-02,603341,val,-0.11438402354868814,0.004651547765544013,2020-04-03,2025-03-14,0.0007978066235171079
2025-04-02,603658,val,0.017573163669805335,0.0046350659977653745,2020-04-03,2025-03-14,0.006001706039987797
2025-04-02,605090,val,-0.024691532283746754,0.001351599839815399,2020-04-03,2025-03-14,0.0007978066235171079
2025-04-02,605589,val,-0.12129251629847825,-0.004688547500990105,2020-04-03,2025-03-14,-0.009954982398834739
2025-04-02,688031,val,-0.091939042897054,-0.009216879062274507,2020-04-03,2025-03-14,0.00036718340663951507
2025-04-02,688045,val,-0.06480469967277279,-0.011465788261765022,2020-04-03,2025-03-14,-0.009954982398834739
2025-04-02,688133,val,0.0318530733056538,-0.008157531973860174,2020-04-03,2025-03-14,0.0007978066235171079
2025-04-02,688147,val,-0.02617234498407083,-0.005185922112705863,2020-04-03,2025-03-14,0.0007978066235171079
2025-04-02,688528,val,-0.05452932829203337,0.001516133954929563,2020-04-03,2025-03-14,0.0007978066235171079
2025-04-03,600025,val,0.016344571465511784,0.004569043992406796,2020-04-03,2025-03-14,0.006001706039987797
2025-04-03,600051,val,-0.05847304221542331,0.0032282286230717644,2020-04-03,2025-03-14,0.0007978066235171079
2025-04-03,600127,val,0.13763474221571453,-0.00027423967958820945,2020-04-03,2025-03-14,0.0007978066235171079
2025-04-03,600153,val,0.0013533050899659643,0.0028298493290117416,2020-04-03,2025-03-14,0.006001706039987797
2025-04-03,600548,val,0.05921750262082999,0.004297155004748134,2020-04-03,2025-03-14,0.0007978066235171079
2025-04-03,600865,val,0.03647395474193822,-0.003010735411534213,2020-04-03,2025-03-14,0.0007978066235171079
2025-04-03,600967,val,0.06600252455736728,-0.016579521151120002,2020-04-03,2025-03-14,0.00036718340663951507
2025-04-03,601222,val,-0.05559052885386799,0.007008378611320395,2020-04-03,2025-03-14,0.0007978066235171079
2025-04-03,603237,val,0.016909163400592522,0.0014522317922739817,2020-04-03,2025-03-14,0.006001706039987797
2025-04-03,603335,val,-0.13012883776717693,-0.023134067120952295,2020-04-03,2025-03-14,-0.009954982398834739
2025-04-03,603341,val,-0.07756272544438518,0.006933793084645273,2020-04-03,2025-03-14,0.0007978066235171079
2025-04-03,603658,val,0.016061186507174877,0.0060976665771624436,2020-04-03,2025-03-14,0.006001706039987797
2025-04-03,605090,val,-0.024279757093303253,0.004042032396236314,2020-04-03,2025-03-14,0.0007978066235171079
2025-04-03,605589,val,-0.05775676604444073,0.005031250636530495,2020-04-03,2025-03-14,0.0007978066235171079
2025-04-03,688031,val,-0.060483632373506,0.0032593901457031857,2020-04-03,2025-03-14,0.0007978066235171079
2025-04-03,688045,val,0.05650145323811413,-0.00538795216538648,2020-04-03,2025-03-14,0.0007978066235171079
2025-04-03,688133,val,0.07493715602164282,-0.0033160936611204986,2020-04-03,2025-03-14,0.0007978066235171079
2025-04-03,688147,val,0.015259905506268837,5.122276904267007e-05,2020-04-03,2025-03-14,0.0007978066235171079
2025-04-03,688528,val,-0.032420175573017615,0.0015708654560205723,2020-04-03,2025-03-14,0.0007978066235171079
2025-04-07,600025,val,-0.06861151411048197,-0.0003379122630542885,2020-04-03,2025-03-14,0.00469653612460646
2025-04-07,600051,val,-0.06174755319353367,-0.0018327300634215183,2020-04-03,2025-03-14,0.0007978066235171079
2025-04-07,600127,val,-0.027227169500488008,-0.01773425899116189,2020-04-03,2025-03-14,0.00469653612460646
2025-04-07,600153,val,-0.04937555176138145,-0.0024314998528538654,2020-04-03,2025-03-14,0.006001706039987797
2025-04-07,600548,val,-0.0185294272334722,-0.002734852093835638,2020-04-03,2025-03-14,0.0007978066235171079
2025-04-07,600865,val,0.06679249848605304,-0.0051655103302880815,2020-04-03,2025-03-14,0.0007978066235171079
2025-04-07,600967,val,0.08023235828076,-0.00716964620212924,2020-04-03,2025-03-14,0.00036718340663951507
2025-04-07,601222,val,-0.06456153825802782,0.003983322305669882,2020-04-03,2025-03-14,0.0007978066235171079
2025-04-07,603237,val,0.027399177268986302,-0.004019750914709046,2020-04-03,2025-03-14,0.006001706039987797
2025-04-07,603335,val,-0.11326533648551032,-0.0131761262001803,2020-04-03,2025-03-14,0.0007978066235171079
2025-04-07,603341,val,-0.05413608822538077,0.0013593833145130875,2020-04-03,2025-03-14,0.0007978066235171079
2025-04-07,603658,val,-0.04387861614503,-0.005526781535636844,2020-04-03,2025-03-14,0.006001706039987797
2025-04-07,605090,val,-0.035936039116468504,0.0007085928257426709,2020-04-03,2025-03-14,0.0007978066235171079
2025-04-07,605589,val,-0.08006976614877395,0.005694409094287754,2020-04-03,2025-03-14,0.0007978066235171079
2025-04-07,688031,val,0.04516347132343365,0.018742589129666132,2020-04-03,2025-03-14,0.00036718340663951507
2025-04-07,688045,val,0.13811287373585898,0.006109765500243877,2020-04-03,2025-03-14,0.0007978066235171079
2025-04-07,688133,val,0.16309135634797808,0.011734756934182666,2020-04-03,2025-03-14,0.0007978066235171079
2025-04-07,688147,val,0.06429970893430312,0.0017606218608688675,2020-04-03,2025-03-14,0.0007978066235171079
2025-04-07,688528,val,0.0322471558011754,0.008704126710567717,2020-04-03,2025-03-14,0.0007978066235171079
2025-04-08,600025,val,-0.08446837647086451,0.004803960005730201,2020-04-03,2025-03-14,0.006001706039987797
2025-04-08,600051,val,-0.005145748298015104,-0.0011698363971182114,2020-04-03,2025-03-14,0.0007978066235171079
2025-04-08,600127,val,-0.09815143658015406,-0.016313413044684477,2020-04-03,2025-03-14,-0.009954982398834739
2025-04-08,600153,val,-0.07992691153697633,0.002835754530968626,2020-04-03,2025-03-14,0.0007978066235171079
2025-04-08,600548,val,-0.04526650710725137,-0.000858630633151798,2020-04-03,2025-03-14,0.0007978066235171079
2025-04-08,600865,val,0.01877013204729701,-0.010182820631795122,2020-04-03,2025-03-14,0.0007978066235171079
2025-04-08,600967,val,0.06967223246019856,-0.006402139554701941,2020-04-03,2025-03-14,0.00036718340663951507
2025-04-08,601222,val,-0.061697135504885245,-0.0006837639246821933,2020-04-03,2025-03-14,0.0007978066235171079
2025-04-08,603237,val,0.014246210925063132,0.0019496704529719322,2020-04-03,2025-03-14,0.006001706039987797
2025-04-08,603335,val,0.10204368537106552,-0.002844974279322513,2020-04-03,2025-03-14,0.0007978066235171079
2025-04-08,603341,val,0.0503903773185503,0.0024273169856105685,2020-04-03,2025-03-14,0.0007978066235171079
2025-04-08,603658,val,-0.060769958813520916,0.0004187124684181691,2020-04-03,2025-03-14,0.006001706039987797
2025-04-08,605090,val,-0.047109924934839495,0.0008223649674514179,2020-04-03,2025-03-14,0.0007978066235171079
2025-04-08,605589,val,-0.02589017920711427,0.0029077231455263233,2020-04-03,2025-03-14,0.0007978066235171079
2025-04-08,688031,val,0.0012375172252522965,0.009349827628027092,2020-04-03,2025-03-14,0.00036718340663951507
2025-04-08,688045,val,0.13709494023144003,0.00635464620633739,2020-04-03,2025-03-14,0.0007978066235171079
2025-04-08,688133,val,0.0935196353728562,6.308663041737001e-07,2020-04-03,2025-03-14,0.00036718340663951507
2025-04-08,688147,val,0.028006062668418166,0.0006978493922913134,2020-04-03,2025-03-14,0.0007978066235171079
2025-04-08,688528,val,-0.006554615166519714,0.004555621044291053,2020-04-03,2025-03-14,0.0007978066235171079
2025-04-09,600025,val,-0.04754661269557332,0.005126118422125638,2020-04-03,2025-03-14,0.006001706039987797
2025-04-09,600051,val,-0.006935950689892792,-0.0015871836119106838,2020-04-03,2025-03-14,0.0007978066235171079
2025-04-09,600127,val,-0.06024293189998793,-0.011101868749962428,2020-04-03,2025-03-14,-0.009954982398834739
2025-04-09,600153,val,-0.04312397583586576,0.003111738532471034,2020-04-03,2025-03-14,0.006001706039987797
2025-04-09,600548,val,-0.025845789963978863,0.0008388716162271269,2020-04-03,2025-03-14,0.0007978066235171079
2025-04-09,600865,val,0.01469290364093305,-0.0039329841732912325,2020-04-03,2025-03-14,0.0007978066235171079
2025-04-09,600967,val,-0.031945471491683655,-0.009857522462788098,2020-04-03,2025-03-14,0.00036718340663951507
2025-04-09,601222,val,-0.031997197585191886,-0.0010851035630139688,2020-04-03,2025-03-14,0.0007978066235171079
2025-04-09,603237,val,0.032338254515491036,0.0009109918575704942,2020-04-03,2025-03-14,0.006001706039987797
2025-04-09,603335,val,0.0849151969401493,-0.00041601971356495946,2020-04-03,2025-03-14,0.0007978066235171079
2025-04-09,603341,val,0.02124044264039486,0.0068476373434277005,2020-04-03,2025-03-14,0.0007978066235171079
2025-04-09,603658,val,-0.036628280734933696,-0.0011885925345324873,2020-04-03,2025-03-14,0.0007978066235171079
2025-04-09,605090,val,0.00483378209276257,-0.000366488304959386,2020-04-03,2025-03-14,0.0007978066235171079
2025-04-09,605589,val,-0.03439313368893589,0.002414900298392768,2020-04-03,2025-03-14,0.0007978066235171079
2025-04-09,688031,val,-0.04769094189227814,0.008663944083328478,2020-04-03,2025-03-14,0.00036718340663951507
2025-04-09,688045,val,0.21377930831338782,0.003395077392489844,2020-04-03,2025-03-14,0.0007978066235171079
2025-04-09,688133,val,0.045486141328520954,-0.002586705405775723,2020-04-03,2025-03-14,0.00036718340663951507
2025-04-09,688147,val,-0.021048851781745384,-0.004423952541254166,2020-04-03,2025-03-14,0.0007978066235171079
2025-04-09,688528,val,-0.029886891211572245,0.0039056407434920957,2020-04-03,2025-03-14,0.0007978066235171079
2025-04-10,600025,val,-0.016740374070267895,0.0012826404460258697,2020-04-03,2025-03-14,0.006001706039987797
2025-04-10,600051,val,0.0061598931356247714,-0.0008039433299628451,2020-04-03,2025-03-14,0.0007978066235171079
2025-04-10,600127,val,-0.13614931752738496,-0.01681342460725556,2020-04-03,2025-03-14,-0.009954982398834739
2025-04-10,600153,val,-0.03138043209974277,0.0021734064927001733,2020-04-03,2025-03-14,0.0007978066235171079
2025-04-10,600548,val,-0.05832556836358098,-0.0009495224226211343,2020-04-03,2025-03-14,0.0007978066235171079
2025-04-10,600865,val,0.021172244359518987,-0.004526793658744375,2020-04-03,2025-03-14,0.0007978066235171079
2025-04-10,600967,val,-0.036705382837690134,-0.004272816408738038,2020-04-03,2025-03-14,0.0007978066235171079
2025-04-10,601222,val,-0.021684963598993346,-9.499489630711434e-05,2020-04-03,2025-03-14,0.0007978066235171079
2025-04-10,603237,val,0.12788457312664175,-0.0012170180147256739,2020-04-03,2025-03-14,0.0007978066235171079
2025-04-10,603335,val,0.04770432799326048,0.0018046673068849326,2020-04-03,2025-03-14,0.0007978066235171079
2025-04-10,603341,val,-0.00744105095694585,0.010926203995434584,2020-04-03,2025-03-14,0.0007978066235171079
2025-04-10,603658,val,-0.032381506710686445,0.00048375950629070565,2020-04-03,2025-03-14,0.0007978066235171079
2025-04-10,605090,val,-0.003339012314783441,-0.0008656198208230238,2020-04-03,2025-03-14,0.0007978066235171079
2025-04-10,605589,val,0.0001317802717557097,0.003413739146701061,2020-04-03,2025-03-14,0.0007978066235171079
2025-04-10,688031,val,-0.07916726910292797,0.010138768444439747,2020-04-03,2025-03-14,0.00036718340663951507
2025-04-10,688045,val,0.20778827712109477,0.0030323310770016616,2020-04-03,2025-03-14,0.0007978066235171079
2025-04-10,688133,val,0.03319931546193251,-0.0036548564453113036,2020-04-03,2025-03-14,0.00036718340663951507
2025-04-10,688147,val,-0.010472468396376878,-0.003713864106069035,2020-04-03,2025-03-14,0.0007978066235171079
2025-04-10,688528,val,-0.010253065490448288,0.002325836523551356,2020-04-03,2025-03-14,0.0007978066235171079
2025-04-11,600025,val,-0.011626521933472822,0.002240255317646303,2020-04-03,2025-03-14,0.006001706039987797
2025-04-11,600051,val,0.016206101923061912,0.0022695828743324103,2020-04-03,2025-03-14,0.0007978066235171079
2025-04-11,600127,val,-0.10131120964084131,-0.014350331295390433,2020-04-03,2025-03-14,-0.009954982398834739
2025-04-11,600153,val,0.012807790127533613,0.0008449083879291373,2020-04-03,2025-03-14,0.0007978066235171079
2025-04-11,600548,val,-0.04400096706336234,-0.001293610253160599,2020-04-03,2025-03-14,0.006001706039987797
2025-04-11,600865,val,0.14501253102000786,-0.0031564271700035445,2020-04-03,2025-03-14,0.0007978066235171079
2025-04-11,600967,val,-0.025560908087093125,-0.007187589261477855,2020-04-03,2025-03-14,-0.009954982398834739
2025-04-11,601222,val,-0.006610882579371613,0.0029317677796587152,2020-04-03,2025-03-14,0.0007978066235171079
2025-04-11,603237,val,0.07381269544882693,-0.0003618550335933309,2020-04-03,2025-03-14,0.0007978066235171079
2025-04-11,603335,val,0.04076147871133882,-0.001090748252359738,2020-04-03,2025-03-14,0.0007978066235171079
2025-04-11,603341,val,0.006403278121952715,0.01062096710761787,2020-04-03,2025-03-14,0.0007978066235171079
2025-04-11,603658,val,-0.0696022492118378,0.0006900549208928654,2020-04-03,2025-03-14,0.0007978066235171079
2025-04-11,605090,val,0.03667864412653186,0.0008987941956347486,2020-04-03,2025-03-14,0.0007978066235171079
2025-04-11,605589,val,-0.03050882947430946,0.0032818422874905614,2020-04-03,2025-03-14,0.0007978066235171079
2025-04-11,688031,val,-0.08998954682192975,0.016423289922550374,2020-04-03,2025-03-14,0.00036718340663951507
2025-04-11,688045,val,0.06113925258210682,-0.007763064499241619,2020-04-03,2025-03-14,-0.009954982398834739
2025-04-11,688133,val,0.029992855131909947,-0.007636448484389735,2020-04-03,2025-03-14,0.00036718340663951507
2025-04-11,688147,val,-0.038073838026390215,-0.004138088424650145,2020-04-03,2025-03-14,0.0007978066235171079
2025-04-11,688528,val,-0.005529674354662029,0.0054451991089860974,2020-04-03,2025-03-14,0.0007978066235171079
2025-04-14,600025,val,-0.03142672433366116,0.005098248063240144,2020-04-03,2025-03-14,0.006001706039987797
2025-04-14,600051,val,0.007484113438322851,0.0017629067593081579,2020-04-03,2025-03-14,0.0007978066235171079
2025-04-14,600127,val,-0.10579772418668291,-0.018873939364796175,2020-04-03,2025-03-14,0.006001706039987797
2025-04-14,600153,val,0.0029517135101232023,0.0030330305123928984,2020-04-03,2025-03-14,0.0007978066235171079
2025-04-14,600548,val,-0.0480486437603304,0.0012311703901463431,2020-04-03,2025-03-14,0.0007978066235171079
2025-04-14,600865,val,0.21236769965216712,-0.008907172708570098,2020-04-03,2025-03-14,-0.009954982398834739
2025-04-14,600967,val,-0.025696386286801418,-0.008425568889338911,2020-04-03,2025-03-14,0.00469653612460646
2025-04-14,601222,val,-0.01822758191859479,0.004745392768336363,2020-04-03,2025-03-14,0.0007978066235171079
2025-04-14,603237,val,0.13739378631932536,-0.007424313284610392,2020-04-03,2025-03-14,0.0007978066235171079
2025-04-14,603335,val,-0.009636190849933099,0.004782047315030591,2020-04-03,2025-03-14,0.0007978066235171079
2025-04-14,603341,val,-0.032486942715049746,0.014009010168340394,2020-04-03,2025-03-14,0.0007978066235171079
2025-04-14,603658,val,-0.07644848314671042,0.0015701326468701951,2020-04-03,2025-03-14,0.0007978066235171079
2025-04-14,605090,val,0.0015016598449738155,-0.004376138503620256,2020-04-03,2025-03-14,0.0007978066235171079
2025-04-14,605589,val,-0.01001124945283964,0.0062572631730800085,2020-04-03,2025-03-14,0.0007978066235171079
2025-04-14,688031,val,-0.01840895196818952,0.015670414539368318,2020-04-03,2025-03-14,0.00036718340663951507
2025-04-14,688045,val,0.042316792875202694,-0.008732027239207995,2020-04-03,2025-03-14,-0.009954982398834739
2025-04-14,688133,val,0.049138432773765686,-0.006252414403107868,2020-04-03,2025-03-14,0.00036718340663951507
2025-04-14,688147,val,-0.05213925552743319,-0.0026700517772107837,2020-04-03,2025-03-14,0.0007978066235171079
2025-04-14,688528,val,-0.024826064267654477,0.006170509062821153,2020-04-03,2025-03-14,0.0007978066235171079
2025-04-15,600025,val,-0.02312523229842971,0.004700671640463883,2020-04-03,2025-04-14,0.000848657823445651
2025-04-15,600051,val,0.008974433797700642,-0.002110420671148058,2020-04-03,2025-04-14,0.000848657823445651
2025-04-15,600127,val,-0.08805519184661796,-0.0018245499233621653,2020-04-03,2025-04-14,0.005965343763838213
2025-04-15,600153,val,0.027377574812306803,0.0035114718622500938,2020-04-03,2025-04-14,0.000848657823445651
2025-04-15,600548,val,-0.04882656688301894,0.003087863725563148,2020-04-03,2025-04-14,0.000848657823445651
2025-04-15,600865,val,0.33829303337877165,-0.004346265473001801,2020-04-03,2025-04-14,0.000848657823445651
2025-04-15,600967,val,-0.016637500258668992,-0.005813919388648382,2020-04-03,2025-04-14,0.000848657823445651
2025-04-15,601222,val,-0.020903996805908643,1.2702064687433525e-05,2020-04-03,2025-04-14,0.000848657823445651
2025-04-15,603237,val,0.05784574612554856,-0.017092211460935567,2020-04-03,2025-04-14,0.005965343763838213
2025-04-15,603335,val,-0.10209885121584365,0.0053386767075449095,2020-04-03,2025-04-14,0.005479617827503427
2025-04-15,603341,val,-0.02691598810194611,0.005235248932389648,2020-04-03,2025-04-14,0.000848657823445651
2025-04-15,603658,val,-0.07772490788148904,0.002925119206314909,2020-04-03,2025-04-14,0.000848657823445651
2025-04-15,605090,val,0.008199311380920848,-0.0005633252719484528,2020-04-03,2025-04-14,0.000848657823445651
2025-04-15,605589,val,-0.027959740073263007,0.00022766088150080255,2020-04-03,2025-04-14,0.000848657823445651
2025-04-15,688031,val,-0.01847809926795012,0.01426909898111444,2020-04-03,2025-04-14,-4.036880823403462e-05
2025-04-15,688045,val,0.02360677734523393,-0.0052292331015497,2020-04-03,2025-04-14,-0.010029500870096637
2025-04-15,688133,val,0.05406723136394538,-0.0037506044446980933,2020-04-03,2025-04-14,-0.010029500870096637
2025-04-15,688147,val,-0.03797588311409565,-0.00201469093626193,2020-04-03,2025-04-14,0.000848657823445651
2025-04-15,688528,val,-0.029662150457195936,0.0021238785844420096,2020-04-03,2025-04-14,0.000848657823445651
2025-04-16,600025,val,-0.04099660424109243,0.0032145671922103897,2020-04-03,2025-04-14,0.000848657823445651
2025-04-16,600051,val,0.04169743788315837,-0.001586038893003608,2020-04-03,2025-04-14,0.000848657823445651
2025-04-16,600127,val,-0.06481366832454995,-0.0019020149956648215,2020-04-03,2025-04-14,0.005965343763838213
2025-04-16,600153,val,-0.014710624205548261,0.0049390870342383205,2020-04-03,2025-04-14,0.000848657823445651
2025-04-16,600548,val,-0.07056369257559682,0.0010623528004915976,2020-04-03,2025-04-14,0.000848657823445651
2025-04-16,600865,val,0.22183819465010124,0.000401702475689783,2020-04-03,2025-04-14,0.005965343763838213
2025-04-16,600967,val,-0.00043445764501893677,-0.001140464080430475,2020-04-03,2025-04-14,0.000848657823445651
2025-04-16,601222,val,-0.0028484723056155896,-0.002156332181172659,2020-04-03,2025-04-14,0.000848657823445651
2025-04-16,603237,val,0.003614212849394439,-0.004541311942728941,2020-04-03,2025-04-14,0.005965343763838213
2025-04-16,603335,val,-0.04946458395568133,-0.002126397640606085,2020-04-03,2025-04-14,-4.036880823403462e-05
2025-04-16,603341,val,0.012460121537738556,0.0021107250972270263,2020-04-03,2025-04-14,0.000848657823445651
2025-04-16,603658,val,-0.07051943070792767,0.0007564782502927246,2020-04-03,2025-04-14,0.000848657823445651
2025-04-16,605090,val,-0.0075766975410492925,-0.001863870478347265,2020-04-03,2025-04-14,0.000848657823445651
2025-04-16,605589,val,0.02275644772960882,0.001202859173692211,2020-04-03,2025-04-14,0.000848657823445651
2025-04-16,688031,val,0.023733948780068837,0.011710316786633703,2020-04-03,2025-04-14,-4.036880823403462e-05
2025-04-16,688045,val,-0.05219474654865143,-0.01250071420457296,2020-04-03,2025-04-14,-0.010029500870096637
2025-04-16,688133,val,0.05011730204039676,0.0008952779804765183,2020-04-03,2025-04-14,-4.036880823403462e-05
2025-04-16,688147,val,-0.030976122301158437,-0.003044518792838491,2020-04-03,2025-04-14,0.000848657823445651
2025-04-16,688528,val,0.02888143488142313,0.0032554683331301472,2020-04-03,2025-04-14,0.000848657823445651
2025-04-17,600025,val,-0.01665708203022713,0.004341987134157926,2020-04-03,2025-04-14,0.000848657823445651
2025-04-17,600051,val,0.14804904627818144,2.098098414778233e-05,2020-04-03,2025-04-14,0.000848657823445651
2025-04-17,600127,val,-0.05975805108305625,0.0010234219050149415,2020-04-03,2025-04-14,0.005965343763838213
2025-04-17,600153,val,0.015129166962056642,0.00665680862292248,2020-04-03,2025-04-14,0.000848657823445651
2025-04-17,600548,val,-0.03383975770553853,0.0006885040147149653,2020-04-03,2025-04-14,0.000848657823445651
2025-04-17,600865,val,0.13416856874520283,0.0042274486047386576,2020-04-03,2025-04-14,0.005965343763838213
2025-04-17,600967,val,-0.019309366193938124,0.000442789698559386,2020-04-03,2025-04-14,0.000848657823445651
2025-04-17,601222,val,0.013722045704911714,-0.0025525315690730715,2020-04-03,2025-04-14,0.000848657823445651
2025-04-17,603237,val,-0.06163878814703931,-0.014697489859561182,2020-04-03,2025-04-14,-0.010029500870096637
2025-04-17,603335,val,0.09200748068247584,0.0009075578031588473,2020-04-03,2025-04-14,0.000848657823445651
2025-04-17,603341,val,0.015352655620007274,0.000953704752989382,2020-04-03,2025-04-14,0.000848657823445651
2025-04-17,603658,val,-0.08041549661855056,0.0009409291631498076,2020-04-03,2025-04-14,0.000848657823445651
2025-04-17,605090,val,0.010135957418195465,-0.00034324774924775767,2020-04-03,2025-04-14,0.000848657823445651
2025-04-17,605589,val,-0.02429600391269275,-0.004227960105578007,2020-04-03,2025-04-14,0.000848657823445651
2025-04-17,688031,val,0.0102696660069755,0.009011169081753399,2020-04-03,2025-04-14,-4.036880823403462e-05
2025-04-17,688045,val,-0.09471390464247857,-0.0064910508350075335,2020-04-03,2025-04-14,-0.010029500870096637
2025-04-17,688133,val,-0.028088030962331853,-0.00168834299287371,2020-04-03,2025-04-14,-0.010029500870096637
2025-04-17,688147,val,-0.03008306997950376,-0.0011545091345655746,2020-04-03,2025-04-14,0.000848657823445651
2025-04-17,688528,val,0.009964963857350087,0.0006270023953164012,2020-04-03,2025-04-14,0.000848657823445651
2025-04-18,600025,val,-0.00254111914194401,0.004312513981010495,2020-04-03,2025-04-14,0.000848657823445651
2025-04-18,600051,val,0.25597880269749096,0.00018539434789624422,2020-04-03,2025-04-14,0.000848657823445651
2025-04-18,600127,val,-0.03678620142384338,0.0008050794738687627,2020-04-03,2025-04-14,0.000848657823445651
2025-04-18,600153,val,0.005939057069509684,0.005654456579378728,2020-04-03,2025-04-14,0.000848657823445651
2025-04-18,600548,val,-0.03629294002825913,0.0018209873403638532,2020-04-03,2025-04-14,0.000848657823445651
2025-04-18,600865,val,-0.07759268896223638,-0.005195024500032934,2020-04-03,2025-04-14,-0.010029500870096637
2025-04-18,600967,val,-0.0387389393526726,0.0018538975419630343,2020-04-03,2025-04-14,0.000848657823445651
2025-04-18,601222,val,0.017290676368915108,-0.002320654212412981,2020-04-03,2025-04-14,0.000848657823445651
2025-04-18,603237,val,0.03562260137330718,-0.014872067342343288,2020-04-03,2025-04-14,0.005965343763838213
2025-04-18,603335,val,0.05882850430569063,0.004778438024463183,2020-04-03,2025-04-14,0.000848657823445651
2025-04-18,603341,val,-0.006782990997365807,0.0012443001832719038,2020-04-03,2025-04-14,0.000848657823445651
2025-04-18,603658,val,-0.0410020890327102,-0.010447169973394552,2020-04-03,2025-04-14,0.000848657823445651
2025-04-18,605090,val,-0.024884734951229576,-0.0011100796027847689,2020-04-03,2025-04-14,0.000848657823445651
2025-04-18,605589,val,-0.004911962489374772,-0.0031840999779415933,2020-04-03,2025-04-14,0.000848657823445651
2025-04-18,688031,val,0.03318131319526095,0.009793369629334752,2020-04-03,2025-04-14,0.000848657823445651
2025-04-18,688045,val,-0.08092489579605001,0.0007132314091128081,2020-04-03,2025-04-14,-0.010029500870096637
2025-04-18,688133,val,-0.03528812345787348,0.0030583461437059304,2020-04-03,2025-04-14,-4.036880823403462e-05
2025-04-18,688147,val,-0.021846846259644743,-0.0009805004405378185,2020-04-03,2025-04-14,0.000848657823445651
2025-04-18,688528,val,0.0007525768830296369,0.0025767533097953792,2020-04-03,2025-04-14,0.000848657823445651
2025-04-21,600025,val,0.0572060460720074,0.003783379442910666,2020-04-03,2025-04-14,0.000848657823445651
2025-04-21,600051,val,0.2516231949601686,-0.0003948271281303588,2020-04-03,2025-04-14,0.000848657823445651
2025-04-21,600127,val,-0.021201220942984055,-0.004015380132884859,2020-04-03,2025-04-14,0.000848657823445651
2025-04-21,600153,val,0.02745536515853585,0.0067711177703857935,2020-04-03,2025-04-14,0.000848657823445651
2025-04-21,600548,val,0.002901367122460353,0.0024024982422740444,2020-04-03,2025-04-14,0.000848657823445651
2025-04-21,600865,val,-0.16787227571365926,-0.00817476804822116,2020-04-03,2025-04-14,-0.010029500870096637
2025-04-21,600967,val,-0.012912528867894745,0.002657129865036558,2020-04-03,2025-04-14,0.000848657823445651
2025-04-21,601222,val,-0.0585775704319217,-0.0009153595841744173,2020-04-03,2025-04-14,0.000848657823445651
2025-04-21,603237,val,-0.07475841887342984,-0.022756380972103505,2020-04-03,2025-04-14,-0.010029500870096637
2025-04-21,603335,val,0.013458824977457085,0.0023366088141513457,2020-04-03,2025-04-14,0.000848657823445651
2025-04-21,603341,val,0.01638768399306788,-0.0002701641823746782,2020-04-03,2025-04-14,0.000848657823445651
2025-04-21,603658,val,-0.0033265831972849706,-0.004528797706131335,2020-04-03,2025-04-14,0.000848657823445651
2025-04-21,605090,val,0.0014827014004483614,-0.0013086959591949437,2020-04-03,2025-04-14,0.000848657823445651
2025-04-21,605589,val,-0.0014238790491753021,-0.0029730671035454615,2020-04-03,2025-04-14,0.000848657823445651
2025-04-21,688031,val,0.01993413510808172,0.007828051780700092,2020-04-03,2025-04-14,-4.036880823403462e-05
2025-04-21,688045,val,-0.048755785751410055,0.00834090753806991,2020-04-03,2025-04-14,0.005965343763838213
2025-04-21,688133,val,-0.016579224330599007,0.004264808429275556,2020-04-03,2025-04-14,-0.02289368785770393
2025-04-21,688147,val,-0.011713804704664332,0.0004064427273337284,2020-04-03,2025-04-14,0.000848657823445651
2025-04-21,688528,val,0.02667197307079604,0.005233668121340149,2020-04-03,2025-04-14,0.000848657823445651
2025-04-22,600025,test,0.03792275583783035,0.0031554997668230243,2020-04-03,2025-04-14,0.000848657823445651
2025-04-22,600051,test,0.10247727093837501,-0.0014918696707061894,2020-04-03,2025-04-14,0.000848657823445651
2025-04-22,600127,test,-0.020766716350173114,-0.00489199246152618,2020-04-03,2025-04-14,0.000848657823445651
2025-04-22,600153,test,0.013339033334689904,-0.0011934367324991486,2020-04-03,2025-04-14,0.000848657823445651
2025-04-22,600548,test,0.0026771545547086446,0.0025828996513335024,2020-04-03,2025-04-14,0.000848657823445651
2025-04-22,600865,test,-0.2562591792312794,-0.02775251973877488,2020-04-03,2025-04-14,-0.03579170774945799
2025-04-22,600967,test,-0.006246313192475355,0.002885340496214591,2020-04-03,2025-04-14,0.000848657823445651
2025-04-22,601222,test,-0.0899106339134471,0.00035330576126620637,2020-04-03,2025-04-14,0.000848657823445651
2025-04-22,603237,test,-0.062247698261315806,-0.013217617550526618,2020-04-03,2025-04-14,0.005965343763838213
2025-04-22,603335,test,0.1048842880566261,0.0060149239902053,2020-04-03,2025-04-14,0.000848657823445651
2025-04-22,603341,test,0.04661388256174394,0.005167099313363448,2020-04-03,2025-04-14,0.000848657823445651
2025-04-22,603658,test,-0.015928557080813626,0.0031117976400925795,2020-04-03,2025-04-14,0.000848657823445651
2025-04-22,605090,test,-0.011149946660813686,-0.0013571863496525764,2020-04-03,2025-04-14,0.000848657823445651
2025-04-22,605589,test,0.007603614043278823,0.002314579147582156,2020-04-03,2025-04-14,0.000848657823445651
2025-04-22,688031,test,0.041805228544679066,0.007939256989924077,2020-04-03,2025-04-14,-4.036880823403462e-05
2025-04-22,688045,test,-0.015445027483623513,0.0098238209436998,2020-04-03,2025-04-14,0.005965343763838213
2025-04-22,688133,test,-0.021070886489355827,-0.0041554017269926705,2020-04-03,2025-04-14,-4.036880823403462e-05
2025-04-22,688147,test,0.08949326066782072,0.0017128045169012734,2020-04-03,2025-04-14,0.000848657823445651
2025-04-22,688528,test,0.052208470123544806,0.007685867927989473,2020-04-03,2025-04-14,0.000848657823445651
2025-04-23,600025,test,0.04213675620476369,0.0015863807841622873,2020-04-03,2025-04-14,0.000848657823445651
2025-04-23,600051,test,-0.0038906897100972762,0.0006256694451486367,2020-04-03,2025-04-14,0.000848657823445651
2025-04-23,600127,test,-0.006575010864689882,-0.006392918342497442,2020-04-03,2025-04-14,0.000848657823445651
2025-04-23,600153,test,-0.0003006745815042492,0.003605433749057979,2020-04-03,2025-04-14,0.000848657823445651
2025-04-23,600548,test,0.021560926756039975,-0.00310742498210278,2020-04-03,2025-04-14,0.000848657823445651
2025-04-23,600865,test,-0.2128347247607156,-0.029420542139305412,2020-04-03,2025-04-14,-0.010029500870096637
2025-04-23,600967,test,0.018275460770232052,0.002984063697552846,2020-04-03,2025-04-14,0.000848657823445651
2025-04-23,601222,test,-0.10564193150107444,-0.0007108755463834584,2020-04-03,2025-04-14,0.000848657823445651
2025-04-23,603237,test,0.009752760532999491,-0.00995575027964932,2020-04-03,2025-04-14,0.005965343763838213
2025-04-23,603335,test,0.10473854110477036,0.0003660245913474268,2020-04-03,2025-04-14,0.000848657823445651
2025-04-23,603341,test,0.04342248926030372,0.00754118861923163,2020-04-03,2025-04-14,0.000848657823445651
2025-04-23,603658,test,-0.02877452232878537,-0.002947285626162843,2020-04-03,2025-04-14,0.000848657823445651
2025-04-23,605090,test,-0.009470284670014276,0.004685017946958666,2020-04-03,2025-04-14,0.000848657823445651
2025-04-23,605589,test,0.04760657531724015,-0.0006672557003860664,2020-04-03,2025-04-14,0.000848657823445651
2025-04-23,688031,test,0.11169292336984031,0.010828427721273527,2020-04-03,2025-04-14,-4.036880823403462e-05
2025-04-23,688045,test,-0.07997456407229504,0.005781399932891003,2020-04-03,2025-04-14,0.005965343763838213
2025-04-23,688133,test,-0.07941943195468555,0.0030456481915202447,2020-04-03,2025-04-14,0.005965343763838213
2025-04-23,688147,test,0.08671036142346193,0.004084110584009729,2020-04-03,2025-04-14,0.000848657823445651
2025-04-23,688528,test,0.04098503970421001,0.006755859268050461,2020-04-03,2025-04-14,0.000848657823445651
2025-04-24,600025,test,0.004641514048706889,0.0007051854725839963,2020-04-03,2025-04-14,0.000848657823445651
2025-04-24,600051,test,-0.08466837847900738,-0.014122508188099521,2020-04-03,2025-04-14,-0.010029500870096637
2025-04-24,600127,test,-0.0053486741593031205,-0.007187774385321079,2020-04-03,2025-04-14,0.000848657823445651
2025-04-24,600153,test,-0.03708455204902722,0.002933836069790005,2020-04-03,2025-04-14,0.000848657823445651
2025-04-24,600548,test,-0.0034537697982388003,-0.003699279503798927,2020-04-03,2025-04-14,0.000848657823445651
2025-04-24,600865,test,-0.16335305258352878,-0.019856970772055473,2020-04-03,2025-04-14,-0.02289368785770393
2025-04-24,600967,test,0.05179308998883042,0.0023049544332452293,2020-04-03,2025-04-14,0.000848657823445651
2025-04-24,601222,test,-0.13239633101901432,-0.0008882189591530982,2020-04-03,2025-04-14,0.000848657823445651
2025-04-24,603237,test,-0.008839382913169599,-0.004809396108765545,2020-04-03,2025-04-14,0.005965343763838213
2025-04-24,603335,test,0.08063485948570032,0.0031115041879876534,2020-04-03,2025-04-14,-0.010029500870096637
2025-04-24,603341,test,0.053476956021032473,0.006978023284688012,2020-04-03,2025-04-14,0.000848657823445651
2025-04-24,603658,test,-0.02344856335501005,-0.001785156114375828,2020-04-03,2025-04-14,0.000848657823445651
2025-04-24,605090,test,-0.017360686171315084,0.0017379760259112935,2020-04-03,2025-04-14,0.000848657823445651
2025-04-24,605589,test,0.08724703487476232,-0.0006181685499292519,2020-04-03,2025-04-14,0.000848657823445651
2025-04-24,688031,test,0.16476221885661807,0.013888907582284171,2020-04-03,2025-04-14,-4.036880823403462e-05
2025-04-24,688045,test,-0.06730425276273705,0.007865668714757102,2020-04-03,2025-04-14,0.005965343763838213
2025-04-24,688133,test,-0.042329986212248316,0.004845166198250225,2020-04-03,2025-04-14,0.005965343763838213
2025-04-24,688147,test,0.09364925919918493,0.004151359019943119,2020-04-03,2025-04-14,0.000848657823445651
2025-04-24,688528,test,0.049382697027764266,0.003132063506775021,2020-04-03,2025-04-14,0.000848657823445651
2025-04-25,600025,test,-0.012915763865147683,0.00226883745525683,2020-04-03,2025-04-14,0.000848657823445651
2025-04-25,600051,test,-0.18502746727185346,-0.012939609002898885,2020-04-03,2025-04-14,0.005479617827503427
2025-04-25,600127,test,0.05053212997562974,-0.007250416693966045,2020-04-03,2025-04-14,0.000848657823445651
2025-04-25,600153,test,-0.055508581559305256,0.0024637211145794352,2020-04-03,2025-04-14,0.000848657823445651
2025-04-25,600548,test,-0.015324371743785297,-0.0038387214490149995,2020-04-03,2025-04-14,0.000848657823445651
2025-04-25,600865,test,-0.06499430465678922,9.707889269908663e-05,2020-04-03,2025-04-14,-4.036880823403462e-05
2025-04-25,600967,test,0.12138032711080306,0.004746335281600389,2020-04-03,2025-04-14,0.000848657823445651
2025-04-25,601222,test,-0.14715181202222224,-0.0016299901111663303,2020-04-03,2025-04-14,0.000848657823445651
2025-04-25,603237,test,-0.07573456893679785,-0.0145965350101266,2020-04-03,2025-04-14,0.005965343763838213
2025-04-25,603335,test,0.2342361452585923,-0.0032281475822374993,2020-04-03,2025-04-14,0.000848657823445651
2025-04-25,603341,test,0.04128449475855457,0.007164151191126409,2020-04-03,2025-04-14,0.000848657823445651
2025-04-25,603658,test,-0.03734869639750847,-0.008516177028798878,2020-04-03,2025-04-14,0.000848657823445651
2025-04-25,605090,test,-0.02540132062407206,0.0029187686053432534,2020-04-03,2025-04-14,0.000848657823445651
2025-04-25,605589,test,0.0680835999513484,-0.002220477988103463,2020-04-03,2025-04-14,0.000848657823445651
2025-04-25,688031,test,0.11055168677624273,0.01254743864888352,2020-04-03,2025-04-14,0.000848657823445651
2025-04-25,688045,test,-0.05514485151606728,0.006784943298393951,2020-04-03,2025-04-14,0.000848657823445651
2025-04-25,688133,test,-0.04854856144364027,0.006864959015495955,2020-04-03,2025-04-14,0.000848657823445651
2025-04-25,688147,test,0.05534189149354653,0.005059671190894802,2020-04-03,2025-04-14,0.000848657823445651
2025-04-25,688528,test,0.041690024712471754,0.0019913420867562217,2020-04-03,2025-04-14,0.000848657823445651
2025-04-28,600025,test,-0.03954910189309523,-0.00035310346632426686,2020-04-03,2025-04-14,0.000848657823445651
2025-04-28,600051,test,-0.1732551185826715,-0.01784766857243461,2020-04-03,2025-04-14,-0.010029500870096637
2025-04-28,600127,test,0.04181341709779541,-0.010169527658438402,2020-04-03,2025-04-14,0.000848657823445651
2025-04-28,600153,test,-0.06464682755052253,0.0028354026442489223,2020-04-03,2025-04-14,0.000848657823445651
2025-04-28,600548,test,-0.031738443130434495,-0.0060179196619600086,2020-04-03,2025-04-14,0.000848657823445651
2025-04-28,600865,test,0.009283850915554066,0.0007302948810120484,2020-04-03,2025-04-14,-4.036880823403462e-05
2025-04-28,600967,test,0.10007139786914199,0.0012424094036089127,2020-04-03,2025-04-14,0.000848657823445651
2025-04-28,601222,test,-0.0597936078535528,-0.0020690695681528986,2020-04-03,2025-04-14,0.000848657823445651
2025-04-28,603237,test,-0.02912994991339201,-0.007765162056539208,2020-04-03,2025-04-14,0.005965343763838213
2025-04-28,603335,test,0.17924414989308668,0.002762437852703959,2020-04-03,2025-04-14,-4.036880823403462e-05
2025-04-28,603341,test,0.027872942090185877,0.008313652823199798,2020-04-03,2025-04-14,0.000848657823445651
2025-04-28,603658,test,-0.04142875653833366,-0.006247201146474217,2020-04-03,2025-04-14,0.000848657823445651
2025-04-28,605090,test,-0.034553969954710266,0.0015943196970907268,2020-04-03,2025-04-14,0.000848657823445651
2025-04-28,605589,test,0.06293040317627374,0.000342381470088878,2020-04-03,2025-04-14,0.000848657823445651
2025-04-28,688031,test,0.0620863360035241,0.010498765092173908,2020-04-03,2025-04-14,0.000848657823445651
2025-04-28,688045,test,-0.06046102579009404,0.0059214516370857855,2020-04-03,2025-04-14,0.000848657823445651
2025-04-28,688133,test,-0.0841886981323604,0.00547858132258922,2020-04-03,2025-04-14,0.000848657823445651
2025-04-28,688147,test,0.06270637996067763,0.0038998491296919537,2020-04-03,2025-04-14,0.000848657823445651
2025-04-28,688528,test,0.07273662233292744,0.005537278091546666,2020-04-03,2025-04-14,0.000848657823445651
2025-04-29,600025,test,0.01019742060159869,-0.0018550695424843946,2020-04-03,2025-04-14,0.000848657823445651
2025-04-29,600051,test,-0.04981493247849654,-0.008350557184549636,2020-04-03,2025-04-14,0.005965343763838213
2025-04-29,600127,test,0.03539385219505166,-0.011872250643509963,2020-04-03,2025-04-14,0.000848657823445651
2025-04-29,600153,test,-0.050330824749035816,0.004699889712371479,2020-04-03,2025-04-14,0.000848657823445651
2025-04-29,600548,test,0.004522984349838683,-0.003861014068981194,2020-04-03,2025-04-14,0.000848657823445651
2025-04-29,600865,test,0.004907162497836088,0.003590093946615524,2020-04-03,2025-04-14,-4.036880823403462e-05
2025-04-29,600967,test,0.08081008335591379,-0.0010946637353560112,2020-04-03,2025-04-14,0.000848657823445651
2025-04-29,601222,test,-0.00771612782666729,0.007937061140276194,2020-04-03,2025-04-14,0.000848657823445651
2025-04-29,603237,test,0.06880411051411685,-0.004268582598434265,2020-04-03,2025-04-14,0.000848657823445651
2025-04-29,603335,test,0.01998288742549705,-0.007461996484004925,2020-04-03,2025-04-14,-0.010029500870096637
2025-04-29,603341,test,-0.005077518539476671,0.007632657412825197,2020-04-03,2025-04-14,0.000848657823445651
2025-04-29,603658,test,-0.001047116177622636,-0.005237585402279044,2020-04-03,2025-04-14,0.000848657823445651
2025-04-29,605090,test,-0.009485857466441799,0.0034417636876832866,2020-04-03,2025-04-14,0.000848657823445651
2025-04-29,605589,test,0.10377507014057798,0.004577663139259696,2020-04-03,2025-04-14,0.000848657823445651
2025-04-29,688031,test,0.026446798368015684,0.008702776196483674,2020-04-03,2025-04-14,0.000848657823445651
2025-04-29,688045,test,-0.10451201483472748,0.00517696418828074,2020-04-03,2025-04-14,0.000848657823445651
2025-04-29,688133,test,-0.11224068358259463,0.003056018154807034,2020-04-03,2025-04-14,0.000848657823445651
2025-04-29,688147,test,-0.06382397751799539,-0.009070596038797313,2020-04-03,2025-04-14,-0.010029500870096637
2025-04-29,688528,test,0.04920868372461175,0.002944600034511075,2020-04-03,2025-04-14,0.000848657823445651
2025-04-30,600025,test,-0.0057139521918125775,-0.0016420163935473339,2020-04-03,2025-04-14,0.000848657823445651
2025-04-30,600051,test,0.02136580381400922,0.003184323134013243,2020-04-03,2025-04-14,0.005965343763838213
2025-04-30,600127,test,0.008344863344185615,-0.013142639424196707,2020-04-03,2025-04-14,0.000848657823445651
2025-04-30,600153,test,-0.03509825191554715,-0.0014468699107633958,2020-04-03,2025-04-14,0.000848657823445651
2025-04-30,600548,test,-0.009560343226884916,-0.006839347403214528,2020-04-03,2025-04-14,0.000848657823445651
2025-04-30,600865,test,0.010704572216176055,-0.0011624617630008733,2020-04-03,2025-04-14,-4.036880823403462e-05
2025-04-30,600967,test,0.06991589641856623,-0.00345595918051662,2020-04-03,2025-04-14,0.000848657823445651
2025-04-30,601222,test,-0.015029672076778623,0.014632641962153288,2020-04-03,2025-04-14,0.000848657823445651
2025-04-30,603237,test,0.016075795947653192,-0.008632430294094474,2020-04-03,2025-04-14,0.000848657823445651
2025-04-30,603335,test,0.06101876362178539,-0.012437296705672816,2020-04-03,2025-04-14,-4.036880823403462e-05
2025-04-30,603341,test,0.002947109458510077,0.01245915268547702,2020-04-03,2025-04-14,0.000848657823445651
2025-04-30,603658,test,-0.004021384987993971,-0.0037655102973770003,2020-04-03,2025-04-14,0.000848657823445651
2025-04-30,605090,test,-0.007070926835902814,0.004237483390286131,2020-04-03,2025-04-14,0.000848657823445651
2025-04-30,605589,test,0.03272005600644336,-0.005833627371520424,2020-04-03,2025-04-14,0.000848657823445651
2025-04-30,688031,test,-0.06118351387090347,0.008396111853448136,2020-04-03,2025-04-14,-0.010029500870096637
2025-04-30,688045,test,-0.03285568562410522,0.0032176155447538827,2020-04-03,2025-04-14,0.000848657823445651
2025-04-30,688133,test,-0.0492706081510199,0.005341780140682534,2020-04-03,2025-04-14,0.000848657823445651
2025-04-30,688147,test,-0.05349680806224642,-0.0017012126837401265,2020-04-03,2025-04-14,0.000848657823445651
2025-04-30,688528,test,0.05020828611586593,0.007277434631547191,2020-04-03,2025-04-14,0.000848657823445651
2025-05-06,600025,test,0.028407619393373808,-8.927900472369784e-05,2020-04-03,2025-04-14,0.000848657823445651
2025-05-06,600051,test,0.017981028018417423,-0.0013565879203829762,2020-04-03,2025-04-14,0.005965343763838213
2025-05-06,600127,test,0.02401407539564796,-0.011886488170486263,2020-04-03,2025-04-14,0.000848657823445651
2025-05-06,600153,test,-0.010364301691802656,0.003870413352383675,2020-04-03,2025-04-14,0.000848657823445651
2025-05-06,600548,test,0.02575769731025649,-0.0039538554156670494,2020-04-03,2025-04-14,0.000848657823445651
2025-05-06,600865,test,0.003608923132000376,-0.0035370549930603037,2020-04-03,2025-04-14,-4.036880823403462e-05
2025-05-06,600967,test,0.002173050078392892,-0.011997068258504993,2020-04-03,2025-04-14,0.000848657823445651
2025-05-06,601222,test,0.023034553541390758,0.013389457275467986,2020-04-03,2025-04-14,0.000848657823445651
2025-05-06,603237,test,0.014169581527993448,-0.00907420668973317,2020-04-03,2025-04-14,0.000848657823445651
2025-05-06,603335,test,-0.0398985048825495,0.00888337351710878,2020-04-03,2025-04-14,0.005479617827503427
2025-05-06,603341,test,-0.019416684554891282,0.006185804609271032,2020-04-03,2025-04-14,0.000848657823445651
2025-05-06,603658,test,0.017775509210897357,-0.0038767785481246715,2020-04-03,2025-04-14,0.000848657823445651
2025-05-06,605090,test,0.01558249969950979,0.003661879311267473,2020-04-03,2025-04-14,0.000848657823445651
2025-05-06,605589,test,0.012993810150994135,-0.0007844447142503451,2020-04-03,2025-04-14,0.000848657823445651
2025-05-06,688031,test,-0.04895995881031719,0.004905529602539614,2020-04-03,2025-04-14,-0.010029500870096637
2025-05-06,688045,test,-0.021706784865271743,0.005571673069168127,2020-04-03,2025-04-14,0.000848657823445651
2025-05-06,688133,test,-0.04229306993518397,0.004381973323455009,2020-04-03,2025-04-14,0.000848657823445651
2025-05-06,688147,test,-0.04318398978823087,-0.005699530975241277,2020-04-03,2025-04-14,0.000848657823445651
2025-05-06,688528,test,0.040324947069372764,9.236254423015105e-05,2020-04-03,2025-04-14,0.000848657823445651
2025-05-07,600025,test,0.030710758590688614,0.0020905582778868786,2020-04-03,2025-04-14,0.000848657823445651
2025-05-07,600051,test,0.07404756684735869,0.006169050680700377,2020-04-03,2025-04-14,0.005965343763838213
2025-05-07,600127,test,-0.019686875206105348,-0.017026810226734232,2020-04-03,2025-04-14,0.000848657823445651
2025-05-07,600153,test,0.008899545546262821,0.003771895759357362,2020-04-03,2025-04-14,0.000848657823445651
2025-05-07,600548,test,0.02884057451846178,-0.0038586827424763703,2020-04-03,2025-04-14,0.000848657823445651
2025-05-07,600865,test,0.011360204569226928,-0.008040075837448476,2020-04-03,2025-04-14,-4.036880823403462e-05
2025-05-07,600967,test,-0.05345434542362271,-0.020000495912360347,2020-04-03,2025-04-14,0.000848657823445651
2025-05-07,601222,test,0.02334057511081522,0.003052800432317554,2020-04-03,2025-04-14,0.000848657823445651
2025-05-07,603237,test,0.008350612836937055,-0.007226819994242476,2020-04-03,2025-04-14,0.000848657823445651
2025-05-07,603335,test,-0.12045880214543037,0.0009244921321693243,2020-04-03,2025-04-14,-0.03579170774945799
2025-05-07,603341,test,-0.024512505170406373,0.008599388967059182,2020-04-03,2025-04-14,0.000848657823445651
2025-05-07,603658,test,0.02590055128312263,-0.005012249751221418,2020-04-03,2025-04-14,0.000848657823445651
2025-05-07,605090,test,0.030423146594821593,0.0027452306791946415,2020-04-03,2025-04-14,0.000848657823445651
2025-05-07,605589,test,0.022405240556328088,0.00510207895518977,2020-04-03,2025-04-14,0.000848657823445651
2025-05-07,688031,test,0.002304628650018792,0.00964200116393139,2020-04-03,2025-04-14,0.005965343763838213
2025-05-07,688045,test,-0.029854985790736754,0.0023357971181940914,2020-04-03,2025-04-14,0.000848657823445651
2025-05-07,688133,test,-0.03380655631262719,0.00524955533288692,2020-04-03,2025-04-14,0.000848657823445651
2025-05-07,688147,test,-0.009130331828269722,0.004533251398627925,2020-04-03,2025-04-14,0.000848657823445651
2025-05-07,688528,test,0.024320996773156245,0.005636205481685028,2020-04-03,2025-04-14,0.000848657823445651
2025-05-08,600025,test,0.04187434954748925,0.006194388009370017,2020-04-03,2025-04-14,0.000848657823445651
2025-05-08,600051,test,0.05616687274421139,0.00018598909169434218,2020-04-03,2025-04-14,0.000848657823445651
2025-05-08,600127,test,0.00729404393461907,-0.009278889083098587,2020-04-03,2025-04-14,0.000848657823445651
2025-05-08,600153,test,0.02093332643815104,0.005283862317380647,2020-04-03,2025-04-14,0.000848657823445651
2025-05-08,600548,test,0.0499565535000882,-0.0005530959872257036,2020-04-03,2025-04-14,0.000848657823445651
2025-05-08,600865,test,-0.008701931920511503,-0.017039523645051662,2020-04-03,2025-04-14,-4.036880823403462e-05
2025-05-08,600967,test,-0.07440274054584872,-0.017496927292054217,2020-04-03,2025-04-14,-0.010029500870096637
2025-05-08,601222,test,0.023403548308389747,0.005489125864990084,2020-04-03,2025-04-14,0.000848657823445651
2025-05-08,603237,test,0.012541295909542442,-0.007598637438739307,2020-04-03,2025-04-14,0.000848657823445651
2025-05-08,603335,test,-0.024217154402947368,-0.025152219412049103,2020-04-03,2025-04-14,-0.010029500870096637
2025-05-08,603341,test,-0.050225374791404105,0.012707246487377992,2020-04-03,2025-04-14,0.000848657823445651
2025-05-08,603658,test,0.02172554438325313,0.0003129481000836977,2020-04-03,2025-04-14,0.000848657823445651
2025-05-08,605090,test,0.033684769858950074,0.007145688897468105,2020-04-03,2025-04-14,0.000848657823445651
2025-05-08,605589,test,0.013928241644241217,0.01225817729537816,2020-04-03,2025-04-14,0.000848657823445651
2025-05-08,688031,test,-0.035355713755640734,0.012566668152243986,2020-04-03,2025-04-14,0.005965343763838213
2025-05-08,688045,test,-0.03311607586180088,0.0027468628738349537,2020-04-03,2025-04-14,0.000848657823445651
2025-05-08,688133,test,-0.0312111906176158,0.0024270542402683335,2020-04-03,2025-04-14,0.000848657823445651
2025-05-08,688147,test,-0.03145773278071896,0.004725000927324519,2020-04-03,2025-04-14,0.000848657823445651
2025-05-08,688528,test,0.007179368407552504,0.0037634525155208847,2020-04-03,2025-04-14,0.000848657823445651
2025-05-09,600025,test,0.0014331450571354373,0.001272290867897133,2020-04-03,2025-04-14,0.000848657823445651
2025-05-09,600051,test,0.04183644923595021,0.006588629092319298,2020-04-03,2025-04-14,0.000848657823445651
2025-05-09,600127,test,-0.011631524462597959,-0.008560781901797678,2020-04-03,2025-04-14,0.000848657823445651
2025-05-09,600153,test,-0.007562777470896948,0.005792353306191272,2020-04-03,2025-04-14,0.000848657823445651
2025-05-09,600548,test,0.008857056782611622,-0.0026225759348972562,2020-04-03,2025-04-14,0.000848657823445651
2025-05-09,600865,test,0.015267028445474345,-0.012522319518459725,2020-04-03,2025-04-14,-4.036880823403462e-05
2025-05-09,600967,test,-0.05548637642192899,-0.017712114792387653,2020-04-03,2025-04-14,-0.010029500870096637
2025-05-09,601222,test,0.011583999291959307,0.00437118165293608,2020-04-03,2025-04-14,0.000848657823445651
2025-05-09,603237,test,-0.06785690445572179,-0.013892359798852515,2020-04-03,2025-04-14,0.000848657823445651
2025-05-09,603335,test,0.06678402225011792,-0.011479481793880643,2020-04-03,2025-04-14,-4.036880823403462e-05
2025-05-09,603341,test,-0.029175109228103284,0.00801050816615324,2020-04-03,2025-04-14,0.000848657823445651
2025-05-09,603658,test,0.01266426553483147,-0.00039944313033179514,2020-04-03,2025-04-14,0.000848657823445651
2025-05-09,605090,test,0.031025938850373753,0.008302877764816256,2020-04-03,2025-04-14,0.000848657823445651
2025-05-09,605589,test,-0.016782194175902647,0.0007713772014785231,2020-04-03,2025-04-14,-0.010029500870096637
2025-05-09,688031,test,-0.016254338262853822,0.011803126594006674,2020-04-03,2025-04-14,0.005965343763838213
2025-05-09,688045,test,0.00330692748305606,0.005952129203046461,2020-04-03,2025-04-14,0.000848657823445651
2025-05-09,688133,test,0.004454393397109074,0.00881226855754123,2020-04-03,2025-04-14,0.000848657823445651
2025-05-09,688147,test,-0.009653597950520893,0.00211682278543881,2020-04-03,2025-04-14,0.000848657823445651
2025-05-09,688528,test,0.01718959609990712,0.002082683593499348,2020-04-03,2025-04-14,0.005965343763838213
2025-05-12,600025,test,0.02046301897739155,0.0060757404232834366,2020-04-03,2025-04-14,0.000848657823445651
2025-05-12,600051,test,0.08607993736940966,0.0033612831964198804,2020-04-03,2025-04-14,0.000848657823445651
2025-05-12,600127,test,0.0072330532716919855,-0.0032004388438621446,2020-04-03,2025-04-14,0.000848657823445651
2025-05-12,600153,test,-0.01961853749855092,0.004382165830517107,2020-04-03,2025-04-14,0.000848657823445651
2025-05-12,600548,test,0.009389623328600598,-0.001031222132100015,2020-04-03,2025-04-14,0.000848657823445651
2025-05-12,600865,test,0.04786991562518316,-0.010246685400352678,2020-04-03,2025-04-14,-4.036880823403462e-05
2025-05-12,600967,test,-0.060878700100176715,-0.017132555626540497,2020-04-03,2025-04-14,-0.010029500870096637
2025-05-12,601222,test,0.007602190078826559,0.005142367831548108,2020-04-03,2025-04-14,0.000848657823445651
2025-05-12,603237,test,0.00773538623542857,-0.009315537552489178,2020-04-03,2025-04-14,0.000848657823445651
2025-05-12,603335,test,0.001681190385791725,-0.011479440851019707,2020-04-03,2025-04-14,-0.02289368785770393
2025-05-12,603341,test,-0.0647464580844489,0.005046691767541333,2020-04-03,2025-04-14,0.000848657823445651
2025-05-12,603658,test,0.004999944501872238,0.0006754778175519987,2020-04-03,2025-04-14,0.000848657823445651
2025-05-12,605090,test,0.028948253952570273,0.007927179447173697,2020-04-03,2025-04-14,0.000848657823445651
2025-05-12,605589,test,-0.022142941188011862,0.0046399032973884966,2020-04-03,2025-04-14,0.005479617827503427
2025-05-12,688031,test,-0.025437013417497163,0.009659877354118777,2020-04-03,2025-04-14,0.005965343763838213
2025-05-12,688045,test,-0.01929414749740988,0.0003864661815096051,2020-04-03,2025-04-14,0.000848657823445651
2025-05-12,688133,test,0.000501622954154895,-0.0007254914122018698,2020-04-03,2025-04-14,0.000848657823445651
2025-05-12,688147,test,-0.008987447145093926,0.004159006078103631,2020-04-03,2025-04-14,0.000848657823445651
2025-05-12,688528,test,-0.0013988917497318515,0.00036238450812714625,2020-04-03,2025-04-14,-0.010029500870096637
2025-05-13,600025,test,0.021263381563631313,0.0036833843689772685,2020-04-03,2025-04-14,0.000848657823445651
2025-05-13,600051,test,0.06449510826502283,0.0023940690090130563,2020-04-03,2025-04-14,0.000848657823445651
2025-05-13,600127,test,0.0049211263415946185,-0.0015960223713597968,2020-04-03,2025-04-14,0.000848657823445651
2025-05-13,600153,test,-0.02350106723441888,0.005690340118342101,2020-04-03,2025-04-14,0.000848657823445651
2025-05-13,600548,test,-0.013552765471277893,-0.00536906619500998,2020-04-03,2025-04-14,0.000848657823445651
2025-05-13,600865,test,0.0399191236648461,-0.006601970494186734,2020-04-03,2025-04-14,-4.036880823403462e-05
2025-05-13,600967,test,-0.01244552194372369,-0.010484922373854101,2020-04-03,2025-04-14,0.005965343763838213
2025-05-13,601222,test,-0.017168882435996534,-0.0017198337817454098,2020-04-03,2025-04-14,0.000848657823445651
2025-05-13,603237,test,0.022839892023739518,-0.017600340463715263,2020-04-03,2025-04-14,0.000848657823445651
2025-05-13,603335,test,0.021544681167802983,-0.015212801187154307,2020-04-03,2025-04-14,-4.036880823403462e-05
2025-05-13,603341,test,-0.05023769727678814,0.005651002827474929,2020-04-03,2025-04-14,0.000848657823445651
2025-05-13,603658,test,-0.004236092674013113,-0.00010626799392361276,2020-04-03,2025-04-14,0.000848657823445651
2025-05-13,605090,test,0.0166045332379691,0.0026691695818346047,2020-04-03,2025-04-14,0.000848657823445651
2025-05-13,605589,test,-0.014888218278502584,0.002621378879957589,2020-04-03,2025-04-14,-0.010029500870096637
2025-05-13,688031,test,-0.0481313678705911,0.015669652347996978,2020-04-03,2025-04-14,0.005965343763838213
2025-05-13,688045,test,0.012565045975197954,0.003625498976451337,2020-04-03,2025-04-14,0.000848657823445651
2025-05-13,688133,test,-0.020073583467381383,0.00815881796590537,2020-04-03,2025-04-14,0.000848657823445651
2025-05-13,688147,test,-0.01778005191414985,0.007035992852094892,2020-04-03,2025-04-14,0.000848657823445651
2025-05-13,688528,test,0.017862356327038732,0.0001790898476181894,2020-04-03,2025-04-14,0.005479617827503427
2025-05-14,600025,test,0.03086465427331593,0.0020701625406860536,2020-04-03,2025-04-14,0.000848657823445651
2025-05-14,600051,test,0.013602968590577594,-0.026165615091371094,2020-04-03,2025-04-14,-0.010029500870096637
2025-05-14,600127,test,-0.005977450989841856,0.0006617561884975496,2020-04-03,2025-04-14,0.000848657823445651
2025-05-14,600153,test,-0.02822214259752613,-0.0037124647345015125,2020-04-03,2025-04-14,0.000848657823445651
2025-05-14,600548,test,0.0057279334870174595,-0.0029303500013368004,2020-04-03,2025-04-14,0.000848657823445651
2025-05-14,600865,test,0.01822496925218249,-0.013260078685004971,2020-04-03,2025-04-14,-4.036880823403462e-05
2025-05-14,600967,test,-0.028180696079508946,0.004764657409722134,2020-04-03,2025-04-14,0.005965343763838213
2025-05-14,601222,test,-0.01496702308621016,-0.0021527267995046784,2020-04-03,2025-04-14,0.000848657823445651
2025-05-14,603237,test,0.051470439198261844,-0.008068157396948434,2020-04-03,2025-04-14,0.000848657823445651
2025-05-14,603335,test,0.07111034344270646,0.0035322960533441376,2020-04-03,2025-04-14,-4.036880823403462e-05
2025-05-14,603341,test,-0.03165720929799924,0.00835440490900546,2020-04-03,2025-04-14,0.000848657823445651
2025-05-14,603658,test,0.0035262448918899772,-0.00042249458562240705,2020-04-03,2025-04-14,0.000848657823445651
2025-05-14,605090,test,0.04178016429127758,0.0005859875557443281,2020-04-03,2025-04-14,0.000848657823445651
2025-05-14,605589,test,-0.010817361637645281,0.001871318003272742,2020-04-03,2025-04-14,-0.010029500870096637
2025-05-14,688031,test,-0.08567198789996526,0.010162049500612398,2020-04-03,2025-04-14,0.005965343763838213
2025-05-14,688045,test,0.009104112568175851,0.004989141116504383,2020-04-03,2025-04-14,0.000848657823445651
2025-05-14,688133,test,-0.04056725143330091,0.009939299120612815,2020-04-03,2025-04-14,0.000848657823445651
2025-05-14,688147,test,-0.01458216372481673,0.009662117164483003,2020-04-03,2025-04-14,0.000848657823445651
2025-05-14,688528,test,0.015231456751409314,-0.0011941303534780514,2020-04-03,2025-04-14,0.005965343763838213
2025-05-15,600025,test,0.027182833939111625,-0.000835450933520158,2020-04-03,2025-04-14,0.000848657823445651
2025-05-15,600051,test,0.006152691821933051,-0.02804906767884083,2020-04-03,2025-04-14,-0.010029500870096637
2025-05-15,600127,test,-0.030979768859907345,-0.004173359707467323,2020-04-03,2025-04-14,0.000848657823445651
2025-05-15,600153,test,-0.02267982861596192,-0.003184239434155724,2020-04-03,2025-04-14,0.000848657823445651
2025-05-15,600548,test,0.003132515120119625,-0.0018393940897299002,2020-04-03,2025-04-14,0.000848657823445651
2025-05-15,600865,test,-0.0257679140030221,-0.01800351584038207,2020-04-03,2025-04-14,-4.036880823403462e-05
2025-05-15,600967,test,0.04481517487557411,0.004674054139893436,2020-04-03,2025-04-14,0.000848657823445651
2025-05-15,601222,test,-0.02029367311748527,-0.00012439069110196683,2020-04-03,2025-04-14,0.000848657823445651
2025-05-15,603237,test,-0.007909057380204046,-0.01237586994176921,2020-04-03,2025-04-14,0.000848657823445651
2025-05-15,603335,test,0.04024798119595045,0.005174941714580005,2020-04-03,2025-04-14,-0.02289368785770393
2025-05-15,603341,test,0.006478083048558278,0.013979440183372214,2020-04-03,2025-04-14,0.000848657823445651
2025-05-15,603658,test,0.0006702810819037425,-0.00172224510242588,2020-04-03,2025-04-14,0.000848657823445651
2025-05-15,605090,test,0.054782546131452656,0.0016941946500768788,2020-04-03,2025-04-14,0.000848657823445651
2025-05-15,605589,test,-0.013215923509854968,0.007313953992357652,2020-04-03,2025-04-14,0.005965343763838213
2025-05-15,688031,test,-0.04156066854514458,0.01180469615387854,2020-04-03,2025-04-14,0.000848657823445651
2025-05-15,688045,test,0.0017520795016261886,0.002775533215280514,2020-04-03,2025-04-14,0.000848657823445651
2025-05-15,688133,test,-0.03560132992053229,0.003994553412052027,2020-04-03,2025-04-14,0.000848657823445651
2025-05-15,688147,test,0.009442469242203974,0.010376615135838286,2020-04-03,2025-04-14,0.000848657823445651
2025-05-15,688528,test,0.0033515079936788233,0.007206722736780607,2020-04-03,2025-04-14,0.005965343763838213
2025-05-16,600025,test,0.034874624758066276,0.00167109662237726,2020-04-03,2025-05-15,0.001032556146092645
2025-05-16,600051,test,-0.014673160457715127,-0.017140137928131058,2020-04-03,2025-05-15,-0.002689330364271438
2025-05-16,600127,test,-0.013894883045055227,-0.0005152911502839645,2020-04-03,2025-05-15,0.001032556146092645
2025-05-16,600153,test,0.01066265781361201,-0.006984939703839358,2020-04-03,2025-05-15,0.001032556146092645
2025-05-16,600548,test,0.021987520161995046,-0.00033744487136523984,2020-04-03,2025-05-15,0.001032556146092645
2025-05-16,600865,test,-0.023027201180186606,-0.016315171679655335,2020-04-03,2025-05-15,0.001032556146092645
2025-05-16,600967,test,0.030073489644334685,0.004674420635878159,2020-04-03,2025-05-15,0.001032556146092645
2025-05-16,601222,test,-0.008000507878442607,0.0052684673212341345,2020-04-03,2025-05-15,0.001032556146092645
2025-05-16,603237,test,0.008591202298173152,-0.003361098357618462,2020-04-03,2025-05-15,0.001032556146092645
2025-05-16,603335,test,-0.0017854749664709332,-0.00979469345464175,2020-04-03,2025-05-15,-0.0062251066482308
2025-05-16,603341,test,-0.018941265234294367,0.01158392572726294,2020-04-03,2025-05-15,0.001032556146092645
2025-05-16,603658,test,0.005987932177172563,-0.0018687332994745689,2020-04-03,2025-05-15,0.001032556146092645
2025-05-16,605090,test,0.04977978720901647,-0.002245856393587216,2020-04-03,2025-05-15,-0.002689330364271438
2025-05-16,605589,test,-0.004471568264597568,0.008638765232078861,2020-04-03,2025-05-15,-0.0062251066482308
2025-05-16,688031,test,-0.0508233412347426,0.01393649804092517,2020-04-03,2025-05-15,0.005386408913721179
2025-05-16,688045,test,-0.01918331420699356,-0.00026521272571788826,2020-04-03,2025-05-15,0.001032556146092645
2025-05-16,688133,test,-0.03398516214735011,0.00010915593460673084,2020-04-03,2025-05-15,0.001032556146092645
2025-05-16,688147,test,0.027683805385859274,0.008260275317273968,2020-04-03,2025-05-15,0.001032556146092645
2025-05-16,688528,test,-0.0008551408323807727,0.0034067781373837984,2020-04-03,2025-05-15,-0.0062251066482308
2025-05-19,600025,test,0.02415945949256592,0.001224166268886046,2020-04-03,2025-05-15,0.005386408913721179
2025-05-19,600051,test,-0.04539046233008293,-0.015501735190036284,2020-04-03,2025-05-15,-0.002689330364271438
2025-05-19,600127,test,-0.014424431364052031,0.0018060943845601275,2020-04-03,2025-05-15,0.001032556146092645
2025-05-19,600153,test,0.04620269495650519,-0.003426729429627288,2020-04-03,2025-05-15,0.001032556146092645
2025-05-19,600548,test,-0.00030823673466884825,0.0011971121490528722,2020-04-03,2025-05-15,0.001032556146092645
2025-05-19,600865,test,-0.03278167926433929,-0.01541576937263124,2020-04-03,2025-05-15,0.001032556146092645
2025-05-19,600967,test,0.02071178449505539,0.0023930122546901907,2020-04-03,2025-05-15,0.001032556146092645
2025-05-19,601222,test,-0.009445788935210425,0.002160757688058222,2020-04-03,2025-05-15,0.001032556146092645
2025-05-19,603237,test,0.004290413881405492,-0.011035693266135058,2020-04-03,2025-05-15,0.001032556146092645
2025-05-19,603335,test,0.03752957110541454,-0.0025953043591101428,2020-04-03,2025-05-15,0.0025314171283106982
2025-05-19,603341,test,0.013584596644976238,0.0066138304276880475,2020-04-03,2025-05-15,0.001032556146092645
2025-05-19,603658,test,0.007612067013140206,2.4609780536974092e-05,2020-04-03,2025-05-15,0.001032556146092645
2025-05-19,605090,test,0.059998874989638844,0.003002145887449961,2020-04-03,2025-05-15,0.001032556146092645
2025-05-19,605589,test,-0.011752287293042235,0.007018365701413703,2020-04-03,2025-05-15,0.0025314171283106982
2025-05-19,688031,test,-0.025633928937185975,0.010712769865017744,2020-04-03,2025-05-15,0.001032556146092645
2025-05-19,688045,test,-0.023189394493486677,-0.0003116848267198252,2020-04-03,2025-05-15,0.001032556146092645
2025-05-19,688133,test,-0.043152174440776354,-0.00010195657318430847,2020-04-03,2025-05-15,0.001032556146092645
2025-05-19,688147,test,-0.0063334088759088355,0.006190500114492115,2020-04-03,2025-05-15,0.001032556146092645
2025-05-19,688528,test,-0.0016776699099482258,0.004766311900304291,2020-04-03,2025-05-15,0.0025314171283106982
2025-05-20,600025,test,0.023758645589876334,0.004083058770706065,2020-04-03,2025-05-15,0.005386408913721179
2025-05-20,600051,test,-0.03150486925160506,-0.014315515925811928,2020-04-03,2025-05-15,-0.002689330364271438
2025-05-20,600127,test,-0.002675787857342963,0.005336246600493073,2020-04-03,2025-05-15,0.001032556146092645
2025-05-20,600153,test,0.04049920141150859,0.000595670356462921,2020-04-03,2025-05-15,0.001032556146092645
2025-05-20,600548,test,-0.0025422781670231855,0.005862779939109538,2020-04-03,2025-05-15,0.001032556146092645
2025-05-20,600865,test,-0.01638424846161918,-0.014362628618140203,2020-04-03,2025-05-15,0.001032556146092645
2025-05-20,600967,test,0.04284322641444155,-0.0004232310068800556,2020-04-03,2025-05-15,0.001032556146092645
2025-05-20,601222,test,0.0036802503789817274,0.003530829778185337,2020-04-03,2025-05-15,0.001032556146092645
2025-05-20,603237,test,-0.010744819244228269,-0.007915348687865007,2020-04-03,2025-05-15,0.0016506791307125466
2025-05-20,603335,test,0.05374084918496064,-0.005187546396908696,2020-04-03,2025-05-15,0.0025314171283106982
2025-05-20,603341,test,-0.011002590365179869,0.004615167884191841,2020-04-03,2025-05-15,0.001032556146092645
2025-05-20,603658,test,0.01378004549856365,0.004604788730788137,2020-04-03,2025-05-15,0.001032556146092645
2025-05-20,605090,test,0.05729147027596032,0.0005557042856896258,2020-04-03,2025-05-15,0.001032556146092645
2025-05-20,605589,test,-0.019205515488836703,0.007287470707448292,2020-04-03,2025-05-15,0.005386408913721179
2025-05-20,688031,test,-0.037660792234055884,0.004853188207379256,2020-04-03,2025-05-15,0.001032556146092645
2025-05-20,688045,test,-0.025482226837494185,-0.005343210133173684,2020-04-03,2025-05-15,0.001032556146092645
2025-05-20,688133,test,-0.0362591967770472,-0.0014099284531547847,2020-04-03,2025-05-15,0.001032556146092645
2025-05-20,688147,test,-0.024209645878192024,0.003186314058881481,2020-04-03,2025-05-15,0.001032556146092645
2025-05-20,688528,test,-0.01792171819166827,0.0031669933073049635,2020-04-03,2025-05-15,-0.0062251066482308
2025-05-21,600025,test,0.01383012691153702,0.0037180029821558625,2020-04-03,2025-05-15,0.005386408913721179
2025-05-21,600051,test,-0.022191681699103953,-0.00733524903439154,2020-04-03,2025-05-15,-0.0062251066482308
2025-05-21,600127,test,-0.0068623147054822,0.0008400683567096208,2020-04-03,2025-05-15,0.001032556146092645
2025-05-21,600153,test,0.02311836464506862,0.0011006896651695945,2020-04-03,2025-05-15,0.001032556146092645
2025-05-21,600548,test,0.004165398057762124,0.006419188597689054,2020-04-03,2025-05-15,0.001032556146092645
2025-05-21,600865,test,-0.00019223864702937708,-0.008183540490176795,2020-04-03,2025-05-15,0.001032556146092645
2025-05-21,600967,test,0.08558771341653577,-0.0007623051701883279,2020-04-03,2025-05-15,0.001032556146092645
2025-05-21,601222,test,0.009402684800923053,0.004857693677098716,2020-04-03,2025-05-15,0.001032556146092645
2025-05-21,603237,test,-0.035635413892836136,-0.008375059599668897,2020-04-03,2025-05-15,0.001032556146092645
2025-05-21,603335,test,0.0009288543438972872,-0.01567492970704168,2020-04-03,2025-05-15,-0.0342933137699322
2025-05-21,603341,test,-0.025206324248630056,0.0023503247593555884,2020-04-03,2025-05-15,0.001032556146092645
2025-05-21,603658,test,0.01667589927098751,0.006618498819990081,2020-04-03,2025-05-15,0.001032556146092645
2025-05-21,605090,test,0.022704111485444996,-0.0025947023279325717,2020-04-03,2025-05-15,-0.002689330364271438
2025-05-21,605589,test,-0.017328232391210112,0.00561453480092015,2020-04-03,2025-05-15,0.005386408913721179
2025-05-21,688031,test,-0.030048261683343562,0.00298113471243044,2020-04-03,2025-05-15,0.001032556146092645
2025-05-21,688045,test,0.015148569407066168,-0.003101713365790524,2020-04-03,2025-05-15,0.001032556146092645
2025-05-21,688133,test,-0.0117968127833346,0.0010317520276451372,2020-04-03,2025-05-15,0.001032556146092645
2025-05-21,688147,test,-0.0322236792461234,0.004458234305410855,2020-04-03,2025-05-15,0.001032556146092645
2025-05-21,688528,test,-0.010076763042129169,0.004758180395321381,2020-04-03,2025-05-15,0.005386408913721179
2025-05-22,600025,test,-0.017463248572637462,0.0025975162325921207,2020-04-03,2025-05-15,-0.002689330364271438
2025-05-22,600051,test,-0.008529286427980103,-0.0027864280010561804,2020-04-03,2025-05-15,0.0025314171283106982
2025-05-22,600127,test,-0.011687329915590499,0.0011753991516546363,2020-04-03,2025-05-15,0.001032556146092645
2025-05-22,600153,test,0.0008201032466281961,0.0005781049438061603,2020-04-03,2025-05-15,0.001032556146092645
2025-05-22,600548,test,-0.027382577468014185,0.005899911886487714,2020-04-03,2025-05-15,0.001032556146092645
2025-05-22,600865,test,0.012266109671492904,-0.003679759250281042,2020-04-03,2025-05-15,0.001032556146092645
2025-05-22,600967,test,0.007273071251840752,-0.013447275296069235,2020-04-03,2025-05-15,0.001032556146092645
2025-05-22,601222,test,0.008470632371975224,0.006387100405129702,2020-04-03,2025-05-15,0.001032556146092645
2025-05-22,603237,test,-0.012939725948902785,0.0001690950375745066,2020-04-03,2025-05-15,0.001032556146092645
2025-05-22,603335,test,0.04709514320853693,-0.013317289265597422,2020-04-03,2025-05-15,0.0025314171283106982
2025-05-22,603341,test,-0.042076192169734225,-0.004248458258250441,2020-04-03,2025-05-15,0.001032556146092645
2025-05-22,603658,test,0.02143750275654412,0.005536986689097858,2020-04-03,2025-05-15,0.001032556146092645
2025-05-22,605090,test,0.0030508836411642544,-0.0011435412061837986,2020-04-03,2025-05-15,-0.002689330364271438
2025-05-22,605589,test,0.005160517412483152,0.006180752654569079,2020-04-03,2025-05-15,0.005386408913721179
2025-05-22,688031,test,-0.007728565159496031,0.003796393871362939,2020-04-03,2025-05-15,0.001032556146092645
2025-05-22,688045,test,0.021760465096081,-0.0035072833116093017,2020-04-03,2025-05-15,0.001032556146092645
2025-05-22,688133,test,0.009093182850485677,0.0033633579889993923,2020-04-03,2025-05-15,0.001032556146092645
2025-05-22,688147,test,-0.02320294463025972,0.0016732044889556249,2020-04-03,2025-05-15,0.001032556146092645
2025-05-22,688528,test,0.01458225878538279,0.0034930146435238787,2020-04-03,2025-05-15,-0.0062251066482308
2025-05-23,600025,test,0.0016555121415140596,-0.0007649381992822469,2020-04-03,2025-05-15,-0.002689330364271438
2025-05-23,600051,test,0.00935692433730818,-9.273668454124257e-05,2020-04-03,2025-05-15,0.005386408913721179
2025-05-23,600127,test,-0.0050279962976122914,0.002059343922663436,2020-04-03,2025-05-15,0.001032556146092645
2025-05-23,600153,test,-0.0023838601307488603,-0.0034089031192598663,2020-04-03,2025-05-15,0.001032556146092645
2025-05-23,600548,test,-0.014583499208708817,0.0009609802237033969,2020-04-03,2025-05-15,0.001032556146092645
2025-05-23,600865,test,0.01039484420273663,0.005492991492258696,2020-04-03,2025-05-15,0.001032556146092645
2025-05-23,600967,test,0.05315995279506815,-0.011010314369922346,2020-04-03,2025-05-15,0.001032556146092645
2025-05-23,601222,test,0.0026886212772525677,0.007027047458666882,2020-04-03,2025-05-15,0.001032556146092645
2025-05-23,603237,test,-0.07079810294058074,-0.001699431663053371,2020-04-03,2025-05-15,0.001032556146092645
2025-05-23,603335,test,0.01858851097475257,-0.0067944758470990995,2020-04-03,2025-05-15,-0.0062251066482308
2025-05-23,603341,test,-0.02224103823080369,-0.004822788171287992,2020-04-03,2025-05-15,0.001032556146092645
2025-05-23,603658,test,0.019502305310547207,0.002231504270055685,2020-04-03,2025-05-15,0.001032556146092645
2025-05-23,605090,test,0.01069876394558068,-0.006266472443991711,2020-04-03,2025-05-15,-0.002689330364271438
2025-05-23,605589,test,0.025272495212664624,0.003501023979205938,2020-04-03,2025-05-15,0.001032556146092645
2025-05-23,688031,test,-0.017198454736056513,0.004826545540481721,2020-04-03,2025-05-15,0.001032556146092645
2025-05-23,688045,test,0.0204937591157064,0.002218225018879452,2020-04-03,2025-05-15,0.001032556146092645
2025-05-23,688133,test,0.002296524419765256,0.0039977967642739545,2020-04-03,2025-05-15,0.001032556146092645
2025-05-23,688147,test,-0.052326296845678896,-0.0021704526150434647,2020-04-03,2025-05-15,0.001032556146092645
2025-05-23,688528,test,0.010451034657293478,0.0034358578479982698,2020-04-03,2025-05-15,-0.0062251066482308
2025-05-26,600025,test,-0.0056099161447114255,0.0036644560379864182,2020-04-03,2025-05-15,0.005386408913721179
2025-05-26,600051,test,0.01129460354719378,0.0007518161337559577,2020-04-03,2025-05-15,0.001032556146092645
2025-05-26,600127,test,0.007057422707354187,0.0023668107854369004,2020-04-03,2025-05-15,0.001032556146092645
2025-05-26,600153,test,-0.032610636940961245,-0.004519124949583624,2020-04-03,2025-05-15,0.001032556146092645
2025-05-26,600548,test,-0.017957614450271466,0.0030974873736253493,2020-04-03,2025-05-15,0.001032556146092645
2025-05-26,600865,test,0.016666792334016776,0.004592977729712406,2020-04-03,2025-05-15,0.001032556146092645
2025-05-26,600967,test,0.05149868517984677,-0.00923661463066127,2020-04-03,2025-05-15,0.001032556146092645
2025-05-26,601222,test,0.02033502089450887,0.007833643145012715,2020-04-03,2025-05-15,0.001032556146092645
2025-05-26,603237,test,-0.12960757870198694,-0.0044251586045115365,2020-04-03,2025-05-15,0.001032556146092645
2025-05-26,603335,test,-0.014459762327412553,-0.011173125941440858,2020-04-03,2025-05-15,-0.0342933137699322
2025-05-26,603341,test,-0.04261555845575173,-0.008160749007508955,2020-04-03,2025-05-15,0.001032556146092645
2025-05-26,603658,test,0.026106633622381723,0.005460275750143126,2020-04-03,2025-05-15,0.001032556146092645
2025-05-26,605090,test,0.015910461027731946,0.0006887514140458586,2020-04-03,2025-05-15,-0.002689330364271438
2025-05-26,605589,test,0.04456140621577185,0.004690018810225412,2020-04-03,2025-05-15,0.001032556146092645
2025-05-26,688031,test,-0.01795412803786636,-0.0029343490424365653,2020-04-03,2025-05-15,0.001032556146092645
2025-05-26,688045,test,0.03531774269845687,0.002032727909609202,2020-04-03,2025-05-15,0.001032556146092645
2025-05-26,688133,test,0.04201189186373475,0.002474648845520305,2020-04-03,2025-05-15,0.001032556146092645
2025-05-26,688147,test,-0.022840307420847663,-0.0017867012244696726,2020-04-03,2025-05-15,0.001032556146092645
2025-05-26,688528,test,0.012894842388811865,0.0033030128702450337,2020-04-03,2025-05-15,0.005386408913721179
2025-05-27,600025,test,-0.03161386436361917,0.004335893969237141,2020-04-03,2025-05-15,-0.0062251066482308
2025-05-27,600051,test,0.012546744764095188,0.006377767686225485,2020-04-03,2025-05-15,0.001032556146092645
2025-05-27,600127,test,-0.004623311057276354,0.001716168285218878,2020-04-03,2025-05-15,0.001032556146092645
2025-05-27,600153,test,-0.013381936640445888,-0.006222781824521203,2020-04-03,2025-05-15,0.001032556146092645
2025-05-27,600548,test,-0.011230383887758696,0.0006811274848570531,2020-04-03,2025-05-15,0.001032556146092645
2025-05-27,600865,test,0.01958644240125991,0.008161041887438582,2020-04-03,2025-05-15,0.001032556146092645
2025-05-27,600967,test,0.008095987188337886,-0.008128302995114202,2020-04-03,2025-05-15,-0.002689330364271438
2025-05-27,601222,test,0.010767789585011747,0.009661815099018693,2020-04-03,2025-05-15,0.001032556146092645
2025-05-27,603237,test,-0.12762588117684262,-0.009138178674037396,2020-04-03,2025-05-15,0.001032556146092645
2025-05-27,603335,test,-0.006189727097376459,-0.015260861982382194,2020-04-03,2025-05-15,-0.018446043517362686
2025-05-27,603341,test,-0.017730057515257955,-0.005444143510616764,2020-04-03,2025-05-15,0.001032556146092645
2025-05-27,603658,test,0.014437706265905972,0.007152742436631891,2020-04-03,2025-05-15,0.001032556146092645
2025-05-27,605090,test,0.027157266469483646,0.005287113202963926,2020-04-03,2025-05-15,-0.002689330364271438
2025-05-27,605589,test,0.05490828492296558,0.0006232481928920208,2020-04-03,2025-05-15,0.001032556146092645
2025-05-27,688031,test,0.005690205995509471,-0.004316568810334247,2020-04-03,2025-05-15,0.001032556146092645
2025-05-27,688045,test,0.010347958960857453,-0.0008053349045267233,2020-04-03,2025-05-15,0.001032556146092645
2025-05-27,688133,test,0.05143010336181515,0.0028818876152505767,2020-04-03,2025-05-15,0.001032556146092645
2025-05-27,688147,test,-0.00023734614499563915,-0.0024004048632831946,2020-04-03,2025-05-15,0.001032556146092645
2025-05-27,688528,test,-0.0023359820316692223,0.0035585751097878377,2020-04-03,2025-05-15,-0.0062251066482308
2025-05-28,600025,test,-0.04464771318663971,0.005856907618809751,2020-04-03,2025-05-15,0.005386408913721179
2025-05-28,600051,test,0.01269715513383843,0.005371067723227504,2020-04-03,2025-05-15,0.001032556146092645
2025-05-28,600127,test,-0.014532737480669715,-0.00026425772989807986,2020-04-03,2025-05-15,0.001032556146092645
2025-05-28,600153,test,-0.008043585606902518,-0.0007678271334397886,2020-04-03,2025-05-15,0.001032556146092645
2025-05-28,600548,test,-0.038882201231412256,0.004893606370933021,2020-04-03,2025-05-15,0.001032556146092645
2025-05-28,600865,test,-0.011185380199078413,0.0001477741155132781,2020-04-03,2025-05-15,0.001032556146092645
2025-05-28,600967,test,-0.021514117250354098,-0.011968451175637572,2020-04-03,2025-05-15,-0.002689330364271438
2025-05-28,601222,test,0.006322498266660566,0.011082303072459223,2020-04-03,2025-05-15,0.001032556146092645
2025-05-28,603237,test,-0.12655056386071614,-0.008043703523834758,2020-04-03,2025-05-15,0.001032556146092645
2025-05-28,603335,test,-0.02017551281947469,-0.01132840679093627,2020-04-03,2025-05-15,0.0025314171283106982
2025-05-28,603341,test,0.023283328842488543,-0.005160734445627667,2020-04-03,2025-05-15,0.001032556146092645
2025-05-28,603658,test,-0.0038301848077537375,0.008259651638729671,2020-04-03,2025-05-15,0.001032556146092645
2025-05-28,605090,test,0.04248664327465915,0.00493976940563767,2020-04-03,2025-05-15,0.005386408913721179
2025-05-28,605589,test,0.07958429739786513,0.0008403801416240163,2020-04-03,2025-05-15,0.001032556146092645
2025-05-28,688031,test,0.06475476477665623,-0.004506682449356785,2020-04-03,2025-05-15,0.001032556146092645
2025-05-28,688045,test,-0.017976043772158307,-0.005512019947715516,2020-04-03,2025-05-15,0.001032556146092645
2025-05-28,688133,test,0.05503019133190515,0.00042360094907502657,2020-04-03,2025-05-15,0.001032556146092645
2025-05-28,688147,test,0.011974774323178868,0.0034834347824431126,2020-04-03,2025-05-15,0.001032556146092645
2025-05-28,688528,test,0.011204386867907508,0.000974390782700374,2020-04-03,2025-05-15,0.001032556146092645
2025-05-29,600025,test,-0.023936222643451147,0.004763854967005399,2020-04-03,2025-05-15,0.005386408913721179
2025-05-29,600051,test,0.005827830216956805,0.0072838052297341145,2020-04-03,2025-05-15,0.001032556146092645
2025-05-29,600127,test,0.0031054394855163777,-0.0005420551652684154,2020-04-03,2025-05-15,0.001032556146092645
2025-05-29,600153,test,0.013959140294944869,0.001963985385483431,2020-04-03,2025-05-15,0.001032556146092645
2025-05-29,600548,test,-0.002001639318000418,0.0017292469018255353,2020-04-03,2025-05-15,0.001032556146092645
2025-05-29,600865,test,-0.008177772023939503,-0.002270521485384145,2020-04-03,2025-05-15,0.001032556146092645
2025-05-29,600967,test,-0.012319707715361464,-0.005250414367514518,2020-04-03,2025-05-15,-0.002689330364271438
2025-05-29,601222,test,0.0052414785396264615,0.007760659990548581,2020-04-03,2025-05-15,0.001032556146092645
2025-05-29,603237,test,-0.11821066840533763,-0.0018010886900513532,2020-04-03,2025-05-15,0.001032556146092645
2025-05-29,603335,test,-0.029685005054137917,-0.01595642603809374,2020-04-03,2025-05-15,-0.002689330364271438
2025-05-29,603341,test,0.031234044983471418,0.0043489530031462715,2020-04-03,2025-05-15,0.001032556146092645
2025-05-29,603658,test,-0.0019645147282025413,0.001970275583835102,2020-04-03,2025-05-15,0.001032556146092645
2025-05-29,605090,test,0.03673835496585047,0.007381144848898638,2020-04-03,2025-05-15,0.005386408913721179
2025-05-29,605589,test,0.058876620354480644,-0.00454294879672911,2020-04-03,2025-05-15,0.001032556146092645
2025-05-29,688031,test,0.029633787991536972,-0.008160457883651107,2020-04-03,2025-05-15,0.001032556146092645
2025-05-29,688045,test,-0.01573392229009203,-0.0031230943019571384,2020-04-03,2025-05-15,-0.002689330364271438
2025-05-29,688133,test,0.023116775973585788,0.0008197886557039268,2020-04-03,2025-05-15,0.001032556146092645
2025-05-29,688147,test,-0.0035221206365311933,0.0047654257837613815,2020-04-03,2025-05-15,0.001032556146092645
2025-05-29,688528,test,0.007818100009084047,-0.002419330216586672,2020-04-03,2025-05-15,-0.0062251066482308
2025-05-30,600025,test,-0.05332070852844041,0.003063084708140225,2020-04-03,2025-05-15,0.005386408913721179
2025-05-30,600051,test,0.005473445013053562,0.003607356461767957,2020-04-03,2025-05-15,0.001032556146092645
2025-05-30,600127,test,-0.005432184461483764,-0.001661111086286874,2020-04-03,2025-05-15,0.001032556146092645
2025-05-30,600153,test,-0.008631727078229474,0.0044996162185708954,2020-04-03,2025-05-15,0.001032556146092645
2025-05-30,600548,test,-0.0348104199788133,-0.002251312687134473,2020-04-03,2025-05-15,0.001032556146092645
2025-05-30,600865,test,0.004122280933231064,-0.0005226391111309609,2020-04-03,2025-05-15,0.001032556146092645
2025-05-30,600967,test,-0.007788320875924643,-0.008941084411914883,2020-04-03,2025-05-15,-0.002689330364271438
2025-05-30,601222,test,-0.004888462552201229,0.004376272338223937,2020-04-03,2025-05-15,0.001032556146092645
2025-05-30,603237,test,-0.05406051998316909,0.008904173902392044,2020-04-03,2025-05-15,0.001032556146092645
2025-05-30,603335,test,0.008656422749602637,-0.008773067465398281,2020-04-03,2025-05-15,0.0025314171283106982
2025-05-30,603341,test,0.03182435767336943,0.0037453464994994597,2020-04-03,2025-05-15,0.001032556146092645
2025-05-30,603658,test,-0.013271897758928359,-0.0016965926944428643,2020-04-03,2025-05-15,0.005386408913721179
2025-05-30,605090,test,-0.002422253185626628,0.006645580574326513,2020-04-03,2025-05-15,-0.0062251066482308
2025-05-30,605589,test,0.03056603291883751,-0.014294595197057999,2020-04-03,2025-05-15,-0.0062251066482308
2025-05-30,688031,test,0.0564451636315879,-0.006752358395463006,2020-04-03,2025-05-15,0.001032556146092645
2025-05-30,688045,test,0.014797814950047377,0.0034397903014818224,2020-04-03,2025-05-15,0.001032556146092645
2025-05-30,688133,test,0.01727007510709753,0.0009952580017061768,2020-04-03,2025-05-15,0.001032556146092645
2025-05-30,688147,test,0.010449217243346558,0.0037300421379079193,2020-04-03,2025-05-15,0.001032556146092645
2025-05-30,688528,test,0.005021684182643354,0.0006070433095185495,2020-04-03,2025-05-15,-0.0062251066482308
2025-06-03,600025,test,-0.031412207020954576,0.002694503266155171,2020-04-03,2025-05-15,0.005386408913721179
2025-06-03,600051,test,0.01380267326337017,-0.0032140309716558514,2020-04-03,2025-05-15,-0.0062251066482308
2025-06-03,600127,test,0.01008602670933403,-0.0010901118928781134,2020-04-03,2025-05-15,0.001032556146092645
2025-06-03,600153,test,0.015190473681342766,-0.0021408174707800132,2020-04-03,2025-05-15,0.001032556146092645
2025-06-03,600548,test,-0.00466323582753878,-0.005522165747943864,2020-04-03,2025-05-15,0.001032556146092645
2025-06-03,600865,test,-0.005759727055609208,0.000128652227516841,2020-04-03,2025-05-15,0.001032556146092645
2025-06-03,600967,test,0.009970910513924427,-0.0018945567393482997,2020-04-03,2025-05-15,0.0025314171283106982
2025-06-03,601222,test,-0.0010281940245580922,0.008468853412046447,2020-04-03,2025-05-15,0.001032556146092645
2025-06-03,603237,test,-0.03626594463115083,0.004679200625938291,2020-04-03,2025-05-15,0.001032556146092645
2025-06-03,603335,test,-0.0067082256025903,-0.007844250904025244,2020-04-03,2025-05-15,-0.0062251066482308
2025-06-03,603341,test,0.03053849718085502,-0.0001429147992987679,2020-04-03,2025-05-15,0.001032556146092645
2025-06-03,603658,test,0.0012676563849415524,0.005420983589930623,2020-04-03,2025-05-15,0.005386408913721179
2025-06-03,605090,test,-0.007707607545325822,0.004975641863488329,2020-04-03,2025-05-15,-0.0062251066482308
2025-06-03,605589,test,0.022082677991183044,-0.0039017404743951108,2020-04-03,2025-05-15,0.001032556146092645
2025-06-03,688031,test,0.003881900018210117,-0.004595575186220631,2020-04-03,2025-05-15,0.001032556146092645
2025-06-03,688045,test,0.002095596737744866,0.007920407204321706,2020-04-03,2025-05-15,0.001032556146092645
2025-06-03,688133,test,0.0016459124374451862,-0.004673858878606277,2020-04-03,2025-05-15,0.001032556146092645
2025-06-03,688147,test,-0.016503324976445553,0.0024267744622429245,2020-04-03,2025-05-15,0.001032556146092645
2025-06-03,688528,test,-0.0005138582341780206,-0.0029741901817819526,2020-04-03,2025-05-15,0.001032556146092645
2025-06-04,600025,test,-0.019688465434600032,0.00048688188371652345,2020-04-03,2025-05-15,0.001032556146092645
2025-06-04,600051,test,0.007591149889702753,-0.001674512988643711,2020-04-03,2025-05-15,0.001032556146092645
2025-06-04,600127,test,-0.00630228707804339,-0.004652467379030971,2020-04-03,2025-05-15,0.001032556146092645
2025-06-04,600153,test,-0.0030916036568449327,0.002067078379969536,2020-04-03,2025-05-15,0.001032556146092645
2025-06-04,600548,test,-0.015723027560051304,-0.0031204441045975073,2020-04-03,2025-05-15,0.001032556146092645
2025-06-04,600865,test,-0.022198107923388964,-0.0031722370263905786,2020-04-03,2025-05-15,0.001032556146092645
2025-06-04,600967,test,0.02216581403723448,-0.0013969646776494636,2020-04-03,2025-05-15,0.005386408913721179
2025-06-04,601222,test,-0.00379647410344155,0.007383623899573731,2020-04-03,2025-05-15,0.001032556146092645
2025-06-04,603237,test,-0.044051048065494,0.006205532209207326,2020-04-03,2025-05-15,0.001032556146092645
2025-06-04,603335,test,0.06261714278469796,-0.005664576603583494,2020-04-03,2025-05-15,0.005386408913721179
2025-06-04,603341,test,0.06791219067112106,0.0019623098593293943,2020-04-03,2025-05-15,0.001032556146092645
2025-06-04,603658,test,-0.00820608678921222,0.004820248562837921,2020-04-03,2025-05-15,0.005386408913721179
2025-06-04,605090,test,-0.026922943270897857,0.00036848833557091864,2020-04-03,2025-05-15,-0.0062251066482308
2025-06-04,605589,test,0.004746869345562321,-0.00606738279289477,2020-04-03,2025-05-15,0.001032556146092645
2025-06-04,688031,test,0.0040738191308273605,-0.00015269511087412393,2020-04-03,2025-05-15,0.001032556146092645
2025-06-04,688045,test,-0.00030507193558417835,0.0072680563925208224,2020-04-03,2025-05-15,0.001032556146092645
2025-06-04,688133,test,-0.012365540352823246,-0.005236581198635578,2020-04-03,2025-05-15,-0.002689330364271438
2025-06-04,688147,test,-0.022453778108249577,0.002806088108864218,2020-04-03,2025-05-15,0.001032556146092645
2025-06-04,688528,test,0.01599744841948534,-0.0035096423445840274,2020-04-03,2025-05-15,0.001032556146092645
2025-06-05,600025,test,-0.010702458206839835,0.004704286267916155,2020-04-03,2025-05-15,0.001032556146092645
2025-06-05,600051,test,0.0018968674052402693,-0.0062499786204858855,2020-04-03,2025-05-15,-0.0062251066482308
2025-06-05,600127,test,0.0006903626268191668,-0.001242977826551559,2020-04-03,2025-05-15,0.001032556146092645
2025-06-05,600153,test,0.003859843145311918,0.006442975297592415,2020-04-03,2025-05-15,0.001032556146092645
2025-06-05,600548,test,-0.026364399276631964,0.0031323697423595058,2020-04-03,2025-05-15,0.001032556146092645
2025-06-05,600865,test,-0.007739920859104173,-0.0037216138288230067,2020-04-03,2025-05-15,0.001032556146092645
2025-06-05,600967,test,0.00019384194949141707,0.00541226960759926,2020-04-03,2025-05-15,0.005386408913721179
2025-06-05,601222,test,-0.0022814055752610604,0.008932439920061042,2020-04-03,2025-05-15,0.001032556146092645
2025-06-05,603237,test,-0.02405790987325522,0.0013852629038935366,2020-04-03,2025-05-15,0.001032556146092645
2025-06-05,603335,test,0.2013845822047796,-0.003442618144411058,2020-04-03,2025-05-15,0.005386408913721179
2025-06-05,603341,test,0.028716250064228246,-0.0028748537513182512,2020-04-03,2025-05-15,0.001032556146092645
2025-06-05,603658,test,-0.004356632553211766,0.006710198862368814,2020-04-03,2025-05-15,0.005386408913721179
2025-06-05,605090,test,-0.036358003841799366,-0.0029683817826878013,2020-04-03,2025-05-15,-0.0062251066482308
2025-06-05,605589,test,-0.035626563432657396,-0.009929257032999291,2020-04-03,2025-05-15,-0.002689330364271438
2025-06-05,688031,test,-0.044146690549354425,-0.013672125619828196,2020-04-03,2025-05-15,0.001032556146092645
2025-06-05,688045,test,-0.0038090560488327893,0.0055107555160222605,2020-04-03,2025-05-15,0.001032556146092645
2025-06-05,688133,test,-0.01778871616453874,0.0019474576245061776,2020-04-03,2025-05-15,0.001032556146092645
2025-06-05,688147,test,-0.03895538418781923,0.0006776141077054309,2020-04-03,2025-05-15,0.001032556146092645
2025-06-05,688528,test,0.015445393173435365,-0.0020330198382133577,2020-04-03,2025-05-15,0.001032556146092645
2025-06-06,600025,test,0.012047138210285935,0.0011359653858274506,2020-04-03,2025-05-15,0.001032556146092645
2025-06-06,600051,test,0.014491156293092855,-0.005973686081945677,2020-04-03,2025-05-15,-0.0062251066482308
2025-06-06,600127,test,0.033775924395868094,-0.003080089586138192,2020-04-03,2025-05-15,0.001032556146092645
2025-06-06,600153,test,0.00395940031605937,0.006572055967050949,2020-04-03,2025-05-15,0.001032556146092645
2025-06-06,600548,test,-0.039698009529974355,-0.0029026494191882503,2020-04-03,2025-05-15,0.001032556146092645
2025-06-06,600865,test,-0.010005854077400378,-0.004195157634770104,2020-04-03,2025-05-15,0.001032556146092645
2025-06-06,600967,test,0.05552574067941309,0.0043568387321684604,2020-04-03,2025-05-15,0.005386408913721179
2025-06-06,601222,test,0.007692997940366398,0.008260230362934315,2020-04-03,2025-05-15,0.001032556146092645
2025-06-06,603237,test,-0.017031006187049315,0.005718243646254667,2020-04-03,2025-05-15,0.001032556146092645
2025-06-06,603335,test,0.08784393090109757,-0.006010016445677933,2020-04-03,2025-05-15,0.001032556146092645
2025-06-06,603341,test,0.02838143024688735,-0.002639189930467792,2020-04-03,2025-05-15,0.001032556146092645
2025-06-06,603658,test,-0.022682179625013045,0.006103218270533688,2020-04-03,2025-05-15,0.001032556146092645
2025-06-06,605090,test,0.008616838414336492,-0.001588622939486981,2020-04-03,2025-05-15,0.0025314171283106982
2025-06-06,605589,test,-0.025022532090053763,-0.011710599561980702,2020-04-03,2025-05-15,-0.002689330364271438
2025-06-06,688031,test,-0.07152686685979301,-0.009558818854627523,2020-04-03,2025-05-15,-0.018446043517362686
2025-06-06,688045,test,-0.020409483535685703,0.008037674739968158,2020-04-03,2025-05-15,0.001032556146092645
2025-06-06,688133,test,-0.031218673658373698,0.0063961892489926234,2020-04-03,2025-05-15,0.001032556146092645
2025-06-06,688147,test,-0.014503074654353498,0.0021919256872288016,2020-04-03,2025-05-15,0.001032556146092645
2025-06-06,688528,test,-0.00023687717971041487,-0.002392708181969769,2020-04-03,2025-05-15,0.001032556146092645
2025-06-09,600025,test,0.02074933565185005,0.00010141234638285743,2020-04-03,2025-05-15,0.001032556146092645
2025-06-09,600051,test,0.020373082083297075,-0.0031033742382179587,2020-04-03,2025-05-15,0.001032556146092645
2025-06-09,600127,test,0.03229732326794893,-0.0013472164936402392,2020-04-03,2025-05-15,0.001032556146092645
2025-06-09,600153,test,0.023720143672924018,0.006667304689981514,2020-04-03,2025-05-15,0.001032556146092645
2025-06-09,600548,test,-0.026623739630312785,-0.0016600953704629232,2020-04-03,2025-05-15,0.001032556146092645
2025-06-09,600865,test,-0.019365080824122752,0.0008812508063441519,2020-04-03,2025-05-15,0.001032556146092645
2025-06-09,600967,test,0.019187610108942373,-0.00027951965486754603,2020-04-03,2025-05-15,0.005386408913721179
2025-06-09,601222,test,0.012178232686931242,0.008217596331558759,2020-04-03,2025-05-15,0.001032556146092645
2025-06-09,603237,test,-0.012362476135683368,0.010060371188884785,2020-04-03,2025-05-15,0.001032556146092645
2025-06-09,603335,test,0.04149582338512753,-0.006972179260918806,2020-04-03,2025-05-15,-0.0062251066482308
2025-06-09,603341,test,0.013197540682389482,-0.002612509422083882,2020-04-03,2025-05-15,0.001032556146092645
2025-06-09,603658,test,-0.030185769100321728,0.002652291696488303,2020-04-03,2025-05-15,0.001032556146092645
2025-06-09,605090,test,0.01569376367195346,-0.0038742693197078774,2020-04-03,2025-05-15,0.0025314171283106982
2025-06-09,605589,test,-0.01398003833295253,-0.004082813705643528,2020-04-03,2025-05-15,-0.002689330364271438
2025-06-09,688031,test,-0.0561857888424932,-0.010678239145702172,2020-04-03,2025-05-15,-0.018446043517362686
2025-06-09,688045,test,-0.024738189826511384,0.004432847436798317,2020-04-03,2025-05-15,0.001032556146092645
2025-06-09,688133,test,-0.010000904434346817,0.0035151935116741993,2020-04-03,2025-05-15,0.001032556146092645
2025-06-09,688147,test,-0.023042308999627174,-0.0011087025261636817,2020-04-03,2025-05-15,0.001032556146092645
2025-06-09,688528,test,0.01759144091500758,-0.0020885454659981305,2020-04-03,2025-05-15,0.001032556146092645
2025-06-10,600025,test,0.03462822292009846,0.0009151720705353357,2020-04-03,2025-05-15,0.001032556146092645
2025-06-10,600051,test,0.005411761330376108,-0.006318711695335996,2020-04-03,2025-05-15,-0.0062251066482308
2025-06-10,600127,test,0.018375580213967548,-0.011799858424185293,2020-04-03,2025-05-15,0.001032556146092645
2025-06-10,600153,test,0.020496243576529218,0.006287012197361894,2020-04-03,2025-05-15,0.001032556146092645
2025-06-10,600548,test,-0.03166533199350232,-0.0033686068527250517,2020-04-03,2025-05-15,0.001032556146092645
2025-06-10,600865,test,-0.013752735207368772,-0.001819909159129517,2020-04-03,2025-05-15,0.001032556146092645
2025-06-10,600967,test,0.04586141801957264,0.003028756536764331,2020-04-03,2025-05-15,0.005386408913721179
2025-06-10,601222,test,0.008201161609316254,0.007748114556409758,2020-04-03,2025-05-15,0.001032556146092645
2025-06-10,603237,test,-0.01277785936970468,0.008690241408111232,2020-04-03,2025-05-15,0.001032556146092645
2025-06-10,603335,test,0.01844706324866039,-0.010938830292192945,2020-04-03,2025-05-15,0.001032556146092645
2025-06-10,603341,test,0.032527606809420885,-0.0004829774729768776,2020-04-03,2025-05-15,0.001032556146092645
2025-06-10,603658,test,-0.03230127366369064,0.005501168784224105,2020-04-03,2025-05-15,0.001032556146092645
2025-06-10,605090,test,0.004002367808262774,0.0028896622577867675,2020-04-03,2025-05-15,-0.0062251066482308
2025-06-10,605589,test,-0.039917506986921,0.0011819476745755777,2020-04-03,2025-05-15,0.005386408913721179
2025-06-10,688031,test,-0.018520541627703134,-0.007768930967943489,2020-04-03,2025-05-15,0.001032556146092645
2025-06-10,688045,test,-0.029943482882596982,0.0020218650582562447,2020-04-03,2025-05-15,0.001032556146092645
2025-06-10,688133,test,-0.02090766060295437,0.006513350646345869,2020-04-03,2025-05-15,0.001032556146092645
2025-06-10,688147,test,-0.010829004728433978,-0.0005188785011134183,2020-04-03,2025-05-15,0.001032556146092645
2025-06-10,688528,test,0.022663971526671635,-0.003039784420062305,2020-04-03,2025-05-15,0.001032556146092645
2025-06-11,600025,test,0.05164111690672146,0.0013909369336453097,2020-04-03,2025-05-15,0.001032556146092645
2025-06-11,600051,test,-0.016718494206412693,-0.004925386174304655,2020-04-03,2025-05-15,0.001032556146092645
2025-06-11,600127,test,0.02533936412649984,-0.0036744683265344286,2020-04-03,2025-05-15,0.001032556146092645
2025-06-11,600153,test,0.013626333379793909,0.006171048370251935,2020-04-03,2025-05-15,0.001032556146092645
2025-06-11,600548,test,-0.024598540757815424,-0.0003854431479661228,2020-04-03,2025-05-15,0.001032556146092645
2025-06-11,600865,test,-0.023572791346682886,-0.0017987244615586886,2020-04-03,2025-05-15,0.001032556146092645
2025-06-11,600967,test,0.10978017953364039,-0.002011704494575538,2020-04-03,2025-05-15,-0.0062251066482308
2025-06-11,601222,test,0.01723513886517858,0.005843733137291374,2020-04-03,2025-05-15,0.001032556146092645
2025-06-11,603237,test,-0.016042078487570555,0.0020968651864179,2020-04-03,2025-05-15,0.001032556146092645
2025-06-11,603335,test,-0.08879452323100656,-0.020308162799001144,2020-04-03,2025-05-15,-0.018446043517362686
2025-06-11,603341,test,0.016882030850367657,-0.014848022401582296,2020-04-03,2025-05-15,-0.0342933137699322
2025-06-11,603658,test,-0.02662134463878163,0.00629274507991604,2020-04-03,2025-05-15,0.001032556146092645
2025-06-11,605090,test,-0.0005455679531306545,0.005020260682932631,2020-04-03,2025-05-15,0.0025314171283106982
2025-06-11,605589,test,-0.013959873516757648,0.004855333533214945,2020-04-03,2025-05-15,0.005386408913721179
2025-06-11,688031,test,-0.012865159189665354,-0.0006070995537143437,2020-04-03,2025-05-15,0.001032556146092645
2025-06-11,688045,test,-0.01141183455913719,0.004576674067071028,2020-04-03,2025-05-15,0.001032556146092645
2025-06-11,688133,test,-0.028488361960707587,0.008155993605365662,2020-04-03,2025-05-15,0.001032556146092645
2025-06-11,688147,test,0.007282944600543906,0.002081636099819045,2020-04-03,2025-05-15,0.001032556146092645
2025-06-11,688528,test,0.02183146158492244,0.0007945880680175049,2020-04-03,2025-05-15,0.001032556146092645
2025-06-12,600025,test,0.07421917796700239,-0.0005730590020912459,2020-04-03,2025-05-15,0.001032556146092645
2025-06-12,600051,test,-0.022506000262102373,-0.001295651481682149,2020-04-03,2025-05-15,0.001032556146092645
2025-06-12,600127,test,0.023263763954263765,-0.0020919141106231992,2020-04-03,2025-05-15,0.001032556146092645
2025-06-12,600153,test,0.013090823974609693,0.0054764724807437925,2020-04-03,2025-05-15,0.001032556146092645
2025-06-12,600548,test,0.00048472067408155545,0.0015938651443269107,2020-04-03,2025-05-15,0.001032556146092645
2025-06-12,600865,test,-0.03601175745078556,-0.0002664968695145328,2020-04-03,2025-05-15,0.001032556146092645
2025-06-12,600967,test,0.16729668576496326,0.002705973260721111,2020-04-03,2025-05-15,0.005386408913721179
2025-06-12,601222,test,0.010700949883912007,0.0021119493229468512,2020-04-03,2025-05-15,0.001032556146092645
2025-06-12,603237,test,-0.01422891325721843,-0.004680842138973052,2020-04-03,2025-05-15,0.001032556146092645
2025-06-12,603335,test,-0.1797819213249241,-0.03409304010156109,2020-04-03,2025-05-15,0.0016506791307125466
2025-06-12,603341,test,0.0182107068547187,-0.00045957032229938235,2020-04-03,2025-05-15,0.001032556146092645
2025-06-12,603658,test,-0.019886742934220887,0.004273553092439594,2020-04-03,2025-05-15,0.001032556146092645
2025-06-12,605090,test,0.019812579047445815,0.003441543890952693,2020-04-03,2025-05-15,0.001032556146092645
2025-06-12,605589,test,-0.0020573369631674623,0.004442591089273468,2020-04-03,2025-05-15,0.005386408913721179
2025-06-12,688031,test,-0.02281021398214112,-0.0008406603047356679,2020-04-03,2025-05-15,0.001032556146092645
2025-06-12,688045,test,-0.014373934944144968,0.004965481067651856,2020-04-03,2025-05-15,0.001032556146092645
2025-06-12,688133,test,-0.03074163658579033,0.007892530871279588,2020-04-03,2025-05-15,0.001032556146092645
2025-06-12,688147,test,0.011522498743988356,0.0024560773459778207,2020-04-03,2025-05-15,0.001032556146092645
2025-06-12,688528,test,0.0037965508395096867,0.0036620001698728206,2020-04-03,2025-05-15,0.001032556146092645
2025-06-13,600025,test,0.05360643831814574,0.0022779373921431936,2020-04-03,2025-05-15,0.001032556146092645
2025-06-13,600051,test,-0.027360767505687805,0.00019642733653071494,2020-04-03,2025-05-15,0.001032556146092645
2025-06-13,600127,test,-0.006056211112103943,0.0008237278526500415,2020-04-03,2025-05-15,0.001032556146092645
2025-06-13,600153,test,0.011796271628519178,0.007423619852651171,2020-04-03,2025-05-15,0.001032556146092645
2025-06-13,600548,test,0.006539216272687193,-0.0005395096010633144,2020-04-03,2025-05-15,0.001032556146092645
2025-06-13,600865,test,-0.008160160213158546,-0.0002492269412412363,2020-04-03,2025-05-15,0.001032556146092645
2025-06-13,600967,test,0.06468573037016215,0.0015963561385060852,2020-04-03,2025-05-15,-0.0062251066482308
2025-06-13,601222,test,0.016371116808158198,0.005232629495380334,2020-04-03,2025-05-15,0.001032556146092645
2025-06-13,603237,test,-0.003901869664545393,0.00029393995925306306,2020-04-03,2025-05-15,0.001032556146092645
2025-06-13,603335,test,-0.09466866119534376,-0.03478556582421141,2020-04-03,2025-05-15,0.0016506791307125466
2025-06-13,603341,test,0.0069794690818675564,-0.0015547630089555794,2020-04-03,2025-05-15,-0.002689330364271438
2025-06-13,603658,test,0.005577616538499669,0.001107991291393961,2020-04-03,2025-05-15,0.001032556146092645
2025-06-13,605090,test,-0.014130300895313613,0.0025263948597930856,2020-04-03,2025-05-15,-0.0062251066482308
2025-06-13,605589,test,0.00517817812517965,-0.00036851433979653804,2020-04-03,2025-05-15,0.005386408913721179
2025-06-13,688031,test,-0.03412200142302699,0.0012255225121367474,2020-04-03,2025-05-15,0.001032556146092645
2025-06-13,688045,test,-0.013098718374219137,0.0031539344621871793,2020-04-03,2025-05-15,0.001032556146092645
2025-06-13,688133,test,0.009688543291282686,0.007865035595825388,2020-04-03,2025-05-15,0.001032556146092645
2025-06-13,688147,test,0.01147812740391288,0.0014477020389584462,2020-04-03,2025-05-15,0.001032556146092645
2025-06-13,688528,test,0.009597982544984257,0.0010471643325648107,2020-04-03,2025-05-15,0.001032556146092645
2025-06-16,600025,test,0.029866340034177388,-0.00037939962333399324,2020-04-03,2025-06-13,0.0010057615331595304
2025-06-16,600051,test,-0.003976710526647539,-0.0010073613279661588,2020-04-03,2025-06-13,0.0010057615331595304
2025-06-16,600127,test,0.012978404149024361,-0.004027855455286506,2020-04-03,2025-06-13,0.003664151221495497
2025-06-16,600153,test,-0.009496399058509006,0.003065337828932215,2020-04-03,2025-06-13,0.0010057615331595304
2025-06-16,600548,test,-0.010651935654088548,0.0011328897884104814,2020-04-03,2025-06-13,0.0010057615331595304
2025-06-16,600865,test,8.868647964228957e-05,0.0010505529104754875,2020-04-03,2025-06-13,0.0010057615331595304
2025-06-16,600967,test,0.09736549347288843,-0.006118894105468622,2020-04-03,2025-06-13,-0.010654598308775671
2025-06-16,601222,test,0.0021035803127567735,0.006411007247853694,2020-04-03,2025-06-13,0.0010057615331595304
2025-06-16,603237,test,-0.02277153560793803,0.005274156384637228,2020-04-03,2025-06-13,0.0010057615331595304
2025-06-16,603335,test,-0.0545792567092626,-0.024498927098696055,2020-04-03,2025-06-13,-0.005900609663545001
2025-06-16,603341,test,0.022346772924138406,0.002303017572514951,2020-04-03,2025-06-13,0.00551868783125025
2025-06-16,603658,test,0.0003657810267244247,0.0018756591668229773,2020-04-03,2025-06-13,0.0010057615331595304
2025-06-16,605090,test,-0.012900568297219014,-0.005409081855488283,2020-04-03,2025-06-13,0.0025829029212147093
2025-06-16,605589,test,-0.02247310086769809,-0.001466043673223724,2020-04-03,2025-06-13,0.0010057615331595304
2025-06-16,688031,test,-0.035758986640825816,0.00838761336130349,2020-04-03,2025-06-13,0.0010057615331595304
2025-06-16,688045,test,-0.006807157615547884,0.003785841080809263,2020-04-03,2025-06-13,0.0010057615331595304
2025-06-16,688133,test,-0.01028627929872554,0.01290049747878117,2020-04-03,2025-06-13,0.0010057615331595304
2025-06-16,688147,test,0.017833394080027,0.0025895210897987644,2020-04-03,2025-06-13,0.0010057615331595304
2025-06-16,688528,test,0.006753477797082978,-0.007116033155235533,2020-04-03,2025-06-13,0.0010057615331595304
2025-06-17,600025,test,-0.01568514837143839,-0.00471897754868639,2020-04-03,2025-06-13,0.003664151221495497
2025-06-17,600051,test,-0.0027290005028290654,0.0010476346377519818,2020-04-03,2025-06-13,0.0010057615331595304
2025-06-17,600127,test,-0.023909259093159524,-0.0040502804692408734,2020-04-03,2025-06-13,0.0010057615331595304
2025-06-17,600153,test,-0.02380003473175804,0.0058436830923224116,2020-04-03,2025-06-13,0.0010057615331595304
2025-06-17,600548,test,-0.026371252418545404,0.0004148743518733501,2020-04-03,2025-06-13,0.0010057615331595304
2025-06-17,600865,test,-0.012225676666171886,-0.00033446186403248313,2020-04-03,2025-06-13,0.0010057615331595304
2025-06-17,600967,test,0.11919232141849292,-0.013628143753790291,2020-04-03,2025-06-13,-0.010654598308775671
2025-06-17,601222,test,-0.013093138357006734,0.006594561108959622,2020-04-03,2025-06-13,0.0010057615331595304
2025-06-17,603237,test,-0.02742930020312892,0.005061751760705075,2020-04-03,2025-06-13,0.0010057615331595304
2025-06-17,603335,test,-0.010629821791074051,-0.008382514848902818,2020-04-03,2025-06-13,0.00551868783125025
2025-06-17,603341,test,-0.008798773426534429,-0.003787918465155005,2020-04-03,2025-06-13,0.00551868783125025
2025-06-17,603658,test,-0.017249345239577857,0.0015341788610354434,2020-04-03,2025-06-13,0.0010057615331595304
2025-06-17,605090,test,-0.03396432451644191,-0.0023776148001720732,2020-04-03,2025-06-13,-0.005900609663545001
2025-06-17,605589,test,0.024714099916326032,0.001157191021770207,2020-04-03,2025-06-13,0.0010057615331595304
2025-06-17,688031,test,-0.013813228774557346,0.004365671783206377,2020-04-03,2025-06-13,0.0010057615331595304
2025-06-17,688045,test,0.020404274851258536,0.00371106260116162,2020-04-03,2025-06-13,0.0010057615331595304
2025-06-17,688133,test,0.012344026101563071,0.008351522188473536,2020-04-03,2025-06-13,0.0010057615331595304
2025-06-17,688147,test,0.03717203824861939,0.0011811269819615015,2020-04-03,2025-06-13,0.0010057615331595304
2025-06-17,688528,test,0.01587154355596357,-0.003230849023600343,2020-04-03,2025-06-13,0.0010057615331595304
2025-06-18,600025,test,-0.029542010399302966,0.0004185835710470377,2020-04-03,2025-06-13,0.0010057615331595304
2025-06-18,600051,test,-0.001902870483030429,0.00048690640492092367,2020-04-03,2025-06-13,0.0010057615331595304
2025-06-18,600127,test,-0.02461306639758324,0.0010936172663981749,2020-04-03,2025-06-13,0.0010057615331595304
2025-06-18,600153,test,0.0071157955192353226,0.004658795909672231,2020-04-03,2025-06-13,0.0010057615331595304
2025-06-18,600548,test,-0.025568686459207547,-0.0015098760596411645,2020-04-03,2025-06-13,0.0010057615331595304
2025-06-18,600865,test,-0.00818924058519025,0.00025644064736927714,2020-04-03,2025-06-13,0.0010057615331595304
2025-06-18,600967,test,0.1362352676551075,-0.025172872291272744,2020-04-03,2025-06-13,-0.03711815958015255
2025-06-18,601222,test,-0.02750742240337182,0.0022960711143140476,2020-04-03,2025-06-13,0.0010057615331595304
2025-06-18,603237,test,-0.02510934086859965,0.0051380698328128485,2020-04-03,2025-06-13,0.0010057615331595304
2025-06-18,603335,test,-0.0005364680465254415,0.0027360296750402573,2020-04-03,2025-06-13,0.00551868783125025
2025-06-18,603341,test,-0.02401266454016663,-0.0022299178059875164,2020-04-03,2025-06-13,0.00551868783125025
2025-06-18,603658,test,-0.017292368639930923,-0.0009760501208225467,2020-04-03,2025-06-13,0.0010057615331595304
2025-06-18,605090,test,-0.03178125875429275,0.0012325938317103097,2020-04-03,2025-06-13,0.0010057615331595304
2025-06-18,605589,test,0.001607919141981072,0.002712354320923757,2020-04-03,2025-06-13,0.0010057615331595304
2025-06-18,688031,test,-0.0031711392175311284,0.0009660446752820459,2020-04-03,2025-06-13,0.0010057615331595304
2025-06-18,688045,test,0.00569019738992612,0.0015468539729889593,2020-04-03,2025-06-13,0.0010057615331595304
2025-06-18,688133,test,0.04358705841982743,0.005058750881706898,2020-04-03,2025-06-13,0.0010057615331595304
2025-06-18,688147,test,0.022996195131030427,-0.000765607983781822,2020-04-03,2025-06-13,0.0010057615331595304
2025-06-18,688528,test,0.0019941035376249347,0.0008057097729598347,2020-04-03,2025-06-13,0.0010057615331595304
2025-06-19,600025,test,-0.03929444833502283,0.007512418416406855,2020-04-03,2025-06-13,0.003664151221495497
2025-06-19,600051,test,0.004433529113885053,0.001288434051115961,2020-04-03,2025-06-13,0.0010057615331595304
2025-06-19,600127,test,-0.012560441601015888,-0.0004617761377513339,2020-04-03,2025-06-13,0.00551868783125025
2025-06-19,600153,test,0.023345309988188838,0.0049528203170732,2020-04-03,2025-06-13,0.0010057615331595304
2025-06-19,600548,test,-0.04014914918972346,-0.001261125136091099,2020-04-03,2025-06-13,0.0010057615331595304
2025-06-19,600865,test,0.022078911871476363,0.0017282650897132335,2020-04-03,2025-06-13,0.0010057615331595304
2025-06-19,600967,test,0.10905959570247448,-0.024349403803196758,2020-04-03,2025-06-13,-0.03711815958015255
2025-06-19,601222,test,-0.03262910350173876,0.0015823564141693052,2020-04-03,2025-06-13,0.0010057615331595304
2025-06-19,603237,test,-0.024091290770331238,0.006849797259597744,2020-04-03,2025-06-13,0.0010057615331595304
2025-06-19,603335,test,0.004075557455365246,-0.0026097198436193557,2020-04-03,2025-06-13,0.0010057615331595304
2025-06-19,603341,test,-0.03524840127221585,0.002900173592662331,2020-04-03,2025-06-13,0.00551868783125025
2025-06-19,603658,test,-0.022952545196053505,-0.0001363864370146912,2020-04-03,2025-06-13,0.0010057615331595304
2025-06-19,605090,test,-0.05281024350388853,-0.0021462031875214066,2020-04-03,2025-06-13,0.0010057615331595304
2025-06-19,605589,test,-0.0027551091601414404,0.0041064107893414425,2020-04-03,2025-06-13,0.0010057615331595304
2025-06-19,688031,test,0.013622476010473054,-0.001461138982387156,2020-04-03,2025-06-13,0.0010057615331595304
2025-06-19,688045,test,0.027646824488603,0.000384259363524948,2020-04-03,2025-06-13,0.0010057615331595304
2025-06-19,688133,test,0.026057453172920735,0.0037785380698207747,2020-04-03,2025-06-13,0.0010057615331595304
2025-06-19,688147,test,0.01932341229896694,-0.00228382637473729,2020-04-03,2025-06-13,0.0010057615331595304
2025-06-19,688528,test,0.012847662427777788,-0.0016213958454658545,2020-04-03,2025-06-13,0.0010057615331595304
2025-06-20,600025,test,-0.07583709992328401,0.005272713599912481,2020-04-03,2025-06-13,0.003664151221495497
2025-06-20,600051,test,0.006462144121788263,0.0024221583640898383,2020-04-03,2025-06-13,0.0010057615331595304
2025-06-20,600127,test,-0.028219346628366213,0.002207678645849213,2020-04-03,2025-06-13,0.0010057615331595304
2025-06-20,600153,test,0.004371863323373373,0.0017203051800154777,2020-04-03,2025-06-13,0.0010057615331595304
2025-06-20,600548,test,-0.053479376346048144,-0.0028298103053027196,2020-04-03,2025-06-13,0.0010057615331595304
2025-06-20,600865,test,-0.010605679938168619,0.0036589547831784963,2020-04-03,2025-06-13,0.0010057615331595304
2025-06-20,600967,test,0.284946903256702,-0.01586788236596142,2020-04-03,2025-06-13,-0.010654598308775671
2025-06-20,601222,test,-0.04620929274008677,0.0027037467718425195,2020-04-03,2025-06-13,0.0010057615331595304
2025-06-20,603237,test,-0.0357315183289124,0.011571622573251483,2020-04-03,2025-06-13,0.0010057615331595304
2025-06-20,603335,test,-0.0025239623333093014,-0.003298761485795417,2020-04-03,2025-06-13,0.0010057615331595304
2025-06-20,603341,test,-0.04365517779382498,0.0038357313133138594,2020-04-03,2025-06-13,0.00551868783125025
2025-06-20,603658,test,-0.041832572445723123,-0.006547519023458929,2020-04-03,2025-06-13,0.0010057615331595304
2025-06-20,605090,test,-0.06124395434123407,-0.002704918289382729,2020-04-03,2025-06-13,0.0010057615331595304
2025-06-20,605589,test,-0.008742534240784958,-0.0029867472895000915,2020-04-03,2025-06-13,0.0010057615331595304
2025-06-20,688031,test,0.04211061173500076,-0.0015709499758072313,2020-04-03,2025-06-13,0.0010057615331595304
2025-06-20,688045,test,0.051474991320183974,-0.0015972905165965523,2020-04-03,2025-06-13,0.0010057615331595304
2025-06-20,688133,test,0.0023653941224801717,0.0062657695238045805,2020-04-03,2025-06-13,0.0010057615331595304
2025-06-20,688147,test,0.007853193610296141,-0.0028180263615841133,2020-04-03,2025-06-13,0.0010057615331595304
2025-06-20,688528,test,0.008495413569918023,-0.000684277526227856,2020-04-03,2025-06-13,0.0010057615331595304
2025-06-23,600025,test,-0.07334596834287535,0.003750576201506306,2020-04-03,2025-06-13,0.00551868783125025
2025-06-23,600051,test,-0.03502285221117676,-0.0038234834566475994,2020-04-03,2025-06-13,0.0010057615331595304
2025-06-23,600127,test,-0.0633403662671588,0.0020792770011336943,2020-04-03,2025-06-13,0.0010057615331595304
2025-06-23,600153,test,-0.003375966652829819,0.0019973238290775376,2020-04-03,2025-06-13,0.0010057615331595304
2025-06-23,600548,test,-0.04986994331099117,-0.002249691697208563,2020-04-03,2025-06-13,0.0010057615331595304
2025-06-23,600865,test,-0.03139824686392969,0.00045863951249924795,2020-04-03,2025-06-13,0.0010057615331595304
2025-06-23,600967,test,0.35546969517274063,-0.011605731743971944,2020-04-03,2025-06-13,-0.03711815958015255
2025-06-23,601222,test,-0.029979611316858355,0.002675646486645782,2020-04-03,2025-06-13,0.0010057615331595304
2025-06-23,603237,test,-0.0304359318684674,0.00882090882469946,2020-04-03,2025-06-13,0.0010057615331595304
2025-06-23,603335,test,-0.0124921007801694,-0.0033987672959928886,2020-04-03,2025-06-13,0.0010057615331595304
2025-06-23,603341,test,-0.014291270508015506,0.0030509766720572653,2020-04-03,2025-06-13,0.00551868783125025
2025-06-23,603658,test,-0.04022989861214867,-0.0037733624580843545,2020-04-03,2025-06-13,0.0010057615331595304
2025-06-23,605090,test,-0.06732864495604898,-0.005491993957584568,2020-04-03,2025-06-13,0.0010057615331595304
2025-06-23,605589,test,-0.005843898307715721,-0.0016273437380565814,2020-04-03,2025-06-13,0.0010057615331595304
2025-06-23,688031,test,0.027568573247895724,0.002227734058338029,2020-04-03,2025-06-13,0.0010057615331595304
2025-06-23,688045,test,0.04023391716323963,0.0035845185721893225,2020-04-03,2025-06-13,0.0010057615331595304
2025-06-23,688133,test,0.0188680995183522,0.0025954714584667193,2020-04-03,2025-06-13,0.0010057615331595304
2025-06-23,688147,test,0.009501132653552881,-0.0016516046796681756,2020-04-03,2025-06-13,0.0010057615331595304
2025-06-23,688528,test,0.0053132822426046125,0.0011334040262422046,2020-04-03,2025-06-13,0.0010057615331595304
2025-06-24,600025,test,-0.03934417517148927,0.009361752780900864,2020-04-03,2025-06-13,0.00551868783125025
2025-06-24,600051,test,-0.029033404630833502,-0.0016255690623916553,2020-04-03,2025-06-13,0.0010057615331595304
2025-06-24,600127,test,-0.03462061102763538,0.0010174910844115662,2020-04-03,2025-06-13,0.0010057615331595304
2025-06-24,600153,test,0.0025065440492607408,0.008716465776492592,2020-04-03,2025-06-13,0.0010057615331595304
2025-06-24,600548,test,-0.0370714916715569,6.75260384585556e-05,2020-04-03,2025-06-13,0.0010057615331595304
2025-06-24,600865,test,-0.025350106615037137,-0.001466230025050236,2020-04-03,2025-06-13,0.0010057615331595304
2025-06-24,600967,test,0.2747824372782596,-0.02613247489017339,2020-04-03,2025-06-13,-0.03711815958015255
2025-06-24,601222,test,-0.02595372469454773,0.004442854218427343,2020-04-03,2025-06-13,0.0010057615331595304
2025-06-24,603237,test,-0.02474774962440187,0.008257449442413798,2020-04-03,2025-06-13,0.0010057615331595304
2025-06-24,603335,test,-0.008977787278219872,-0.0034232962867994316,2020-04-03,2025-06-13,0.0010057615331595304
2025-06-24,603341,test,-0.016196418006334888,0.005260528917360238,2020-04-03,2025-06-13,0.00551868783125025
2025-06-24,603658,test,-0.03236941104623061,-0.0025034572225562496,2020-04-03,2025-06-13,0.0010057615331595304
2025-06-24,605090,test,-0.05189354488600464,0.0019884277108449893,2020-04-03,2025-06-13,0.0010057615331595304
2025-06-24,605589,test,0.011354211779939095,-0.0024259319322771436,2020-04-03,2025-06-13,0.0010057615331595304
2025-06-24,688031,test,-0.008243670408249935,0.0031132625969678604,2020-04-03,2025-06-13,0.0010057615331595304
2025-06-24,688045,test,0.02770354962070396,0.0005409976564250094,2020-04-03,2025-06-13,0.0010057615331595304
2025-06-24,688133,test,0.026891416463773556,-0.0012400248086153953,2020-04-03,2025-06-13,0.0010057615331595304
2025-06-24,688147,test,0.0010528257745526584,-0.0032250613625205136,2020-04-03,2025-06-13,0.0010057615331595304
2025-06-24,688528,test,-0.010488889905947783,-0.0019722130166779624,2020-04-03,2025-06-13,0.0010057615331595304
2025-06-25,600025,test,-0.027239013531455636,0.011066787570335001,2020-04-03,2025-06-13,0.0010057615331595304
2025-06-25,600051,test,-0.0005686143661782772,-0.0002872901640066544,2020-04-03,2025-06-13,0.0010057615331595304
2025-06-25,600127,test,-0.01321939400724903,0.005511885425973772,2020-04-03,2025-06-13,0.0010057615331595304
2025-06-25,600153,test,0.008826145754825765,0.0045697790126889085,2020-04-03,2025-06-13,0.0010057615331595304
2025-06-25,600548,test,-0.027272742619421253,-0.00013766262010454647,2020-04-03,2025-06-13,0.0010057615331595304
2025-06-25,600865,test,-0.0044310808711096605,0.000375346524369065,2020-04-03,2025-06-13,0.0010057615331595304
2025-06-25,600967,test,0.07842116811069988,-0.026728947345566596,2020-04-03,2025-06-13,-0.03711815958015255
2025-06-25,601222,test,0.0036950112566704885,0.0009126527797599353,2020-04-03,2025-06-13,0.0010057615331595304
2025-06-25,603237,test,-0.002909528434225539,0.007629788245604033,2020-04-03,2025-06-13,0.0010057615331595304
2025-06-25,603335,test,0.013331832543977296,-0.005268410894242626,2020-04-03,2025-06-13,0.0010057615331595304
2025-06-25,603341,test,-0.03376601156879233,0.002117905993550743,2020-04-03,2025-06-13,0.00551868783125025
2025-06-25,603658,test,-0.012615775521778838,-0.00038046594364210724,2020-04-03,2025-06-13,0.0010057615331595304
2025-06-25,605090,test,-0.01357276832659815,0.00037639321393579783,2020-04-03,2025-06-13,0.0010057615331595304
2025-06-25,605589,test,0.013960535240144623,0.0002307390302647371,2020-04-03,2025-06-13,0.0010057615331595304
2025-06-25,688031,test,-0.03588822985103113,-0.0031797562311736494,2020-04-03,2025-06-13,0.0010057615331595304
2025-06-25,688045,test,0.029606124416935664,0.000990598037434982,2020-04-03,2025-06-13,0.0010057615331595304
2025-06-25,688133,test,0.006830134339222305,-0.00210252941728845,2020-04-03,2025-06-13,0.0010057615331595304
2025-06-25,688147,test,0.00495160897131619,0.0005013888482449716,2020-04-03,2025-06-13,0.0010057615331595304
2025-06-25,688528,test,0.011860598464047634,0.0025542955495035176,2020-04-03,2025-06-13,0.0010057615331595304
2025-06-26,600025,test,-0.04549333402168871,0.013677764900467479,2020-04-03,2025-06-13,0.0010057615331595304
2025-06-26,600051,test,0.0044548753821251254,0.002511181221326797,2020-04-03,2025-06-13,0.0010057615331595304
2025-06-26,600127,test,-0.00641512922620697,0.006690259792790486,2020-04-03,2025-06-13,0.0010057615331595304
2025-06-26,600153,test,-0.010248536719809806,0.006497177918731002,2020-04-03,2025-06-13,0.0010057615331595304
2025-06-26,600548,test,-0.020948431252933393,0.0028283013528063116,2020-04-03,2025-06-13,0.0010057615331595304
2025-06-26,600865,test,-0.019508340573231316,-0.0003276340799875586,2020-04-03,2025-06-13,0.0010057615331595304
2025-06-26,600967,test,0.05022843592225595,-0.029317154375802273,2020-04-03,2025-06-13,-0.03711815958015255
2025-06-26,601222,test,0.0030111834156082897,-0.0006951187412948858,2020-04-03,2025-06-13,0.0010057615331595304
2025-06-26,603237,test,0.002941490068513566,0.007704303254605932,2020-04-03,2025-06-13,0.0010057615331595304
2025-06-26,603335,test,0.02775894561356978,-0.006806935931475986,2020-04-03,2025-06-13,0.0010057615331595304
2025-06-26,603341,test,-0.003936350465288127,0.0026245969222654405,2020-04-03,2025-06-13,0.0010057615331595304
2025-06-26,603658,test,-0.006519108771723412,-0.0019164398991328361,2020-04-03,2025-06-13,0.0010057615331595304
2025-06-26,605090,test,-0.01744579877733938,6.934464153653432e-05,2020-04-03,2025-06-13,0.0010057615331595304
2025-06-26,605589,test,0.014409999477738402,-0.0009076428206482986,2020-04-03,2025-06-13,0.0010057615331595304
2025-06-26,688031,test,-0.04360791646603552,-0.0035788207320184505,2020-04-03,2025-06-13,0.0010057615331595304
2025-06-26,688045,test,0.0025347973768691714,0.0008625907282641316,2020-04-03,2025-06-13,0.0010057615331595304
2025-06-26,688133,test,0.04491075931710758,-0.003437792775977818,2020-04-03,2025-06-13,0.0010057615331595304
2025-06-26,688147,test,0.008094162920137584,0.0010167017168826336,2020-04-03,2025-06-13,0.0010057615331595304
2025-06-26,688528,test,0.015778296780331207,0.0012578145223021905,2020-04-03,2025-06-13,0.0010057615331595304
2025-06-27,600025,test,-0.005389473151819421,0.00898113927576825,2020-04-03,2025-06-13,0.0010057615331595304
2025-06-27,600051,test,0.011162250986111292,0.007856159361049359,2020-04-03,2025-06-13,0.0010057615331595304
2025-06-27,600127,test,0.006204729746731088,0.00301264725971774,2020-04-03,2025-06-13,0.0010057615331595304
2025-06-27,600153,test,-0.0005066606518196433,0.007510002083454145,2020-04-03,2025-06-13,0.0010057615331595304
2025-06-27,600548,test,-0.016104454644124296,-0.0016318690913677567,2020-04-03,2025-06-13,0.0010057615331595304
2025-06-27,600865,test,-0.01094502870737529,0.0028255707567974644,2020-04-03,2025-06-13,0.0010057615331595304
2025-06-27,600967,test,-0.04819769232990184,-0.03587356483345209,2020-04-03,2025-06-13,-0.03711815958015255
2025-06-27,601222,test,0.05415581735702196,0.0013289785826567375,2020-04-03,2025-06-13,0.0010057615331595304
2025-06-27,603237,test,0.007839630877044038,0.004507640352797993,2020-04-03,2025-06-13,0.0010057615331595304
2025-06-27,603335,test,0.0006711329087862343,-0.004734386871104842,2020-04-03,2025-06-13,0.0010057615331595304
2025-06-27,603341,test,-0.006157522306965366,0.006079258123543524,2020-04-03,2025-06-13,0.0010057615331595304
2025-06-27,603658,test,0.0007684920422902945,-0.0058663562697906565,2020-04-03,2025-06-13,0.0010057615331595304
2025-06-27,605090,test,-0.01360607852000167,-0.0031609047961994653,2020-04-03,2025-06-13,0.0010057615331595304
2025-06-27,605589,test,0.026276593778730987,0.0016535512567785607,2020-04-03,2025-06-13,0.0010057615331595304
2025-06-27,688031,test,-0.04129025644163703,-0.004363514516519667,2020-04-03,2025-06-13,0.0010057615331595304
2025-06-27,688045,test,-0.015418971676893486,-0.0011402547827687147,2020-04-03,2025-06-13,0.0010057615331595304
2025-06-27,688133,test,0.05063921353576423,0.0035766327064179235,2020-04-03,2025-06-13,0.0010057615331595304
2025-06-27,688147,test,0.0003421519324690618,0.003480779069765351,2020-04-03,2025-06-13,0.0010057615331595304
2025-06-27,688528,test,-0.00044387473441115117,0.004710989948096932,2020-04-03,2025-06-13,0.0010057615331595304
2025-06-30,600025,test,0.006989103602029651,0.0066755667557454575,2020-04-03,2025-06-13,0.0010057615331595304
2025-06-30,600051,test,0.03987820403039744,-1.3556841778951994e-05,2020-04-03,2025-06-13,0.0010057615331595304
2025-06-30,600127,test,0.016257719711222925,-0.0006959506360543153,2020-04-03,2025-06-13,0.0010057615331595304
2025-06-30,600153,test,0.015072626127474405,0.00842257957427636,2020-04-03,2025-06-13,0.0010057615331595304
2025-06-30,600548,test,-0.008510039839951127,-0.0009718883935061538,2020-04-03,2025-06-13,0.0010057615331595304
2025-06-30,600865,test,0.0022100879418139934,0.0010674242096741782,2020-04-03,2025-06-13,0.0010057615331595304
2025-06-30,600967,test,-0.0849331878971773,-0.03777361535273851,2020-04-03,2025-06-13,-0.03711815958015255
2025-06-30,601222,test,0.08530035137699221,0.007604334064729348,2020-04-03,2025-06-13,0.0010057615331595304
2025-06-30,603237,test,0.00878631566741362,0.0020627467072494286,2020-04-03,2025-06-13,0.0010057615331595304
2025-06-30,603335,test,0.000399754193381458,-0.004084303550504914,2020-04-03,2025-06-13,0.0010057615331595304
2025-06-30,603341,test,-0.04889408693239327,0.00683453230079187,2020-04-03,2025-06-13,0.0010057615331595304
2025-06-30,603658,test,0.005356991909185266,-0.001612088120201868,2020-04-03,2025-06-13,0.0010057615331595304
2025-06-30,605090,test,0.0038695024045670772,0.0010553634344249495,2020-04-03,2025-06-13,0.0010057615331595304
2025-06-30,605589,test,0.04091014506233826,0.0041110208946156844,2020-04-03,2025-06-13,0.0010057615331595304
2025-06-30,688031,test,-0.06819697191953733,-0.0020449561886719033,2020-04-03,2025-06-13,0.0010057615331595304
2025-06-30,688045,test,-0.02737866700554336,0.0019799663933090243,2020-04-03,2025-06-13,0.0010057615331595304
2025-06-30,688133,test,0.035257715917294104,0.001552190087521562,2020-04-03,2025-06-13,0.0010057615331595304
2025-06-30,688147,test,-0.004250960377097373,0.002642421833650272,2020-04-03,2025-06-13,0.0010057615331595304
2025-06-30,688528,test,-0.018124603972410662,0.0019407104431093214,2020-04-03,2025-06-13,0.0010057615331595304
2025-07-01,600025,test,-0.015172901673068402,0.007952271224245695,2020-04-03,2025-06-13,0.0010057615331595304
2025-07-01,600051,test,0.024702078419302935,0.0011349711682094872,2020-04-03,2025-06-13,0.0010057615331595304
2025-07-01,600127,test,0.009073838734459654,-0.0008561002312824929,2020-04-03,2025-06-13,0.0010057615331595304
2025-07-01,600153,test,0.008856703321959196,0.011614333417415542,2020-04-03,2025-06-13,0.0010057615331595304
2025-07-01,600548,test,-0.006891328174103323,-0.002275957797680297,2020-04-03,2025-06-13,0.0010057615331595304
2025-07-01,600865,test,0.004195146327005011,0.0019211617022783967,2020-04-03,2025-06-13,0.0010057615331595304
2025-07-01,600967,test,-0.10564392692670244,-0.031256276589369,2020-04-03,2025-06-13,-0.03711815958015255
2025-07-01,601222,test,0.07193346580654858,-0.0016754670821684087,2020-04-03,2025-06-13,0.0010057615331595304
2025-07-01,603237,test,0.012798409296063677,0.0012884296134436299,2020-04-03,2025-06-13,0.0010057615331595304
2025-07-01,603335,test,-0.004922824237095453,-0.0029531932570359713,2020-04-03,2025-06-13,0.0010057615331595304
2025-07-01,603341,test,-0.032053261407785645,0.0012549884262992514,2020-04-03,2025-06-13,0.0010057615331595304
2025-07-01,603658,test,0.002724056441281036,-0.0032679075518153976,2020-04-03,2025-06-13,0.0010057615331595304
2025-07-01,605090,test,0.013380553533504418,-0.00232321756748393,2020-04-03,2025-06-13,0.0010057615331595304
2025-07-01,605589,test,0.042025513195568125,0.006336547264700322,2020-04-03,2025-06-13,0.0010057615331595304
2025-07-01,688031,test,-0.04619643132285479,-0.0039590075880429985,2020-04-03,2025-06-13,0.0010057615331595304
2025-07-01,688045,test,-0.029382677655072416,0.005209613820139207,2020-04-03,2025-06-13,0.0010057615331595304
2025-07-01,688133,test,0.03919746675190094,0.006451129380818791,2020-04-03,2025-06-13,0.0010057615331595304
2025-07-01,688147,test,0.009588566354571497,0.002980636071450429,2020-04-03,2025-06-13,0.0010057615331595304
2025-07-01,688528,test,0.001787553214517395,0.0011755431915186033,2020-04-03,2025-06-13,0.0010057615331595304
2025-07-02,600025,test,-0.03163065810486311,0.012436600007012225,2020-04-03,2025-06-13,0.0010057615331595304
2025-07-02,600051,test,0.00968909433085684,0.006566325755685921,2020-04-03,2025-06-13,0.0010057615331595304
2025-07-02,600127,test,-0.017526183862233712,0.006851051494354073,2020-04-03,2025-06-13,0.0010057615331595304
2025-07-02,600153,test,-0.01268498743916847,0.005658880234949815,2020-04-03,2025-06-13,0.0010057615331595304
2025-07-02,600548,test,-0.002625473365914465,0.0019636361981521197,2020-04-03,2025-06-13,0.0010057615331595304
2025-07-02,600865,test,-0.01777389574436151,0.006977005821133503,2020-04-03,2025-06-13,0.0010057615331595304
2025-07-02,600967,test,-0.0007929560220806368,-0.039061247713290774,2020-04-03,2025-06-13,-0.03711815958015255
2025-07-02,601222,test,0.03527046468849125,-0.0016187660354012837,2020-04-03,2025-06-13,0.0010057615331595304
2025-07-02,603237,test,-0.013216269853720496,0.004902070925158516,2020-04-03,2025-06-13,0.0010057615331595304
2025-07-02,603335,test,-0.029252139066449533,-0.001230909250700689,2020-04-03,2025-06-13,0.0010057615331595304
2025-07-02,603341,test,-0.022302877148243538,-0.0012855219152065596,2020-04-03,2025-06-13,0.0010057615331595304
2025-07-02,603658,test,-0.01691302890125258,-5.671767283608674e-05,2020-04-03,2025-06-13,0.0010057615331595304
2025-07-02,605090,test,-0.01705074336388458,-7.194759053535625e-05,2020-04-03,2025-06-13,0.0010057615331595304
2025-07-02,605589,test,0.010364657950902346,0.0011040853461997944,2020-04-03,2025-06-13,0.0010057615331595304
2025-07-02,688031,test,-0.04196923425712486,-0.0003910863818744236,2020-04-03,2025-06-13,0.0010057615331595304
2025-07-02,688045,test,-0.04900921642651214,-0.003965848031969576,2020-04-03,2025-06-13,0.0010057615331595304
2025-07-02,688133,test,0.030846964043607195,-0.0017265705531099443,2020-04-03,2025-06-13,0.0010057615331595304
2025-07-02,688147,test,-0.005008266996490717,0.0022295945999590444,2020-04-03,2025-06-13,0.0010057615331595304
2025-07-02,688528,test,0.19158474953844273,-0.0005281376220394295,2020-04-03,2025-06-13,0.0010057615331595304
2025-07-03,600025,test,-0.03475318758054756,0.009560350470204744,2020-04-03,2025-06-13,0.0010057615331595304
2025-07-03,600051,test,0.020576681731371633,0.0034302595086642047,2020-04-03,2025-06-13,0.0010057615331595304
2025-07-03,600127,test,-0.02469365493653995,0.001098376244884674,2020-04-03,2025-06-13,0.0010057615331595304
2025-07-03,600153,test,-0.0010581625062123616,0.0064324560044543636,2020-04-03,2025-06-13,0.0010057615331595304
2025-07-03,600548,test,-0.006585729528483113,0.0033939108442522493,2020-04-03,2025-06-13,0.0010057615331595304
2025-07-03,600865,test,-0.005540219313850608,0.006817669729658231,2020-04-03,2025-06-13,0.0010057615331595304
2025-07-03,600967,test,0.036292952085468136,-0.029281973363480342,2020-04-03,2025-06-13,-0.03711815958015255
2025-07-03,601222,test,0.02832413181738404,-4.024886540563112e-05,2020-04-03,2025-06-13,0.0010057615331595304
2025-07-03,603237,test,-0.019714929981644907,0.0037184625116542,2020-04-03,2025-06-13,0.0010057615331595304
2025-07-03,603335,test,-0.03304367051911759,-0.007042580524095696,2020-04-03,2025-06-13,0.0010057615331595304
2025-07-03,603341,test,-0.04458357093377839,0.002943797391274799,2020-04-03,2025-06-13,0.0010057615331595304
2025-07-03,603658,test,-0.02006914204350761,-0.003552927774811386,2020-04-03,2025-06-13,0.0010057615331595304
2025-07-03,605090,test,0.011253576078175027,0.002631189268100851,2020-04-03,2025-06-13,0.0010057615331595304
2025-07-03,605589,test,0.012126769468528437,-0.0004711606534816474,2020-04-03,2025-06-13,0.0010057615331595304
2025-07-03,688031,test,-0.04393479064295601,0.004459582255159506,2020-04-03,2025-06-13,0.0010057615331595304
2025-07-03,688045,test,-0.0455790521812872,-0.0017939348404552933,2020-04-03,2025-06-13,0.0010057615331595304
2025-07-03,688133,test,-0.01945665333816336,-0.009265541519163279,2020-04-03,2025-06-13,-0.010654598308775671
2025-07-03,688147,test,-0.006592268040317966,0.004029972157417018,2020-04-03,2025-06-13,0.0010057615331595304
2025-07-03,688528,test,0.19703092036547934,0.0016848387708092417,2020-04-03,2025-06-13,0.0010057615331595304
2025-07-04,600025,test,-0.04741373348287825,0.003887409888139648,2020-04-03,2025-06-13,0.0010057615331595304
2025-07-04,600051,test,0.027245572519711492,-0.00027077073100141645,2020-04-03,2025-06-13,0.0010057615331595304
2025-07-04,600127,test,-0.031174880567807373,-0.0011403384756419955,2020-04-03,2025-06-13,0.0010057615331595304
2025-07-04,600153,test,-0.006418600651010409,0.004772173870726511,2020-04-03,2025-06-13,0.0010057615331595304
2025-07-04,600548,test,-0.013987981860986154,-0.0007778326755742784,2020-04-03,2025-06-13,0.0010057615331595304
2025-07-04,600865,test,0.014950521618807167,0.0025345943500615187,2020-04-03,2025-06-13,0.0010057615331595304
2025-07-04,600967,test,0.03823631728345178,-0.01080395632526255,2020-04-03,2025-06-13,0.0025829029212147093
2025-07-04,601222,test,-0.0246332239857473,-0.01908432540237553,2020-04-03,2025-06-13,-0.010654598308775671
2025-07-04,603237,test,-0.02143361047011416,0.0034868160494741195,2020-04-03,2025-06-13,0.0010057615331595304
2025-07-04,603335,test,-0.009661894526219794,-0.006286904456024451,2020-04-03,2025-06-13,0.0010057615331595304
2025-07-04,603341,test,-0.02922978947264665,0.001182501882975496,2020-04-03,2025-06-13,0.0010057615331595304
2025-07-04,603658,test,-0.02255754311311675,-0.003191952565442117,2020-04-03,2025-06-13,0.0010057615331595304
2025-07-04,605090,test,-0.0013376079527521734,0.0004296365762601216,2020-04-03,2025-06-13,0.0010057615331595304
2025-07-04,605589,test,-0.0255566559927346,-0.001739229009101547,2020-04-03,2025-06-13,-0.010654598308775671
2025-07-04,688031,test,0.08761278306022635,0.007517305970946318,2020-04-03,2025-06-13,0.0010057615331595304
2025-07-04,688045,test,-0.023186792688595026,0.005386958348555833,2020-04-03,2025-06-13,0.0010057615331595304
2025-07-04,688133,test,0.011853709485753483,0.002248693978407393,2020-04-03,2025-06-13,0.003664151221495497
2025-07-04,688147,test,0.0021049179466013923,0.005466232517279685,2020-04-03,2025-06-13,0.0010057615331595304
2025-07-04,688528,test,0.07458849285005698,0.005135483823238045,2020-04-03,2025-06-13,0.0010057615331595304
2025-07-07,600025,test,-0.041058263160178396,0.002744595060718839,2020-04-03,2025-06-13,0.0010057615331595304
2025-07-07,600051,test,0.013879859580650921,-0.003307632528406036,2020-04-03,2025-06-13,0.0010057615331595304
2025-07-07,600127,test,-0.027498247014846867,-0.0025294335963369115,2020-04-03,2025-06-13,0.0010057615331595304
2025-07-07,600153,test,0.0017822562540955149,0.008078860784867909,2020-04-03,2025-06-13,0.0010057615331595304
2025-07-07,600548,test,-0.010567972140280203,-0.0030343515196813342,2020-04-03,2025-06-13,0.0010057615331595304
2025-07-07,600865,test,0.0028030680546800683,0.001859466714240015,2020-04-03,2025-06-13,0.0010057615331595304
2025-07-07,600967,test,-0.002910951159945597,-0.013687915281793429,2020-04-03,2025-06-13,-0.005900609663545001
2025-07-07,601222,test,-0.05794516164993539,-0.01815541679370202,2020-04-03,2025-06-13,-0.010654598308775671
2025-07-07,603237,test,-0.012116152871690811,0.004330262361562452,2020-04-03,2025-06-13,0.0010057615331595304
2025-07-07,603335,test,-0.000573759694319987,-0.0036870396104183296,2020-04-03,2025-06-13,0.0010057615331595304
2025-07-07,603341,test,-0.018060329550173494,5.4664986605543564e-05,2020-04-03,2025-06-13,0.0010057615331595304
2025-07-07,603658,test,-0.018001696104421084,-0.0007234273455658597,2020-04-03,2025-06-13,0.0010057615331595304
2025-07-07,605090,test,-0.01140817906888374,0.00045053400942100406,2020-04-03,2025-06-13,0.0010057615331595304
2025-07-07,605589,test,0.00028541713245362407,0.0012962387679318907,2020-04-03,2025-06-13,0.0010057615331595304
2025-07-07,688031,test,0.09836139119894367,0.005318602662846338,2020-04-03,2025-06-13,0.0010057615331595304
2025-07-07,688045,test,-0.0010592465788183299,0.006855371419581008,2020-04-03,2025-06-13,0.0010057615331595304
2025-07-07,688133,test,7.501135974703407e-05,0.0014541654462771516,2020-04-03,2025-06-13,0.00551868783125025
2025-07-07,688147,test,-0.0011831522020683723,0.006030065178472985,2020-04-03,2025-06-13,0.0010057615331595304
2025-07-07,688528,test,0.08519610761499148,0.005404886899019613,2020-04-03,2025-06-13,0.0010057615331595304
2025-07-08,600025,test,-0.019915931424969998,-0.0023536797216091488,2020-04-03,2025-06-13,0.0010057615331595304
2025-07-08,600051,test,0.012008100276672266,-0.0011616183742016097,2020-04-03,2025-06-13,0.0010057615331595304
2025-07-08,600127,test,-0.026730724147904613,0.0015623081826236468,2020-04-03,2025-06-13,0.0010057615331595304
2025-07-08,600153,test,0.01601567673803123,0.006065495445782372,2020-04-03,2025-06-13,0.0010057615331595304
2025-07-08,600548,test,-0.007847180127320826,-0.002295388628035263,2020-04-03,2025-06-13,0.0010057615331595304
2025-07-08,600865,test,-0.004205661491262722,0.0020594645343966662,2020-04-03,2025-06-13,0.0010057615331595304
2025-07-08,600967,test,0.010845482805465104,-0.008339998661161361,2020-04-03,2025-06-13,0.0025829029212147093
2025-07-08,601222,test,-0.05345891127130925,-0.013632701661486047,2020-04-03,2025-06-13,-0.010654598308775671
2025-07-08,603237,test,-0.020515727909502676,0.006335022313580974,2020-04-03,2025-06-13,0.0010057615331595304
2025-07-08,603335,test,-0.02691315468396976,0.00028409493721186273,2020-04-03,2025-06-13,0.0010057615331595304
2025-07-08,603341,test,-0.013480021362318125,0.002212502815964384,2020-04-03,2025-06-13,0.0010057615331595304
2025-07-08,603658,test,-0.011386808803989176,-0.0018285637113349502,2020-04-03,2025-06-13,0.0010057615331595304
2025-07-08,605090,test,0.014177354838715798,0.0001783505023775602,2020-04-03,2025-06-13,0.0010057615331595304
2025-07-08,605589,test,-0.003303485164369899,-0.005405286109963224,2020-04-03,2025-06-13,-0.010654598308775671
2025-07-08,688031,test,0.1389112288358207,0.006265379377397513,2020-04-03,2025-06-13,0.0010057615331595304
2025-07-08,688045,test,-0.005597137970070607,0.0037756709887393127,2020-04-03,2025-06-13,0.0010057615331595304
2025-07-08,688133,test,-0.032383801870505435,-0.0005647798947945748,2020-04-03,2025-06-13,-0.010654598308775671
2025-07-08,688147,test,-0.00011408527445638545,0.0006650123127393402,2020-04-03,2025-06-13,0.0010057615331595304
2025-07-08,688528,test,0.03389478800724438,0.004931212967413419,2020-04-03,2025-06-13,0.0010057615331595304
2025-07-09,600025,test,-0.015797319919399203,-0.001329931618492832,2020-04-03,2025-06-13,0.0010057615331595304
2025-07-09,600051,test,0.037477545704794835,0.0057542395210656875,2020-04-03,2025-06-13,0.0010057615331595304
2025-07-09,600127,test,-0.006901322816331548,-6.245643599207553e-05,2020-04-03,2025-06-13,0.0010057615331595304
2025-07-09,600153,test,-0.021233327835429142,0.007803108101488757,2020-04-03,2025-06-13,0.0010057615331595304
2025-07-09,600548,test,-0.011373246261009499,-0.0017036844554553987,2020-04-03,2025-06-13,0.0010057615331595304
2025-07-09,600865,test,0.014314904575821682,0.0006515436484037083,2020-04-03,2025-06-13,0.0010057615331595304
2025-07-09,600967,test,-0.03221108038320836,-0.0071752940070513305,2020-04-03,2025-06-13,-0.005900609663545001
2025-07-09,601222,test,-0.03468342405887931,0.0018074463339516136,2020-04-03,2025-06-13,0.00551868783125025
2025-07-09,603237,test,0.0006281105000959769,0.003671554041770753,2020-04-03,2025-06-13,0.0010057615331595304
2025-07-09,603335,test,0.022719224791393818,-0.0003304205930632978,2020-04-03,2025-06-13,0.0010057615331595304
2025-07-09,603341,test,-0.010057103984168984,-0.0029184835700610643,2020-04-03,2025-06-13,0.0010057615331595304
2025-07-09,603658,test,0.0070895421652820674,-0.002119732446867154,2020-04-03,2025-06-13,0.0010057615331595304
2025-07-09,605090,test,0.04249646287450498,-0.0017866057539602037,2020-04-03,2025-06-13,0.0010057615331595304
2025-07-09,605589,test,-0.007312591173878116,0.005579988662134229,2020-04-03,2025-06-13,0.00551868783125025
2025-07-09,688031,test,0.13435207415528722,-0.00039008270593777756,2020-04-03,2025-06-13,0.0010057615331595304
2025-07-09,688045,test,0.023727554680245285,0.002826965698978984,2020-04-03,2025-06-13,0.0010057615331595304
2025-07-09,688133,test,-0.024791793925019016,0.005143819676769547,2020-04-03,2025-06-13,0.00551868783125025
2025-07-09,688147,test,0.005402588312035603,0.004659965295935782,2020-04-03,2025-06-13,0.0010057615331595304
2025-07-09,688528,test,-0.12384679740213828,-0.021329441777977073,2020-04-03,2025-06-13,-0.010654598308775671
2025-07-10,600025,test,-0.02041605745902643,-0.006982668076945112,2020-04-03,2025-06-13,0.0010057615331595304
2025-07-10,600051,test,-0.002226470692255801,0.007301275347378956,2020-04-03,2025-06-13,0.0010057615331595304
2025-07-10,600127,test,-0.014535276919063768,-0.00013573602064105144,2020-04-03,2025-06-13,0.0010057615331595304
2025-07-10,600153,test,-0.04750392007623884,0.007012787805388847,2020-04-03,2025-06-13,0.0010057615331595304
2025-07-10,600548,test,-0.021907965261367637,-0.00018269715706758138,2020-04-03,2025-06-13,0.0010057615331595304
2025-07-10,600865,test,-8.303622765771894e-05,0.0008239355733899174,2020-04-03,2025-06-13,0.0010057615331595304
2025-07-10,600967,test,0.0017850270358036203,-0.007272299491042304,2020-04-03,2025-06-13,-0.005900609663545001
2025-07-10,601222,test,-0.032468800008669266,0.002853663357223061,2020-04-03,2025-06-13,0.00551868783125025
2025-07-10,603237,test,-0.008199568963741867,0.003371274277655224,2020-04-03,2025-06-13,0.0010057615331595304
2025-07-10,603335,test,0.010974695367520148,0.004872825398972728,2020-04-03,2025-06-13,0.0010057615331595304
2025-07-10,603341,test,0.002747353234713633,-0.005502928378511306,2020-04-03,2025-06-13,0.0010057615331595304
2025-07-10,603658,test,-0.00057405403289147,0.0009004717001501946,2020-04-03,2025-06-13,0.0010057615331595304
2025-07-10,605090,test,0.03405057876178495,0.001177180519027717,2020-04-03,2025-06-13,0.0010057615331595304
2025-07-10,605589,test,0.04691929996201037,0.005165082689989398,2020-04-03,2025-06-13,0.00551868783125025
2025-07-10,688031,test,0.13627427857560648,-0.002983291354474469,2020-04-03,2025-06-13,0.0010057615331595304
2025-07-10,688045,test,0.0380727687126715,0.001207884463140684,2020-04-03,2025-06-13,0.0010057615331595304
2025-07-10,688133,test,0.011834745140613433,0.0008149014938928718,2020-04-03,2025-06-13,0.00551868783125025
2025-07-10,688147,test,0.01022824296034096,0.003663592588005767,2020-04-03,2025-06-13,0.0010057615331595304
2025-07-10,688528,test,-0.1449718401101523,-0.017352757119892738,2020-04-03,2025-06-13,-0.010654598308775671
2025-07-11,600025,test,-0.014990398537768564,-0.0037312716297733767,2020-04-03,2025-06-13,0.0010057615331595304
2025-07-11,600051,test,-0.032580444112409845,0.003123202064225138,2020-04-03,2025-06-13,-0.010654598308775671
2025-07-11,600127,test,-0.013627034764074838,0.0022869396223718745,2020-04-03,2025-06-13,0.0010057615331595304
2025-07-11,600153,test,-0.04874429895833582,0.006006406803400701,2020-04-03,2025-06-13,0.0010057615331595304
2025-07-11,600548,test,-0.00940047914404912,-0.00047617140702944493,2020-04-03,2025-06-13,0.0010057615331595304
2025-07-11,600865,test,-0.02573085633705002,-0.0026818377230478233,2020-04-03,2025-06-13,0.0010057615331595304
2025-07-11,600967,test,0.060710859073036805,-0.013642399868645554,2020-04-03,2025-06-13,-0.005900609663545001
2025-07-11,601222,test,-0.03447836692441558,0.0018670177314887833,2020-04-03,2025-06-13,0.00551868783125025
2025-07-11,603237,test,-0.008991849749343469,0.005891529449626336,2020-04-03,2025-06-13,0.0010057615331595304
2025-07-11,603335,test,-0.00878909036795655,0.006373736690795525,2020-04-03,2025-06-13,0.0010057615331595304
2025-07-11,603341,test,-0.007172447057845085,-0.0016604352650492335,2020-04-03,2025-06-13,0.0010057615331595304
2025-07-11,603658,test,0.0008672405695402986,0.002285513035654333,2020-04-03,2025-06-13,0.0010057615331595304
2025-07-11,605090,test,0.045249771047191356,0.002476103202559763,2020-04-03,2025-06-13,0.0010057615331595304
2025-07-11,605589,test,0.08441434039458412,0.007134425901388412,2020-04-03,2025-06-13,0.0010057615331595304
2025-07-11,688031,test,-0.010555614906863017,-0.013095465985656092,2020-04-03,2025-06-13,-0.010654598308775671
2025-07-11,688045,test,0.026246550159215568,0.0028803319475917376,2020-04-03,2025-06-13,0.0010057615331595304
2025-07-11,688133,test,0.01613727122070802,0.006421927548009369,2020-04-03,2025-06-13,0.00551868783125025
2025-07-11,688147,test,0.002887629866575484,0.006957359826286031,2020-04-03,2025-06-13,0.0010057615331595304
2025-07-11,688528,test,-0.021452781470739753,-0.019664414328555615,2020-04-03,2025-06-13,0.00551868783125025
2025-07-14,600025,test,-0.013100197423794622,-0.0013319104671021087,2020-04-03,2025-07-11,0.0010946073693390208
2025-07-14,600051,test,-0.024313616938319103,0.0024693974905644076,2020-04-03,2025-07-11,0.005270050441927524
2025-07-14,600127,test,-0.013318359739587702,0.0030876478006881952,2020-04-03,2025-07-11,0.0010946073693390208
2025-07-14,600153,test,-0.059134750708287415,0.008977478720700817,2020-04-03,2025-07-11,0.0010946073693390208
2025-07-14,600548,test,-0.013304703700106477,9.680086849528354e-05,2020-04-03,2025-07-11,0.0010946073693390208
2025-07-14,600865,test,-0.016176966281107184,-0.004673028193229666,2020-04-03,2025-07-11,0.0010946073693390208
2025-07-14,600967,test,0.12458002139392091,-0.01858690509727007,2020-04-03,2025-07-11,0.000720861502682165
2025-07-14,601222,test,-0.027280827146698303,0.0016638842196502427,2020-04-03,2025-07-11,0.0010946073693390208
2025-07-14,603237,test,-0.018736548365421244,0.00674740306022077,2020-04-03,2025-07-11,0.0010946073693390208
2025-07-14,603335,test,-0.0204919608873638,0.0038486620060452365,2020-04-03,2025-07-11,0.0010946073693390208
2025-07-14,603341,test,-0.003294835630690194,-0.0008852845930665644,2020-04-03,2025-07-11,0.0010946073693390208
2025-07-14,603658,test,-0.008649855624205924,-0.0005025814384041017,2020-04-03,2025-07-11,0.0010946073693390208
2025-07-14,605090,test,0.039790904867331195,0.0001655777847067483,2020-04-03,2025-07-11,0.0010946073693390208
2025-07-14,605589,test,0.04664704046216386,0.004349668120397129,2020-04-03,2025-07-11,0.005270050441927524
2025-07-14,688031,test,-0.01824247213480743,-0.01129613585326193,2020-04-03,2025-07-11,-0.009997262426006513
2025-07-14,688045,test,0.023239817538291876,0.002082484459424184,2020-04-03,2025-07-11,0.0010946073693390208
2025-07-14,688133,test,0.03676775281406788,0.004674615018165406,2020-04-03,2025-07-11,0.005270050441927524
2025-07-14,688147,test,-0.006530921926324849,0.00472813991494125,2020-04-03,2025-07-11,0.0010946073693390208
2025-07-14,688528,test,-0.028449520569061446,-0.006846885590320384,2020-04-03,2025-07-11,-0.017791780753352093
2025-07-15,600025,test,0.002575067936169965,-0.0012420294286485628,2020-04-03,2025-07-11,0.0010946073693390208
2025-07-15,600051,test,-0.016115587845177134,0.0056947085139760585,2020-04-03,2025-07-11,0.005270050441927524
2025-07-15,600127,test,-0.004387074832603862,0.001422717958284974,2020-04-03,2025-07-11,0.0010946073693390208
2025-07-15,600153,test,-0.05102622495933701,0.007528603053617467,2020-04-03,2025-07-11,0.0010946073693390208
2025-07-15,600548,test,-0.0017266735518291464,0.0004939511403461899,2020-04-03,2025-07-11,0.0010946073693390208
2025-07-15,600865,test,-0.012775239302027782,0.0019927583896249836,2020-04-03,2025-07-11,0.0010946073693390208
2025-07-15,600967,test,0.0950859858068484,-0.017563147814349228,2020-04-03,2025-07-11,0.000720861502682165
2025-07-15,601222,test,0.002198058698704434,-0.0014299047276777057,2020-04-03,2025-07-11,0.0010946073693390208
2025-07-15,603237,test,-0.010785104073054937,0.004143129924244311,2020-04-03,2025-07-11,0.0010946073693390208
2025-07-15,603335,test,-0.0010921432815825215,0.0006784471173498453,2020-04-03,2025-07-11,0.0010946073693390208
2025-07-15,603341,test,-0.003953369169416295,-0.0005207120699704217,2020-04-03,2025-07-11,0.0010946073693390208
2025-07-15,603658,test,-0.0020552718138107627,-0.0014301996204566687,2020-04-03,2025-07-11,0.0010946073693390208
2025-07-15,605090,test,0.023149427096536616,0.0065438123985897545,2020-04-03,2025-07-11,0.0010946073693390208
2025-07-15,605589,test,0.018335300536242053,0.002980972455850367,2020-04-03,2025-07-11,0.005270050441927524
2025-07-15,688031,test,-0.07720933428978766,-0.01491381695614921,2020-04-03,2025-07-11,-0.009997262426006513
2025-07-15,688045,test,0.010925238728013823,-0.0019608953960495237,2020-04-03,2025-07-11,0.0010946073693390208
2025-07-15,688133,test,0.046823657853994394,0.0023950717071743546,2020-04-03,2025-07-11,0.0010946073693390208
2025-07-15,688147,test,-0.02372072211303716,0.0017479719361841325,2020-04-03,2025-07-11,0.0010946073693390208
2025-07-15,688528,test,0.005754008575154571,0.002207589649403779,2020-04-03,2025-07-11,0.000720861502682165
2025-07-16,600025,test,-0.016214043767985478,-0.0016331374386447071,2020-04-03,2025-07-11,0.0010946073693390208
2025-07-16,600051,test,-0.041821008535417994,0.0068898785813091105,2020-04-03,2025-07-11,0.005270050441927524
2025-07-16,600127,test,-0.015343862493054486,0.004113724029817994,2020-04-03,2025-07-11,0.0010946073693390208
2025-07-16,600153,test,-0.011848051804648499,0.002776858789849589,2020-04-03,2025-07-11,0.0010946073693390208
2025-07-16,600548,test,-0.0021024344266001443,0.0006137054525546523,2020-04-03,2025-07-11,0.0010946073693390208
2025-07-16,600865,test,-0.012807630608996437,0.003039113148818452,2020-04-03,2025-07-11,0.0010946073693390208
2025-07-16,600967,test,0.09169547498106538,-0.016845756049273884,2020-04-03,2025-07-11,0.000720861502682165
2025-07-16,601222,test,-0.012177188280698761,0.004369156274501373,2020-04-03,2025-07-11,0.0010946073693390208
2025-07-16,603237,test,-0.014364622383379613,0.004967760925261906,2020-04-03,2025-07-11,0.0010946073693390208
2025-07-16,603335,test,-0.043949462605619674,-0.002122942928054626,2020-04-03,2025-07-11,0.0010946073693390208
2025-07-16,603341,test,0.001837634184680123,-0.0025767594012062554,2020-04-03,2025-07-11,0.0010946073693390208
2025-07-16,603658,test,-0.0067966094020427,0.002206007201642016,2020-04-03,2025-07-11,0.0010946073693390208
2025-07-16,605090,test,0.0005544523483302227,-0.004882745068709765,2020-04-03,2025-07-11,-0.009997262426006513
2025-07-16,605589,test,0.036436339915234026,-0.002229730801672149,2020-04-03,2025-07-11,0.0010946073693390208
2025-07-16,688031,test,-0.034741633726959445,-3.668134484306072e-05,2020-04-03,2025-07-11,0.005270050441927524
2025-07-16,688045,test,0.011317974667873917,-0.004064968099802578,2020-04-03,2025-07-11,0.0010946073693390208
2025-07-16,688133,test,0.05593941817237706,0.006121724358958746,2020-04-03,2025-07-11,0.0010946073693390208
2025-07-16,688147,test,0.025168045295741168,0.0034560575336942414,2020-04-03,2025-07-11,0.0010946073693390208
2025-07-16,688528,test,-0.010782791529898653,-0.005392236932856205,2020-04-03,2025-07-11,-0.017791780753352093
2025-07-17,600025,test,-0.019925630216811107,-0.0028667701275853297,2020-04-03,2025-07-11,0.0010946073693390208
2025-07-17,600051,test,-0.021962875125441882,0.007084672048347421,2020-04-03,2025-07-11,0.0010946073693390208
2025-07-17,600127,test,0.010535561091030977,0.004064429467750803,2020-04-03,2025-07-11,0.0010946073693390208
2025-07-17,600153,test,-0.010800051069274019,0.002651255572525026,2020-04-03,2025-07-11,0.0010946073693390208
2025-07-17,600548,test,-0.0059988864987960515,-0.0006480531099515645,2020-04-03,2025-07-11,0.0010946073693390208
2025-07-17,600865,test,-0.027403031297867208,-0.0020233419508602643,2020-04-03,2025-07-11,0.0010946073693390208
2025-07-17,600967,test,0.03484421123999608,-0.017445822559115736,2020-04-03,2025-07-11,0.000720861502682165
2025-07-17,601222,test,-0.00942426089191235,0.002799516268980929,2020-04-03,2025-07-11,0.0010946073693390208
2025-07-17,603237,test,-0.0037758975964900625,0.005256600424887331,2020-04-03,2025-07-11,0.0010946073693390208
2025-07-17,603335,test,0.045161630903281666,0.0013908938809028039,2020-04-03,2025-07-11,0.0010946073693390208
2025-07-17,603341,test,-0.00998203337061727,-0.0015391614659802386,2020-04-03,2025-07-11,0.0010946073693390208
2025-07-17,603658,test,0.019350020313380557,0.005928972421472071,2020-04-03,2025-07-11,0.0010946073693390208
2025-07-17,605090,test,-0.03248061665148168,-0.0025893850534757235,2020-04-03,2025-07-11,-0.009997262426006513
2025-07-17,605589,test,-0.03107161484745675,-0.003053264983959041,2020-04-03,2025-07-11,-0.009997262426006513
2025-07-17,688031,test,-0.022137608656806317,-0.00172715503715574,2020-04-03,2025-07-11,0.005270050441927524
2025-07-17,688045,test,-0.004952368184725619,-0.0013315482615380678,2020-04-03,2025-07-11,0.0010946073693390208
2025-07-17,688133,test,0.08285842623613564,0.0010420860116896573,2020-04-03,2025-07-11,0.0010946073693390208
2025-07-17,688147,test,0.00723250576485417,0.0042839214234598405,2020-04-03,2025-07-11,0.0010946073693390208
2025-07-17,688528,test,-6.74811409988145e-05,-0.0025088167390493947,2020-04-03,2025-07-11,0.000720861502682165
2025-07-18,600025,test,-0.02915364208159481,-0.0016765362731563699,2020-04-03,2025-07-11,0.0010946073693390208
2025-07-18,600051,test,-0.01309182143510539,0.00591484334981662,2020-04-03,2025-07-11,0.0010946073693390208
2025-07-18,600127,test,-0.01195320476938282,0.002070240067268011,2020-04-03,2025-07-11,0.0010946073693390208
2025-07-18,600153,test,0.0027378262162927706,0.0048723472875446565,2020-04-03,2025-07-11,0.0010946073693390208
2025-07-18,600548,test,-0.023934790846117094,0.002050608361173361,2020-04-03,2025-07-11,0.0010946073693390208
2025-07-18,600865,test,-0.025988621387228395,-0.0050457030829965015,2020-04-03,2025-07-11,0.0010946073693390208
2025-07-18,600967,test,-0.001974236406813757,-0.025258623397841354,2020-04-03,2025-07-11,-0.03433552091174237
2025-07-18,601222,test,-0.007547760017235939,0.0014505466418989824,2020-04-03,2025-07-11,0.0010946073693390208
2025-07-18,603237,test,0.01269997515436334,0.004141696686428779,2020-04-03,2025-07-11,0.0010946073693390208
2025-07-18,603335,test,0.008495976160922302,0.0011325280516103033,2020-04-03,2025-07-11,0.0010946073693390208
2025-07-18,603341,test,-0.0006619672822100638,-0.003494118202027932,2020-04-03,2025-07-11,0.0010946073693390208
2025-07-18,603658,test,0.02759127873495999,0.004894912221738334,2020-04-03,2025-07-11,0.0010946073693390208
2025-07-18,605090,test,-0.03507430684151751,0.0053040113882937105,2020-04-03,2025-07-11,0.005270050441927524
2025-07-18,605589,test,-0.057887304302315964,-0.0003933887660966141,2020-04-03,2025-07-11,0.005270050441927524
2025-07-18,688031,test,0.059305555589051,0.005114070991179134,2020-04-03,2025-07-11,0.005270050441927524
2025-07-18,688045,test,0.008211628251440017,-0.003238931500673819,2020-04-03,2025-07-11,0.0010946073693390208
2025-07-18,688133,test,0.062398742244434605,-0.0056712647572638875,2020-04-03,2025-07-11,0.0010946073693390208
2025-07-18,688147,test,0.036315103660796114,0.005726297786179978,2020-04-03,2025-07-11,0.0010946073693390208
2025-07-18,688528,test,-0.010488430642738345,0.0008754913782695204,2020-04-03,2025-07-11,0.000720861502682165
2025-07-21,600025,test,-0.045088236310839996,-0.009267575302278308,2020-04-03,2025-07-11,0.0010946073693390208
2025-07-21,600051,test,-0.02829530092503671,0.0069885491163228335,2020-04-03,2025-07-11,0.0010946073693390208
2025-07-21,600127,test,-0.02105985379189121,0.0031025017719991605,2020-04-03,2025-07-11,0.0010946073693390208
2025-07-21,600153,test,-0.008943212263485129,7.544966152515883e-05,2020-04-03,2025-07-11,0.0010946073693390208
2025-07-21,600548,test,-0.02450091075271707,0.0026640208213123528,2020-04-03,2025-07-11,0.0010946073693390208
2025-07-21,600865,test,-0.033972171215486985,-0.004718169540006605,2020-04-03,2025-07-11,0.0010946073693390208
2025-07-21,600967,test,0.0054573642146884815,-0.030536413679038487,2020-04-03,2025-07-11,-0.03433552091174237
2025-07-21,601222,test,-0.020203984514969492,-0.0016266745220299035,2020-04-03,2025-07-11,0.0010946073693390208
2025-07-21,603237,test,0.007162248612454319,0.002021045761948695,2020-04-03,2025-07-11,0.0010946073693390208
2025-07-21,603335,test,0.01816510679229258,0.0051152483930249374,2020-04-03,2025-07-11,0.0010946073693390208
2025-07-21,603341,test,-0.0008893018272441988,-0.002060526973356838,2020-04-03,2025-07-11,0.0010946073693390208
2025-07-21,603658,test,0.02872730457784181,0.00551770339665353,2020-04-03,2025-07-11,0.0010946073693390208
2025-07-21,605090,test,-0.030271297400885827,0.007076665393689302,2020-04-03,2025-07-11,0.0010946073693390208
2025-07-21,605589,test,-3.010544630363543e-05,0.003484871611410846,2020-04-03,2025-07-11,0.017033432113916665
2025-07-21,688031,test,0.04381352805761776,0.00741060344316775,2020-04-03,2025-07-11,0.005270050441927524
2025-07-21,688045,test,0.017012533163177218,0.0005947193559996787,2020-04-03,2025-07-11,0.0010946073693390208
2025-07-21,688133,test,0.06483840870211591,-0.0031465191594022782,2020-04-03,2025-07-11,0.0010946073693390208
2025-07-21,688147,test,0.030603980292692096,0.005575220661099575,2020-04-03,2025-07-11,0.0010946073693390208
2025-07-21,688528,test,-0.002526099964019951,0.0004983080193034553,2020-04-03,2025-07-11,0.000720861502682165
2025-07-22,600025,test,-0.06757349274963667,-0.0054220042813763565,2020-04-03,2025-07-11,0.0010946073693390208
2025-07-22,600051,test,-0.033761566119793,0.005843170078043262,2020-04-03,2025-07-11,0.0010946073693390208
2025-07-22,600127,test,-0.02769915308063578,0.0034460000313625066,2020-04-03,2025-07-11,0.0010946073693390208
2025-07-22,600153,test,-0.028275309330894977,-0.0033395079838228286,2020-04-03,2025-07-11,0.0010946073693390208
2025-07-22,600548,test,-0.03393185702107629,0.0016744184438150127,2020-04-03,2025-07-11,0.0010946073693390208
2025-07-22,600865,test,-0.04389978673816611,-0.0018404260135502502,2020-04-03,2025-07-11,0.0010946073693390208
2025-07-22,600967,test,0.06642796048110697,-0.029874611994362015,2020-04-03,2025-07-11,-0.03433552091174237
2025-07-22,601222,test,-0.04034039846883644,-0.004480526826037676,2020-04-03,2025-07-11,0.0010946073693390208
2025-07-22,603237,test,-0.0035890093672249768,0.0016865481762114057,2020-04-03,2025-07-11,0.0010946073693390208
2025-07-22,603335,test,0.007824351192868478,0.0031523860000390383,2020-04-03,2025-07-11,0.0010946073693390208
2025-07-22,603341,test,-0.00759252490665388,-0.0017103455236024182,2020-04-03,2025-07-11,0.0010946073693390208
2025-07-22,603658,test,0.020886349119792452,0.006630790830945232,2020-04-03,2025-07-11,0.0010946073693390208
2025-07-22,605090,test,-0.04376118515690278,0.011372092046823736,2020-04-03,2025-07-11,0.005270050441927524
2025-07-22,605589,test,-0.011365985208273838,0.004986731643352088,2020-04-03,2025-07-11,0.0010946073693390208
2025-07-22,688031,test,0.04712840805113791,0.006330592820202696,2020-04-03,2025-07-11,0.005270050441927524
2025-07-22,688045,test,0.03643250722123756,-0.00036476612159468233,2020-04-03,2025-07-11,0.0010946073693390208
2025-07-22,688133,test,0.12638130099981834,-0.006407977605594911,2020-04-03,2025-07-11,-0.009997262426006513
2025-07-22,688147,test,0.06191281766704235,0.00513696831702664,2020-04-03,2025-07-11,0.0010946073693390208
2025-07-22,688528,test,-0.02520342658490929,0.0019494961934644213,2020-04-03,2025-07-11,0.000720861502682165
2025-07-23,600025,test,-0.03500544456148667,-0.008310362658882901,2020-04-03,2025-07-11,0.0010946073693390208
2025-07-23,600051,test,-0.03334488593465666,0.005295074055827123,2020-04-03,2025-07-11,0.0010946073693390208
2025-07-23,600127,test,-0.005357863787668431,0.0033810664501135517,2020-04-03,2025-07-11,0.0010946073693390208
2025-07-23,600153,test,-0.03709595157830535,-0.0006856815956529032,2020-04-03,2025-07-11,0.0010946073693390208
2025-07-23,600548,test,-0.028369817513406708,0.004401179370508628,2020-04-03,2025-07-11,0.0010946073693390208
2025-07-23,600865,test,-0.03626601132776329,0.0052514528754052684,2020-04-03,2025-07-11,0.0010946073693390208
2025-07-23,600967,test,0.05613090438146963,-0.02921029986499915,2020-04-03,2025-07-11,-0.017791780753352093
2025-07-23,601222,test,-0.030654617109847387,-0.005131072748892405,2020-04-03,2025-07-11,0.0010946073693390208
2025-07-23,603237,test,0.00013927696127104608,0.0027347544957394727,2020-04-03,2025-07-11,0.0010946073693390208
2025-07-23,603335,test,0.014180791002784816,0.0013220119907013958,2020-04-03,2025-07-11,0.0010946073693390208
2025-07-23,603341,test,-0.019477652294212704,0.0008111241657788266,2020-04-03,2025-07-11,0.0010946073693390208
2025-07-23,603658,test,0.019328518228770925,0.008395982779898335,2020-04-03,2025-07-11,0.0010946073693390208
2025-07-23,605090,test,-0.03097460332073552,0.008565911784493953,2020-04-03,2025-07-11,0.005270050441927524
2025-07-23,605589,test,0.05272510920812014,0.00507472535493903,2020-04-03,2025-07-11,0.0010946073693390208
2025-07-23,688031,test,-0.02146867749604851,0.008626815865474676,2020-04-03,2025-07-11,0.005270050441927524
2025-07-23,688045,test,0.051116854656406155,0.00102700750492094,2020-04-03,2025-07-11,0.0010946073693390208
2025-07-23,688133,test,0.07829375867888201,-0.006347448263605177,2020-04-03,2025-07-11,0.017033432113916665
2025-07-23,688147,test,0.024420731940400304,-0.005145345002216689,2020-04-03,2025-07-11,-0.009997262426006513
2025-07-23,688528,test,-0.01832042013397382,-0.0012878683282071433,2020-04-03,2025-07-11,0.000720861502682165
2025-07-24,600025,test,-0.012165532376415792,-0.0017931932591334619,2020-04-03,2025-07-11,0.0010946073693390208
2025-07-24,600051,test,-0.032293390221788426,0.005011600734127809,2020-04-03,2025-07-11,0.0010946073693390208
2025-07-24,600127,test,-0.026526529224577405,-0.002447441629538898,2020-04-03,2025-07-11,0.0010946073693390208
2025-07-24,600153,test,-0.0378598374980805,-0.0009703624117030106,2020-04-03,2025-07-11,0.0010946073693390208
2025-07-24,600548,test,-0.01070361818124929,0.004960675636751553,2020-04-03,2025-07-11,0.0010946073693390208
2025-07-24,600865,test,-0.019948607302367333,0.0037937389465726007,2020-04-03,2025-07-11,0.0010946073693390208
2025-07-24,600967,test,0.10521824835576923,-0.015363262902262757,2020-04-03,2025-07-11,0.000720861502682165
2025-07-24,601222,test,-0.03132133707994708,-0.0031506661294036504,2020-04-03,2025-07-11,0.0010946073693390208
2025-07-24,603237,test,-0.0053560363375628455,0.00021987990522367805,2020-04-03,2025-07-11,0.0010946073693390208
2025-07-24,603335,test,-0.06771640887089733,-0.009175792577930655,2020-04-03,2025-07-11,-0.009997262426006513
2025-07-24,603341,test,-0.00951138454151598,0.002933066924361333,2020-04-03,2025-07-11,0.0010946073693390208
2025-07-24,603658,test,0.0004233666993452025,0.0006595567202035064,2020-04-03,2025-07-11,0.0010946073693390208
2025-07-24,605090,test,-0.02980341988622079,0.009390121957927643,2020-04-03,2025-07-11,0.0010946073693390208
2025-07-24,605589,test,0.05948044338650452,0.004137202704219667,2020-04-03,2025-07-11,0.0010946073693390208
2025-07-24,688031,test,0.021790238109441834,0.010914344495506753,2020-04-03,2025-07-11,0.005270050441927524
2025-07-24,688045,test,0.04277041428440023,0.00601517156895787,2020-04-03,2025-07-11,0.0010946073693390208
2025-07-24,688133,test,0.03273636166954744,-0.008956953500029561,2020-04-03,2025-07-11,0.005270050441927524
2025-07-24,688147,test,0.022562653958893814,0.000727139641020871,2020-04-03,2025-07-11,0.0010946073693390208
2025-07-24,688528,test,-0.0017756249432795122,-0.008135798593526393,2020-04-03,2025-07-11,0.000720861502682165
2025-07-25,600025,test,-0.013529110405988622,0.00020326167008088465,2020-04-03,2025-07-11,0.0010946073693390208
2025-07-25,600051,test,-0.01827284229862295,0.003106982550329314,2020-04-03,2025-07-11,0.0010946073693390208
2025-07-25,600127,test,-0.010304663428206719,0.0008315618485897422,2020-04-03,2025-07-11,0.0010946073693390208
2025-07-25,600153,test,-0.03786639384476435,0.0003984308382988222,2020-04-03,2025-07-11,0.0010946073693390208
2025-07-25,600548,test,0.0005451915040951198,0.0033254168743339745,2020-04-03,2025-07-11,0.0010946073693390208
2025-07-25,600865,test,-0.01273796382346385,0.004763730467262646,2020-04-03,2025-07-11,0.0010946073693390208
2025-07-25,600967,test,0.026422371953629918,-0.012857176653533338,2020-04-03,2025-07-11,-0.017791780753352093
2025-07-25,601222,test,-0.023109108854837336,9.03346752061014e-05,2020-04-03,2025-07-11,0.0010946073693390208
2025-07-25,603237,test,-0.015074366403600416,-0.0024533205170825722,2020-04-03,2025-07-11,0.0010946073693390208
2025-07-25,603335,test,0.000578286796473391,-0.010597904371286403,2020-04-03,2025-07-11,0.0010946073693390208
2025-07-25,603341,test,0.001233787221790981,0.005275248814531046,2020-04-03,2025-07-11,0.0010946073693390208
2025-07-25,603658,test,-0.004220324380157882,0.00175265654426223,2020-04-03,2025-07-11,0.0010946073693390208
2025-07-25,605090,test,0.016792404580120733,0.012116970482611443,2020-04-03,2025-07-11,0.0010946073693390208
2025-07-25,605589,test,0.04610028677901464,0.006156317692919314,2020-04-03,2025-07-11,0.0010946073693390208
2025-07-25,688031,test,-0.0031082052253924926,-0.004548043370923404,2020-04-03,2025-07-11,-0.009997262426006513
2025-07-25,688045,test,0.029558731155932737,0.005157754767177082,2020-04-03,2025-07-11,0.0010946073693390208
2025-07-25,688133,test,0.009048770546577677,-0.007368068543989658,2020-04-03,2025-07-11,0.005270050441927524
2025-07-25,688147,test,0.0036875217122343744,-0.00318339635975109,2020-04-03,2025-07-11,-0.009997262426006513
2025-07-25,688528,test,0.004255626415165047,-0.0034017291776912515,2020-04-03,2025-07-11,0.000720861502682165
2025-07-28,600025,test,-0.008572979411517386,-0.0032471816865794574,2020-04-03,2025-07-11,0.0010946073693390208
2025-07-28,600051,test,-0.01805843165560775,0.003999263908306868,2020-04-03,2025-07-11,0.0010946073693390208
2025-07-28,600127,test,-0.013568557930992904,0.00010229339066571235,2020-04-03,2025-07-11,0.0010946073693390208
2025-07-28,600153,test,-0.0326800735480777,-0.0013543088038504587,2020-04-03,2025-07-11,0.0010946073693390208
2025-07-28,600548,test,0.006218142770133743,0.002447240650316003,2020-04-03,2025-07-11,0.0010946073693390208
2025-07-28,600865,test,-0.017344443857022968,0.004904935922708035,2020-04-03,2025-07-11,0.0010946073693390208
2025-07-28,600967,test,0.015344215147996746,-0.0129529341510933,2020-04-03,2025-07-11,-0.03433552091174237
2025-07-28,601222,test,-0.023562258514424866,0.0006924079318757361,2020-04-03,2025-07-11,0.0010946073693390208
2025-07-28,603237,test,-0.010408636700516867,0.0004039749719478644,2020-04-03,2025-07-11,0.0010946073693390208
2025-07-28,603335,test,-0.008291654716269166,-0.008275504042389687,2020-04-03,2025-07-11,0.0010946073693390208
2025-07-28,603341,test,-0.019828298799894256,0.008854449300565427,2020-04-03,2025-07-11,0.0010946073693390208
2025-07-28,603658,test,-0.0004453328546578945,0.005000442491638395,2020-04-03,2025-07-11,0.0010946073693390208
2025-07-28,605090,test,0.03533122987624224,0.011554110734465436,2020-04-03,2025-07-11,0.0010946073693390208
2025-07-28,605589,test,-0.00797020847654842,-0.0017265666929578171,2020-04-03,2025-07-11,0.0010946073693390208
2025-07-28,688031,test,0.02667416775694395,0.0009504106831803822,2020-04-03,2025-07-11,0.0010946073693390208
2025-07-28,688045,test,0.031141934805958477,0.0016390912711607233,2020-04-03,2025-07-11,0.0010946073693390208
2025-07-28,688133,test,0.01647436052394277,-0.011175742691343258,2020-04-03,2025-07-11,-0.009997262426006513
2025-07-28,688147,test,0.026296226849116228,-0.0005224617560807378,2020-04-03,2025-07-11,0.0010946073693390208
2025-07-28,688528,test,0.0032505987351960346,-0.0025248932011909747,2020-04-03,2025-07-11,0.000720861502682165
2025-07-29,600025,test,-0.010247153937414266,-0.0027865081017671755,2020-04-03,2025-07-11,0.0010946073693390208
2025-07-29,600051,test,0.0031876826879050357,0.0046656482711820105,2020-04-03,2025-07-11,0.0010946073693390208
2025-07-29,600127,test,-0.01024254400670166,0.004657191465612538,2020-04-03,2025-07-11,0.0010946073693390208
2025-07-29,600153,test,-0.030317170248032266,-0.002089396742782853,2020-04-03,2025-07-11,0.0010946073693390208
2025-07-29,600548,test,-0.004985447547888433,0.002521539459773283,2020-04-03,2025-07-11,0.0010946073693390208
2025-07-29,600865,test,-0.0015502584691348131,0.004387810471641394,2020-04-03,2025-07-11,0.0010946073693390208
2025-07-29,600967,test,-0.009656117688683685,-0.014729742459874408,2020-04-03,2025-07-11,-0.03433552091174237
2025-07-29,601222,test,-0.019715323427110576,0.00043221687587063695,2020-04-03,2025-07-11,0.0010946073693390208
2025-07-29,603237,test,-0.0008019570943750276,0.0014656192325063994,2020-04-03,2025-07-11,0.0010946073693390208
2025-07-29,603335,test,0.01298869542625447,0.0036377134868231784,2020-04-03,2025-07-11,0.0010946073693390208
2025-07-29,603341,test,-0.009166928102451677,0.006131062777860853,2020-04-03,2025-07-11,0.0010946073693390208
2025-07-29,603658,test,-0.0037174478927918253,0.008518924405592952,2020-04-03,2025-07-11,0.0010946073693390208
2025-07-29,605090,test,0.037788644655368464,0.008780956366826442,2020-04-03,2025-07-11,0.0010946073693390208
2025-07-29,605589,test,-0.0009334517273128506,0.000730073973935837,2020-04-03,2025-07-11,0.0010946073693390208
2025-07-29,688031,test,0.020798671519812628,0.0007316337810701997,2020-04-03,2025-07-11,0.0010946073693390208
2025-07-29,688045,test,0.009841592707417246,2.8985175008810335e-05,2020-04-03,2025-07-11,0.0010946073693390208
2025-07-29,688133,test,-0.039530282126302496,-0.01998450031152763,2020-04-03,2025-07-11,-0.009997262426006513
2025-07-29,688147,test,0.020357312128303273,-0.006740964636302156,2020-04-03,2025-07-11,0.0010946073693390208
2025-07-29,688528,test,0.03590148314313846,-0.001589235260105438,2020-04-03,2025-07-11,0.000720861502682165
2025-07-30,600025,test,-0.028108145412935305,-0.0001516032288217867,2020-04-03,2025-07-11,0.0010946073693390208
2025-07-30,600051,test,0.0020642562714715193,0.004948963236624449,2020-04-03,2025-07-11,0.0010946073693390208
2025-07-30,600127,test,-0.03471675058373661,0.005508099984764524,2020-04-03,2025-07-11,0.0010946073693390208
2025-07-30,600153,test,-0.03886395997231299,0.0007011761588842552,2020-04-03,2025-07-11,0.0010946073693390208
2025-07-30,600548,test,-0.02501002145935719,0.0037724029457342463,2020-04-03,2025-07-11,0.0010946073693390208
2025-07-30,600865,test,-0.03161501646727064,0.005953305507516495,2020-04-03,2025-07-11,0.0010946073693390208
2025-07-30,600967,test,0.12827302152863726,-0.017929122626822544,2020-04-03,2025-07-11,-0.03433552091174237
2025-07-30,601222,test,-0.026740182543776893,0.001387681801245242,2020-04-03,2025-07-11,0.0010946073693390208
2025-07-30,603237,test,-0.01524470288531369,0.002952497701124445,2020-04-03,2025-07-11,0.0010946073693390208
2025-07-30,603335,test,0.010336490730231095,-0.0022291381825479523,2020-04-03,2025-07-11,0.0010946073693390208
2025-07-30,603341,test,-0.01089204456558971,0.005457073821778844,2020-04-03,2025-07-11,0.0010946073693390208
2025-07-30,603658,test,-0.021341383981994956,0.008080404887096528,2020-04-03,2025-07-11,0.0010946073693390208
2025-07-30,605090,test,0.01883795174818833,0.011098880834729437,2020-04-03,2025-07-11,0.0010946073693390208
2025-07-30,605589,test,-0.04540162274900509,-0.008920808113056719,2020-04-03,2025-07-11,-0.009997262426006513
2025-07-30,688031,test,0.09388203851949548,0.0034585534325619898,2020-04-03,2025-07-11,0.000720861502682165
2025-07-30,688045,test,-0.008502915261173229,-0.0036976253164792815,2020-04-03,2025-07-11,-0.009997262426006513
2025-07-30,688133,test,0.0046715650572700315,-0.016763228963049787,2020-04-03,2025-07-11,0.005270050441927524
2025-07-30,688147,test,-0.0051583848914353095,-0.003593921933057708,2020-04-03,2025-07-11,0.0010946073693390208
2025-07-30,688528,test,0.03352980691860793,-0.0012645637168797927,2020-04-03,2025-07-11,0.000720861502682165
2025-07-31,600025,test,-0.03354730094244976,-0.0038313883459065476,2020-04-03,2025-07-11,0.0010946073693390208
2025-07-31,600051,test,0.011837431142999486,0.00744399465888394,2020-04-03,2025-07-11,0.0010946073693390208
2025-07-31,600127,test,-0.02135808432785682,0.0021553919275455113,2020-04-03,2025-07-11,0.0010946073693390208
2025-07-31,600153,test,-0.021052526049821687,-0.0011494447337240688,2020-04-03,2025-07-11,0.0010946073693390208
2025-07-31,600548,test,-0.024181766609458723,0.002906034524607928,2020-04-03,2025-07-11,0.0010946073693390208
2025-07-31,600865,test,-0.032601422515717654,0.004871134418808965,2020-04-03,2025-07-11,0.0010946073693390208
2025-07-31,600967,test,0.08376142104278558,-0.012878812687906513,2020-04-03,2025-07-11,-0.017791780753352093
2025-07-31,601222,test,-0.023568855990040573,0.0009316479356850706,2020-04-03,2025-07-11,0.0010946073693390208
2025-07-31,603237,test,-0.006834113724015236,0.001300552727367654,2020-04-03,2025-07-11,0.0010946073693390208
2025-07-31,603335,test,0.007862712957034865,0.002080860916068695,2020-04-03,2025-07-11,0.0010946073693390208
2025-07-31,603341,test,-0.012731060733997348,0.00282451378791526,2020-04-03,2025-07-11,0.0010946073693390208
2025-07-31,603658,test,0.009361734273303533,0.006680290442969078,2020-04-03,2025-07-11,0.0010946073693390208
2025-07-31,605090,test,0.03666559495931718,0.008037915552461148,2020-04-03,2025-07-11,0.0010946073693390208
2025-07-31,605589,test,-0.07500029126519273,-0.001644120611109825,2020-04-03,2025-07-11,-0.009997262426006513
2025-07-31,688031,test,0.018726064301487797,-0.005861513490542599,2020-04-03,2025-07-11,0.000720861502682165
2025-07-31,688045,test,0.042992119180048055,-0.0032007463790590445,2020-04-03,2025-07-11,0.0010946073693390208
2025-07-31,688133,test,0.006772928116095842,-0.008802321343586597,2020-04-03,2025-07-11,0.005270050441927524
2025-07-31,688147,test,-0.0008931905056398758,-0.006417604625670208,2020-04-03,2025-07-11,0.0010946073693390208
2025-07-31,688528,test,0.03378860669111802,0.0033226435565369876,2020-04-03,2025-07-11,0.000720861502682165
2025-08-01,600025,test,-0.01834177247557496,0.0016997156952865589,2020-04-03,2025-07-11,0.0010946073693390208
2025-08-01,600051,test,0.011037204984883961,0.004584856654765777,2020-04-03,2025-07-11,0.0010946073693390208
2025-08-01,600127,test,-0.013670975490603213,0.002384070741520642,2020-04-03,2025-07-11,0.0010946073693390208
2025-08-01,600153,test,-0.016423368171053457,0.001953751157821562,2020-04-03,2025-07-11,0.0010946073693390208
2025-08-01,600548,test,-0.013612417685684622,0.0032542897086681984,2020-04-03,2025-07-11,0.0010946073693390208
2025-08-01,600865,test,-0.0216338766928202,0.002099833897349015,2020-04-03,2025-07-11,0.0010946073693390208
2025-08-01,600967,test,0.13977760892544594,-0.010831734229583612,2020-04-03,2025-07-11,0.000720861502682165
2025-08-01,601222,test,-0.017675670893944243,0.002787312993233713,2020-04-03,2025-07-11,0.0010946073693390208
2025-08-01,603237,test,-0.006169887024200585,0.002505536556264617,2020-04-03,2025-07-11,0.0010946073693390208
2025-08-01,603335,test,0.0015260097783245524,-0.001289736109683785,2020-04-03,2025-07-11,0.0010946073693390208
2025-08-01,603341,test,-0.03214774807602701,0.002819162489732627,2020-04-03,2025-07-11,0.0010946073693390208
2025-08-01,603658,test,0.003556391753747598,0.00777905970690066,2020-04-03,2025-07-11,0.0010946073693390208
2025-08-01,605090,test,0.03339944834978752,0.0006167671054297677,2020-04-03,2025-07-11,-0.009997262426006513
2025-08-01,605589,test,-0.048339004737852756,-0.003914994806143597,2020-04-03,2025-07-11,0.0010946073693390208
2025-08-01,688031,test,-0.055950064749632336,-0.010005477424052712,2020-04-03,2025-07-11,-0.009997262426006513
2025-08-01,688045,test,0.002903464715101653,0.0007292124669443623,2020-04-03,2025-07-11,0.005270050441927524
2025-08-01,688133,test,-0.007823760586674403,-0.0006228555698021019,2020-04-03,2025-07-11,0.005270050441927524
2025-08-01,688147,test,-0.01761641642292551,-0.0029538373084068772,2020-04-03,2025-07-11,0.005270050441927524
2025-08-01,688528,test,0.0772048344997021,-0.004825905494899898,2020-04-03,2025-07-11,0.000720861502682165
2025-08-04,600025,test,-0.03157200222531379,0.00028494012347727297,2020-04-03,2025-07-11,0.0010946073693390208
2025-08-04,600051,test,0.011335879478379517,0.00388544758037228,2020-04-03,2025-07-11,0.0010946073693390208
2025-08-04,600127,test,-0.01391797932633402,0.0028046339925508843,2020-04-03,2025-07-11,0.0010946073693390208
2025-08-04,600153,test,-0.012016422669734385,0.0015140217485111684,2020-04-03,2025-07-11,0.0010946073693390208
2025-08-04,600548,test,-0.028802899149108864,0.003621573114270763,2020-04-03,2025-07-11,0.0010946073693390208
2025-08-04,600865,test,-0.01737460040360265,0.0028408024189863087,2020-04-03,2025-07-11,0.0010946073693390208
2025-08-04,600967,test,0.16210667645336516,-0.019383247343301557,2020-04-03,2025-07-11,-0.03433552091174237
2025-08-04,601222,test,-0.02574902642327285,0.0026522609916048365,2020-04-03,2025-07-11,0.0010946073693390208
2025-08-04,603237,test,-0.011404205562671556,0.0016013961720192154,2020-04-03,2025-07-11,0.0010946073693390208
2025-08-04,603335,test,0.01170985105653962,-0.0012624378186400552,2020-04-03,2025-07-11,0.0010946073693390208
2025-08-04,603341,test,-0.007639882794704879,0.0012472910228887085,2020-04-03,2025-07-11,0.0010946073693390208
2025-08-04,603658,test,0.02297875030763482,0.008943687205349849,2020-04-03,2025-07-11,0.0010946073693390208
2025-08-04,605090,test,0.004011736701924749,-0.0005012998739903832,2020-04-03,2025-07-11,0.0010946073693390208
2025-08-04,605589,test,-0.04082162556400585,0.001114793905417761,2020-04-03,2025-07-11,0.0010946073693390208
2025-08-04,688031,test,-0.015624546389589912,-0.0052526601480484695,2020-04-03,2025-07-11,-0.009997262426006513
2025-08-04,688045,test,-0.010462767991079404,0.0006012414079330847,2020-04-03,2025-07-11,0.005270050441927524
2025-08-04,688133,test,-0.03659184724515877,-0.004457000286019377,2020-04-03,2025-07-11,0.005270050441927524
2025-08-04,688147,test,0.002046483045036372,0.0025975384341522982,2020-04-03,2025-07-11,0.005270050441927524
2025-08-04,688528,test,0.03778842870169671,-0.0040839544161896816,2020-04-03,2025-07-11,0.000720861502682165
2025-08-05,600025,test,-0.0311666104167128,0.0007247050214757666,2020-04-03,2025-07-11,0.0010946073693390208
2025-08-05,600051,test,0.012177315028218907,0.0037692836730169334,2020-04-03,2025-07-11,0.0010946073693390208
2025-08-05,600127,test,-0.008526838069876239,0.005060937842065604,2020-04-03,2025-07-11,0.0010946073693390208
2025-08-05,600153,test,-0.00847085956562181,0.0011194951042300452,2020-04-03,2025-07-11,0.0010946073693390208
2025-08-05,600548,test,-0.01663627178117881,0.001704675784997747,2020-04-03,2025-07-11,0.0010946073693390208
2025-08-05,600865,test,-0.014886131041134607,0.0025692219217397006,2020-04-03,2025-07-11,0.0010946073693390208
2025-08-05,600967,test,0.19843984943713705,-0.013311632736172297,2020-04-03,2025-07-11,0.000720861502682165
2025-08-05,601222,test,-0.024947056083688565,0.0021922546682100223,2020-04-03,2025-07-11,0.0010946073693390208
2025-08-05,603237,test,-0.014058897026169512,0.0021669321543701927,2020-04-03,2025-07-11,0.0010946073693390208
2025-08-05,603335,test,-0.002870511957839203,-0.004156596471427157,2020-04-03,2025-07-11,0.0010946073693390208
2025-08-05,603341,test,0.004106783689608887,0.006028744433409694,2020-04-03,2025-07-11,0.0010946073693390208
2025-08-05,603658,test,0.025335888279254218,0.008085740718333973,2020-04-03,2025-07-11,0.0010946073693390208
2025-08-05,605090,test,0.010149485924529647,-0.0020885630748706087,2020-04-03,2025-07-11,-0.009997262426006513
2025-08-05,605589,test,-0.05141107068056021,0.0026707899562670376,2020-04-03,2025-07-11,0.0010946073693390208
2025-08-05,688031,test,-0.020891514236606887,-0.0006604931104084096,2020-04-03,2025-07-11,-0.017791780753352093
2025-08-05,688045,test,0.008845157750395363,-0.0005487504261264617,2020-04-03,2025-07-11,0.005270050441927524
2025-08-05,688133,test,-0.0541194430877288,-0.0028297500959703413,2020-04-03,2025-07-11,0.005270050441927524
2025-08-05,688147,test,-0.02721824121622922,-0.005951027414631332,2020-04-03,2025-07-11,-0.009997262426006513
2025-08-05,688528,test,0.01614896505420256,-0.007776939717165204,2020-04-03,2025-07-11,-0.009997262426006513
2025-08-06,600025,test,-0.034886898738792436,-0.0008754725025867793,2020-04-03,2025-07-11,0.0010946073693390208
2025-08-06,600051,test,5.03231136127838e-05,0.0029921616268929726,2020-04-03,2025-07-11,0.0010946073693390208
2025-08-06,600127,test,-0.011884443655654296,0.0018483149636676524,2020-04-03,2025-07-11,0.0010946073693390208
2025-08-06,600153,test,-0.00794191492002224,0.0012969436817114675,2020-04-03,2025-07-11,0.0010946073693390208
2025-08-06,600548,test,-0.01807344296644383,0.00035567819247309503,2020-04-03,2025-07-11,0.0010946073693390208
2025-08-06,600865,test,-0.005367329284663068,0.00042824925862563,2020-04-03,2025-07-11,0.0010946073693390208
2025-08-06,600967,test,0.1978383048601974,-0.0323600164924566,2020-04-03,2025-07-11,-0.03433552091174237
2025-08-06,601222,test,-0.021941914920022364,0.0035630086085900676,2020-04-03,2025-07-11,0.0010946073693390208
2025-08-06,603237,test,-0.017401619800839617,0.0020680965653986035,2020-04-03,2025-07-11,0.0010946073693390208
2025-08-06,603335,test,-0.007072026444185774,-0.00022694705653255985,2020-04-03,2025-07-11,0.0010946073693390208
2025-08-06,603341,test,0.0023757029459829174,0.0076449364135847365,2020-04-03,2025-07-11,0.0010946073693390208
2025-08-06,603658,test,0.028905542707096256,0.008677788590172715,2020-04-03,2025-07-11,0.0010946073693390208
2025-08-06,605090,test,0.04822606296643298,0.006082960485405114,2020-04-03,2025-07-11,0.0010946073693390208
2025-08-06,605589,test,-0.006063957261242502,0.0029841322137324376,2020-04-03,2025-07-11,0.0010946073693390208
2025-08-06,688031,test,-0.06788981651191803,-0.007703984174521416,2020-04-03,2025-07-11,0.000720861502682165
2025-08-06,688045,test,-0.0018793823509760318,0.0039118268847338445,2020-04-03,2025-07-11,0.0010946073693390208
2025-08-06,688133,test,-0.05768074653514251,-0.0002738942720627525,2020-04-03,2025-07-11,0.005270050441927524
2025-08-06,688147,test,-0.014348456976096845,-0.0010635184845258518,2020-04-03,2025-07-11,0.0010946073693390208
2025-08-06,688528,test,-0.004963986227322824,-0.0005812362709575169,2020-04-03,2025-07-11,0.0010946073693390208
2025-08-07,600025,test,-0.015519554133557276,-0.003106179048620333,2020-04-03,2025-07-11,0.0010946073693390208
2025-08-07,600051,test,-0.013729245595787318,0.0035744071096047766,2020-04-03,2025-07-11,0.0010946073693390208
2025-08-07,600127,test,-0.017505830767721227,0.002240120915822003,2020-04-03,2025-07-11,0.0010946073693390208
2025-08-07,600153,test,0.0653146820527916,-0.001256860577691782,2020-04-03,2025-07-11,0.0010946073693390208
2025-08-07,600548,test,-0.00855005224672529,0.0016583490379814437,2020-04-03,2025-07-11,0.0010946073693390208
2025-08-07,600865,test,-0.00801126029754102,0.0003990490872896793,2020-04-03,2025-07-11,0.0010946073693390208
2025-08-07,600967,test,0.16064237761304517,-0.019503951283575814,2020-04-03,2025-07-11,-0.03433552091174237
2025-08-07,601222,test,-0.009946629767622348,-0.001353477848860634,2020-04-03,2025-07-11,0.0010946073693390208
2025-08-07,603237,test,-0.018865692309091582,0.001881217477920792,2020-04-03,2025-07-11,0.0010946073693390208
2025-08-07,603335,test,-0.02719938924176752,0.0007128426747223026,2020-04-03,2025-07-11,0.0010946073693390208
2025-08-07,603341,test,0.0010261297806285954,0.005497085889790109,2020-04-03,2025-07-11,0.0010946073693390208
2025-08-07,603658,test,-0.006868194493412758,0.002367414224374664,2020-04-03,2025-07-11,0.0010946073693390208
2025-08-07,605090,test,0.04673676872560522,0.008234533449931263,2020-04-03,2025-07-11,0.0010946073693390208
2025-08-07,605589,test,0.026927585278598114,0.0027666627543411542,2020-04-03,2025-07-11,0.0010946073693390208
2025-08-07,688031,test,-0.0710439131412934,-0.0033728145943907493,2020-04-03,2025-07-11,0.000720861502682165
2025-08-07,688045,test,-0.04322436076836717,-0.005180489004302809,2020-04-03,2025-07-11,0.005270050441927524
2025-08-07,688133,test,-0.04754246080435138,-0.0008014496984110969,2020-04-03,2025-07-11,0.0010946073693390208
2025-08-07,688147,test,0.008078113338039586,0.0017218996474831147,2020-04-03,2025-07-11,0.0010946073693390208
2025-08-07,688528,test,-0.020719073221469993,0.0022906680179368265,2020-04-03,2025-07-11,0.0010946073693390208
2025-08-08,600025,test,-0.029719422613932782,-0.0008862026666918715,2020-04-03,2025-07-11,0.0010946073693390208
2025-08-08,600051,test,-0.029773733052399047,0.0057888220082795054,2020-04-03,2025-07-11,0.0010946073693390208
2025-08-08,600127,test,-0.019926761065241487,0.003239066619397151,2020-04-03,2025-07-11,0.0010946073693390208
2025-08-08,600153,test,0.08017346766185385,-0.00029133911481087825,2020-04-03,2025-07-11,0.0010946073693390208
2025-08-08,600548,test,-0.01948848011888526,0.0031466220759453502,2020-04-03,2025-07-11,0.0010946073693390208
2025-08-08,600865,test,-0.018953499642475606,0.003979911417981721,2020-04-03,2025-07-11,0.0010946073693390208
2025-08-08,600967,test,0.0809316080334711,-0.020515292251135086,2020-04-03,2025-07-11,-0.03433552091174237
2025-08-08,601222,test,-0.0034014307761532844,0.0008115991636098923,2020-04-03,2025-07-11,0.0010946073693390208
2025-08-08,603237,test,-0.016772571999437928,0.0032257417721256194,2020-04-03,2025-07-11,0.0010946073693390208
2025-08-08,603335,test,-0.03242596034779854,0.003849240913071016,2020-04-03,2025-07-11,0.0010946073693390208
2025-08-08,603341,test,0.02150505410997828,0.0038505767981815847,2020-04-03,2025-07-11,0.0010946073693390208
2025-08-08,603658,test,0.0009707010339373781,0.005110688798284975,2020-04-03,2025-07-11,0.0010946073693390208
2025-08-08,605090,test,0.009109053085960668,-0.002000585613726691,2020-04-03,2025-07-11,0.005270050441927524
2025-08-08,605589,test,0.05879874138624975,0.003923137844964575,2020-04-03,2025-07-11,0.0010946073693390208
2025-08-08,688031,test,-0.01349650188583184,-0.004380363191432949,2020-04-03,2025-07-11,0.0010946073693390208
2025-08-08,688045,test,-0.0003717576769425232,-0.0006671827583862878,2020-04-03,2025-07-11,0.0010946073693390208
2025-08-08,688133,test,-0.018143876145155884,-0.00013143197317234235,2020-04-03,2025-07-11,0.0010946073693390208
2025-08-08,688147,test,0.023208806198871897,0.0038625408098757206,2020-04-03,2025-07-11,0.0010946073693390208
2025-08-08,688528,test,-0.07222343618606875,-0.013146522421016152,2020-04-03,2025-07-11,-0.009997262426006513
2025-08-11,600025,test,-0.027951340407150055,9.448042217388353e-06,2020-04-03,2025-08-08,-0.0009983189990542376
2025-08-11,600051,test,-0.05193163065500925,0.0011541063773237333,2020-04-03,2025-08-08,0.0020301613500540772
2025-08-11,600127,test,-0.023179135123070876,0.00582629272723291,2020-04-03,2025-08-08,0.0020301613500540772
2025-08-11,600153,test,0.06555744623792362,-6.798662381425829e-05,2020-04-03,2025-08-08,-0.0009983189990542376
2025-08-11,600548,test,-0.01936174792170406,0.0007154115393679941,2020-04-03,2025-08-08,0.0020301613500540772
2025-08-11,600865,test,-0.02691223712100063,0.0021237966950589516,2020-04-03,2025-08-08,0.0020301613500540772
2025-08-11,600967,test,0.0635927453510148,-0.0259156211174427,2020-04-03,2025-08-08,-0.013732163273178756
2025-08-11,601222,test,-0.009840223965544598,0.0008049064903218789,2020-04-03,2025-08-08,-0.0009983189990542376
2025-08-11,603237,test,-0.02089167893572394,0.002026679381317268,2020-04-03,2025-08-08,0.0020301613500540772
2025-08-11,603335,test,-0.06569811889269225,0.0015103284067096874,2020-04-03,2025-08-08,0.0020301613500540772
2025-08-11,603341,test,0.07083073152767086,0.003367783260999466,2020-04-03,2025-08-08,0.0020301613500540772
2025-08-11,603658,test,-0.04063783000325091,-0.005641047462467753,2020-04-03,2025-08-08,-0.00872052494170526
2025-08-11,605090,test,0.00761652886066802,0.0009180065049969424,2020-04-03,2025-08-08,0.0020301613500540772
2025-08-11,605589,test,0.03637333008681745,0.006272587365241623,2020-04-03,2025-08-08,-0.0009983189990542376
2025-08-11,688031,test,-0.03306845034746339,0.0028852439167288604,2020-04-03,2025-08-08,0.0020301613500540772
2025-08-11,688045,test,0.07833785792606032,0.003879199892525957,2020-04-03,2025-08-08,0.0020301613500540772
2025-08-11,688133,test,-0.011827484506590186,0.004139878351512551,2020-04-03,2025-08-08,0.0020301613500540772
2025-08-11,688147,test,0.07603861744045018,-0.0015148943169904533,2020-04-03,2025-08-08,0.0020301613500540772
2025-08-11,688528,test,-0.06704737955140513,-0.003705303942043642,2020-04-03,2025-08-08,0.0020301613500540772
2025-08-12,600025,test,-0.015498306470442497,-0.00010183928809071007,2020-04-03,2025-08-08,-0.0009983189990542376
2025-08-12,600051,test,-0.010816528321831016,0.00046752320075289734,2020-04-03,2025-08-08,0.0020301613500540772
2025-08-12,600127,test,-0.023248735247154335,0.0040443324139126215,2020-04-03,2025-08-08,0.0020301613500540772
2025-08-12,600153,test,0.07938251239227677,-0.0001931665856991367,2020-04-03,2025-08-08,0.0020301613500540772
2025-08-12,600548,test,-0.015239043029515082,0.0008790066695011517,2020-04-03,2025-08-08,0.0020301613500540772
2025-08-12,600865,test,-0.014407796514797861,0.001619995327297025,2020-04-03,2025-08-08,0.0020301613500540772
2025-08-12,600967,test,0.0030675378889813802,-0.029859429671685752,2020-04-03,2025-08-08,-0.013732163273178756
2025-08-12,601222,test,-0.0028154555522973586,-0.00016294365845367204,2020-04-03,2025-08-08,-0.0009983189990542376
2025-08-12,603237,test,-0.008234911470257917,0.001975826377846727,2020-04-03,2025-08-08,0.0020301613500540772
2025-08-12,603335,test,-0.020618927305962504,0.0013063600681911226,2020-04-03,2025-08-08,0.0020301613500540772
2025-08-12,603341,test,0.031694863580195784,0.0002685413614340531,2020-04-03,2025-08-08,0.0020301613500540772
2025-08-12,603658,test,-0.03768105742218443,0.003243493626634924,2020-04-03,2025-08-08,0.0020301613500540772
2025-08-12,605090,test,-0.03190957736516488,0.0004903715089932401,2020-04-03,2025-08-08,0.0020301613500540772
2025-08-12,605589,test,0.010160561486875701,0.004650686477914263,2020-04-03,2025-08-08,-0.0009983189990542376
2025-08-12,688031,test,-0.0036970157235359964,0.0027398534389122624,2020-04-03,2025-08-08,0.0020301613500540772
2025-08-12,688045,test,0.050874716168564635,0.00547880347495428,2020-04-03,2025-08-08,0.0020301613500540772
2025-08-12,688133,test,-0.01834839286515357,0.0011801497851642306,2020-04-03,2025-08-08,-0.0009983189990542376
2025-08-12,688147,test,0.06866180279020516,0.0031684228223312974,2020-04-03,2025-08-08,0.0020301613500540772
2025-08-12,688528,test,-0.041326247018801957,-0.002407171861114379,2020-04-03,2025-08-08,0.0020301613500540772
2025-08-13,600025,test,-0.002904200929311313,-0.0026269280817791574,2020-04-03,2025-08-08,0.0020301613500540772
2025-08-13,600051,test,-0.007676975363841149,0.004022198889736798,2020-04-03,2025-08-08,0.0020301613500540772
2025-08-13,600127,test,-0.011317791396396099,0.0019620839251084476,2020-04-03,2025-08-08,0.0020301613500540772
2025-08-13,600153,test,0.07996190312216489,-0.0012037014254010657,2020-04-03,2025-08-08,0.0020301613500540772
2025-08-13,600548,test,-0.007923310819074042,-0.0011746091541820639,2020-04-03,2025-08-08,0.0020301613500540772
2025-08-13,600865,test,-0.000783744763951039,2.4386054617970255e-05,2020-04-03,2025-08-08,0.0020301613500540772
2025-08-13,600967,test,-0.10144435520717043,-0.01695039666953641,2020-04-03,2025-08-08,-0.013732163273178756
2025-08-13,601222,test,0.001216467621133371,-0.0022320337713717573,2020-04-03,2025-08-08,0.0020301613500540772
2025-08-13,603237,test,0.001948999033641546,-0.0005333640734495308,2020-04-03,2025-08-08,0.0020301613500540772
2025-08-13,603335,test,-0.007245761008576207,0.003959529258334599,2020-04-03,2025-08-08,0.0020301613500540772
2025-08-13,603341,test,0.08125198155893398,0.005245629080736532,2020-04-03,2025-08-08,0.0020301613500540772
2025-08-13,603658,test,-0.020804782632114042,0.005488114900351288,2020-04-03,2025-08-08,0.0020301613500540772
2025-08-13,605090,test,-0.05148455420425379,-0.006575098178680031,2020-04-03,2025-08-08,0.0020301613500540772
2025-08-13,605589,test,-0.04614510867286414,-0.001232607804184483,2020-04-03,2025-08-08,0.0020301613500540772
2025-08-13,688031,test,-0.004966280913396454,0.0008045082364530543,2020-04-03,2025-08-08,0.0020301613500540772
2025-08-13,688045,test,0.05111669390560281,0.0034737114703721765,2020-04-03,2025-08-08,0.0020301613500540772
2025-08-13,688133,test,-0.013453024877992709,0.000578792814525011,2020-04-03,2025-08-08,0.0020301613500540772
2025-08-13,688147,test,0.08841915378677345,0.002941393167285686,2020-04-03,2025-08-08,0.0020301613500540772
2025-08-13,688528,test,-0.027765308239308666,0.0028172068498593197,2020-04-03,2025-08-08,0.0020301613500540772
2025-08-14,600025,test,-0.012398338616233347,-0.002559555792414355,2020-04-03,2025-08-08,0.0020301613500540772
2025-08-14,600051,test,0.003766831724963119,0.003127632992082863,2020-04-03,2025-08-08,0.0020301613500540772
2025-08-14,600127,test,-0.011511675078967384,-0.0008090421693188127,2020-04-03,2025-08-08,0.0020301613500540772
2025-08-14,600153,test,0.0029480085395945967,-0.003393482514778006,2020-04-03,2025-08-08,-0.00872052494170526
2025-08-14,600548,test,-0.00457938977616806,-0.0029545247662028542,2020-04-03,2025-08-08,0.0020301613500540772
2025-08-14,600865,test,0.011216801487106635,-0.0017972898851998337,2020-04-03,2025-08-08,0.0020301613500540772
2025-08-14,600967,test,-0.11627326568961466,-0.014755561881662008,2020-04-03,2025-08-08,-0.013732163273178756
2025-08-14,601222,test,-0.0023819942285531713,-0.0025977256377624504,2020-04-03,2025-08-08,0.0020301613500540772
2025-08-14,603237,test,0.009146991149318998,-0.0014496242605660605,2020-04-03,2025-08-08,0.0020301613500540772
2025-08-14,603335,test,0.015318180925552764,0.002331241777096532,2020-04-03,2025-08-08,0.0020301613500540772
2025-08-14,603341,test,0.10203650513587942,0.0040376842729683265,2020-04-03,2025-08-08,0.0020301613500540772
2025-08-14,603658,test,-0.00913882511253455,0.004877123580576387,2020-04-03,2025-08-08,0.0020301613500540772
2025-08-14,605090,test,-0.062219489480791645,0.0018894923134160518,2020-04-03,2025-08-08,0.0020301613500540772
2025-08-14,605589,test,-0.04289898695408417,0.001056880785789829,2020-04-03,2025-08-08,0.0020301613500540772
2025-08-14,688031,test,0.03135840936704254,0.0031972597533992068,2020-04-03,2025-08-08,-0.0009983189990542376
2025-08-14,688045,test,0.047672176612088724,0.0025989887089662923,2020-04-03,2025-08-08,0.0020301613500540772
2025-08-14,688133,test,-0.01244618529633151,-0.00013818879172013793,2020-04-03,2025-08-08,0.0020301613500540772
2025-08-14,688147,test,0.07492377302119341,0.004961838714830413,2020-04-03,2025-08-08,0.0020301613500540772
2025-08-14,688528,test,-0.024539527729461715,0.0011656682892951086,2020-04-03,2025-08-08,0.0020301613500540772
2025-08-15,600025,test,-0.012335120367521647,0.0005011730054367401,2020-04-03,2025-08-08,-0.0009983189990542376
2025-08-15,600051,test,-0.00494081975288212,0.005615233091322776,2020-04-03,2025-08-08,0.0020301613500540772
2025-08-15,600127,test,-0.01664862295688645,0.0029142904516942848,2020-04-03,2025-08-08,0.0020301613500540772
2025-08-15,600153,test,-0.028284198611682344,-0.011240212647424046,2020-04-03,2025-08-08,-0.00872052494170526
2025-08-15,600548,test,0.002832690544970106,-4.885443195591208e-05,2020-04-03,2025-08-08,0.0020301613500540772
2025-08-15,600865,test,0.005609532094333746,0.002409483292915257,2020-04-03,2025-08-08,0.0020301613500540772
2025-08-15,600967,test,-0.028276713021443124,-0.018142224587827115,2020-04-03,2025-08-08,-0.017112255366625764
2025-08-15,601222,test,-0.022383842363757612,-0.0019632596355462694,2020-04-03,2025-08-08,0.0020301613500540772
2025-08-15,603237,test,-0.013362680506699243,0.0021196728127388506,2020-04-03,2025-08-08,0.0020301613500540772
2025-08-15,603335,test,-0.012041106980529449,0.00409113904669175,2020-04-03,2025-08-08,0.0020301613500540772
2025-08-15,603341,test,0.0764135244103555,0.005044194804507413,2020-04-03,2025-08-08,0.0020301613500540772
2025-08-15,603658,test,-0.02356988608222992,0.005772528028075864,2020-04-03,2025-08-08,0.0020301613500540772
2025-08-15,605090,test,-0.0652239647044847,0.0004655145906134027,2020-04-03,2025-08-08,0.0020301613500540772
2025-08-15,605589,test,-0.07920921013317787,-0.005210512868690767,2020-04-03,2025-08-08,-0.00872052494170526
2025-08-15,688031,test,0.06811062205688219,0.001919216359798622,2020-04-03,2025-08-08,-0.0009983189990542376
2025-08-15,688045,test,0.08225468588635916,0.002131726029297921,2020-04-03,2025-08-08,0.0020301613500540772
2025-08-15,688133,test,-0.008738321909063252,-0.0014958920986075986,2020-04-03,2025-08-08,0.0020301613500540772
2025-08-15,688147,test,0.09709950298014498,0.002516576648171935,2020-04-03,2025-08-08,0.0020301613500540772
2025-08-15,688528,test,-0.017306070582687894,0.00138902359758336,2020-04-03,2025-08-08,0.0020301613500540772
2025-08-18,600025,test,0.011594818000668031,-0.0026921586001439567,2020-04-03,2025-08-08,-0.0009983189990542376
2025-08-18,600051,test,0.003052573945559637,0.004677133352378595,2020-04-03,2025-08-08,0.0020301613500540772
2025-08-18,600127,test,-0.003403870732962829,0.0038795678222178728,2020-04-03,2025-08-08,0.0020301613500540772
2025-08-18,600153,test,0.003586635184581969,-0.0003547717077940321,2020-04-03,2025-08-08,0.01926604556938071
2025-08-18,600548,test,0.013614661108561302,-0.000576518768260831,2020-04-03,2025-08-08,0.0020301613500540772
2025-08-18,600865,test,0.02726820223631449,0.00219764123411653,2020-04-03,2025-08-08,0.0020301613500540772
2025-08-18,600967,test,-0.08864009739144857,-0.00530973729117624,2020-04-03,2025-08-08,-0.017112255366625764
2025-08-18,601222,test,0.0033429321563749927,0.0006879136562055324,2020-04-03,2025-08-08,0.0020301613500540772
2025-08-18,603237,test,0.005194393583511318,0.0015186034607771659,2020-04-03,2025-08-08,0.0020301613500540772
2025-08-18,603335,test,-0.003931512067405659,0.0027136681303631645,2020-04-03,2025-08-08,-0.0009983189990542376
2025-08-18,603341,test,0.020132915238239738,-0.003914655599238436,2020-04-03,2025-08-08,-0.00872052494170526
2025-08-18,603658,test,0.004485206237443921,0.003914895609610744,2020-04-03,2025-08-08,0.0020301613500540772
2025-08-18,605090,test,-0.06914399347261918,0.0068709716501858305,2020-04-03,2025-08-08,0.0020301613500540772
2025-08-18,605589,test,-0.04881689653549676,0.0020229521695339535,2020-04-03,2025-08-08,0.0020301613500540772
2025-08-18,688031,test,0.03173852444758213,0.000783235519799666,2020-04-03,2025-08-08,0.0020301613500540772
2025-08-18,688045,test,0.05476020436563439,-0.006791315820637618,2020-04-03,2025-08-08,-0.00872052494170526
2025-08-18,688133,test,0.039848126502252834,-0.0007823777396490785,2020-04-03,2025-08-08,0.0020301613500540772
2025-08-18,688147,test,0.005859362457309173,-0.011679845106758006,2020-04-03,2025-08-08,-0.013732163273178756
2025-08-18,688528,test,-0.010542185264100942,0.0016236135172656694,2020-04-03,2025-08-08,0.0020301613500540772
2025-08-19,600025,test,-0.025969669466243916,0.0014109972025516684,2020-04-03,2025-08-08,-0.0009983189990542376
2025-08-19,600051,test,-0.0482848431846853,-0.00014511491926368764,2020-04-03,2025-08-08,0.0020301613500540772
2025-08-19,600127,test,-0.00557140117630751,0.002422985605584699,2020-04-03,2025-08-08,0.0020301613500540772
2025-08-19,600153,test,-0.005400722703518001,0.0034426430531181184,2020-04-03,2025-08-08,0.0020301613500540772
2025-08-19,600548,test,-0.005907526369166149,0.003045639900917298,2020-04-03,2025-08-08,0.0020301613500540772
2025-08-19,600865,test,0.0012610675641337894,0.005956062724672526,2020-04-03,2025-08-08,0.0020301613500540772
2025-08-19,600967,test,-0.07580527953463591,-0.005689080977450195,2020-04-03,2025-08-08,-0.017112255366625764
2025-08-19,601222,test,0.03530868984704981,0.002703053934493207,2020-04-03,2025-08-08,0.0020301613500540772
2025-08-19,603237,test,0.00048219127687531074,0.002541417184032285,2020-04-03,2025-08-08,0.0020301613500540772
2025-08-19,603335,test,-0.02522313722889492,0.001514682085546713,2020-04-03,2025-08-08,0.0020301613500540772
2025-08-19,603341,test,0.024119729839192184,-0.00417115137282662,2020-04-03,2025-08-08,0.0020301613500540772
2025-08-19,603658,test,-0.005000766462406558,0.006659398323054711,2020-04-03,2025-08-08,0.0020301613500540772
2025-08-19,605090,test,0.008016500354776291,0.004791239295303074,2020-04-03,2025-08-08,0.0020301613500540772
2025-08-19,605589,test,-0.01826187535142233,-0.0031942319936802267,2020-04-03,2025-08-08,0.0020301613500540772
2025-08-19,688031,test,0.02451777156220535,-0.0023753754471584187,2020-04-03,2025-08-08,0.0020301613500540772
2025-08-19,688045,test,0.059696618344567506,-0.0098367788829684,2020-04-03,2025-08-08,-0.00872052494170526
2025-08-19,688133,test,0.0346714794625471,-0.0019975896839755794,2020-04-03,2025-08-08,-0.0009983189990542376
2025-08-19,688147,test,0.037463393206572645,-0.010427825892895166,2020-04-03,2025-08-08,-0.00872052494170526
2025-08-19,688528,test,-0.010112219980639391,0.002137845349740415,2020-04-03,2025-08-08,0.0020301613500540772
2025-08-20,600025,test,-0.0066473076439354135,-0.0010650939870293528,2020-04-03,2025-08-08,-0.0009983189990542376
2025-08-20,600051,test,-0.04836713273907524,0.006639646288281623,2020-04-03,2025-08-08,0.0020301613500540772
2025-08-20,600127,test,-0.002250662622290362,0.0034153944399646836,2020-04-03,2025-08-08,0.0020301613500540772
2025-08-20,600153,test,0.010133444696383647,0.007765973778076991,2020-04-03,2025-08-08,0.0020301613500540772
2025-08-20,600548,test,0.006804564868339896,0.0025495822019453774,2020-04-03,2025-08-08,0.0020301613500540772
2025-08-20,600865,test,-0.00443398212233927,0.0053717394820660125,2020-04-03,2025-08-08,0.0020301613500540772
2025-08-20,600967,test,-0.08201971723687719,-0.01014559945653248,2020-04-03,2025-08-08,-0.017112255366625764
2025-08-20,601222,test,0.03298110707050815,0.003320405283272269,2020-04-03,2025-08-08,0.0020301613500540772
2025-08-20,603237,test,-0.001330056224234006,-0.002086037902185157,2020-04-03,2025-08-08,0.0020301613500540772
2025-08-20,603335,test,-0.0690275503520469,0.002709524735495354,2020-04-03,2025-08-08,0.0020301613500540772
2025-08-20,603341,test,-0.0081753043003643,-0.006718063610113697,2020-04-03,2025-08-08,-0.00872052494170526
2025-08-20,603658,test,-0.01735802208492245,0.006714009399856794,2020-04-03,2025-08-08,0.0020301613500540772
2025-08-20,605090,test,-0.040362180341859025,0.006238525050973359,2020-04-03,2025-08-08,0.0020301613500540772
2025-08-20,605589,test,0.0007424701960643092,-0.002769720975412986,2020-04-03,2025-08-08,-0.0009983189990542376
2025-08-20,688031,test,0.05770214033674502,-0.004627386886272064,2020-04-03,2025-08-08,-0.0009983189990542376
2025-08-20,688045,test,0.1664764873285993,-0.006223765438197769,2020-04-03,2025-08-08,-0.00872052494170526
2025-08-20,688133,test,-0.00012909927123340784,-0.006091689963053363,2020-04-03,2025-08-08,-0.0009983189990542376
2025-08-20,688147,test,0.050707726547108076,-0.006701646688918903,2020-04-03,2025-08-08,-0.00872052494170526
2025-08-20,688528,test,-0.04544692610457081,0.0004930197365797753,2020-04-03,2025-08-08,0.0020301613500540772
2025-08-21,600025,test,-0.0226903775007969,0.0008044021684091173,2020-04-03,2025-08-08,0.0020301613500540772
2025-08-21,600051,test,-0.07686357499295988,0.004862890653169994,2020-04-03,2025-08-08,0.0020301613500540772
2025-08-21,600127,test,-0.017192395109013894,0.00526398521445851,2020-04-03,2025-08-08,0.0020301613500540772
2025-08-21,600153,test,0.03207911275407564,0.008962768887230634,2020-04-03,2025-08-08,0.0020301613500540772
2025-08-21,600548,test,-0.01625751438689922,0.0012275854048837084,2020-04-03,2025-08-08,0.0020301613500540772
2025-08-21,600865,test,-0.012959831677451919,0.0048597079414023255,2020-04-03,2025-08-08,0.0020301613500540772
2025-08-21,600967,test,-0.056395474504978574,-0.008155570474032712,2020-04-03,2025-08-08,0.0014705411363991083
2025-08-21,601222,test,0.005059225669105591,0.0018296654811185877,2020-04-03,2025-08-08,0.0020301613500540772
2025-08-21,603237,test,-0.018659583862139242,-0.002404706347803369,2020-04-03,2025-08-08,0.0020301613500540772
2025-08-21,603335,test,-0.0822111685758476,0.0004328915164229099,2020-04-03,2025-08-08,0.0020301613500540772
2025-08-21,603341,test,-0.02156385288101055,-0.005954813986872541,2020-04-03,2025-08-08,0.0020301613500540772
2025-08-21,603658,test,-0.03585696539278645,0.0038941156879061596,2020-04-03,2025-08-08,0.0020301613500540772
2025-08-21,605090,test,-0.013915897365262622,0.004184990512083545,2020-04-03,2025-08-08,0.0020301613500540772
2025-08-21,605589,test,0.015422271098785287,0.0013518288915485674,2020-04-03,2025-08-08,0.0020301613500540772
2025-08-21,688031,test,0.08356847661556226,-0.005418616453767923,2020-04-03,2025-08-08,-0.0009983189990542376
2025-08-21,688045,test,0.16435304484376229,-0.003062501135378135,2020-04-03,2025-08-08,0.0020301613500540772
2025-08-21,688133,test,-0.03554422099452277,-0.007946892144404982,2020-04-03,2025-08-08,-0.0009983189990542376
2025-08-21,688147,test,0.1686947700077644,-0.003242152832391337,2020-04-03,2025-08-08,0.0020301613500540772
2025-08-21,688528,test,-0.05906604374538578,-0.0027007634951865876,2020-04-03,2025-08-08,-0.0009983189990542376
2025-08-22,600025,test,-0.011096484777553855,-0.0025453247207502575,2020-04-03,2025-08-08,-0.0009983189990542376
2025-08-22,600051,test,-0.06480089668134624,0.008175750155761463,2020-04-03,2025-08-08,0.0020301613500540772
2025-08-22,600127,test,0.00508474499590918,0.005751325203447229,2020-04-03,2025-08-08,0.0020301613500540772
2025-08-22,600153,test,0.0441401491739294,0.010275644523285611,2020-04-03,2025-08-08,0.0020301613500540772
2025-08-22,600548,test,-0.004269791954511919,-0.0003487814161702045,2020-04-03,2025-08-08,0.0020301613500540772
2025-08-22,600865,test,0.00508474499590918,0.007279908722749315,2020-04-03,2025-08-08,0.0020301613500540772
2025-08-22,600967,test,0.008987945620421284,-0.007765405736528244,2020-04-03,2025-08-08,0.0014705411363991083
2025-08-22,601222,test,0.008508230103749032,0.0021370407119633695,2020-04-03,2025-08-08,0.0020301613500540772
2025-08-22,603237,test,-0.0027496142654227333,0.003994819524047368,2020-04-03,2025-08-08,0.0020301613500540772
2025-08-22,603335,test,-0.07871413768565515,-0.0005730355920984752,2020-04-03,2025-08-08,-0.0009983189990542376
2025-08-22,603341,test,-0.0008545422896166603,-0.0019624586021948823,2020-04-03,2025-08-08,0.01926604556938071
2025-08-22,603658,test,-0.027580967927314442,0.006027502248233076,2020-04-03,2025-08-08,0.0020301613500540772
2025-08-22,605090,test,-0.009846847475790215,0.0014414639736712814,2020-04-03,2025-08-08,-0.0009983189990542376
2025-08-22,605589,test,0.052553099426288954,-0.0035040344530657195,2020-04-03,2025-08-08,0.0020301613500540772
2025-08-22,688031,test,0.07462233765386896,-0.007255939666390527,2020-04-03,2025-08-08,-0.013732163273178756
2025-08-22,688045,test,0.06189498946622342,-0.009162121219232853,2020-04-03,2025-08-08,0.0020301613500540772
2025-08-22,688133,test,-0.07575884024134937,-0.006434620450252163,2020-04-03,2025-08-08,0.0020301613500540772
2025-08-22,688147,test,0.0942419906279749,-0.006423106160817976,2020-04-03,2025-08-08,0.0020301613500540772
2025-08-22,688528,test,-0.07944610876571377,-0.0003198115568609196,2020-04-03,2025-08-08,-0.0009983189990542376
2025-08-25,600025,test,-0.02634387283068545,-0.0008241854027388095,2020-04-03,2025-08-08,0.0020301613500540772
2025-08-25,600051,test,-0.05739916520579707,0.006074997471063913,2020-04-03,2025-08-08,-0.0009983189990542376
2025-08-25,600127,test,-0.003532671222741637,0.006225548591256841,2020-04-03,2025-08-08,0.0020301613500540772
2025-08-25,600153,test,-0.050042843366716765,0.008472313719026374,2020-04-03,2025-08-08,0.0020301613500540772
2025-08-25,600548,test,-0.0053247670814760475,-0.002131643253916255,2020-04-03,2025-08-08,0.0020301613500540772
2025-08-25,600865,test,0.043637785519825396,0.006020972362419144,2020-04-03,2025-08-08,0.0020301613500540772
2025-08-25,600967,test,-0.010840916982127571,-0.00545558542236763,2020-04-03,2025-08-08,0.0014705411363991083
2025-08-25,601222,test,0.03310705890361871,-0.0008714974897430961,2020-04-03,2025-08-08,0.0020301613500540772
2025-08-25,603237,test,-0.0016573307823087215,0.004731492682746554,2020-04-03,2025-08-08,0.0020301613500540772
2025-08-25,603335,test,-0.04844484086983785,-0.0007358276552872201,2020-04-03,2025-08-08,-0.0009983189990542376
2025-08-25,603341,test,0.01079303838659624,0.006017849354333269,2020-04-03,2025-08-08,0.0020301613500540772
2025-08-25,603658,test,-0.014639064646875746,0.0052325761699569245,2020-04-03,2025-08-08,0.0020301613500540772
2025-08-25,605090,test,0.04129435224347617,0.0025682403863292783,2020-04-03,2025-08-08,-0.0009983189990542376
2025-08-25,605589,test,0.03986344846728602,-0.000625510798962344,2020-04-03,2025-08-08,0.0020301613500540772
2025-08-25,688031,test,0.07003468521205798,-0.004711271793226153,2020-04-03,2025-08-08,0.0020301613500540772
2025-08-25,688045,test,0.022107756710712696,-0.015042520255440874,2020-04-03,2025-08-08,-0.013732163273178756
2025-08-25,688133,test,-0.1451165244748805,-0.011668824217870839,2020-04-03,2025-08-08,-0.00872052494170526
2025-08-25,688147,test,0.16126510129167732,-0.001363555011722119,2020-04-03,2025-08-08,0.0020301613500540772
2025-08-25,688528,test,-0.05876122927180321,-0.0031247539470605178,2020-04-03,2025-08-08,-0.0009983189990542376
2025-08-26,600025,test,0.04318571025741868,-0.007649551314076099,2020-04-03,2025-08-08,-0.0009983189990542376
2025-08-26,600051,test,-0.04770656268229157,0.0025844519690903845,2020-04-03,2025-08-08,-0.0009983189990542376
2025-08-26,600127,test,0.0048541179714566215,0.007684731993577879,2020-04-03,2025-08-08,0.0020301613500540772
2025-08-26,600153,test,-0.059123055074301385,0.011175675755486692,2020-04-03,2025-08-08,0.0020301613500540772
2025-08-26,600548,test,0.02444984225256363,0.002382152950110269,2020-04-03,2025-08-08,0.0020301613500540772
2025-08-26,600865,test,0.09365888180058635,0.00854380163233766,2020-04-03,2025-08-08,0.0020301613500540772
2025-08-26,600967,test,0.0001429180638893232,-0.011471787267017733,2020-04-03,2025-08-08,0.0014705411363991083
2025-08-26,601222,test,-0.009039383481844195,-0.002848002920178442,2020-04-03,2025-08-08,0.0020301613500540772
2025-08-26,603237,test,0.007670675740429782,0.0076984286491689575,2020-04-03,2025-08-08,0.0020301613500540772
2025-08-26,603335,test,-0.03962521087551386,-0.0008677054287829047,2020-04-03,2025-08-08,-0.0009983189990542376
2025-08-26,603341,test,-0.04194274029940582,0.005122803997079404,2020-04-03,2025-08-08,0.0020301613500540772
2025-08-26,603658,test,0.0023481366167827852,0.005633609594670155,2020-04-03,2025-08-08,-0.0009983189990542376
2025-08-26,605090,test,0.017221696136486046,-0.0017940711836331542,2020-04-03,2025-08-08,0.0020301613500540772
2025-08-26,605589,test,0.018573080015909176,-0.0008610734603602489,2020-04-03,2025-08-08,0.0020301613500540772
2025-08-26,688031,test,0.09105566426286704,-0.0026259677365899174,2020-04-03,2025-08-08,0.0020301613500540772
2025-08-26,688045,test,-0.00041791037926498104,-0.011372359093263772,2020-04-03,2025-08-08,-0.00872052494170526
2025-08-26,688133,test,-0.11508915155599131,-0.004897231281482602,2020-04-03,2025-08-08,0.0020301613500540772
2025-08-26,688147,test,0.05801706479686896,-0.003410329702658563,2020-04-03,2025-08-08,0.0020301613500540772
2025-08-26,688528,test,-0.04823377356664527,-0.004238761664681572,2020-04-03,2025-08-08,-0.0009983189990542376
2025-08-27,600025,test,0.03047592464846217,-0.0036156362324412604,2020-04-03,2025-08-08,0.0020301613500540772
2025-08-27,600051,test,-0.023900733176471557,0.0020201854120399194,2020-04-03,2025-08-08,0.0020301613500540772
2025-08-27,600127,test,0.007651388271857306,0.0021990686415048195,2020-04-03,2025-08-08,0.0020301613500540772
2025-08-27,600153,test,-0.06621163130498452,0.009439487026408191,2020-04-03,2025-08-08,0.0020301613500540772
2025-08-27,600548,test,0.03810951243472162,0.0031491837276361716,2020-04-03,2025-08-08,0.0020301613500540772
2025-08-27,600865,test,0.07588133005386756,0.004444019694657247,2020-04-03,2025-08-08,0.0020301613500540772
2025-08-27,600967,test,-0.05005541615685115,-0.0010454478511877975,2020-04-03,2025-08-08,0.0014705411363991083
2025-08-27,601222,test,0.008780330522961576,-0.0009440267901086707,2020-04-03,2025-08-08,0.0020301613500540772
2025-08-27,603237,test,0.005336259843992896,0.002853541354809933,2020-04-03,2025-08-08,0.0020301613500540772
2025-08-27,603335,test,-0.002857408684871155,0.0003932420476160612,2020-04-03,2025-08-08,-0.0009983189990542376
2025-08-27,603341,test,-0.036414455664736986,0.0048397278750118514,2020-04-03,2025-08-08,0.0020301613500540772
2025-08-27,603658,test,0.02608675127611394,0.004890112565169653,2020-04-03,2025-08-08,0.0020301613500540772
2025-08-27,605090,test,0.10566118977544993,0.0018074106447168404,2020-04-03,2025-08-08,-0.0009983189990542376
2025-08-27,605589,test,0.022856877029414534,0.000282963545310276,2020-04-03,2025-08-08,0.0020301613500540772
2025-08-27,688031,test,0.03314924491222983,-0.0012395753247068679,2020-04-03,2025-08-08,0.0020301613500540772
2025-08-27,688045,test,-0.0788024258670018,-0.031414445447358975,2020-04-03,2025-08-08,-0.013732163273178756
2025-08-27,688133,test,-0.08996724904703467,-0.0007482718194002554,2020-04-03,2025-08-08,0.0020301613500540772
2025-08-27,688147,test,0.010897611395450323,-0.0029067515223610116,2020-04-03,2025-08-08,0.0020301613500540772
2025-08-27,688528,test,-0.016677100262569845,0.0043840279414802934,2020-04-03,2025-08-08,-0.0009983189990542376
2025-08-28,600025,test,0.054557877660191254,-0.0012671460523653248,2020-04-03,2025-08-08,0.0020301613500540772
2025-08-28,600051,test,0.016484218235072387,0.0035408316177566535,2020-04-03,2025-08-08,-0.0009983189990542376
2025-08-28,600127,test,0.019566437898470776,0.0016045173204222503,2020-04-03,2025-08-08,0.0020301613500540772
2025-08-28,600153,test,-0.06279291918382136,0.008338752717357114,2020-04-03,2025-08-08,0.0020301613500540772
2025-08-28,600548,test,0.04770641977006483,0.0016095791889487667,2020-04-03,2025-08-08,0.0020301613500540772
2025-08-28,600865,test,0.18102157789438322,0.004535511948510599,2020-04-03,2025-08-08,0.0020301613500540772
2025-08-28,600967,test,-0.12926771527591197,0.002271226546495786,2020-04-03,2025-08-08,0.0014705411363991083
2025-08-28,601222,test,0.06357954855808066,0.002871934848303266,2020-04-03,2025-08-08,0.0020301613500540772
2025-08-28,603237,test,0.08127753694093563,0.0038947835396889057,2020-04-03,2025-08-08,0.0020301613500540772
2025-08-28,603335,test,0.026259673132478553,0.0024684757510630407,2020-04-03,2025-08-08,0.0020301613500540772
2025-08-28,603341,test,-0.06468891599129302,0.004767784808298898,2020-04-03,2025-08-08,0.0020301613500540772
2025-08-28,603658,test,0.026402611954662744,0.005206949114754039,2020-04-03,2025-08-08,0.0020301613500540772
2025-08-28,605090,test,0.09218435926903489,-0.0006714032338876326,2020-04-03,2025-08-08,-0.0009983189990542376
2025-08-28,605589,test,-0.028109953318287487,0.0021954786050378977,2020-04-03,2025-08-08,0.0020301613500540772
2025-08-28,688031,test,-0.06116878431649532,-0.0070405799065826865,2020-04-03,2025-08-08,0.0020301613500540772
2025-08-28,688045,test,-0.09627539898765582,-0.019629655179873782,2020-04-03,2025-08-08,-0.017112255366625764
2025-08-28,688133,test,-0.06452235186007273,0.008517079794803728,2020-04-03,2025-08-08,0.0020301613500540772
2025-08-28,688147,test,-0.11609808187750927,-0.026769612973814555,2020-04-03,2025-08-08,-0.013732163273178756
2025-08-28,688528,test,0.013883859497672,0.0023443070338794473,2020-04-03,2025-08-08,-0.0009983189990542376
2025-08-29,600025,test,0.04344884555724998,-0.006494813723739288,2020-04-03,2025-08-08,0.0020301613500540772
2025-08-29,600051,test,0.011956179465791698,0.005638080896797566,2020-04-03,2025-08-08,-0.0009983189990542376
2025-08-29,600127,test,-0.001143868522567145,0.0027609132401060755,2020-04-03,2025-08-08,0.0020301613500540772
2025-08-29,600153,test,-0.08687258739576226,0.005295586752145573,2020-04-03,2025-08-08,0.0020301613500540772
2025-08-29,600548,test,0.019630446869311872,0.005071659489641566,2020-04-03,2025-08-08,0.0020301613500540772
2025-08-29,600865,test,0.13393872120997924,0.0030133965001680773,2020-04-03,2025-08-08,0.0020301613500540772
2025-08-29,600967,test,-0.21603929937740413,-0.01295165955669509,2020-04-03,2025-08-08,0.0014705411363991083
2025-08-29,601222,test,0.07099019124490807,0.005021864506820409,2020-04-03,2025-08-08,0.0020301613500540772
2025-08-29,603237,test,0.06438422122145254,0.0006791888243990275,2020-04-03,2025-08-08,0.0020301613500540772
2025-08-29,603335,test,0.0520068258738951,0.004590091124185277,2020-04-03,2025-08-08,-0.0009983189990542376
2025-08-29,603341,test,-0.05305499980521583,0.00724879981485522,2020-04-03,2025-08-08,0.0020301613500540772
2025-08-29,603658,test,0.0210260458910892,0.004557507444617003,2020-04-03,2025-08-08,0.0020301613500540772
2025-08-29,605090,test,0.14807006442506215,0.0028808430360410214,2020-04-03,2025-08-08,-0.0009983189990542376
2025-08-29,605589,test,-0.04192508776548304,-0.006698125980035819,2020-04-03,2025-08-08,0.0020301613500540772
2025-08-29,688031,test,-0.08706183708996235,-0.010745507769956015,2020-04-03,2025-08-08,-0.00872052494170526
2025-08-29,688045,test,-0.02606855335973873,-0.007155438686573423,2020-04-03,2025-08-08,-0.017112255366625764
2025-08-29,688133,test,-0.02551730787604661,0.004895811265404342,2020-04-03,2025-08-08,-0.0009983189990542376
2025-08-29,688147,test,-0.07237104741651507,-0.013266208388198447,2020-04-03,2025-08-08,-0.00872052494170526
2025-08-29,688528,test,0.04460304684995525,0.004446826698813366,2020-04-03,2025-08-08,-0.0009983189990542376
2025-09-01,600025,test,0.054694058187209446,-0.0003706794189055559,2020-04-03,2025-08-08,0.0020301613500540772
2025-09-01,600051,test,0.021258002253096306,0.0027313995577397314,2020-04-03,2025-08-08,-0.0009983189990542376
2025-09-01,600127,test,-0.001125352097471069,0.0066807387477449,2020-04-03,2025-08-08,0.0020301613500540772
2025-09-01,600153,test,-0.030757669465637474,-0.0009313464703549228,2020-04-03,2025-08-08,0.0020301613500540772
2025-09-01,600548,test,0.006024083218315754,0.006545141517698867,2020-04-03,2025-08-08,0.0020301613500540772
2025-09-01,600865,test,0.040237464494703376,-0.010148044091796165,2020-04-03,2025-08-08,0.0020301613500540772
2025-09-01,600967,test,-0.23120704747885118,-0.007081105555822082,2020-04-03,2025-08-08,0.0014705411363991083
2025-09-01,601222,test,0.039738710706545374,0.003612333537817442,2020-04-03,2025-08-08,0.0020301613500540772
2025-09-01,603237,test,0.04627407873754234,0.00303915686125286,2020-04-03,2025-08-08,0.0020301613500540772
2025-09-01,603335,test,0.03550468453256543,0.0012368408021196373,2020-04-03,2025-08-08,-0.0009983189990542376
2025-09-01,603341,test,-0.033165466454658746,0.006103594106048538,2020-04-03,2025-08-08,0.0020301613500540772
2025-09-01,603658,test,0.03217215421858503,0.004188103697933049,2020-04-03,2025-08-08,0.0020301613500540772
2025-09-01,605090,test,0.09167328636389198,-0.005422623030247649,2020-04-03,2025-08-08,0.0020301613500540772
2025-09-01,605589,test,-0.02781396828025047,0.0008004812508848937,2020-04-03,2025-08-08,0.0020301613500540772
2025-09-01,688031,test,-0.08197105911610032,-0.0034849186925415407,2020-04-03,2025-08-08,0.0020301613500540772
2025-09-01,688045,test,-0.05635979848691959,0.0008737985789374864,2020-04-03,2025-08-08,0.0014705411363991083
2025-09-01,688133,test,0.0026932037758792687,0.0026641708479594422,2020-04-03,2025-08-08,-0.0009983189990542376
2025-09-01,688147,test,0.03751309973928933,-0.014304071093345624,2020-04-03,2025-08-08,-0.00872052494170526
2025-09-01,688528,test,0.05461753515226524,0.002055844335673122,2020-04-03,2025-08-08,-0.0009983189990542376
2025-09-02,600025,test,0.010498348994833134,-0.004108255154495537,2020-04-03,2025-08-08,0.0020301613500540772
2025-09-02,600051,test,0.013102317925866008,0.0017708748284551404,2020-04-03,2025-08-08,-0.0009983189990542376
2025-09-02,600127,test,-0.013567134893620953,0.0012299356387034026,2020-04-03,2025-08-08,0.0020301613500540772
2025-09-02,600153,test,0.014933517542722968,0.006253184963628266,2020-04-03,2025-08-08,-0.0009983189990542376
2025-09-02,600548,test,-0.008230040932426092,0.0055034436689365245,2020-04-03,2025-08-08,0.0020301613500540772
2025-09-02,600865,test,0.06622592309027063,-0.009418338599012265,2020-04-03,2025-08-08,-0.00872052494170526
2025-09-02,600967,test,-0.23795273003392495,-0.01285966466982903,2020-04-03,2025-08-08,0.0014705411363991083
2025-09-02,601222,test,0.05930182045126785,0.002683839970080788,2020-04-03,2025-08-08,0.0020301613500540772
2025-09-02,603237,test,0.044070560210508244,0.004120522190860152,2020-04-03,2025-08-08,0.0020301613500540772
2025-09-02,603335,test,0.04384208565893098,-0.0003194530469768389,2020-04-03,2025-08-08,-0.0009983189990542376
2025-09-02,603341,test,0.014073658454606158,0.00658224247818792,2020-04-03,2025-08-08,0.0020301613500540772
2025-09-02,603658,test,0.024072506991309677,0.002910168756067855,2020-04-03,2025-08-08,0.0020301613500540772
2025-09-02,605090,test,0.057271080554344586,-0.002728801476105526,2020-04-03,2025-08-08,0.0020301613500540772
2025-09-02,605589,test,-0.023350219236106046,0.001964122092494031,2020-04-03,2025-08-08,0.0020301613500540772
2025-09-02,688031,test,-0.16547174186131322,-0.005896442719845584,2020-04-03,2025-08-08,0.0020301613500540772
2025-09-02,688045,test,-0.029498842082614458,-0.0008044326899670394,2020-04-03,2025-08-08,0.0014705411363991083
2025-09-02,688133,test,-0.028952630792844398,0.005279954830984432,2020-04-03,2025-08-08,-0.0009983189990542376
2025-09-02,688147,test,0.12153539233343523,-0.0030788004733216545,2020-04-03,2025-08-08,-0.017112255366625764
2025-09-02,688528,test,0.03809612762475466,-0.00029528510004861723,2020-04-03,2025-08-08,-0.0009983189990542376
2025-09-03,600025,test,0.0009414581307516795,-0.0014650981981050902,2020-04-03,2025-08-08,0.0020301613500540772
2025-09-03,600051,test,0.01541379654951229,0.004462100540555431,2020-04-03,2025-08-08,-0.0009983189990542376
2025-09-03,600127,test,-0.019419999173299465,0.00029144516617642303,2020-04-03,2025-08-08,0.0020301613500540772
2025-09-03,600153,test,-0.008411050514151433,0.009975781300222699,2020-04-03,2025-08-08,-0.0009983189990542376
2025-09-03,600548,test,-0.04893365765593623,-0.0008164799710290016,2020-04-03,2025-08-08,0.0020301613500540772
2025-09-03,600865,test,0.0988357243753382,-0.01250447083122826,2020-04-03,2025-08-08,-0.00872052494170526
2025-09-03,600967,test,-0.17424361387729198,0.004052694073168555,2020-04-03,2025-08-08,0.0014705411363991083
2025-09-03,601222,test,0.017388145327841983,0.004445720536571977,2020-04-03,2025-08-08,0.0020301613500540772
2025-09-03,603237,test,0.07273485410928031,-0.002394898585624663,2020-04-03,2025-08-08,0.0020301613500540772
2025-09-03,603335,test,0.10658642655329591,-0.0010557927198377474,2020-04-03,2025-08-08,-0.0009983189990542376
2025-09-03,603341,test,-0.015189887540492511,0.005612622629155168,2020-04-03,2025-08-08,0.0020301613500540772
2025-09-03,603658,test,-0.0135033535123696,-0.00086048005547333,2020-04-03,2025-08-08,0.0020301613500540772
2025-09-03,605090,test,0.018637801042396027,-0.013089076487417941,2020-04-03,2025-08-08,-0.00872052494170526
2025-09-03,605589,test,-0.03261706078511657,0.004310164892283792,2020-04-03,2025-08-08,0.0020301613500540772
2025-09-03,688031,test,-0.11644320478021837,-0.00019884132932562634,2020-04-03,2025-08-08,0.0020301613500540772
2025-09-03,688045,test,-0.05558348930576791,-0.005558323044240889,2020-04-03,2025-08-08,0.0014705411363991083
2025-09-03,688133,test,-0.02363405968516781,0.008989607021483718,2020-04-03,2025-08-08,-0.0009983189990542376
2025-09-03,688147,test,0.12707033387224903,-0.007460219323420728,2020-04-03,2025-08-08,0.0014705411363991083
2025-09-03,688528,test,0.05037083686914649,0.0020523598748820398,2020-04-03,2025-08-08,-0.0009983189990542376
2025-09-04,600025,test,-0.03031338283269438,0.0024954168332349345,2020-04-03,2025-08-08,0.0020301613500540772
2025-09-04,600051,test,-0.01766631524862374,0.0016030135111420362,2020-04-03,2025-08-08,-0.0009983189990542376
2025-09-04,600127,test,-0.038078516535945094,0.0006713202362436392,2020-04-03,2025-08-08,0.0020301613500540772
2025-09-04,600153,test,-0.0405268752183753,0.0005716467314006511,2020-04-03,2025-08-08,0.0020301613500540772
2025-09-04,600548,test,-0.08506468880663579,0.0038355012302419026,2020-04-03,2025-08-08,0.0020301613500540772
2025-09-04,600865,test,-0.044427296649494206,-0.02170801283802292,2020-04-03,2025-08-08,-0.00872052494170526
2025-09-04,600967,test,-0.08297998478910132,0.011846461099204918,2020-04-03,2025-08-08,0.0014705411363991083
2025-09-04,601222,test,-0.02884368295564301,0.003511431461576392,2020-04-03,2025-08-08,0.0020301613500540772
2025-09-04,603237,test,-0.021212556901573885,-0.0026500624013603654,2020-04-03,2025-08-08,0.0020301613500540772
2025-09-04,603335,test,0.03696217099552177,-0.0037356053425032206,2020-04-03,2025-08-08,0.0020301613500540772
2025-09-04,603341,test,0.061881374436504634,0.002555194006351308,2020-04-03,2025-08-08,-0.0009983189990542376
2025-09-04,603658,test,-0.010901487954685284,-0.0008962981521947125,2020-04-03,2025-08-08,0.0020301613500540772
2025-09-04,605090,test,0.010942757879800348,-0.005022858528720643,2020-04-03,2025-08-08,0.0020301613500540772
2025-09-04,605589,test,0.0302547442737092,0.0050281543944412435,2020-04-03,2025-08-08,0.0020301613500540772
2025-09-04,688031,test,0.09187658948954333,0.0035348402411129343,2020-04-03,2025-08-08,0.0020301613500540772
2025-09-04,688045,test,0.007605049316090719,-0.003994170492167527,2020-04-03,2025-08-08,0.0014705411363991083
2025-09-04,688133,test,-0.015834742664038746,0.004185265902345822,2020-04-03,2025-08-08,-0.0009983189990542376
2025-09-04,688147,test,0.15809952039311223,-0.0024924122863895833,2020-04-03,2025-08-08,0.0014705411363991083
2025-09-04,688528,test,0.018227323772528427,-0.0005500101171403252,2020-04-03,2025-08-08,0.0020301613500540772
2025-09-05,600025,test,-0.01805392795622236,0.003295405460929545,2020-04-03,2025-08-08,0.0020301613500540772
2025-09-05,600051,test,-0.008706584460588206,0.002774638167105768,2020-04-03,2025-08-08,0.0020301613500540772
2025-09-05,600127,test,-0.026637618943346774,0.0014093388976547645,2020-04-03,2025-08-08,0.0020301613500540772
2025-09-05,600153,test,-0.008010167962954461,0.003126943965945815,2020-04-03,2025-08-08,0.0020301613500540772
2025-09-05,600548,test,-0.07299523483738653,0.006140217517823731,2020-04-03,2025-08-08,0.0020301613500540772
2025-09-05,600865,test,-0.028562546758553697,-0.009957318286408966,2020-04-03,2025-08-08,0.0020301613500540772
2025-09-05,600967,test,-0.01643874081994041,0.01074232482419899,2020-04-03,2025-08-08,0.0014705411363991083
2025-09-05,601222,test,-0.028263106589640662,0.003673621609391092,2020-04-03,2025-08-08,0.0020301613500540772
2025-09-05,603237,test,-0.016902627055839847,0.0007160649740686138,2020-04-03,2025-08-08,0.0020301613500540772
2025-09-05,603335,test,0.018727272575390908,-0.0014429708246049117,2020-04-03,2025-08-08,0.0020301613500540772
2025-09-05,603341,test,0.08527055896196183,-0.002063545706900915,2020-04-03,2025-08-08,0.0020301613500540772
2025-09-05,603658,test,-0.012334289720165658,0.0010238123706523203,2020-04-03,2025-08-08,0.0020301613500540772
2025-09-05,605090,test,-0.0450367678262555,-0.01546362487372686,2020-04-03,2025-08-08,-0.00872052494170526
2025-09-05,605589,test,0.012717219766330601,0.0028429204924625296,2020-04-03,2025-08-08,0.0020301613500540772
2025-09-05,688031,test,0.043336464729367294,0.0013883969921239365,2020-04-03,2025-08-08,0.0020301613500540772
2025-09-05,688045,test,-0.0004983637964579117,-0.0067897021928950765,2020-04-03,2025-08-08,0.0020301613500540772
2025-09-05,688133,test,-0.02784147127079446,0.002623141673170385,2020-04-03,2025-08-08,-0.0009983189990542376
2025-09-05,688147,test,0.12722856173876745,-0.00628159484259398,2020-04-03,2025-08-08,0.0014705411363991083
2025-09-05,688528,test,0.023001370226328356,0.0010307452703996658,2020-04-03,2025-08-08,0.0020301613500540772
2025-09-08,600025,test,-0.02754931570119787,0.001979333538581195,2020-04-03,2025-09-05,0.001954552827398147
2025-09-08,600051,test,-0.016048716354042564,-7.412344772394271e-05,2020-04-03,2025-09-05,0.001954552827398147
2025-09-08,600127,test,-0.003420989247289811,0.0023050176273974217,2020-04-03,2025-09-05,0.001954552827398147
2025-09-08,600153,test,0.01300932373474731,-0.0034253981371513407,2020-04-03,2025-09-05,0.001954552827398147
2025-09-08,600548,test,-0.061016224599179075,0.005393040776618643,2020-04-03,2025-09-05,0.001954552827398147
2025-09-08,600865,test,-0.0056805950747846595,-0.004682802233386613,2020-04-03,2025-09-05,0.001954552827398147
2025-09-08,600967,test,0.0023848368710362184,0.012095519991270353,2020-04-03,2025-09-05,0.001954552827398147
2025-09-08,601222,test,-0.02186834562789383,0.003002440181881816,2020-04-03,2025-09-05,-0.0010295374324742709
2025-09-08,603237,test,-0.011175080020248555,0.000736739813905598,2020-04-03,2025-09-05,-0.0010295374324742709
2025-09-08,603335,test,0.11920896477801304,-0.0020188540010803373,2020-04-03,2025-09-05,0.001954552827398147
2025-09-08,603341,test,0.011707824787132977,0.0015756579454245217,2020-04-03,2025-09-05,0.001954552827398147
2025-09-08,603658,test,-0.04132532601848202,0.005524536256890675,2020-04-03,2025-09-05,0.001954552827398147
2025-09-08,605090,test,0.0005039491038781058,-0.006723342859506028,2020-04-03,2025-09-05,-0.0010295374324742709
2025-09-08,605589,test,-0.02091957390075158,0.0050021838321228146,2020-04-03,2025-09-05,0.001954552827398147
2025-09-08,688031,test,0.03687740712431767,0.004757738355113852,2020-04-03,2025-09-05,0.001954552827398147
2025-09-08,688045,test,0.025991508720840467,-0.00018953122183204552,2020-04-03,2025-09-05,0.001954552827398147
2025-09-08,688133,test,-0.03551751304997483,-0.0009368278604325328,2020-04-03,2025-09-05,0.001954552827398147
2025-09-08,688147,test,0.03058769631270833,-0.022720865177156664,2020-04-03,2025-09-05,-0.002126904799701482
2025-09-08,688528,test,0.0042501681611706605,-0.0027979092794723475,2020-04-03,2025-09-05,-0.0010295374324742709
2025-09-09,600025,test,-0.04358477217887876,0.00342797444255652,2020-04-03,2025-09-05,0.001954552827398147
2025-09-09,600051,test,-0.01435473621544888,0.0009637762536209001,2020-04-03,2025-09-05,0.001954552827398147
2025-09-09,600127,test,-0.013518238825795358,-6.843880079701917e-05,2020-04-03,2025-09-05,0.001954552827398147
2025-09-09,600153,test,-0.007552015127013499,-0.004560508745640572,2020-04-03,2025-09-05,0.001954552827398147
2025-09-09,600548,test,-0.0770277978282958,0.005794515372093028,2020-04-03,2025-09-05,0.001954552827398147
2025-09-09,600865,test,-0.08339665465880394,-0.006801761658831332,2020-04-03,2025-09-05,-0.023909605589270175
2025-09-09,600967,test,-0.0016527127308956988,0.013659462394500565,2020-04-03,2025-09-05,0.001954552827398147
2025-09-09,601222,test,-0.052150576365625666,0.004288483111215909,2020-04-03,2025-09-05,0.001954552827398147
2025-09-09,603237,test,-0.03514664272164122,0.00620288255966146,2020-04-03,2025-09-05,0.001954552827398147
2025-09-09,603335,test,0.10146062947885151,-0.004152680379790907,2020-04-03,2025-09-05,-0.0010295374324742709
2025-09-09,603341,test,0.08072654408015048,-0.0037988404118064886,2020-04-03,2025-09-05,-0.0010295374324742709
2025-09-09,603658,test,-0.05224065981565803,0.005840521886626451,2020-04-03,2025-09-05,0.001954552827398147
2025-09-09,605090,test,-0.006792526918499263,-0.0021059835248627805,2020-04-03,2025-09-05,0.001954552827398147
2025-09-09,605589,test,-0.014702528065307773,0.0015559510054949143,2020-04-03,2025-09-05,0.001954552827398147
2025-09-09,688031,test,0.15529123130607894,0.00674411775283606,2020-04-03,2025-09-05,0.001954552827398147
2025-09-09,688045,test,0.059817227652065354,-0.002039152049899934,2020-04-03,2025-09-05,0.001954552827398147
2025-09-09,688133,test,-0.00823228723585697,-0.00039545232512445613,2020-04-03,2025-09-05,0.001954552827398147
2025-09-09,688147,test,0.004065872567429109,-0.02453445299313002,2020-04-03,2025-09-05,-0.007535478689321902
2025-09-09,688528,test,0.008990643603145422,-0.001217859787257215,2020-04-03,2025-09-05,-0.0010295374324742709
2025-09-10,600025,test,-0.04105884912824468,0.002296820773080583,2020-04-03,2025-09-05,0.001954552827398147
2025-09-10,600051,test,-0.02453364410444462,0.002993290020254974,2020-04-03,2025-09-05,0.001954552827398147
2025-09-10,600127,test,-0.01852078903498592,-0.00037438286666218227,2020-04-03,2025-09-05,0.001954552827398147
2025-09-10,600153,test,0.012731951751021785,-0.004626501614836266,2020-04-03,2025-09-05,0.001954552827398147
2025-09-10,600548,test,-0.05438716082727683,-0.0029095647966723166,2020-04-03,2025-09-05,0.001954552827398147
2025-09-10,600865,test,-0.10266604441490126,-0.0022466927029665498,2020-04-03,2025-09-05,-0.007535478689321902
2025-09-10,600967,test,0.005131680811368132,0.006821323688337552,2020-04-03,2025-09-05,0.001954552827398147
2025-09-10,601222,test,-0.02886518754865223,0.0034765692608496714,2020-04-03,2025-09-05,0.001954552827398147
2025-09-10,603237,test,-0.07368000135140476,0.0018374038364703253,2020-04-03,2025-09-05,-0.0010295374324742709
2025-09-10,603335,test,0.03907918183339639,-0.004314658029189964,2020-04-03,2025-09-05,-0.023909605589270175
2025-09-10,603341,test,0.07507333544735958,-0.0038624112019260614,2020-04-03,2025-09-05,0.001954552827398147
2025-09-10,603658,test,-0.036427803119087256,0.0025032598322647006,2020-04-03,2025-09-05,0.001954552827398147
2025-09-10,605090,test,-0.0275495747147149,0.004649174902092342,2020-04-03,2025-09-05,0.001954552827398147
2025-09-10,605589,test,0.01627722234685499,0.003915248974327675,2020-04-03,2025-09-05,0.001954552827398147
2025-09-10,688031,test,0.11300172238117431,0.0021428408355181013,2020-04-03,2025-09-05,0.001954552827398147
2025-09-10,688045,test,0.07565945565175156,-0.0028592896496423322,2020-04-03,2025-09-05,0.001954552827398147
2025-09-10,688133,test,-0.021955228222802638,0.001600214087301576,2020-04-03,2025-09-05,0.001954552827398147
2025-09-10,688147,test,0.05741879413779057,-0.013829349087160207,2020-04-03,2025-09-05,0.003318236531776148
2025-09-10,688528,test,0.03527093810579781,0.0015892578400234147,2020-04-03,2025-09-05,-0.0010295374324742709
2025-09-11,600025,test,-0.025938323874755448,0.005088138398009757,2020-04-03,2025-09-05,0.001954552827398147
2025-09-11,600051,test,-0.024002419996094954,0.0046247797686619465,2020-04-03,2025-09-05,0.001954552827398147
2025-09-11,600127,test,-0.005631841007871367,0.0035321969716626683,2020-04-03,2025-09-05,0.001954552827398147
2025-09-11,600153,test,0.004494222417005174,-0.0027759011286813315,2020-04-03,2025-09-05,0.001954552827398147
2025-09-11,600548,test,-0.02300225020599797,0.00044278879706058914,2020-04-03,2025-09-05,0.001954552827398147
2025-09-11,600865,test,-0.08571989465537141,-0.005705999162431751,2020-04-03,2025-09-05,0.003318236531776148
2025-09-11,600967,test,-0.005691417382143597,0.01042320493061558,2020-04-03,2025-09-05,0.001954552827398147
2025-09-11,601222,test,-0.019527290395220137,0.005940854151829548,2020-04-03,2025-09-05,0.001954552827398147
2025-09-11,603237,test,-0.016739766507026327,-0.0007333705513283747,2020-04-03,2025-09-05,-0.0010295374324742709
2025-09-11,603335,test,0.07024968908081189,-0.01014385816151138,2020-04-03,2025-09-05,-0.0010295374324742709
2025-09-11,603341,test,0.015854772676161893,-0.003173000970814865,2020-04-03,2025-09-05,0.001954552827398147
2025-09-11,603658,test,-0.027398827311712032,0.006859288000040413,2020-04-03,2025-09-05,0.001954552827398147
2025-09-11,605090,test,-0.025176039210160844,0.0037486545093153856,2020-04-03,2025-09-05,0.001954552827398147
2025-09-11,605589,test,0.005921039447550099,0.0057949582152198595,2020-04-03,2025-09-05,0.001954552827398147
2025-09-11,688031,test,0.049175406042153785,-0.013629014207207354,2020-04-03,2025-09-05,-0.023909605589270175
2025-09-11,688045,test,0.03279002669838263,-0.005320222605113441,2020-04-03,2025-09-05,0.001954552827398147
2025-09-11,688133,test,-0.0362445565710888,0.0023922282637423332,2020-04-03,2025-09-05,0.001954552827398147
2025-09-11,688147,test,0.043926229374426834,-0.012059891969790168,2020-04-03,2025-09-05,-0.006191461609295119
2025-09-11,688528,test,0.07266124138095056,0.003496720852185708,2020-04-03,2025-09-05,0.001954552827398147
2025-09-12,600025,test,-0.028273428387750255,0.005175072307390325,2020-04-03,2025-09-05,0.001954552827398147
2025-09-12,600051,test,-0.030905614284077332,0.0038751878698885375,2020-04-03,2025-09-05,0.001954552827398147
2025-09-12,600127,test,-0.011051720092961391,0.0020936416223473232,2020-04-03,2025-09-05,0.001954552827398147
2025-09-12,600153,test,0.008706687517477841,0.002379933282770296,2020-04-03,2025-09-05,0.001954552827398147
2025-09-12,600548,test,-0.03455931153533541,0.0019170360001338287,2020-04-03,2025-09-05,0.001954552827398147
2025-09-12,600865,test,-0.05877159207596715,0.0016632938495976428,2020-04-03,2025-09-05,0.003318236531776148
2025-09-12,600967,test,-0.01894921001533988,0.005417968105754298,2020-04-03,2025-09-05,-0.0010295374324742709
2025-09-12,601222,test,-0.02985548981344154,0.006581323307007045,2020-04-03,2025-09-05,0.001954552827398147
2025-09-12,603237,test,-0.023087614304398974,0.002342486963706475,2020-04-03,2025-09-05,0.001954552827398147
2025-09-12,603335,test,0.09430786426580275,-0.0025299658863576586,2020-04-03,2025-09-05,0.001954552827398147
2025-09-12,603341,test,-0.02832147231362535,-0.015574341241722113,2020-04-03,2025-09-05,-0.007535478689321902
2025-09-12,603658,test,-0.02544404982160552,0.006446572356512727,2020-04-03,2025-09-05,0.001954552827398147
2025-09-12,605090,test,0.06058738862810044,0.0044260924560285105,2020-04-03,2025-09-05,0.001954552827398147
2025-09-12,605589,test,0.01512699688002307,0.005138894755979672,2020-04-03,2025-09-05,-0.0010295374324742709
2025-09-12,688031,test,0.05726732107849432,-0.012029011727764789,2020-04-03,2025-09-05,-0.0010295374324742709
2025-09-12,688045,test,-0.0006493468882201475,-0.007530542494164693,2020-04-03,2025-09-05,-0.006191461609295119
2025-09-12,688133,test,-0.03916090776509572,0.002110963296458457,2020-04-03,2025-09-05,0.001954552827398147
2025-09-12,688147,test,0.06072534263921016,-0.01568179314352591,2020-04-03,2025-09-05,0.003318236531776148
2025-09-12,688528,test,0.0323081562887101,0.0025797424214251186,2020-04-03,2025-09-05,0.001954552827398147
2025-09-15,600025,test,-0.00841147289501206,0.0012266085376136018,2020-04-03,2025-09-05,0.001954552827398147
2025-09-15,600051,test,-0.029236577130254814,0.002101965814594289,2020-04-03,2025-09-05,0.001954552827398147
2025-09-15,600127,test,-0.02523681103470484,0.002551670516765027,2020-04-03,2025-09-05,0.001954552827398147
2025-09-15,600153,test,0.009191267539855809,-0.0013202996368218637,2020-04-03,2025-09-05,0.001954552827398147
2025-09-15,600548,test,-0.028615547937797046,0.0009562046881692915,2020-04-03,2025-09-05,0.001954552827398147
2025-09-15,600865,test,-0.05181034036335871,0.004055024304563102,2020-04-03,2025-09-05,0.003318236531776148
2025-09-15,600967,test,-0.00018248762812985526,0.0012161937539139768,2020-04-03,2025-09-05,0.001954552827398147
2025-09-15,601222,test,-0.0209262617674982,0.0033940787872965084,2020-04-03,2025-09-05,0.001954552827398147
2025-09-15,603237,test,-0.02409160652065153,0.005534264092538802,2020-04-03,2025-09-05,0.001954552827398147
2025-09-15,603335,test,-0.005159845236811421,-0.0030715010516171965,2020-04-03,2025-09-05,-0.007535478689321902
2025-09-15,603341,test,0.015905333335983575,-0.006350816762076146,2020-04-03,2025-09-05,-0.0010295374324742709
2025-09-15,603658,test,-0.02580903952972998,0.0015128457327236475,2020-04-03,2025-09-05,0.001954552827398147
2025-09-15,605090,test,0.012806155455737302,0.006386666867304281,2020-04-03,2025-09-05,0.001954552827398147
2025-09-15,605589,test,0.06575905336375669,0.005086640389702339,2020-04-03,2025-09-05,0.001954552827398147
2025-09-15,688031,test,0.1018986584676909,-0.004474233360177512,2020-04-03,2025-09-05,-0.0010295374324742709
2025-09-15,688045,test,0.008972039649790799,-0.005416078517269183,2020-04-03,2025-09-05,-0.0010295374324742709
2025-09-15,688133,test,-0.01642960744079932,0.0019070600366216097,2020-04-03,2025-09-05,0.001954552827398147
2025-09-15,688147,test,-0.005335339202285093,-0.019962038652260726,2020-04-03,2025-09-05,-0.023909605589270175
2025-09-15,688528,test,0.0267124288742178,0.003468298559881295,2020-04-03,2025-09-05,0.001954552827398147
2025-09-16,600025,test,0.02263951212553478,0.0023643201307685584,2020-04-03,2025-09-05,0.001954552827398147
2025-09-16,600051,test,-0.03542035921379044,0.002725003996942907,2020-04-03,2025-09-05,0.001954552827398147
2025-09-16,600127,test,-0.02075690138376612,0.0004290415482287747,2020-04-03,2025-09-05,0.001954552827398147
2025-09-16,600153,test,-0.01833664903390891,-0.004014770502419066,2020-04-03,2025-09-05,-0.0010295374324742709
2025-09-16,600548,test,0.00668535759617345,0.0005990152295124759,2020-04-03,2025-09-05,0.001954552827398147
2025-09-16,600865,test,-0.05426675393191699,0.002429612115024516,2020-04-03,2025-09-05,0.001954552827398147
2025-09-16,600967,test,0.0009333045517107598,-0.0035030730790490453,2020-04-03,2025-09-05,0.001954552827398147
2025-09-16,601222,test,-0.005779099341300217,0.005232630923380504,2020-04-03,2025-09-05,0.001954552827398147
2025-09-16,603237,test,-0.023694367371001997,0.005741767838336213,2020-04-03,2025-09-05,0.001954552827398147
2025-09-16,603335,test,-0.028033495803447103,-0.010268160213271295,2020-04-03,2025-09-05,-0.023909605589270175
2025-09-16,603341,test,-0.03548832816557329,-0.0037976382008538985,2020-04-03,2025-09-05,-0.007535478689321902
2025-09-16,603658,test,-0.01940922923831395,0.0038352108456116236,2020-04-03,2025-09-05,0.001954552827398147
2025-09-16,605090,test,0.06370673134971055,0.005372898376807578,2020-04-03,2025-09-05,0.001954552827398147
2025-09-16,605589,test,0.05422466882110205,0.00530422660369146,2020-04-03,2025-09-05,0.001954552827398147
2025-09-16,688031,test,0.05449906381802044,-0.00029917177516650497,2020-04-03,2025-09-05,0.001954552827398147
2025-09-16,688045,test,-0.010986329818319093,-0.0058437524213668345,2020-04-03,2025-09-05,-0.0010295374324742709
2025-09-16,688133,test,-0.031190393906832366,0.0011132754656967756,2020-04-03,2025-09-05,0.001954552827398147
2025-09-16,688147,test,0.07204185662503954,-0.011814468985468257,2020-04-03,2025-09-05,-0.007535478689321902
2025-09-16,688528,test,0.008631412320878887,0.0031965862050585742,2020-04-03,2025-09-05,-0.0010295374324742709
2025-09-17,600025,test,0.0018641130861657067,0.004417010399720932,2020-04-03,2025-09-05,0.001954552827398147
2025-09-17,600051,test,-0.0346915468644207,0.004967104998596764,2020-04-03,2025-09-05,0.001954552827398147
2025-09-17,600127,test,-0.033028361283852815,0.0019277728667043059,2020-04-03,2025-09-05,0.001954552827398147
2025-09-17,600153,test,-0.029859387559364715,-0.0017962261452610664,2020-04-03,2025-09-05,0.001954552827398147
2025-09-17,600548,test,-0.007027227993077569,-0.0019714493720791432,2020-04-03,2025-09-05,0.001954552827398147
2025-09-17,600865,test,-0.058748680550827416,0.0021800006159472555,2020-04-03,2025-09-05,0.001954552827398147
2025-09-17,600967,test,-0.029431238981694675,-0.0016604412086200998,2020-04-03,2025-09-05,0.001954552827398147
2025-09-17,601222,test,-0.016722821644767606,0.00713337574516496,2020-04-03,2025-09-05,0.001954552827398147
2025-09-17,603237,test,-0.026613788508575466,0.003065284198502895,2020-04-03,2025-09-05,0.001954552827398147
2025-09-17,603335,test,-0.003779827337900312,-0.008563062991064775,2020-04-03,2025-09-05,-0.023909605589270175
2025-09-17,603341,test,-0.025911574093450053,-0.002583700132305405,2020-04-03,2025-09-05,0.001954552827398147
2025-09-17,603658,test,-0.02124477569202824,0.004290008141067974,2020-04-03,2025-09-05,0.001954552827398147
2025-09-17,605090,test,0.05776812624558499,0.006440907956615535,2020-04-03,2025-09-05,0.001954552827398147
2025-09-17,605589,test,0.01745799453575344,0.004755707216905273,2020-04-03,2025-09-05,0.001954552827398147
2025-09-17,688031,test,0.06246258729519124,-0.00722268601473722,2020-04-03,2025-09-05,0.001954552827398147
2025-09-17,688045,test,0.006622515417383644,-0.007627064138621068,2020-04-03,2025-09-05,-0.0010295374324742709
2025-09-17,688133,test,-0.03176254584903363,0.0013608153244032098,2020-04-03,2025-09-05,0.001954552827398147
2025-09-17,688147,test,0.1786905061457594,-0.01512740070381196,2020-04-03,2025-09-05,-0.023909605589270175
2025-09-17,688528,test,-0.006044066366845215,0.004816597344336685,2020-04-03,2025-09-05,-0.0010295374324742709
2025-09-18,600025,test,0.009706689403806116,0.002856399154888894,2020-04-03,2025-09-05,0.001954552827398147
2025-09-18,600051,test,-0.026376623589441178,0.005758193718132498,2020-04-03,2025-09-05,0.001954552827398147
2025-09-18,600127,test,-0.029251751115258823,0.00033892603571814814,2020-04-03,2025-09-05,0.001954552827398147
2025-09-18,600153,test,-0.028915675968856386,-0.0008725078512875437,2020-04-03,2025-09-05,0.001954552827398147
2025-09-18,600548,test,-0.002115395636062807,-0.0030949881664141875,2020-04-03,2025-09-05,0.001954552827398147
2025-09-18,600865,test,-0.036105462617496614,0.0048204548537645235,2020-04-03,2025-09-05,0.001954552827398147
2025-09-18,600967,test,-0.03159329515694756,0.0008410875933344453,2020-04-03,2025-09-05,0.001954552827398147
2025-09-18,601222,test,-0.010060699451437312,0.008381111382213789,2020-04-03,2025-09-05,0.001954552827398147
2025-09-18,603237,test,-0.06042825191922621,0.0045286082978429265,2020-04-03,2025-09-05,0.001954552827398147
2025-09-18,603335,test,-0.0018333432759325711,0.0007017494571633436,2020-04-03,2025-09-05,0.001954552827398147
2025-09-18,603341,test,0.028881911633202723,-0.0032541785017888656,2020-04-03,2025-09-05,-0.0010295374324742709
2025-09-18,603658,test,-0.022807674031027486,0.0044734113725325665,2020-04-03,2025-09-05,0.001954552827398147
2025-09-18,605090,test,0.049109630897658046,0.009851169895912757,2020-04-03,2025-09-05,0.001954552827398147
2025-09-18,605589,test,-0.0010183251952174137,0.0004893074143082376,2020-04-03,2025-09-05,-0.0010295374324742709
2025-09-18,688031,test,-0.004239998257874496,-0.020646583466428375,2020-04-03,2025-09-05,-0.023909605589270175
2025-09-18,688045,test,0.009395041565862875,-0.006619424710118737,2020-04-03,2025-09-05,0.001954552827398147
2025-09-18,688133,test,0.03178682580619316,0.004688392224594736,2020-04-03,2025-09-05,0.001954552827398147
2025-09-18,688147,test,0.15508984266511047,-0.007941473716242493,2020-04-03,2025-09-05,0.003318236531776148
2025-09-18,688528,test,-0.029223445757054517,-0.006497100886661603,2020-04-03,2025-09-05,-0.007535478689321902
2025-09-19,600025,test,0.04019877583190274,0.0006842469737768325,2020-04-03,2025-09-05,0.001954552827398147
2025-09-19,600051,test,-0.003540193740063471,0.003475279617495317,2020-04-03,2025-09-05,0.001954552827398147
2025-09-19,600127,test,-0.025706389376767218,-0.0020358232806008195,2020-04-03,2025-09-05,0.001954552827398147
2025-09-19,600153,test,-0.06165737602715154,0.0020311909998591603,2020-04-03,2025-09-05,0.001954552827398147
2025-09-19,600548,test,0.01943104160889548,-0.0025624504744050794,2020-04-03,2025-09-05,0.001954552827398147
2025-09-19,600865,test,-0.02449977534429309,0.0023729191730654455,2020-04-03,2025-09-05,0.001954552827398147
2025-09-19,600967,test,-0.057938409639630754,-0.004257748916421364,2020-04-03,2025-09-05,-0.0010295374324742709
2025-09-19,601222,test,0.00871756374781347,0.003020664036342278,2020-04-03,2025-09-05,0.001954552827398147
2025-09-19,603237,test,-0.03237659073456694,0.0029936532378823126,2020-04-03,2025-09-05,0.001954552827398147
2025-09-19,603335,test,0.08965970287998644,0.002794821734603254,2020-04-03,2025-09-05,0.001954552827398147
2025-09-19,603341,test,0.015478808681910048,0.003674965332248833,2020-04-03,2025-09-05,0.001954552827398147
2025-09-19,603658,test,-0.019837950375736706,0.002183635063092172,2020-04-03,2025-09-05,0.001954552827398147
2025-09-19,605090,test,-0.0509790462979574,-0.006751948421842373,2020-04-03,2025-09-05,-0.023909605589270175
2025-09-19,605589,test,-0.046095876471310686,0.0023936991645224985,2020-04-03,2025-09-05,-0.0010295374324742709
2025-09-19,688031,test,-0.019492071953137007,-0.007840389870224196,2020-04-03,2025-09-05,-0.007535478689321902
2025-09-19,688045,test,0.03079488184442509,-0.0031054176819944415,2020-04-03,2025-09-05,0.001954552827398147
2025-09-19,688133,test,0.025770945188818235,0.004381122609565777,2020-04-03,2025-09-05,0.001954552827398147
2025-09-19,688147,test,0.11585025190696359,-0.006519785267041239,2020-04-03,2025-09-05,-0.006191461609295119
2025-09-19,688528,test,-0.003778291730100294,0.0018699200715406707,2020-04-03,2025-09-05,-0.0010295374324742709
2025-09-22,600025,test,0.0245055946357114,0.0016595944437593534,2020-04-03,2025-09-05,0.001954552827398147
2025-09-22,600051,test,0.004519644028970602,0.004865613463103667,2020-04-03,2025-09-05,0.001954552827398147
2025-09-22,600127,test,-0.02878755137075322,-0.002991063017769602,2020-04-03,2025-09-05,0.001954552827398147
2025-09-22,600153,test,-0.05598547377128387,0.0027506838525618122,2020-04-03,2025-09-05,0.001954552827398147
2025-09-22,600548,test,0.03426058887993861,-0.004374613987630738,2020-04-03,2025-09-05,0.001954552827398147
2025-09-22,600865,test,-0.02379620386088426,0.002716551188366262,2020-04-03,2025-09-05,0.001954552827398147
2025-09-22,600967,test,-0.06077016276649932,-0.002439044451280689,2020-04-03,2025-09-05,0.001954552827398147
2025-09-22,601222,test,-0.0064752438324372965,0.003968817115975338,2020-04-03,2025-09-05,0.001954552827398147
2025-09-22,603237,test,-0.023668256586740148,0.0027650784037640103,2020-04-03,2025-09-05,0.001954552827398147
2025-09-22,603335,test,0.03511401133657872,0.003764922329474686,2020-04-03,2025-09-05,0.001954552827398147
2025-09-22,603341,test,0.029086085784393596,-9.245166780595546e-05,2020-04-03,2025-09-05,0.001954552827398147
2025-09-22,603658,test,-0.024696536654053074,0.0007858310832691342,2020-04-03,2025-09-05,0.001954552827398147
2025-09-22,605090,test,-0.0022471109509138356,-0.003345740947339142,2020-04-03,2025-09-05,0.003318236531776148
2025-09-22,605589,test,-0.058227499053274116,-0.002892424867946906,2020-04-03,2025-09-05,-0.007535478689321902
2025-09-22,688031,test,-0.05007303111990207,-0.013111846733485803,2020-04-03,2025-09-05,-0.023909605589270175
2025-09-22,688045,test,0.0035741233631894718,-0.0018706224782825299,2020-04-03,2025-09-05,0.001954552827398147
2025-09-22,688133,test,-0.0019402367116926802,0.006375643496295046,2020-04-03,2025-09-05,0.001954552827398147
2025-09-22,688147,test,0.174960007730165,-0.002600491027906446,2020-04-03,2025-09-05,-0.006191461609295119
2025-09-22,688528,test,0.030647250919486453,0.0028681179043435374,2020-04-03,2025-09-05,0.001954552827398147
2025-09-23,600025,test,-0.007173804897444194,-0.00126316047197227,2020-04-03,2025-09-05,-0.0010295374324742709
2025-09-23,600051,test,-0.007366855090494465,0.0003378711369723109,2020-04-03,2025-09-05,0.001954552827398147
2025-09-23,600127,test,-0.03029692802056734,-0.0021013948574868917,2020-04-03,2025-09-05,0.001954552827398147
2025-09-23,600153,test,-0.0473320118849196,-0.0013193548106782264,2020-04-03,2025-09-05,0.001954552827398147
2025-09-23,600548,test,-0.014524274633234871,-0.004231304466586925,2020-04-03,2025-09-05,0.001954552827398147
2025-09-23,600865,test,-0.02772476270750264,0.002920064225177501,2020-04-03,2025-09-05,0.001954552827398147
2025-09-23,600967,test,-0.034094843583188886,-0.0014589171447441725,2020-04-03,2025-09-05,0.001954552827398147
2025-09-23,601222,test,-0.006843383290426733,-0.0006625447667164885,2020-04-03,2025-09-05,0.001954552827398147
2025-09-23,603237,test,-0.03841081113445029,0.0077734704588388595,2020-04-03,2025-09-05,0.001954552827398147
2025-09-23,603335,test,-0.0023869758148403336,0.005549861047012869,2020-04-03,2025-09-05,0.001954552827398147
2025-09-23,603341,test,0.04623256900165111,0.004024194716648404,2020-04-03,2025-09-05,0.001954552827398147
2025-09-23,603658,test,-0.03057795771336176,-0.00023613215093037693,2020-04-03,2025-09-05,0.001954552827398147
2025-09-23,605090,test,0.029794747420512843,0.00025501782717620054,2020-04-03,2025-09-05,-0.007535478689321902
2025-09-23,605589,test,0.01622461665083856,-0.004163218455552424,2020-04-03,2025-09-05,0.001954552827398147
2025-09-23,688031,test,-0.04175687032546445,-0.0011783661365206294,2020-04-03,2025-09-05,-0.023909605589270175
2025-09-23,688045,test,0.012517659680130341,-0.0028592187865648846,2020-04-03,2025-09-05,0.001954552827398147
2025-09-23,688133,test,0.033969628612401534,0.003073483072242841,2020-04-03,2025-09-05,0.001954552827398147
2025-09-23,688147,test,0.1521627055260228,-0.01146643517526751,2020-04-03,2025-09-05,-0.007535478689321902
2025-09-23,688528,test,-0.0024124477956615903,0.005808638840416861,2020-04-03,2025-09-05,0.001954552827398147
2025-09-24,600025,test,0.022243053200870826,-0.0015603341532158836,2020-04-03,2025-09-05,0.001954552827398147
2025-09-24,600051,test,-0.014027564702769451,0.005474288870402989,2020-04-03,2025-09-05,0.001954552827398147
2025-09-24,600127,test,-0.0067566566730854535,-0.00171052982836564,2020-04-03,2025-09-05,0.001954552827398147
2025-09-24,600153,test,-0.04418000504749243,0.005278375411247237,2020-04-03,2025-09-05,0.001954552827398147
2025-09-24,600548,test,-0.010227219267965998,-0.002996977323561011,2020-04-03,2025-09-05,0.001954552827398147
2025-09-24,600865,test,-0.035624512515823,-0.0032714784365688193,2020-04-03,2025-09-05,0.001954552827398147
2025-09-24,600967,test,-0.01654494306903976,0.00022981482878218183,2020-04-03,2025-09-05,0.001954552827398147
2025-09-24,601222,test,0.015512638775449167,0.0022440298462676794,2020-04-03,2025-09-05,0.001954552827398147
2025-09-24,603237,test,-0.04281915299014639,0.0011773062500579318,2020-04-03,2025-09-05,0.001954552827398147
2025-09-24,603335,test,-0.05015135829189488,0.00412961134102735,2020-04-03,2025-09-05,-0.006191461609295119
2025-09-24,603341,test,0.12645974469038546,0.004165896216700696,2020-04-03,2025-09-05,0.001954552827398147
2025-09-24,603658,test,-0.028760558047535086,0.0023680254578506803,2020-04-03,2025-09-05,0.001954552827398147
2025-09-24,605090,test,0.06232196238965559,0.004086728937990374,2020-04-03,2025-09-05,0.003318236531776148
2025-09-24,605589,test,0.023773341736692093,0.0030712470119324984,2020-04-03,2025-09-05,0.001954552827398147
2025-09-24,688031,test,-0.046364590776246224,0.0015551223238691953,2020-04-03,2025-09-05,0.001954552827398147
2025-09-24,688045,test,-0.0010984049084024113,0.0008485910838118207,2020-04-03,2025-09-05,-0.0010295374324742709
2025-09-24,688133,test,0.06234432670434175,0.005118790123598821,2020-04-03,2025-09-05,0.001954552827398147
2025-09-24,688147,test,0.009149006647940045,-0.03493314689597331,2020-04-03,2025-09-05,-0.002126904799701482
2025-09-24,688528,test,-0.025249107854933846,0.003527193035610297,2020-04-03,2025-09-05,0.001954552827398147
2025-09-25,600025,test,0.04332584654565885,9.663675047165093e-05,2020-04-03,2025-09-05,0.001954552827398147
2025-09-25,600051,test,0.01677238719486962,0.0001793240633856881,2020-04-03,2025-09-05,0.001954552827398147
2025-09-25,600127,test,0.012144179441661795,-0.001208741619564101,2020-04-03,2025-09-05,0.001954552827398147
2025-09-25,600153,test,-0.01528829754571115,0.0025387101534209335,2020-04-03,2025-09-05,0.001954552827398147
2025-09-25,600548,test,0.007791495109200075,-0.0023276794619981147,2020-04-03,2025-09-05,-0.0010295374324742709
2025-09-25,600865,test,-0.023383877964730515,-0.0029541550401536165,2020-04-03,2025-09-05,0.001954552827398147
2025-09-25,600967,test,0.07013143498989305,0.006197786263349051,2020-04-03,2025-09-05,0.001954552827398147
2025-09-25,601222,test,0.014429423424322851,0.0013766856652850654,2020-04-03,2025-09-05,0.001954552827398147
2025-09-25,603237,test,-0.02442079462331226,-0.0004353514100051618,2020-04-03,2025-09-05,0.001954552827398147
2025-09-25,603335,test,-0.02476664442568388,0.0021827390495408523,2020-04-03,2025-09-05,0.003318236531776148
2025-09-25,603341,test,0.023134580980388342,0.0017344179315889135,2020-04-03,2025-09-05,-0.0010295374324742709
2025-09-25,603658,test,-0.02227809329836794,0.0005312586276933204,2020-04-03,2025-09-05,0.001954552827398147
2025-09-25,605090,test,0.07192117334392589,-0.0009423514083416137,2020-04-03,2025-09-05,0.003318236531776148
2025-09-25,605589,test,0.02151218297069779,0.006409176728921059,2020-04-03,2025-09-05,0.001954552827398147
2025-09-25,688031,test,-0.12881534007785767,0.0017163185471856853,2020-04-03,2025-09-05,0.001954552827398147
2025-09-25,688045,test,-0.031210896605301408,0.003680123989873976,2020-04-03,2025-09-05,0.001954552827398147
2025-09-25,688133,test,0.00225547854172492,-0.0011098489209453504,2020-04-03,2025-09-05,-0.0010295374324742709
2025-09-25,688147,test,0.004954435409812663,-0.02365690224783516,2020-04-03,2025-09-05,-0.007535478689321902
2025-09-25,688528,test,-0.018208673411191034,0.004794406439591967,2020-04-03,2025-09-05,0.001954552827398147
2025-09-26,600025,test,0.017905627448609563,-0.007042538787899452,2020-04-03,2025-09-05,-0.0010295374324742709
2025-09-26,600051,test,-0.004853476192847162,0.0006644292041531068,2020-04-03,2025-09-05,0.001954552827398147
2025-09-26,600127,test,0.022274492111591594,5.1521748694092736e-05,2020-04-03,2025-09-05,0.001954552827398147
2025-09-26,600153,test,0.015065760537377838,0.002892768506694411,2020-04-03,2025-09-05,0.001954552827398147
2025-09-26,600548,test,0.005818398190709162,0.0008570064462437319,2020-04-03,2025-09-05,0.001954552827398147
2025-09-26,600865,test,-0.0418934494148402,-0.0044881435437120806,2020-04-03,2025-09-05,0.001954552827398147
2025-09-26,600967,test,0.1627754074216674,0.007764352502604622,2020-04-03,2025-09-05,0.001954552827398147
2025-09-26,601222,test,-0.007914614298039534,-0.0010553502527583345,2020-04-03,2025-09-05,0.001954552827398147
2025-09-26,603237,test,-0.035665801122819155,0.0012144187859219526,2020-04-03,2025-09-05,0.001954552827398147
2025-09-26,603335,test,-0.14685435237270306,-0.010346947957620273,2020-04-03,2025-09-05,-0.023909605589270175
2025-09-26,603341,test,0.005275221794940543,0.0012428430872844698,2020-04-03,2025-09-05,-0.0010295374324742709
2025-09-26,603658,test,-0.03064428031937606,0.0013825900082799045,2020-04-03,2025-09-05,0.001954552827398147
2025-09-26,605090,test,0.09273394587275317,0.002776646466843587,2020-04-03,2025-09-05,0.001954552827398147
2025-09-26,605589,test,0.02862596358306323,0.005542321485919997,2020-04-03,2025-09-05,0.001954552827398147
2025-09-26,688031,test,-0.0797417884582632,0.00687280293828084,2020-04-03,2025-09-05,0.001954552827398147
2025-09-26,688045,test,-0.02351048027888526,0.0018397018266581415,2020-04-03,2025-09-05,0.001954552827398147
2025-09-26,688133,test,0.012460365535870366,-0.0031291583944495446,2020-04-03,2025-09-05,-0.0010295374324742709
2025-09-26,688147,test,0.021909617246241176,-0.012837423763439992,2020-04-03,2025-09-05,-0.007535478689321902
2025-09-26,688528,test,-0.013766557285050395,0.004600713793765899,2020-04-03,2025-09-05,0.001954552827398147
2025-09-29,600025,test,0.052268222662953424,-0.004504712478462947,2020-04-03,2025-09-05,-0.0010295374324742709
2025-09-29,600051,test,0.01960225849013989,-0.0005560761771278213,2020-04-03,2025-09-05,0.001954552827398147
2025-09-29,600127,test,0.05273478861062201,-0.0028394955116924927,2020-04-03,2025-09-05,0.001954552827398147
2025-09-29,600153,test,0.03568266050019012,0.004927090903877078,2020-04-03,2025-09-05,0.001954552827398147
2025-09-29,600548,test,0.02654670293458431,-0.005787208917252421,2020-04-03,2025-09-05,-0.0010295374324742709
2025-09-29,600865,test,-0.0026670946381742375,-0.003997148992915149,2020-04-03,2025-09-05,0.001954552827398147
2025-09-29,600967,test,0.14051729116987868,0.008338505549811873,2020-04-03,2025-09-05,0.001954552827398147
2025-09-29,601222,test,0.01960225849013989,-0.0006755505903937773,2020-04-03,2025-09-05,-0.0010295374324742709
2025-09-29,603237,test,-0.008566755594367335,-0.0002530625549386234,2020-04-03,2025-09-05,0.001954552827398147
2025-09-29,603335,test,-0.10809260054800282,-0.008092522814085196,2020-04-03,2025-09-05,0.003318236531776148
2025-09-29,603341,test,-0.02902802394774514,0.00015705956896157894,2020-04-03,2025-09-05,-0.0010295374324742709
2025-09-29,603658,test,-0.0020814149792477074,-0.0003329068674434619,2020-04-03,2025-09-05,0.001954552827398147
2025-09-29,605090,test,0.09790065553083041,0.0007263538282750843,2020-04-03,2025-09-05,0.001954552827398147
2025-09-29,605589,test,-0.04061615024620976,0.006481502813807497,2020-04-03,2025-09-05,0.001954552827398147
2025-09-29,688031,test,-0.11405529643187914,0.010041040110020088,2020-04-03,2025-09-05,0.001954552827398147
2025-09-29,688045,test,-0.03478830507473548,0.006099538675870335,2020-04-03,2025-09-05,0.001954552827398147
2025-09-29,688133,test,0.00563921947576599,-0.000841117426432672,2020-04-03,2025-09-05,-0.0010295374324742709
2025-09-29,688147,test,-0.08149937619358436,-0.010694859101963997,2020-04-03,2025-09-05,-0.002126904799701482
2025-09-29,688528,test,-0.0290990402111588,0.0006061240835500855,2020-04-03,2025-09-05,-0.006191461609295119
2025-09-30,600025,test,0.05625414405242225,0.0017195299404852938,2020-04-03,2025-09-05,0.001954552827398147
2025-09-30,600051,test,0.03006551786379587,-0.0014134135424075604,2020-04-03,2025-09-05,0.001954552827398147
2025-09-30,600127,test,0.0443354584495257,-0.0018521590320000583,2020-04-03,2025-09-05,0.001954552827398147
2025-09-30,600153,test,0.02226337964416249,0.0018290349661609015,2020-04-03,2025-09-05,0.001954552827398147
2025-09-30,600548,test,0.033340634706751984,-0.0007633191578352208,2020-04-03,2025-09-05,0.001954552827398147
2025-09-30,600865,test,0.025622901656473757,-0.004060118895650759,2020-04-03,2025-09-05,0.001954552827398147
2025-09-30,600967,test,0.0746173432360795,0.007361312133269094,2020-04-03,2025-09-05,0.001954552827398147
2025-09-30,601222,test,0.03184173239612399,-0.0007824742710985679,2020-04-03,2025-09-05,0.001954552827398147
2025-09-30,603237,test,0.01285097911870316,-0.000693190251754128,2020-04-03,2025-09-05,0.001954552827398147
2025-09-30,603335,test,-0.05691165590583079,-0.002836152523671486,2020-04-03,2025-09-05,0.001954552827398147
2025-09-30,603341,test,-0.017224691926414053,0.0019481439621309659,2020-04-03,2025-09-05,0.001954552827398147
2025-09-30,603658,test,0.008795716236851287,0.0002999082787654867,2020-04-03,2025-09-05,0.001954552827398147
2025-09-30,605090,test,0.024311053245105203,-0.007647655741212089,2020-04-03,2025-09-05,-0.007535478689321902
2025-09-30,605589,test,-0.08418028354636085,0.0016949579656558942,2020-04-03,2025-09-05,-0.0010295374324742709
2025-09-30,688031,test,-0.10622070256471182,0.01300594153209109,2020-04-03,2025-09-05,0.001954552827398147
2025-09-30,688045,test,-0.031837065934563355,0.0025578549847530127,2020-04-03,2025-09-05,0.001954552827398147
2025-09-30,688133,test,-0.01364328729752327,0.0041085176457600755,2020-04-03,2025-09-05,0.001954552827398147
2025-09-30,688147,test,-0.06460623274795817,-0.017694377346381178,2020-04-03,2025-09-05,-0.002126904799701482
2025-09-30,688528,test,0.010325059317367064,0.002020213454404274,2020-04-03,2025-09-05,0.001954552827398147
2025-10-09,600025,test,0.07639263759515301,0.006405467057266857,2020-04-03,2025-09-05,0.001954552827398147
2025-10-09,600051,test,0.03426167862849404,-0.0008894386232517742,2020-04-03,2025-09-05,0.001954552827398147
2025-10-09,600127,test,0.038889978685515345,-0.0008793949408925525,2020-04-03,2025-09-05,0.001954552827398147
2025-10-09,600153,test,0.04348460627650717,-0.0025324633763738435,2020-04-03,2025-09-05,0.001954552827398147
2025-10-09,600548,test,0.05962957226482156,0.0001095276629773346,2020-04-03,2025-09-05,0.001954552827398147
2025-10-09,600865,test,0.04341707991944542,-0.0022933505026365925,2020-04-03,2025-09-05,0.001954552827398147
2025-10-09,600967,test,0.08378303548944453,0.006872248149523612,2020-04-03,2025-09-05,0.001954552827398147
2025-10-09,601222,test,0.020063619072532277,0.0016490648194579613,2020-04-03,2025-09-05,0.001954552827398147
2025-10-09,603237,test,0.03728467000326173,-0.0009026626203318871,2020-04-03,2025-09-05,0.001954552827398147
2025-10-09,603335,test,-0.021356343228135857,0.004259798915031745,2020-04-03,2025-09-05,0.001954552827398147
2025-10-09,603341,test,-0.07884932293447768,-0.011869575394664728,2020-04-03,2025-09-05,-0.023909605589270175
2025-10-09,603658,test,0.01795393228836771,0.0002459452069767219,2020-04-03,2025-09-05,0.001954552827398147
2025-10-09,605090,test,-0.004496406712097292,-0.0027413217017773885,2020-04-03,2025-09-05,-0.007535478689321902
2025-10-09,605589,test,-0.12353944181968525,0.004768150103035722,2020-04-03,2025-09-05,-0.0010295374324742709
2025-10-09,688031,test,-0.09085487806129601,0.007711566169208751,2020-04-03,2025-09-05,0.001954552827398147
2025-10-09,688045,test,-0.03792458272489442,0.0011820099345901426,2020-04-03,2025-09-05,0.001954552827398147
2025-10-09,688133,test,-0.0347388187667257,0.001490106374314934,2020-04-03,2025-09-05,-0.0010295374324742709
2025-10-09,688147,test,-0.08566424974182964,-0.013996445967982815,2020-04-03,2025-09-05,-0.023909605589270175
2025-10-09,688528,test,0.022263233765599008,0.00021332283699281154,2020-04-03,2025-09-05,0.001954552827398147
2025-10-10,600025,test,0.06658161651949052,0.005836279754342109,2020-04-03,2025-09-05,-0.0010295374324742709
2025-10-10,600051,test,0.036338997751921905,0.0003475619705950008,2020-04-03,2025-09-05,0.001954552827398147
2025-10-10,600127,test,0.03868396536563141,-0.001148876003863744,2020-04-03,2025-09-05,-0.0010295374324742709
2025-10-10,600153,test,0.06100287021221091,-0.0020843290952135074,2020-04-03,2025-09-05,0.001954552827398147
2025-10-10,600548,test,0.05999195872356928,0.0031983456742233508,2020-04-03,2025-09-05,0.001954552827398147
2025-10-10,600865,test,0.048216933012962655,-0.0032389848134100874,2020-04-03,2025-09-05,0.001954552827398147
2025-10-10,600967,test,-0.018841600400097018,-0.003092309093968561,2020-04-03,2025-09-05,-0.007535478689321902
2025-10-10,601222,test,0.009934800619282598,0.0014256339871775057,2020-04-03,2025-09-05,0.001954552827398147
2025-10-10,603237,test,0.04026738879519027,-0.0008836814027587655,2020-04-03,2025-09-05,0.001954552827398147
2025-10-10,603335,test,-0.021208901552141994,0.004054482647452353,2020-04-03,2025-09-05,0.001954552827398147
2025-10-10,603341,test,-0.07237876541919691,-0.00644443100014699,2020-04-03,2025-09-05,0.003318236531776148
2025-10-10,603658,test,0.028611838180102107,-0.001503945203373723,2020-04-03,2025-09-05,0.001954552827398147
2025-10-10,605090,test,0.0008790678058222048,-0.002986200498913954,2020-04-03,2025-09-05,-0.007535478689321902
2025-10-10,605589,test,-0.1343584770482777,0.004688335101978715,2020-04-03,2025-09-05,-0.0010295374324742709
2025-10-10,688031,test,-0.03699724708296242,0.007164995877747572,2020-04-03,2025-09-05,0.001954552827398147
2025-10-10,688045,test,-0.02227663714385702,0.001152868163884072,2020-04-03,2025-09-05,0.001954552827398147
2025-10-10,688133,test,-0.02390456963042325,-0.0006449723748718152,2020-04-03,2025-09-05,-0.0010295374324742709
2025-10-10,688147,test,-0.08047471484755248,-0.009706142120668091,2020-04-03,2025-09-05,0.003318236531776148
2025-10-10,688528,test,0.019931476138324862,0.0026679225312536336,2020-04-03,2025-09-05,0.001954552827398147
2025-10-13,600025,test,0.059049194841617914,0.0054946559906443055,2020-04-03,2025-09-05,-0.0010295374324742709
2025-10-13,600051,test,0.048140103932526934,-0.0014938241970161696,2020-04-03,2025-09-05,0.001954552827398147
2025-10-13,600127,test,0.016758347003324847,-9.128912540731982e-05,2020-04-03,2025-09-05,-0.0010295374324742709
2025-10-13,600153,test,0.04129724500219295,-0.003866393566090447,2020-04-03,2025-09-05,0.001954552827398147
2025-10-13,600548,test,0.039309173431616495,0.0058618796318969215,2020-04-03,2025-09-05,-0.0010295374324742709
2025-10-13,600865,test,0.04548732193191879,-0.00601012002685901,2020-04-03,2025-09-05,0.001954552827398147
2025-10-13,600967,test,-0.10670281434322709,-0.01323061849804865,2020-04-03,2025-09-05,-0.023909605589270175
2025-10-13,601222,test,0.013060147295684221,-0.00020580971780869437,2020-04-03,2025-09-05,0.001954552827398147
2025-10-13,603237,test,0.03776714355956684,-0.0017374735781719656,2020-04-03,2025-09-05,0.001954552827398147
2025-10-13,603335,test,0.02400394597283978,-0.0016047079444813073,2020-04-03,2025-09-05,0.001954552827398147
2025-10-13,603341,test,-0.026707628979721953,-0.0004762118870437794,2020-04-03,2025-09-05,0.001954552827398147
2025-10-13,603658,test,0.02745063714931023,0.0013555768563601788,2020-04-03,2025-09-05,0.001954552827398147
2025-10-13,605090,test,-0.013247429397452437,0.0016472953035812346,2020-04-03,2025-09-05,0.001954552827398147
2025-10-13,605589,test,-0.11582926003683708,0.005698444841830043,2020-04-03,2025-09-05,0.001954552827398147
2025-10-13,688031,test,-0.054074767526948786,0.005995925469725714,2020-04-03,2025-09-05,0.001954552827398147
2025-10-13,688045,test,-0.019765584511058643,0.004460994115211175,2020-04-03,2025-09-05,0.001954552827398147
2025-10-13,688133,test,-0.0213587678027663,0.003947849266293779,2020-04-03,2025-09-05,0.001954552827398147
2025-10-13,688147,test,-0.05711248171983657,-0.008593811865583587,2020-04-03,2025-09-05,-0.006191461609295119
2025-10-13,688528,test,0.0624754741972498,0.001650193032432688,2020-04-03,2025-09-05,0.001954552827398147
2025-10-14,600025,test,0.020870328302720408,0.00456220837092552,2020-04-03,2025-10-13,-0.0010616838774566166
2025-10-14,600051,test,0.03657327614852547,-0.0006746331261277892,2020-04-03,2025-10-13,-0.0010616838774566166
2025-10-14,600127,test,-0.009741916595238808,-0.0022714655700580497,2020-04-03,2025-10-13,-0.0010616838774566166
2025-10-14,600153,test,0.004418643771341059,-0.005865973583372586,2020-04-03,2025-10-13,-0.0010616838774566166
2025-10-14,600548,test,-0.004463943336970077,-0.00031268859617057285,2020-04-03,2025-10-13,-0.0010616838774566166
2025-10-14,600865,test,0.02974632989641658,-0.004846658540881803,2020-04-03,2025-10-13,-0.0010616838774566166
2025-10-14,600967,test,-0.09817729074489866,-0.004121608272191825,2020-04-03,2025-10-13,-0.002801845028610522
2025-10-14,601222,test,-0.016143613773612054,-0.0038170171330284587,2020-04-03,2025-10-13,0.0019593176833004504
2025-10-14,603237,test,0.011476657791037582,-0.0028532276110518387,2020-04-03,2025-10-13,-0.0010616838774566166
2025-10-14,603335,test,0.0936180585735359,-0.004450135620326288,2020-04-03,2025-10-13,0.0019593176833004504
2025-10-14,603341,test,0.008051450751700119,0.003679479301915288,2020-04-03,2025-10-13,0.0019593176833004504
2025-10-14,603658,test,0.004634264124767541,-0.0011717773151662858,2020-04-03,2025-10-13,0.0019593176833004504
2025-10-14,605090,test,-0.05414046503691382,-0.0061668711336412985,2020-04-03,2025-10-13,-0.005944293121861148
2025-10-14,605589,test,-0.0732430142454542,0.007166384660928569,2020-04-03,2025-10-13,0.0019593176833004504
2025-10-14,688031,test,-0.0006992751484161557,0.010042030941019792,2020-04-03,2025-10-13,0.0019593176833004504
2025-10-14,688045,test,0.004620169195418312,0.0048578071438751735,2020-04-03,2025-10-13,0.0019593176833004504
2025-10-14,688133,test,0.008792027594682129,0.008088065910426578,2020-04-03,2025-10-13,0.0019593176833004504
2025-10-14,688147,test,-0.016141906913564086,-0.0038081343563979866,2020-04-03,2025-10-13,0.00334730004474176
2025-10-14,688528,test,0.04995021964492276,0.0007941159698584763,2020-04-03,2025-10-13,0.0019593176833004504
2025-10-15,600025,test,0.028705068787010016,0.004528015646703422,2020-04-03,2025-10-13,-0.0010616838774566166
2025-10-15,600051,test,0.04122278854740785,0.0011723143687637921,2020-04-03,2025-10-13,-0.0010616838774566166
2025-10-15,600127,test,0.009616994558610151,-0.0019240262190048122,2020-04-03,2025-10-13,-0.0010616838774566166
2025-10-15,600153,test,0.018108533611823355,-0.002618435918419098,2020-04-03,2025-10-13,-0.0010616838774566166
2025-10-15,600548,test,0.01314821615150569,0.005387050101597759,2020-04-03,2025-10-13,-0.0010616838774566166
2025-10-15,600865,test,0.01691383587457213,-0.0051271787215631335,2020-04-03,2025-10-13,-0.0010616838774566166
2025-10-15,600967,test,-0.0721000654080442,-0.001533123359402819,2020-04-03,2025-10-13,0.0019593176833004504
2025-10-15,601222,test,-0.038891526022179546,0.0030730090154719824,2020-04-03,2025-10-13,-0.0010616838774566166
2025-10-15,603237,test,0.006937830194284125,-0.0011215131973016377,2020-04-03,2025-10-13,-0.0010616838774566166
2025-10-15,603335,test,0.10186598330793445,-1.2557918400474765e-05,2020-04-03,2025-10-13,0.0019593176833004504
2025-10-15,603341,test,-0.03439868139539198,-0.0008569541127072845,2020-04-03,2025-10-13,-0.005944293121861148
2025-10-15,603658,test,0.01192138563435247,-0.0006114333883084455,2020-04-03,2025-10-13,0.0019593176833004504
2025-10-15,605090,test,-0.020628085066655973,-0.00019909566016173717,2020-04-03,2025-10-13,0.00334730004474176
2025-10-15,605589,test,-0.06628746806177327,0.0008716763006309928,2020-04-03,2025-10-13,0.0019593176833004504
2025-10-15,688031,test,-0.014769262289283932,-0.002313572971041309,2020-04-03,2025-10-13,0.0019593176833004504
2025-10-15,688045,test,-0.01899643658138211,0.0005127257722721634,2020-04-03,2025-10-13,0.0019593176833004504
2025-10-15,688133,test,0.045690849065885775,0.004808811887921822,2020-04-03,2025-10-13,0.0019593176833004504
2025-10-15,688147,test,-0.06258490195449379,-0.007136312118169459,2020-04-03,2025-10-13,-0.005944293121861148
2025-10-15,688528,test,0.03452494104581877,0.0019305019316528094,2020-04-03,2025-10-13,-0.0010616838774566166
2025-10-16,600025,test,0.011775522165143864,-0.00206696011306709,2020-04-03,2025-10-13,-0.002801845028610522
2025-10-16,600051,test,0.038468259595311624,9.518281958188832e-05,2020-04-03,2025-10-13,-0.0010616838774566166
2025-10-16,600127,test,0.007049858448330042,0.001437984578415211,2020-04-03,2025-10-13,0.0019593176833004504
2025-10-16,600153,test,0.009617106323559926,-0.003336800440088684,2020-04-03,2025-10-13,-0.0010616838774566166
2025-10-16,600548,test,0.009431099464556985,0.006115153104796074,2020-04-03,2025-10-13,-0.0010616838774566166
2025-10-16,600865,test,0.019554254710793844,-0.0031544655349779057,2020-04-03,2025-10-13,-0.0010616838774566166
2025-10-16,600967,test,-0.07979119523718971,0.007022080114263622,2020-04-03,2025-10-13,0.0019593176833004504
2025-10-16,601222,test,-0.0408094580720101,0.0023586718525657902,2020-04-03,2025-10-13,-0.0010616838774566166
2025-10-16,603237,test,0.004777259281530926,-0.0018412689941673902,2020-04-03,2025-10-13,-0.0010616838774566166
2025-10-16,603335,test,0.08485358907964201,-0.001724072569958395,2020-04-03,2025-10-13,0.0019593176833004504
2025-10-16,603341,test,-0.01914890280747363,-0.003626931915651398,2020-04-03,2025-10-13,-0.005944293121861148
2025-10-16,603658,test,0.0004921328600548773,-0.0005203271109838837,2020-04-03,2025-10-13,-0.0010616838774566166
2025-10-16,605090,test,0.008753495733425636,-0.001343135818791047,2020-04-03,2025-10-13,0.00334730004474176
2025-10-16,605589,test,-0.022931752460682592,0.005494241796653252,2020-04-03,2025-10-13,0.0019593176833004504
2025-10-16,688031,test,-0.01769456003711158,0.0004483322964245501,2020-04-03,2025-10-13,0.0019593176833004504
2025-10-16,688045,test,-0.03696547347605807,-0.001134520595788632,2020-04-03,2025-10-13,0.0019593176833004504
2025-10-16,688133,test,0.034225897477904596,0.007993677632936558,2020-04-03,2025-10-13,0.0019593176833004504
2025-10-16,688147,test,-0.0450951024722568,-0.007004897231785989,2020-04-03,2025-10-13,0.00334730004474176
2025-10-16,688528,test,0.03343796942252818,-0.006382042429841947,2020-04-03,2025-10-13,-0.0010616838774566166
2025-10-17,600025,test,-0.030284993011078308,0.0017162814268674672,2020-04-03,2025-10-13,-0.002801845028610522
2025-10-17,600051,test,-0.0015241929163923515,-0.00012556348582806374,2020-04-03,2025-10-13,-0.0010616838774566166
2025-10-17,600127,test,-0.025986203239809567,-0.002771999545250262,2020-04-03,2025-10-13,0.0019593176833004504
2025-10-17,600153,test,-0.035410045882333284,-0.005500745524412564,2020-04-03,2025-10-13,-0.0010616838774566166
2025-10-17,600548,test,-0.024604544900015034,0.005426308594646025,2020-04-03,2025-10-13,-0.0010616838774566166
2025-10-17,600865,test,-0.015529795157288882,-0.003117034583331378,2020-04-03,2025-10-13,-0.0010616838774566166
2025-10-17,600967,test,-0.0420289370410459,0.014417155659211239,2020-04-03,2025-10-13,0.0019593176833004504
2025-10-17,601222,test,-0.04785430534283438,-0.0077826044160132285,2020-04-03,2025-10-13,0.0019593176833004504
2025-10-17,603237,test,-0.028874202687742954,-0.0037299826643994284,2020-04-03,2025-10-13,-0.0010616838774566166
2025-10-17,603335,test,0.09159047230453479,-0.0030663669848507882,2020-04-03,2025-10-13,-0.0010616838774566166
2025-10-17,603341,test,0.03628303894770105,-0.001446761811983516,2020-04-03,2025-10-13,0.0019593176833004504
2025-10-17,603658,test,-0.026030341931321997,-0.0024944855680278785,2020-04-03,2025-10-13,-0.0010616838774566166
2025-10-17,605090,test,-0.016884229146453343,0.002783508263918398,2020-04-03,2025-10-13,-0.005944293121861148
2025-10-17,605589,test,0.008401205814528558,0.012551316474566053,2020-04-03,2025-10-13,0.0019593176833004504
2025-10-17,688031,test,0.007532577756126736,0.00022836133772898655,2020-04-03,2025-10-13,0.0019593176833004504
2025-10-17,688045,test,-0.001349417548202357,-0.00021919813362853774,2020-04-03,2025-10-13,0.0019593176833004504
2025-10-17,688133,test,0.031173501546007877,0.003927842082523588,2020-04-03,2025-10-13,0.0019593176833004504
2025-10-17,688147,test,0.07075433347855667,-0.0056329362823876045,2020-04-03,2025-10-13,0.00334730004474176
2025-10-17,688528,test,0.05062607895706265,-0.006333193398813967,2020-04-03,2025-10-13,0.0019593176833004504
2025-10-20,600025,test,-0.03279681338600214,-0.0010155575714533014,2020-04-03,2025-10-13,-0.002801845028610522
2025-10-20,600051,test,-0.016642052755955636,-0.0006843918704656973,2020-04-03,2025-10-13,-0.0010616838774566166
2025-10-20,600127,test,-0.02499907552838397,-0.0018337031839849788,2020-04-03,2025-10-13,-0.0010616838774566166
2025-10-20,600153,test,-0.041792601337657706,-0.0032710866291704886,2020-04-03,2025-10-13,-0.0010616838774566166
2025-10-20,600548,test,-0.014177247783479383,0.003374960884828395,2020-04-03,2025-10-13,-0.0010616838774566166
2025-10-20,600865,test,-0.0331305510553581,-0.0010355900248995007,2020-04-03,2025-10-13,-0.0010616838774566166
2025-10-20,600967,test,-0.03628334681265531,0.007820530177133427,2020-04-03,2025-10-13,0.0019593176833004504
2025-10-20,601222,test,-0.05463723961588739,-0.000956295861382325,2020-04-03,2025-10-13,0.0019593176833004504
2025-10-20,603237,test,-0.034670310167771876,-0.002140248168114174,2020-04-03,2025-10-13,-0.0010616838774566166
2025-10-20,603335,test,0.06277870224939354,-0.0067718240865772715,2020-04-03,2025-10-13,-0.0010616838774566166
2025-10-20,603341,test,0.004483420666440821,0.0032420975525269636,2020-04-03,2025-10-13,0.0019593176833004504
2025-10-20,603658,test,-0.027613454613351282,-0.002356940485607365,2020-04-03,2025-10-13,0.0019593176833004504
2025-10-20,605090,test,-0.01958408222182427,-0.0007117782910103364,2020-04-03,2025-10-13,0.00334730004474176
2025-10-20,605589,test,0.021762668086151585,0.009757637611756909,2020-04-03,2025-10-13,0.0019593176833004504
2025-10-20,688031,test,0.16449944954536222,0.00036893982812397194,2020-04-03,2025-10-13,0.0019593176833004504
2025-10-20,688045,test,-0.026379570570158148,0.00039685477861621174,2020-04-03,2025-10-13,0.0019593176833004504
2025-10-20,688133,test,0.012450802680347386,0.006606519373487706,2020-04-03,2025-10-13,0.0019593176833004504
2025-10-20,688147,test,0.10361908578013247,-0.0023796665463699375,2020-04-03,2025-10-13,0.00334730004474176
2025-10-20,688528,test,-0.0068877831593427835,-0.009580556046903596,2020-04-03,2025-10-13,-0.029743605233863185
2025-10-21,600025,test,-0.019713131913160282,0.0034457561817950017,2020-04-03,2025-10-13,0.00334730004474176
2025-10-21,600051,test,-0.010605893307262155,-0.0011796106175545598,2020-04-03,2025-10-13,-0.002801845028610522
2025-10-21,600127,test,-0.023349361662792018,0.0014328702977301434,2020-04-03,2025-10-13,0.0019593176833004504
2025-10-21,600153,test,-0.019875693489514807,-0.00011737535091612613,2020-04-03,2025-10-13,0.0019593176833004504
2025-10-21,600548,test,-0.004970557655734415,0.004838227620755035,2020-04-03,2025-10-13,0.0019593176833004504
2025-10-21,600865,test,-0.034928095032232834,-0.0010872859291390518,2020-04-03,2025-10-13,-0.0010616838774566166
2025-10-21,600967,test,0.036672312830775086,0.01139151334762523,2020-04-03,2025-10-13,0.0019593176833004504
2025-10-21,601222,test,-0.05266517514179915,0.0010306232690965665,2020-04-03,2025-10-13,0.0019593176833004504
2025-10-21,603237,test,-0.03358010439022442,0.0006432520618785795,2020-04-03,2025-10-13,0.0019593176833004504
2025-10-21,603335,test,0.02319991156510069,-0.014624090185896247,2020-04-03,2025-10-13,-0.029743605233863185
2025-10-21,603341,test,-0.007230633020825179,-0.0020046080666059974,2020-04-03,2025-10-13,0.0019593176833004504
2025-10-21,603658,test,-0.028376076602851148,-0.00031069790298434504,2020-04-03,2025-10-13,0.0019593176833004504
2025-10-21,605090,test,-0.058230519273305484,-0.0010966693920180395,2020-04-03,2025-10-13,0.00334730004474176
2025-10-21,605589,test,0.04348041647393662,0.0032488826602232843,2020-04-03,2025-10-13,0.0019593176833004504
2025-10-21,688031,test,0.17762020142017307,-0.003490672613181435,2020-04-03,2025-10-13,0.0019593176833004504
2025-10-21,688045,test,-0.04474579811973946,0.000861596554440332,2020-04-03,2025-10-13,0.0019593176833004504
2025-10-21,688133,test,-0.010473561487716294,0.00442073483556549,2020-04-03,2025-10-13,0.0019593176833004504
2025-10-21,688147,test,0.08466375250895018,-0.005358798839136491,2020-04-03,2025-10-13,0.00334730004474176
2025-10-21,688528,test,-0.01689199370177798,-0.00321374649114278,2020-04-03,2025-10-13,0.00334730004474176
2025-10-22,600025,test,-0.015410930919480384,0.0042818980748509615,2020-04-03,2025-10-13,0.00334730004474176
2025-10-22,600051,test,-0.01571246688498247,0.0032442230899358128,2020-04-03,2025-10-13,-0.0010616838774566166
2025-10-22,600127,test,-0.020934970559498403,0.0008742630868446112,2020-04-03,2025-10-13,0.0019593176833004504
2025-10-22,600153,test,-0.03415014201736273,0.0034954306667973555,2020-04-03,2025-10-13,0.0019593176833004504
2025-10-22,600548,test,-0.008617431304536918,0.007133654772261853,2020-04-03,2025-10-13,0.0019593176833004504
2025-10-22,600865,test,-0.04447897779103689,-0.001328306544696991,2020-04-03,2025-10-13,0.0019593176833004504
2025-10-22,600967,test,0.036748714739912744,0.00972086280056399,2020-04-03,2025-10-13,0.0019593176833004504
2025-10-22,601222,test,-0.017270506368718477,-0.00017226416341935882,2020-04-03,2025-10-13,0.0019593176833004504
2025-10-22,603237,test,-0.03503337471655006,0.0007344931398172154,2020-04-03,2025-10-13,0.0019593176833004504
2025-10-22,603335,test,-0.017312213100880117,-0.015071510898691912,2020-04-03,2025-10-13,-0.002801845028610522
2025-10-22,603341,test,0.031242887879703016,-0.0030501464246301332,2020-04-03,2025-10-13,-0.0010616838774566166
2025-10-22,603658,test,-0.03136901731014426,0.0010623686904855426,2020-04-03,2025-10-13,0.0019593176833004504
2025-10-22,605090,test,-0.05805861521490359,-0.0006288560009203299,2020-04-03,2025-10-13,-0.005944293121861148
2025-10-22,605589,test,0.056027455614761454,0.0033096365357039646,2020-04-03,2025-10-13,0.0019593176833004504
2025-10-22,688031,test,0.12420498288398078,-0.003935923687667555,2020-04-03,2025-10-13,0.0019593176833004504
2025-10-22,688045,test,-0.02378810191946963,-0.00028122155570079214,2020-04-03,2025-10-13,0.0019593176833004504
2025-10-22,688133,test,-0.024778856441995914,0.0006473513978763328,2020-04-03,2025-10-13,-0.0010616838774566166
2025-10-22,688147,test,0.1194611829945497,-0.012773381503678361,2020-04-03,2025-10-13,-0.005944293121861148
2025-10-22,688528,test,-0.020769619563347844,0.0015673299648023963,2020-04-03,2025-10-13,-0.0010616838774566166
2025-10-23,600025,test,-0.0024482152908218073,-6.35218169040418e-05,2020-04-03,2025-10-13,-0.005944293121861148
2025-10-23,600051,test,0.002544798167463704,1.094274810853247e-05,2020-04-03,2025-10-13,0.0019593176833004504
2025-10-23,600127,test,-0.013110729625233485,0.0033075741465896425,2020-04-03,2025-10-13,0.0019593176833004504
2025-10-23,600153,test,-0.01998441553822069,0.0032238151304835715,2020-04-03,2025-10-13,0.0019593176833004504
2025-10-23,600548,test,-0.01206319952451914,0.0012026643460995897,2020-04-03,2025-10-13,0.0019593176833004504
2025-10-23,600865,test,-0.05382191796211052,-0.0004938369802078167,2020-04-03,2025-10-13,0.0019593176833004504
2025-10-23,600967,test,0.02427342390034163,0.012400853011805369,2020-04-03,2025-10-13,0.0019593176833004504
2025-10-23,601222,test,-0.0065836042868465325,0.0009891289919477689,2020-04-03,2025-10-13,0.0019593176833004504
2025-10-23,603237,test,-0.02552087983757175,-0.001144908781743362,2020-04-03,2025-10-13,0.0019593176833004504
2025-10-23,603335,test,0.01045914556973574,-0.010922633163509084,2020-04-03,2025-10-13,-0.002801845028610522
2025-10-23,603341,test,0.001197218825837045,-0.0011316864800720145,2020-04-03,2025-10-13,0.0019593176833004504
2025-10-23,603658,test,-0.027896484651213492,0.0026230865668191677,2020-04-03,2025-10-13,0.0019593176833004504
2025-10-23,605090,test,-0.061940434056738956,-0.00474162976559241,2020-04-03,2025-10-13,-0.005944293121861148
2025-10-23,605589,test,0.014109324219235976,0.0016398129313540647,2020-04-03,2025-10-13,0.0019593176833004504
2025-10-23,688031,test,0.12829623796386005,-0.004538174625116215,2020-04-03,2025-10-13,0.0019593176833004504
2025-10-23,688045,test,0.0032678307909487577,-4.894149677458355e-05,2020-04-03,2025-10-13,0.0019593176833004504
2025-10-23,688133,test,-0.006275516258179202,0.0005780626099648256,2020-04-03,2025-10-13,-0.0010616838774566166
2025-10-23,688147,test,0.05426850941892961,-0.008341743963221977,2020-04-03,2025-10-13,0.0019593176833004504
2025-10-23,688528,test,-0.008771091824896958,0.004281038030503555,2020-04-03,2025-10-13,0.0019593176833004504
2025-10-24,600025,test,-0.01954797524917906,0.004802216334367016,2020-04-03,2025-10-13,0.00334730004474176
2025-10-24,600051,test,0.027735276211015125,0.005410075291914683,2020-04-03,2025-10-13,0.0019593176833004504
2025-10-24,600127,test,-0.009389577820674067,0.006345668449571962,2020-04-03,2025-10-13,0.0019593176833004504
2025-10-24,600153,test,-0.02310969712855071,0.00450891811426153,2020-04-03,2025-10-13,0.0019593176833004504
2025-10-24,600548,test,-0.011253401082038872,0.002678297156721853,2020-04-03,2025-10-13,-0.0010616838774566166
2025-10-24,600865,test,-0.03337436078601452,0.0025337036609440946,2020-04-03,2025-10-13,0.0019593176833004504
2025-10-24,600967,test,0.01287955338390756,0.010351195967639127,2020-04-03,2025-10-13,0.0019593176833004504
2025-10-24,601222,test,-0.01262816443086101,0.0009593031610820204,2020-04-03,2025-10-13,0.0019593176833004504
2025-10-24,603237,test,-0.010386162643268304,0.0033292632908532116,2020-04-03,2025-10-13,0.0019593176833004504
2025-10-24,603335,test,0.03966365161519414,-0.011786990807753256,2020-04-03,2025-10-13,-0.002801845028610522
2025-10-24,603341,test,-0.02025545978247878,-0.0027668087054406303,2020-04-03,2025-10-13,0.0019593176833004504
2025-10-24,603658,test,-0.010133519671795876,0.0045046300938304164,2020-04-03,2025-10-13,0.0019593176833004504
2025-10-24,605090,test,-0.049506708128141175,-0.001184359118388633,2020-04-03,2025-10-13,0.00334730004474176
2025-10-24,605589,test,-0.026343935195427437,-0.0030368397058766353,2020-04-03,2025-10-13,-0.0010616838774566166
2025-10-24,688031,test,0.2316091963776593,-0.005311655142479327,2020-04-03,2025-10-13,0.0019593176833004504
2025-10-24,688045,test,0.0035647574353246947,7.134357984701444e-05,2020-04-03,2025-10-13,0.0019593176833004504
2025-10-24,688133,test,-0.006592828712740473,0.0019571153319291,2020-04-03,2025-10-13,-0.0010616838774566166
2025-10-24,688147,test,-0.0656591729646192,-0.025300508355577563,2020-04-03,2025-10-13,-0.029743605233863185
2025-10-24,688528,test,-0.017271471427311336,0.000765332843088615,2020-04-03,2025-10-13,-0.002801845028610522
2025-10-27,600025,test,-0.02214775069489019,0.00523584057373669,2020-04-03,2025-10-13,-0.005944293121861148
2025-10-27,600051,test,0.04002044013048676,0.007825221513064586,2020-04-03,2025-10-13,0.0019593176833004504
2025-10-27,600127,test,-0.002225248666825187,0.008793905496144094,2020-04-03,2025-10-13,0.0019593176833004504
2025-10-27,600153,test,-0.017090444271673968,0.0036396098090281893,2020-04-03,2025-10-13,0.0019593176833004504
2025-10-27,600548,test,-0.00403812469206324,0.006087773772810114,2020-04-03,2025-10-13,0.0019593176833004504
2025-10-27,600865,test,-0.02003090234431151,0.005149160073027822,2020-04-03,2025-10-13,0.0019593176833004504
2025-10-27,600967,test,0.009196547830333832,0.0032302670798845666,2020-04-03,2025-10-13,0.0019593176833004504
2025-10-27,601222,test,0.0047936981467197924,-0.003447992340063585,2020-04-03,2025-10-13,0.0019593176833004504
2025-10-27,603237,test,0.00019016786084433569,0.003288641307904435,2020-04-03,2025-10-13,0.0019593176833004504
2025-10-27,603335,test,0.058434673944777284,0.0020293358479276896,2020-04-03,2025-10-13,0.0019593176833004504
2025-10-27,603341,test,-0.00831612824581365,-0.005577453929145472,2020-04-03,2025-10-13,0.0019593176833004504
2025-10-27,603658,test,-0.006368265984502598,0.0024450392031559872,2020-04-03,2025-10-13,0.0019593176833004504
2025-10-27,605090,test,-0.0202799668679611,0.0023242943960736103,2020-04-03,2025-10-13,0.0019593176833004504
2025-10-27,605589,test,-0.0660393081363824,-0.006405507109700762,2020-04-03,2025-10-13,0.0019593176833004504
2025-10-27,688031,test,0.19008876347261391,-0.020241138764737508,2020-04-03,2025-10-13,-0.0007787485115085133
2025-10-27,688045,test,-0.027370398123716024,-0.002542933208068175,2020-04-03,2025-10-13,0.0019593176833004504
2025-10-27,688133,test,-0.0166638175806352,0.005234246054039672,2020-04-03,2025-10-13,0.0019593176833004504
2025-10-27,688147,test,-0.08842609109188318,-0.021384918965688164,2020-04-03,2025-10-13,-0.002801845028610522
2025-10-27,688528,test,-0.0037278446851176884,0.0031465106311408136,2020-04-03,2025-10-13,0.0019593176833004504
2025-10-28,600025,test,-0.010131366360358572,0.007071470437690083,2020-04-03,2025-10-13,-0.005944293121861148
2025-10-28,600051,test,0.035296652111874084,0.005871131645128155,2020-04-03,2025-10-13,0.0019593176833004504
2025-10-28,600127,test,0.014123757106072311,0.007360682433825774,2020-04-03,2025-10-13,0.0019593176833004504
2025-10-28,600153,test,0.008763133324395857,0.007283573600501881,2020-04-03,2025-10-13,0.0019593176833004504
2025-10-28,600548,test,0.014620494444914901,0.007737958731392897,2020-04-03,2025-10-13,0.0019593176833004504
2025-10-28,600865,test,-0.01298568316126266,0.0046495618486268745,2020-04-03,2025-10-13,0.0019593176833004504
2025-10-28,600967,test,-0.05613142630700604,-0.00014869655180126833,2020-04-03,2025-10-13,-0.0010616838774566166
2025-10-28,601222,test,0.017312264747182428,-0.0023370591060448494,2020-04-03,2025-10-13,0.0019593176833004504
2025-10-28,603237,test,0.008685227871350544,0.002298009192814736,2020-04-03,2025-10-13,0.0019593176833004504
2025-10-28,603335,test,0.05353954078970372,-0.0006439627854233111,2020-04-03,2025-10-13,0.0019593176833004504
2025-10-28,603341,test,-0.03463070480628446,-0.005991470728597624,2020-04-03,2025-10-13,0.0019593176833004504
2025-10-28,603658,test,0.0026323775345180947,0.0018715493336986335,2020-04-03,2025-10-13,0.0019593176833004504
2025-10-28,605090,test,0.04325987476339991,0.0011853726022047545,2020-04-03,2025-10-13,0.0019593176833004504
2025-10-28,605589,test,-0.09385703069927706,-0.0064092259165876835,2020-04-03,2025-10-13,-0.0010616838774566166
2025-10-28,688031,test,0.10828823137648483,-0.016024792311760974,2020-04-03,2025-10-13,-0.0007787485115085133
2025-10-28,688045,test,-0.031777763689227544,-0.0036451629902755247,2020-04-03,2025-10-13,0.0019593176833004504
2025-10-28,688133,test,-0.010325185763923238,0.005535179282899106,2020-04-03,2025-10-13,0.0019593176833004504
2025-10-28,688147,test,-0.08028738488358086,-0.020960464765674022,2020-04-03,2025-10-13,0.00334730004474176
2025-10-28,688528,test,0.02360499160102373,0.0041262474879169165,2020-04-03,2025-10-13,0.0019593176833004504
2025-10-29,600025,test,-0.024923843186180735,0.009746000421474067,2020-04-03,2025-10-13,-0.005944293121861148
2025-10-29,600051,test,0.04861352369910271,0.006082828997884419,2020-04-03,2025-10-13,0.00334730004474176
2025-10-29,600127,test,0.008772886248903548,0.006826899000113652,2020-04-03,2025-10-13,0.0019593176833004504
2025-10-29,600153,test,-0.002128996803623825,0.004502186177597672,2020-04-03,2025-10-13,0.0019593176833004504
2025-10-29,600548,test,0.009743760035311359,0.009340427061537862,2020-04-03,2025-10-13,0.0019593176833004504
2025-10-29,600865,test,0.011998692700516626,0.0003942187244903374,2020-04-03,2025-10-13,0.0019593176833004504
2025-10-29,600967,test,-0.03827985418542951,0.00069709312806225,2020-04-03,2025-10-13,-0.0010616838774566166
2025-10-29,601222,test,0.027474008316227653,-0.0068947456258493444,2020-04-03,2025-10-13,0.0019593176833004504
2025-10-29,603237,test,0.0198258240034121,-0.00012777873325811075,2020-04-03,2025-10-13,0.0019593176833004504
2025-10-29,603335,test,0.07791285252209085,0.0021580119921030074,2020-04-03,2025-10-13,0.0019593176833004504
2025-10-29,603341,test,-0.0502645469061766,-0.0054811443551258075,2020-04-03,2025-10-13,0.0019593176833004504
2025-10-29,603658,test,-0.005453704542612011,3.130833247898017e-05,2020-04-03,2025-10-13,0.0019593176833004504
2025-10-29,605090,test,0.037195869133989035,-0.0016208921367754938,2020-04-03,2025-10-13,0.0019593176833004504
2025-10-29,605589,test,-0.1096871334944331,-0.004079360660310437,2020-04-03,2025-10-13,-0.002801845028610522
2025-10-29,688031,test,0.15000912672307803,-0.011664656649415909,2020-04-03,2025-10-13,-0.0007787485115085133
2025-10-29,688045,test,-0.03998494983189499,-0.004293025360421447,2020-04-03,2025-10-13,0.0019593176833004504
2025-10-29,688133,test,-0.03619328963649254,0.0016995014947037493,2020-04-03,2025-10-13,0.0019593176833004504
2025-10-29,688147,test,-0.11371180316491974,-0.015196744354903372,2020-04-03,2025-10-13,-0.002801845028610522
2025-10-29,688528,test,0.029081578369131115,0.006709773986148528,2020-04-03,2025-10-13,0.0019593176833004504
2025-10-30,600025,test,-0.044113985831922595,0.0014821095916693022,2020-04-03,2025-10-13,-0.005944293121861148
2025-10-30,600051,test,0.04860277202747677,0.004846939377091996,2020-04-03,2025-10-13,-0.005944293121861148
2025-10-30,600127,test,-0.011176138369852855,0.003326291428697389,2020-04-03,2025-10-13,-0.0010616838774566166
2025-10-30,600153,test,-0.023572427673154022,0.00685955604809424,2020-04-03,2025-10-13,-0.0010616838774566166
2025-10-30,600548,test,-0.001938084240763787,0.0061241180016500555,2020-04-03,2025-10-13,-0.005944293121861148
2025-10-30,600865,test,0.006135637966813729,-0.0028700616739967114,2020-04-03,2025-10-13,0.0019593176833004504
2025-10-30,600967,test,-0.025462560332366362,0.0015832651121565427,2020-04-03,2025-10-13,-0.0010616838774566166
2025-10-30,601222,test,0.023359338032748495,-0.0027491060405322293,2020-04-03,2025-10-13,-0.0010616838774566166
2025-10-30,603237,test,0.007304159223266011,-0.0012612029943489666,2020-04-03,2025-10-13,0.0019593176833004504
2025-10-30,603335,test,0.04795716818613406,0.003815424464460586,2020-04-03,2025-10-13,-0.0010616838774566166
2025-10-30,603341,test,-0.040316001760342654,-0.006347200283149012,2020-04-03,2025-10-13,0.0019593176833004504
2025-10-30,603658,test,-0.001051633590195427,-0.002156452165697019,2020-04-03,2025-10-13,0.0019593176833004504
2025-10-30,605090,test,0.04494273061672262,-8.738739519863182e-05,2020-04-03,2025-10-13,0.0019593176833004504
2025-10-30,605589,test,-0.06597757837322026,-0.008135975862021902,2020-04-03,2025-10-13,0.0019593176833004504
2025-10-30,688031,test,0.13507448998335994,0.0007787592426023914,2020-04-03,2025-10-13,-0.016886438552847056
2025-10-30,688045,test,-0.03455701962840706,-0.002541684046275874,2020-04-03,2025-10-13,0.0019593176833004504
2025-10-30,688133,test,-0.044867982230639245,0.003134573323339726,2020-04-03,2025-10-13,-0.005944293121861148
2025-10-30,688147,test,-0.03304149771819219,-0.015570122599424195,2020-04-03,2025-10-13,0.0019593176833004504
2025-10-30,688528,test,0.012698613712534796,0.008598057911416934,2020-04-03,2025-10-13,0.0019593176833004504
2025-10-31,600025,test,-0.008844850454524066,0.000311671761145309,2020-04-03,2025-10-13,0.00334730004474176
2025-10-31,600051,test,0.03518242052684709,0.002689678063505341,2020-04-03,2025-10-13,-0.005944293121861148
2025-10-31,600127,test,0.003527403991801771,0.0006652298003761753,2020-04-03,2025-10-13,0.0019593176833004504
2025-10-31,600153,test,-0.0018073251243158825,0.0028545775174063826,2020-04-03,2025-10-13,0.0019593176833004504
2025-10-31,600548,test,0.00786477358887875,-0.0006339112807325086,2020-04-03,2025-10-13,0.0019593176833004504
2025-10-31,600865,test,-0.002440745429867462,0.000983268704903539,2020-04-03,2025-10-13,0.0019593176833004504
2025-10-31,600967,test,-0.03927640676582985,0.006270446607634067,2020-04-03,2025-10-13,0.0019593176833004504
2025-10-31,601222,test,0.054036070427007234,-0.0031030072878704797,2020-04-03,2025-10-13,0.0019593176833004504
2025-10-31,603237,test,0.0007414176917132434,-3.4218464597055695e-05,2020-04-03,2025-10-13,0.0019593176833004504
2025-10-31,603335,test,0.012542508580356472,-0.0035258514685807085,2020-04-03,2025-10-13,-0.005944293121861148
2025-10-31,603341,test,-0.028638610752928804,-7.360105743169078e-05,2020-04-03,2025-10-13,0.0019593176833004504
2025-10-31,603658,test,-0.0029121741230807227,0.004189161108158066,2020-04-03,2025-10-13,0.0019593176833004504
2025-10-31,605090,test,0.053224615683487166,-0.005598504445755708,2020-04-03,2025-10-13,-0.0010616838774566166
2025-10-31,605589,test,-0.02323503630568654,0.006462756982812963,2020-04-03,2025-10-13,0.0019593176833004504
2025-10-31,688031,test,0.03260260443572919,-0.01214484095159654,2020-04-03,2025-10-13,-0.0007787485115085133
2025-10-31,688045,test,-0.061483610406137444,-0.001617673110651847,2020-04-03,2025-10-13,-0.0010616838774566166
2025-10-31,688133,test,-0.044964940571088095,0.002871346293740263,2020-04-03,2025-10-13,-0.0010616838774566166
2025-10-31,688147,test,0.015044497622834697,-0.0026601858407654,2020-04-03,2025-10-13,0.0019593176833004504
2025-10-31,688528,test,-0.001162612615196755,0.0009235585088343832,2020-04-03,2025-10-13,0.0019593176833004504
2025-11-03,600025,test,-0.004813473789711233,0.0014233915064794718,2020-04-03,2025-10-13,0.0019593176833004504
2025-11-03,600051,test,0.0257554851530419,-0.0012102587531037101,2020-04-03,2025-10-13,-0.005944293121861148
2025-11-03,600127,test,0.006031686893444431,0.0018933080889219343,2020-04-03,2025-10-13,0.0019593176833004504
2025-11-03,600153,test,0.04052423605919061,-0.0015407107905144846,2020-04-03,2025-10-13,0.0019593176833004504
2025-11-03,600548,test,0.0030350676945917958,0.0020853087011063662,2020-04-03,2025-10-13,0.0019593176833004504
2025-11-03,600865,test,0.02230290264678688,0.0019376073249352897,2020-04-03,2025-10-13,0.0019593176833004504
2025-11-03,600967,test,-0.036022853622198626,0.005678664532859333,2020-04-03,2025-10-13,0.0019593176833004504
2025-11-03,601222,test,0.04359693007705464,-0.0004527501177494839,2020-04-03,2025-10-13,0.0019593176833004504
2025-11-03,603237,test,0.013984119986566422,-3.980750616681996e-06,2020-04-03,2025-10-13,0.0019593176833004504
2025-11-03,603335,test,0.00040582758201575904,-7.117665783975756e-05,2020-04-03,2025-10-13,-0.0010616838774566166
2025-11-03,603341,test,-0.033095327484419935,0.002651345703107508,2020-04-03,2025-10-13,0.0019593176833004504
2025-11-03,603658,test,0.01835338657773008,0.0025075469669481264,2020-04-03,2025-10-13,0.0019593176833004504
2025-11-03,605090,test,0.020512100292124212,-0.0033426747068250892,2020-04-03,2025-10-13,0.0019593176833004504
2025-11-03,605589,test,-0.014163388180853421,0.00912528434111585,2020-04-03,2025-10-13,0.0019593176833004504
2025-11-03,688031,test,-0.07613423949595481,-0.03505788168528474,2020-04-03,2025-10-13,-0.0007787485115085133
2025-11-03,688045,test,-0.022101404877749843,0.004790827386143079,2020-04-03,2025-10-13,0.0019593176833004504
2025-11-03,688133,test,-0.011776840804005241,0.0036304272854683598,2020-04-03,2025-10-13,0.0019593176833004504
2025-11-03,688147,test,0.020704480155339065,0.0012520652551658122,2020-04-03,2025-10-13,0.0019593176833004504
2025-11-03,688528,test,-0.017098694862992682,0.0035335578102174106,2020-04-03,2025-10-13,0.0019593176833004504
2025-11-04,600025,test,-0.02142478370704753,0.001789813861726086,2020-04-03,2025-10-13,0.0019593176833004504
2025-11-04,600051,test,0.015594421902874692,-0.0024716196551493068,2020-04-03,2025-10-13,-0.005944293121861148
2025-11-04,600127,test,0.002236132971386865,0.0004072508508997884,2020-04-03,2025-10-13,0.0019593176833004504
2025-11-04,600153,test,0.010181797842496013,-0.00876401115656416,2020-04-03,2025-10-13,0.0019593176833004504
2025-11-04,600548,test,-0.014367229573792713,0.0014299162697601786,2020-04-03,2025-10-13,0.0019593176833004504
2025-11-04,600865,test,0.02279294850710162,0.0007025796148543035,2020-04-03,2025-10-13,0.0019593176833004504
2025-11-04,600967,test,-0.038184338067061285,0.005409035249634022,2020-04-03,2025-10-13,0.0019593176833004504
2025-11-04,601222,test,0.0622260491057231,-0.0017421569520088044,2020-04-03,2025-10-13,0.0019593176833004504
2025-11-04,603237,test,0.01825083699608782,0.0002358849819324671,2020-04-03,2025-10-13,0.0019593176833004504
2025-11-04,603335,test,0.026002039951487258,0.001515668129698924,2020-04-03,2025-10-13,-0.0010616838774566166
2025-11-04,603341,test,-0.03196969391439647,0.0028065371169580396,2020-04-03,2025-10-13,0.0019593176833004504
2025-11-04,603658,test,0.012488109161039544,-0.0010690411708542554,2020-04-03,2025-10-13,0.0019593176833004504
2025-11-04,605090,test,0.0243035006183478,-0.0024883806677960083,2020-04-03,2025-10-13,0.0019593176833004504
2025-11-04,605589,test,0.00864560521026431,0.009170170103887869,2020-04-03,2025-10-13,0.0019593176833004504
2025-11-04,688031,test,-0.04439550033493328,-0.01801197410350206,2020-04-03,2025-10-13,-0.0007787485115085133
2025-11-04,688045,test,-0.014598659291214008,0.0009200044494338728,2020-04-03,2025-10-13,0.0019593176833004504
2025-11-04,688133,test,0.009604242711677317,-0.0004932714567190098,2020-04-03,2025-10-13,0.0019593176833004504
2025-11-04,688147,test,-0.020914437665315252,0.005186226506143086,2020-04-03,2025-10-13,0.0019593176833004504
2025-11-04,688528,test,-0.026471042424725807,0.004297269468199578,2020-04-03,2025-10-13,-0.0010616838774566166
2025-11-05,600025,test,0.0020414413431143765,0.00010491751827435273,2020-04-03,2025-10-13,0.0019593176833004504
2025-11-05,600051,test,0.019901741962035674,-0.0023972474979656526,2020-04-03,2025-10-13,-0.005944293121861148
2025-11-05,600127,test,0.008592068331697485,0.0009058222531475357,2020-04-03,2025-10-13,0.0019593176833004504
2025-11-05,600153,test,0.05202345665579103,-0.004951286186522395,2020-04-03,2025-10-13,0.0019593176833004504
2025-11-05,600548,test,-0.0030867637850907335,0.0006478809837111532,2020-04-03,2025-10-13,0.0019593176833004504
2025-11-05,600865,test,0.02263670888371952,-0.00030431157931358585,2020-04-03,2025-10-13,-0.0010616838774566166
2025-11-05,600967,test,-0.0719961506543256,0.002674846415727594,2020-04-03,2025-10-13,0.0019593176833004504
2025-11-05,601222,test,0.006926587349755849,-0.008874305947119127,2020-04-03,2025-10-13,-0.0010616838774566166
2025-11-05,603237,test,0.02683268385587559,0.001180412065202658,2020-04-03,2025-10-13,0.0019593176833004504
2025-11-05,603335,test,0.007954245678631818,-0.0018705986578392492,2020-04-03,2025-10-13,-0.002801845028610522
2025-11-05,603341,test,-0.03559415182782774,0.0016837315573551487,2020-04-03,2025-10-13,0.0019593176833004504
2025-11-05,603658,test,0.03338660278536301,0.002040607677040889,2020-04-03,2025-10-13,0.0019593176833004504
2025-11-05,605090,test,0.013852314966766562,-0.005008222366908453,2020-04-03,2025-10-13,-0.0010616838774566166
2025-11-05,605589,test,0.028268219417596857,0.011746787306125309,2020-04-03,2025-10-13,0.0019593176833004504
2025-11-05,688031,test,-0.04923604409374191,-0.01344683993104199,2020-04-03,2025-10-13,-0.016886438552847056
2025-11-05,688045,test,-0.015046734495366613,0.007283112746092502,2020-04-03,2025-10-13,0.0019593176833004504
2025-11-05,688133,test,0.007329902881576008,0.003263220246218783,2020-04-03,2025-10-13,0.0019593176833004504
2025-11-05,688147,test,-0.02861019349595814,0.003307713892170104,2020-04-03,2025-10-13,0.0019593176833004504
2025-11-05,688528,test,-0.02617593575961305,0.0008436609461790015,2020-04-03,2025-10-13,-0.0010616838774566166
2025-11-06,600025,test,-0.031091309570628164,-0.0013475271563771658,2020-04-03,2025-10-13,0.0019593176833004504
2025-11-06,600051,test,0.0032544922623880014,-0.00577562219213463,2020-04-03,2025-10-13,-0.002801845028610522
2025-11-06,600127,test,0.008786265825012577,-0.0019868363143990546,2020-04-03,2025-10-13,0.0019593176833004504
2025-11-06,600153,test,0.06349923535017193,-0.0028852048153438833,2020-04-03,2025-10-13,0.0019593176833004504
2025-11-06,600548,test,-0.032996574478739216,-0.0005500862952795393,2020-04-03,2025-10-13,0.0019593176833004504
2025-11-06,600865,test,0.030497379771675607,-0.003997478798463796,2020-04-03,2025-10-13,0.0019593176833004504
2025-11-06,600967,test,-0.0702119207941459,0.0028839455052289643,2020-04-03,2025-10-13,0.0019593176833004504
2025-11-06,601222,test,0.006403922619607264,-0.0041565521815549325,2020-04-03,2025-10-13,-0.0010616838774566166
2025-11-06,603237,test,0.026748088068294155,-0.0009780770864790073,2020-04-03,2025-10-13,0.0019593176833004504
2025-11-06,603335,test,0.04534088767375194,-0.0020822320667148926,2020-04-03,2025-10-13,0.00334730004474176
2025-11-06,603341,test,-0.04276031228722493,0.007041619475643731,2020-04-03,2025-10-13,0.0019593176833004504
2025-11-06,603658,test,0.012950505778419556,-0.00033720791529377226,2020-04-03,2025-10-13,0.0019593176833004504
2025-11-06,605090,test,-0.011219558286810701,-0.006869863762254194,2020-04-03,2025-10-13,-0.002801845028610522
2025-11-06,605589,test,0.026857824345327633,0.010485479150256596,2020-04-03,2025-10-13,0.0019593176833004504
2025-11-06,688031,test,-0.040288173794235715,-0.003927802956663411,2020-04-03,2025-10-13,-0.0007787485115085133
2025-11-06,688045,test,-0.03901776908374882,0.004097476822072812,2020-04-03,2025-10-13,0.0019593176833004504
2025-11-06,688133,test,0.02481892108436962,0.0038295705601713863,2020-04-03,2025-10-13,0.0019593176833004504
2025-11-06,688147,test,0.06212799162038912,0.004854383545648255,2020-04-03,2025-10-13,0.0019593176833004504
2025-11-06,688528,test,-0.04369989610387398,0.0005319179224711064,2020-04-03,2025-10-13,0.0019593176833004504
2025-11-07,600025,test,-0.03897605442411817,-0.0031376439300647885,2020-04-03,2025-10-13,0.0019593176833004504
2025-11-07,600051,test,0.01652164471453371,-0.004543150593338251,2020-04-03,2025-10-13,-0.002801845028610522
2025-11-07,600127,test,0.007212056722723789,0.00043579980892565124,2020-04-03,2025-10-13,0.0019593176833004504
2025-11-07,600153,test,0.04836906611206698,0.004541415925748991,2020-04-03,2025-10-13,0.0019593176833004504
2025-11-07,600548,test,-0.033444470484074895,0.0012068190094470896,2020-04-03,2025-10-13,0.0019593176833004504
2025-11-07,600865,test,0.05135169490050434,0.00013727956728672077,2020-04-03,2025-10-13,0.0019593176833004504
2025-11-07,600967,test,-0.039311016637243845,0.006291195138363185,2020-04-03,2025-10-13,0.0019593176833004504
2025-11-07,601222,test,-0.012324247163836236,-0.0077247916076014465,2020-04-03,2025-10-13,-0.002801845028610522
2025-11-07,603237,test,0.022003938387670615,0.0009513229100622457,2020-04-03,2025-10-13,0.0019593176833004504
2025-11-07,603335,test,0.028984578745079256,-0.0015432043269495172,2020-04-03,2025-10-13,0.00334730004474176
2025-11-07,603341,test,-0.059092707921126364,0.0012878375571758667,2020-04-03,2025-10-13,0.0019593176833004504
2025-11-07,603658,test,0.01124019232980705,-0.00014937203736587056,2020-04-03,2025-10-13,0.0019593176833004504
2025-11-07,605090,test,-0.007407826318211855,-0.004862825805694799,2020-04-03,2025-10-13,-0.002801845028610522
2025-11-07,605589,test,-0.006318897098611056,0.009485162766315662,2020-04-03,2025-10-13,-0.0010616838774566166
2025-11-07,688031,test,-0.08917349066423469,-0.011005754225788797,2020-04-03,2025-10-13,-0.0007787485115085133
2025-11-07,688045,test,-0.02839367307272628,0.0030493213006900764,2020-04-03,2025-10-13,0.0019593176833004504
2025-11-07,688133,test,0.028917852178656774,0.0026510409694396548,2020-04-03,2025-10-13,0.0019593176833004504
2025-11-07,688147,test,0.12249798215902524,1.9257429024232748e-05,2020-04-03,2025-10-13,-0.0010616838774566166
2025-11-07,688528,test,-0.02265662246588435,0.0017401915848587138,2020-04-03,2025-10-13,0.0019593176833004504
2025-11-10,600025,test,-0.048779534669797585,-0.002387787159012119,2020-04-03,2025-10-13,0.0019593176833004504
2025-11-10,600051,test,0.013380060051084363,-0.0006504952987496895,2020-04-03,2025-10-13,-0.005944293121861148
2025-11-10,600127,test,0.011643614331533136,0.0017641258131428942,2020-04-03,2025-10-13,0.0019593176833004504
2025-11-10,600153,test,0.010064368210802232,-0.006131835043164548,2020-04-03,2025-10-13,-0.0010616838774566166
2025-11-10,600548,test,-0.04296678019606872,0.002143620570595229,2020-04-03,2025-10-13,0.0019593176833004504
2025-11-10,600865,test,0.016685579087332238,-0.0012310260377832699,2020-04-03,2025-10-13,0.0019593176833004504
2025-11-10,600967,test,0.04014293739086914,0.009482065620538443,2020-04-03,2025-10-13,0.0019593176833004504
2025-11-10,601222,test,-0.026233631317663562,0.0013619573079489487,2020-04-03,2025-10-13,-0.002801845028610522
2025-11-10,603237,test,0.006227509342675663,-0.004444120123322333,2020-04-03,2025-10-13,0.0019593176833004504
2025-11-10,603335,test,0.015469773616207804,-0.0032319111278780012,2020-04-03,2025-10-13,0.00334730004474176
2025-11-10,603341,test,-0.06832757919072988,0.004062162229867913,2020-04-03,2025-10-13,0.0019593176833004504
2025-11-10,603658,test,-0.035074061700238766,-0.002574469373829659,2020-04-03,2025-10-13,-0.0010616838774566166
2025-11-10,605090,test,0.03212447569804553,-0.006895071201215936,2020-04-03,2025-10-13,0.0019593176833004504
2025-11-10,605589,test,0.006957780408820646,0.00590094547023471,2020-04-03,2025-10-13,0.0019593176833004504
2025-11-10,688031,test,0.01170155312438701,-0.0032618419258131186,2020-04-03,2025-10-13,0.00334730004474176
2025-11-10,688045,test,-0.038886135616860294,0.004539225352860215,2020-04-03,2025-10-13,0.0019593176833004504
2025-11-10,688133,test,0.0009305365429218334,0.0021282781765569404,2020-04-03,2025-10-13,0.0019593176833004504
2025-11-10,688147,test,0.12418323988225519,-0.003227365880263498,2020-04-03,2025-10-13,-0.0010616838774566166
2025-11-10,688528,test,-0.029243704995575957,0.0014834440698214598,2020-04-03,2025-10-13,0.0019593176833004504
2025-11-11,600025,test,-0.03665038873412161,-0.0012051484521872673,2020-04-03,2025-11-10,0.0019379826459755413
2025-11-11,600051,test,0.007850377353723088,0.002963378051609938,2020-04-03,2025-11-10,0.0019379826459755413
2025-11-11,600127,test,0.0048557730371761205,-0.001262007359345759,2020-04-03,2025-11-10,-0.0010148171573181116
2025-11-11,600153,test,-0.01238287623479382,-0.0027805701980067985,2020-04-03,2025-11-10,-0.0010148171573181116
2025-11-11,600548,test,-0.0337181554648097,0.004448921098759757,2020-04-03,2025-11-10,0.0019379826459755413
2025-11-11,600865,test,-0.0019489405896139058,-0.002252496066494349,2020-04-03,2025-11-10,-0.0010148171573181116
2025-11-11,600967,test,-0.006467551376789098,0.006510746439918867,2020-04-03,2025-11-10,0.0019379826459755413
2025-11-11,601222,test,-0.05688170837884252,-0.001829644823429268,2020-04-03,2025-11-10,-0.003917482978112369
2025-11-11,603237,test,-0.002580294915184616,-0.0037859331178590784,2020-04-03,2025-11-10,-0.0010148171573181116
2025-11-11,603335,test,-0.036014126463070985,-0.008814977954469401,2020-04-03,2025-11-10,-0.003917482978112369
2025-11-11,603341,test,-0.05049406065322957,0.0011006826593517086,2020-04-03,2025-11-10,0.0019379826459755413
2025-11-11,603658,test,-0.029244872901639556,0.0017203169771249254,2020-04-03,2025-11-10,-0.0010148171573181116
2025-11-11,605090,test,0.005503171300172322,-0.0006543863821022621,2020-04-03,2025-11-10,0.0019379826459755413
2025-11-11,605589,test,-0.012608367615175569,0.00694235200288609,2020-04-03,2025-11-10,0.0019379826459755413
2025-11-11,688031,test,0.05881315135221123,-0.004364919886807254,2020-04-03,2025-11-10,0.0033625170251463405
2025-11-11,688045,test,-0.019254982411328374,0.00337923657271409,2020-04-03,2025-11-10,0.0019379826459755413
2025-11-11,688133,test,-0.028069127917971875,-0.0010998317159638614,2020-04-03,2025-11-10,-0.0010148171573181116
2025-11-11,688147,test,0.2678917183038132,-0.001010074593549592,2020-04-03,2025-11-10,0.0019379826459755413
2025-11-11,688528,test,-0.018598737690524763,0.0008480878843076796,2020-04-03,2025-11-10,0.0019379826459755413
2025-11-12,600025,test,-0.03090017737084828,-0.0017019725129278416,2020-04-03,2025-11-10,0.0019379826459755413
2025-11-12,600051,test,-0.0036969365239476588,0.003408138642093721,2020-04-03,2025-11-10,-0.00607818623598097
2025-11-12,600127,test,0.02543872182519379,0.0007709994455707991,2020-04-03,2025-11-10,-0.0010148171573181116
2025-11-12,600153,test,-0.03229366924053036,-0.00015792314907593972,2020-04-03,2025-11-10,-0.003917482978112369
2025-11-12,600548,test,-0.02433433085765514,0.0027254347130072944,2020-04-03,2025-11-10,0.0019379826459755413
2025-11-12,600865,test,0.0006589039419276793,-0.004283737623819507,2020-04-03,2025-11-10,-0.0010148171573181116
2025-11-12,600967,test,0.06323425962073147,0.0062310557959390726,2020-04-03,2025-11-10,0.0019379826459755413
2025-11-12,601222,test,-0.03586261178281548,0.0008272453316109896,2020-04-03,2025-11-10,0.0019379826459755413
2025-11-12,603237,test,-0.006262165741615545,-0.010820446988440112,2020-04-03,2025-11-10,-0.0010148171573181116
2025-11-12,603335,test,-0.028967610272245935,-0.005751547962992782,2020-04-03,2025-11-10,-0.00607818623598097
2025-11-12,603341,test,-0.052832239669452066,0.0025484110833386376,2020-04-03,2025-11-10,0.0019379826459755413
2025-11-12,603658,test,-0.04430756564261264,-0.005157459453238525,2020-04-03,2025-11-10,-0.0010148171573181116
2025-11-12,605090,test,-0.0026352887152104715,0.004485517557393191,2020-04-03,2025-11-10,0.0019379826459755413
2025-11-12,605589,test,-0.029141515165466602,0.002643435019211023,2020-04-03,2025-11-10,0.0019379826459755413
2025-11-12,688031,test,0.09013470826977997,0.0036055999420239754,2020-04-03,2025-11-10,0.0033625170251463405
2025-11-12,688045,test,-0.03770827610441309,-0.0011086002815928729,2020-04-03,2025-11-10,0.0019379826459755413
2025-11-12,688133,test,-0.03167021734560117,-0.0020998804683333466,2020-04-03,2025-11-10,-0.0010148171573181116
2025-11-12,688147,test,0.23358702942101528,0.0010742839355134324,2020-04-03,2025-11-10,0.0019379826459755413
2025-11-12,688528,test,-0.05244101864623375,0.001615178111176955,2020-04-03,2025-11-10,0.0019379826459755413
2025-11-13,600025,test,0.012082014530164841,-0.0017366686257567585,2020-04-03,2025-11-10,0.0019379826459755413
2025-11-13,600051,test,0.006998162318887346,0.0017010098669629021,2020-04-03,2025-11-10,-0.00607818623598097
2025-11-13,600127,test,0.03562602679739453,0.0024944260712043073,2020-04-03,2025-11-10,0.0019379826459755413
2025-11-13,600153,test,-0.015543528440646704,-0.0004380021845873433,2020-04-03,2025-11-10,-0.0010148171573181116
2025-11-13,600548,test,0.019634059654958857,0.000385686812192346,2020-04-03,2025-11-10,0.0019379826459755413
2025-11-13,600865,test,-0.009840241229126679,-0.000916439092917729,2020-04-03,2025-11-10,-0.0010148171573181116
2025-11-13,600967,test,0.03185777939246155,0.006542177813509754,2020-04-03,2025-11-10,0.0019379826459755413
2025-11-13,601222,test,-0.034603471446891285,0.003822125221311371,2020-04-03,2025-11-10,0.0019379826459755413
2025-11-13,603237,test,-0.007701425763934445,-0.002962156895576346,2020-04-03,2025-11-10,-0.0010148171573181116
2025-11-13,603335,test,-0.054040008113597035,-0.008319695792961775,2020-04-03,2025-11-10,-0.00607818623598097
2025-11-13,603341,test,-0.03905991173815164,0.003618870949384809,2020-04-03,2025-11-10,0.0019379826459755413
2025-11-13,603658,test,-0.03700810206567266,0.0014008746658390166,2020-04-03,2025-11-10,0.0019379826459755413
2025-11-13,605090,test,0.029614076704632297,0.0017834080138264081,2020-04-03,2025-11-10,0.0019379826459755413
2025-11-13,605589,test,-0.008490914177406373,-0.0034859399391108485,2020-04-03,2025-11-10,-0.0010148171573181116
2025-11-13,688031,test,0.07481804859217218,0.007124787596798425,2020-04-03,2025-11-10,0.0033625170251463405
2025-11-13,688045,test,-0.031157630811809157,0.0008579974991585494,2020-04-03,2025-11-10,0.0019379826459755413
2025-11-13,688133,test,-0.048326345836305615,-0.0025704678744693935,2020-04-03,2025-11-10,-0.0010148171573181116
2025-11-13,688147,test,0.09655406421960573,-0.014250673112339032,2020-04-03,2025-11-10,0.0017720361135105621
2025-11-13,688528,test,-0.02141265258673568,0.0038024101439895187,2020-04-03,2025-11-10,0.0019379826459755413
2025-11-14,600025,test,0.04746808034635742,-0.0036380070549011743,2020-04-03,2025-11-10,0.0019379826459755413
2025-11-14,600051,test,-0.022126558817699864,0.0017447605397360479,2020-04-03,2025-11-10,-0.00607818623598097
2025-11-14,600127,test,0.0732880120427063,0.004821030498497094,2020-04-03,2025-11-10,0.0019379826459755413
2025-11-14,600153,test,0.046013801831189756,0.0031083681900527377,2020-04-03,2025-11-10,0.0019379826459755413
2025-11-14,600548,test,0.03682269404116557,-0.0002787093104640352,2020-04-03,2025-11-10,0.0019379826459755413
2025-11-14,600865,test,-0.03568450529130628,0.0006894201097456046,2020-04-03,2025-11-10,-0.0010148171573181116
2025-11-14,600967,test,0.033492361007862355,0.002529220991233771,2020-04-03,2025-11-10,0.0019379826459755413
2025-11-14,601222,test,-0.027377204209529264,0.006301286786239984,2020-04-03,2025-11-10,0.0019379826459755413
2025-11-14,603237,test,-0.008830022490992066,0.003396225063820625,2020-04-03,2025-11-10,0.0019379826459755413
2025-11-14,603335,test,-0.055196049817953334,-0.0021707410892177897,2020-04-03,2025-11-10,0.0033625170251463405
2025-11-14,603341,test,-0.02227540064225241,-0.0021955550235737403,2020-04-03,2025-11-10,0.0019379826459755413
2025-11-14,603658,test,-0.006805352974062477,0.003216365567592952,2020-04-03,2025-11-10,0.0019379826459755413
2025-11-14,605090,test,0.01740174236133297,0.004505609643748307,2020-04-03,2025-11-10,0.0019379826459755413
2025-11-14,605589,test,-0.008876944813220426,-0.0012421426782880333,2020-04-03,2025-11-10,0.0019379826459755413
2025-11-14,688031,test,0.10023039793463917,0.0043770403354752106,2020-04-03,2025-11-10,0.0033625170251463405
2025-11-14,688045,test,-0.045534195685693495,-0.0006630907576576409,2020-04-03,2025-11-10,0.0019379826459755413
2025-11-14,688133,test,-0.05590035747430055,-0.0024848027115354217,2020-04-03,2025-11-10,0.0019379826459755413
2025-11-14,688147,test,-0.02161515738551944,-0.02321164963735585,2020-04-03,2025-11-10,0.0017720361135105621
2025-11-14,688528,test,-0.044495339962723916,4.9101673309502e-05,2020-04-03,2025-11-10,0.0019379826459755413
2025-11-17,600025,test,0.04335320910571952,0.0014140320851889964,2020-04-03,2025-11-10,0.0019379826459755413
2025-11-17,600051,test,-0.005415432686178029,0.005035847250850989,2020-04-03,2025-11-10,0.0019379826459755413
2025-11-17,600127,test,0.07562725773151249,0.004760342647904991,2020-04-03,2025-11-10,0.0019379826459755413
2025-11-17,600153,test,-0.010795340896274958,0.003863335648428624,2020-04-03,2025-11-10,0.0019379826459755413
2025-11-17,600548,test,0.053603864664797635,0.0020113235733393354,2020-04-03,2025-11-10,0.0019379826459755413
2025-11-17,600865,test,-0.018510138962702344,0.002805586755007281,2020-04-03,2025-11-10,0.0019379826459755413
2025-11-17,600967,test,0.0028250352699296377,-0.0071097787289654876,2020-04-03,2025-11-10,-0.0010148171573181116
2025-11-17,601222,test,-0.01456829812646851,0.00710220403363314,2020-04-03,2025-11-10,0.0019379826459755413
2025-11-17,603237,test,-0.008807000494923861,0.005219774927267317,2020-04-03,2025-11-10,0.0019379826459755413
2025-11-17,603335,test,-0.033151502088914125,-0.0008760531858488956,2020-04-03,2025-11-10,0.0033625170251463405
2025-11-17,603341,test,-0.005950750612800232,-0.0014360604302431019,2020-04-03,2025-11-10,0.0019379826459755413
2025-11-17,603658,test,0.017290658985430835,0.001840896963426561,2020-04-03,2025-11-10,0.0019379826459755413
2025-11-17,605090,test,-0.018669070939816373,-0.0009318666968655361,2020-04-03,2025-11-10,0.0019379826459755413
2025-11-17,605589,test,0.006759524499704211,0.001710491957693985,2020-04-03,2025-11-10,0.0019379826459755413
2025-11-17,688031,test,0.04081253441135438,-0.007192276352347954,2020-04-03,2025-11-10,-0.00607818623598097
2025-11-17,688045,test,-0.026767121453597248,0.0003647703394555844,2020-04-03,2025-11-10,0.0019379826459755413
2025-11-17,688133,test,-0.03642446369520899,-0.0013354907841589018,2020-04-03,2025-11-10,0.0019379826459755413
2025-11-17,688147,test,-0.02617644251914472,-0.019265924692926963,2020-04-03,2025-11-10,-0.02955524553074878
2025-11-17,688528,test,-0.035036522192419345,0.0008725758256182369,2020-04-03,2025-11-10,0.0019379826459755413
2025-11-18,600025,test,0.03536337859930179,0.0016010572099194845,2020-04-03,2025-11-10,0.0019379826459755413
2025-11-18,600051,test,-0.002870664624187766,0.005574430390138822,2020-04-03,2025-11-10,0.0019379826459755413
2025-11-18,600127,test,0.0557632840332148,0.0024132723640143375,2020-04-03,2025-11-10,0.0019379826459755413
2025-11-18,600153,test,-0.0053861660870651445,0.003920335348679348,2020-04-03,2025-11-10,0.0019379826459755413
2025-11-18,600548,test,0.037298068541451304,0.001835441676437839,2020-04-03,2025-11-10,0.0019379826459755413
2025-11-18,600865,test,-0.011914430829554498,0.0035706758015304927,2020-04-03,2025-11-10,0.0019379826459755413
2025-11-18,600967,test,0.0242256691073965,-0.0011805152165474645,2020-04-03,2025-11-10,-0.0010148171573181116
2025-11-18,601222,test,-0.009748806870720036,0.005126033913465097,2020-04-03,2025-11-10,0.0019379826459755413
2025-11-18,603237,test,-0.011150488889142204,0.004140603704484731,2020-04-03,2025-11-10,0.0019379826459755413
2025-11-18,603335,test,0.001076208464137765,0.004437339544812678,2020-04-03,2025-11-10,0.0019379826459755413
2025-11-18,603341,test,0.011138974878010258,0.00018129537157521427,2020-04-03,2025-11-10,0.0019379826459755413
2025-11-18,603658,test,0.011965028970134031,0.001277093211344915,2020-04-03,2025-11-10,0.0019379826459755413
2025-11-18,605090,test,-0.010808725389483673,0.0027108745345441306,2020-04-03,2025-11-10,0.0019379826459755413
2025-11-18,605589,test,0.01209006174866896,0.0034480178202365465,2020-04-03,2025-11-10,0.0019379826459755413
2025-11-18,688031,test,0.035159976679526375,-0.010198848407272285,2020-04-03,2025-11-10,-0.00607818623598097
2025-11-18,688045,test,-0.024035509627565774,0.00024399376941219305,2020-04-03,2025-11-10,0.0019379826459755413
2025-11-18,688133,test,-0.017384146852687563,-0.0010216508168556548,2020-04-03,2025-11-10,0.0019379826459755413
2025-11-18,688147,test,-0.08891869224976238,-0.028311476730452066,2020-04-03,2025-11-10,-0.02955524553074878
2025-11-18,688528,test,-0.041863019601672755,-0.0009142423530102375,2020-04-03,2025-11-10,0.0019379826459755413
2025-11-19,600025,test,0.023446987257021795,0.0013626914138795388,2020-04-03,2025-11-10,0.0019379826459755413
2025-11-19,600051,test,-0.0033696654481787103,0.006240937210208496,2020-04-03,2025-11-10,0.0019379826459755413
2025-11-19,600127,test,0.005787140862449275,0.002314464355967874,2020-04-03,2025-11-10,-0.0010148171573181116
2025-11-19,600153,test,-0.002025054734667492,0.0019186293237474328,2020-04-03,2025-11-10,0.0019379826459755413
2025-11-19,600548,test,0.023565144177852188,0.0009982577669203647,2020-04-03,2025-11-10,0.0019379826459755413
2025-11-19,600865,test,-0.014271132953419724,0.003859650280255142,2020-04-03,2025-11-10,0.0019379826459755413
2025-11-19,600967,test,-0.025593963349666876,-0.005773542488840061,2020-04-03,2025-11-10,-0.0010148171573181116
2025-11-19,601222,test,-0.0071298320087969935,0.0005708437921790703,2020-04-03,2025-11-10,0.0019379826459755413
2025-11-19,603237,test,-0.020714242871975624,0.0017635371427735557,2020-04-03,2025-11-10,0.0019379826459755413
2025-11-19,603335,test,0.028786958613497365,-0.0007131772060578718,2020-04-03,2025-11-10,0.0019379826459755413
2025-11-19,603341,test,0.015349446059767319,0.0012218392191954818,2020-04-03,2025-11-10,0.0019379826459755413
2025-11-19,603658,test,0.006412215991671549,0.00031218460723653657,2020-04-03,2025-11-10,0.0019379826459755413
2025-11-19,605090,test,0.0052670345148253805,0.008036225846665468,2020-04-03,2025-11-10,0.0019379826459755413
2025-11-19,605589,test,0.01208809826966864,0.0014642804304927435,2020-04-03,2025-11-10,0.0019379826459755413
2025-11-19,688031,test,-0.01983480945919533,-0.010870754882240371,2020-04-03,2025-11-10,-0.003917482978112369
2025-11-19,688045,test,0.010354966594874032,-0.00028692397151160073,2020-04-03,2025-11-10,0.0019379826459755413
2025-11-19,688133,test,-0.018902293755174132,-0.0002062856230917155,2020-04-03,2025-11-10,0.0019379826459755413
2025-11-19,688147,test,-0.005054488437117394,-0.015847532905977093,2020-04-03,2025-11-10,-0.02955524553074878
2025-11-19,688528,test,-0.014162509323435296,0.002488406824655158,2020-04-03,2025-11-10,0.0019379826459755413
2025-11-20,600025,test,0.016615897526380586,-0.001173707884981055,2020-04-03,2025-11-10,-0.0010148171573181116
2025-11-20,600051,test,-0.008783147250685418,0.000987858691057749,2020-04-03,2025-11-10,0.0019379826459755413
2025-11-20,600127,test,-0.01371852204811409,-0.0018675759769710878,2020-04-03,2025-11-10,-0.0010148171573181116
2025-11-20,600153,test,-0.03783624509503415,0.004794841686954986,2020-04-03,2025-11-10,0.0019379826459755413
2025-11-20,600548,test,0.005784027350905763,0.002337510109188657,2020-04-03,2025-11-10,-0.0010148171573181116
2025-11-20,600865,test,0.05002767501664317,0.001347283059753901,2020-04-03,2025-11-10,0.0019379826459755413
2025-11-20,600967,test,0.000541927798484599,-0.0002446491122814597,2020-04-03,2025-11-10,0.0019379826459755413
2025-11-20,601222,test,-0.01346588103668157,0.0037906396111507977,2020-04-03,2025-11-10,0.0019379826459755413
2025-11-20,603237,test,-0.01499954097727364,0.002919142951242133,2020-04-03,2025-11-10,0.0019379826459755413
2025-11-20,603335,test,0.032347107802507144,0.0003049793991246234,2020-04-03,2025-11-10,0.0019379826459755413
2025-11-20,603341,test,0.037253362129687204,0.001361018522513793,2020-04-03,2025-11-10,0.0019379826459755413
2025-11-20,603658,test,0.014410536869229208,-0.001802239055170679,2020-04-03,2025-11-10,0.0019379826459755413
2025-11-20,605090,test,-0.03450869757376086,0.005051640804203824,2020-04-03,2025-11-10,0.0019379826459755413
2025-11-20,605589,test,-0.013894417557805416,-0.000926784838320378,2020-04-03,2025-11-10,-0.0010148171573181116
2025-11-20,688031,test,-0.03251766675413016,-0.005922361579922262,2020-04-03,2025-11-10,-0.003917482978112369
2025-11-20,688045,test,0.04994868003664675,0.0021670952514641906,2020-04-03,2025-11-10,0.0019379826459755413
2025-11-20,688133,test,-0.0009737095411189826,-0.0012508318605813713,2020-04-03,2025-11-10,0.0019379826459755413
2025-11-20,688147,test,-0.029696083583056542,-0.010586719635664715,2020-04-03,2025-11-10,-0.02955524553074878
2025-11-20,688528,test,-0.0065353031128235865,-0.002433409006303488,2020-04-03,2025-11-10,0.0019379826459755413
2025-11-21,600025,test,-0.028605944900525055,-0.005129450607314028,2020-04-03,2025-11-10,-0.0010148171573181116
2025-11-21,600051,test,0.01123469254967389,-0.0017231955489460371,2020-04-03,2025-11-10,0.0019379826459755413
2025-11-21,600127,test,-0.061046001318014645,-0.006351974508180869,2020-04-03,2025-11-10,-0.003917482978112369
2025-11-21,600153,test,-0.1035585065703546,-0.0030916360458553005,2020-04-03,2025-11-10,-0.003917482978112369
2025-11-21,600548,test,-0.03765117103117856,-0.0033281194175941785,2020-04-03,2025-11-10,-0.0010148171573181116
2025-11-21,600865,test,0.053601262306681816,0.0019841095643343505,2020-04-03,2025-11-10,0.0019379826459755413
2025-11-21,600967,test,-0.029184648604229108,-0.002966638993359697,2020-04-03,2025-11-10,-0.0010148171573181116
2025-11-21,601222,test,-0.025029406989223308,0.0026567913050265677,2020-04-03,2025-11-10,0.0019379826459755413
2025-11-21,603237,test,-0.016083583540954644,0.0005435058923404052,2020-04-03,2025-11-10,0.0019379826459755413
2025-11-21,603335,test,0.04318892689434649,-0.00123286146383506,2020-04-03,2025-11-10,0.0019379826459755413
2025-11-21,603341,test,0.02013660111969782,0.002168151509386841,2020-04-03,2025-11-10,0.0019379826459755413
2025-11-21,603658,test,-0.04102830514897228,0.0005597143901432744,2020-04-03,2025-11-10,-0.0010148171573181116
2025-11-21,605090,test,-0.02108714790804402,0.003398494203706061,2020-04-03,2025-11-10,0.0019379826459755413
2025-11-21,605589,test,-0.007764570913647701,0.002948696966057352,2020-04-03,2025-11-10,0.0019379826459755413
2025-11-21,688031,test,-0.020759791054371663,-0.009526878172695392,2020-04-03,2025-11-10,0.0033625170251463405
2025-11-21,688045,test,0.05919085244900511,0.009526637593756928,2020-04-03,2025-11-10,0.0019379826459755413
2025-11-21,688133,test,0.0057055675148246325,0.0026235988719296157,2020-04-03,2025-11-10,0.0019379826459755413
2025-11-21,688147,test,0.18316317054175343,0.0038693322702047306,2020-04-03,2025-11-10,0.0019379826459755413
2025-11-21,688528,test,0.015578004603532408,0.0019254533273525688,2020-04-03,2025-11-10,0.0019379826459755413
2025-11-24,600025,test,-0.008614439974392415,-0.005913683686031089,2020-04-03,2025-11-10,-0.0010148171573181116
2025-11-24,600051,test,-0.00649042159107531,-0.0012029805013403384,2020-04-03,2025-11-10,-0.00607818623598097
2025-11-24,600127,test,-0.06382188680635807,-0.007883277377704495,2020-04-03,2025-11-10,-0.003917482978112369
2025-11-24,600153,test,-0.0603051124167993,-0.00607959039181439,2020-04-03,2025-11-10,0.0019379826459755413
2025-11-24,600548,test,-0.06560956331891292,-0.0036952563672681556,2020-04-03,2025-11-10,-0.0010148171573181116
2025-11-24,600865,test,0.036084832612085685,0.005516409650441709,2020-04-03,2025-11-10,0.0019379826459755413
2025-11-24,600967,test,-0.0628807200343539,-0.004637919399078246,2020-04-03,2025-11-10,-0.003917482978112369
2025-11-24,601222,test,-0.018178733279387058,0.0028859951520995245,2020-04-03,2025-11-10,0.0019379826459755413
2025-11-24,603237,test,-0.008119561681753804,0.002927960035999138,2020-04-03,2025-11-10,0.0019379826459755413
2025-11-24,603335,test,0.03728345159456255,-0.0008432173193402193,2020-04-03,2025-11-10,0.0019379826459755413
2025-11-24,603341,test,0.11058978997048526,0.0015126842318354664,2020-04-03,2025-11-10,0.0019379826459755413
2025-11-24,603658,test,-0.03328121440128555,0.0002787524051919298,2020-04-03,2025-11-10,-0.0010148171573181116
2025-11-24,605090,test,-0.04273907287914429,0.0031351393890908623,2020-04-03,2025-11-10,0.0019379826459755413
2025-11-24,605589,test,0.001205531258811246,0.007018871932470631,2020-04-03,2025-11-10,-0.0010148171573181116
2025-11-24,688031,test,-0.05820210459110202,-0.013336648173935775,2020-04-03,2025-11-10,-0.02955524553074878
2025-11-24,688045,test,0.059055941308784735,0.007657727437915895,2020-04-03,2025-11-10,0.0019379826459755413
2025-11-24,688133,test,0.019187814763317504,0.003654357059742548,2020-04-03,2025-11-10,0.0019379826459755413
2025-11-24,688147,test,0.16063282405297724,0.00712972421913305,2020-04-03,2025-11-10,0.0019379826459755413
2025-11-24,688528,test,0.004202645413540387,0.0007286828390501052,2020-04-03,2025-11-10,0.0019379826459755413
2025-11-25,600025,test,-0.003478076169771612,-0.004184167322708066,2020-04-03,2025-11-10,0.0019379826459755413
2025-11-25,600051,test,-0.0008182735099687994,0.00195322232490078,2020-04-03,2025-11-10,0.0019379826459755413
2025-11-25,600127,test,-0.0014239211744401532,-0.008363343788891628,2020-04-03,2025-11-10,-0.003917482978112369
2025-11-25,600153,test,-0.059222443809300335,-0.004159349228694302,2020-04-03,2025-11-10,0.0019379826459755413
2025-11-25,600548,test,-0.05758847654882851,-0.002920080710336975,2020-04-03,2025-11-10,-0.0010148171573181116
2025-11-25,600865,test,0.05074540470569153,0.005802910625620576,2020-04-03,2025-11-10,0.0019379826459755413
2025-11-25,600967,test,-0.03980465808458869,-0.007405506105433356,2020-04-03,2025-11-10,-0.0010148171573181116
2025-11-25,601222,test,-0.006282440264458263,0.0020570767737307046,2020-04-03,2025-11-10,0.0019379826459755413
2025-11-25,603237,test,-0.0021847193208589816,0.001201607703360679,2020-04-03,2025-11-10,0.0019379826459755413
2025-11-25,603335,test,0.01635929685909074,-0.0027597249028358767,2020-04-03,2025-11-10,-0.0010148171573181116
2025-11-25,603341,test,0.11598400055640887,0.0018131097004736377,2020-04-03,2025-11-10,-0.0010148171573181116
2025-11-25,603658,test,-0.04020362660499946,-0.0019369042892297928,2020-04-03,2025-11-10,-0.0010148171573181116
2025-11-25,605090,test,-0.03284363624399325,0.0036138622147477368,2020-04-03,2025-11-10,0.0033625170251463405
2025-11-25,605589,test,0.009862229029677786,0.00957102438948378,2020-04-03,2025-11-10,0.0019379826459755413
2025-11-25,688031,test,-0.09477597123049455,-0.01606759534320123,2020-04-03,2025-11-10,-0.02955524553074878
2025-11-25,688045,test,0.025385849596457483,0.00755737955812857,2020-04-03,2025-11-10,0.0019379826459755413
2025-11-25,688133,test,-0.0005965132882085628,0.0024180640506005135,2020-04-03,2025-11-10,0.0019379826459755413
2025-11-25,688147,test,0.13071325802156272,0.008256784167456873,2020-04-03,2025-11-10,0.0019379826459755413
2025-11-25,688528,test,-0.009827282518977938,0.0024053613192854843,2020-04-03,2025-11-10,0.0019379826459755413
2025-11-26,600025,test,0.00754837761453481,-0.002686857465216453,2020-04-03,2025-11-10,0.0019379826459755413
2025-11-26,600051,test,-0.0056300275843761925,-0.002980137038598542,2020-04-03,2025-11-10,0.0019379826459755413
2025-11-26,600127,test,0.011239214326301542,-0.0031969764500995607,2020-04-03,2025-11-10,0.0019379826459755413
2025-11-26,600153,test,-0.0633296039423144,0.005715791779982698,2020-04-03,2025-11-10,0.0019379826459755413
2025-11-26,600548,test,-0.05469738509732963,-0.003567497437904583,2020-04-03,2025-11-10,0.0019379826459755413
2025-11-26,600865,test,0.05517161053585812,0.004531383413665763,2020-04-03,2025-11-10,-0.0010148171573181116
2025-11-26,600967,test,-0.03556695031472085,0.0006667685680063979,2020-04-03,2025-11-10,0.0019379826459755413
2025-11-26,601222,test,-0.01113993223358017,0.00356360829171457,2020-04-03,2025-11-10,0.0019379826459755413
2025-11-26,603237,test,0.0054209580979366935,0.0006847182907669545,2020-04-03,2025-11-10,0.0019379826459755413
2025-11-26,603335,test,-0.024343687348133577,-0.00941218791601435,2020-04-03,2025-11-10,-0.00607818623598097
2025-11-26,603341,test,0.1428265202876728,0.00021032241673112285,2020-04-03,2025-11-10,-0.0010148171573181116
2025-11-26,603658,test,-0.03069521589993268,-0.0005496714021688732,2020-04-03,2025-11-10,0.0019379826459755413
2025-11-26,605090,test,-0.04952176216127452,0.004485911895501323,2020-04-03,2025-11-10,0.0019379826459755413
2025-11-26,605589,test,-0.005592681000212759,0.008517427157341152,2020-04-03,2025-11-10,0.0019379826459755413
2025-11-26,688031,test,-0.06735265062388235,-0.011655550573850247,2020-04-03,2025-11-10,0.0033625170251463405
2025-11-26,688045,test,-0.016529366254094898,-0.0006259775380231946,2020-04-03,2025-11-10,-0.0010148171573181116
2025-11-26,688133,test,-0.00261684818457791,0.003876540033417298,2020-04-03,2025-11-10,0.0019379826459755413
2025-11-26,688147,test,0.15231257027513884,0.0013618512378012094,2020-04-03,2025-11-10,-0.02955524553074878
2025-11-26,688528,test,-0.0075031404930128685,-8.573612659451496e-05,2020-04-03,2025-11-10,0.0019379826459755413
2025-11-27,600025,test,0.010164595290499786,0.0006351086046950229,2020-04-03,2025-11-10,0.0019379826459755413
2025-11-27,600051,test,-0.024675925652677014,-0.0015546684364014008,2020-04-03,2025-11-10,0.0019379826459755413
2025-11-27,600127,test,0.026592300393159348,0.003669726900425603,2020-04-03,2025-11-10,0.0019379826459755413
2025-11-27,600153,test,-0.027163222434528348,0.0020042840947803037,2020-04-03,2025-11-10,0.0019379826459755413
2025-11-27,600548,test,-0.05750225100713752,0.00018926745077110714,2020-04-03,2025-11-10,0.0019379826459755413
2025-11-27,600865,test,-0.0003450944788248617,-0.010134513943471573,2020-04-03,2025-11-10,-0.02955524553074878
2025-11-27,600967,test,-0.039717552690643865,0.007760321059822096,2020-04-03,2025-11-10,0.0019379826459755413
2025-11-27,601222,test,0.002180126958361392,-0.0010624335909981885,2020-04-03,2025-11-10,0.0019379826459755413
2025-11-27,603237,test,-0.0067217801127419955,-0.00021263707915002475,2020-04-03,2025-11-10,0.0019379826459755413
2025-11-27,603335,test,-0.030328933310651177,-0.00854094841053067,2020-04-03,2025-11-10,-0.00607818623598097
2025-11-27,603341,test,0.10402869265358311,-0.003036283567694122,2020-04-03,2025-11-10,-0.003917482978112369
2025-11-27,603658,test,-0.023975060571845012,-0.0018773760966426924,2020-04-03,2025-11-10,0.0019379826459755413
2025-11-27,605090,test,-0.01973865041145068,0.000788062616662833,2020-04-03,2025-11-10,0.0019379826459755413
2025-11-27,605589,test,0.0016414247490738581,0.008565422301505391,2020-04-03,2025-11-10,0.0019379826459755413
2025-11-27,688031,test,-0.040977210784980234,-0.006678885205803957,2020-04-03,2025-11-10,0.0033625170251463405
2025-11-27,688045,test,-0.03952885188241967,1.6983281349643192e-06,2020-04-03,2025-11-10,-0.003917482978112369
2025-11-27,688133,test,-0.016407694402762633,0.0011001844125283916,2020-04-03,2025-11-10,0.0019379826459755413
2025-11-27,688147,test,0.21132304162357846,0.00931416238136724,2020-04-03,2025-11-10,0.0033625170251463405
2025-11-27,688528,test,-0.028847953927592932,-0.0020767606835421564,2020-04-03,2025-11-10,0.0019379826459755413
2025-11-28,600025,test,0.010416446933266727,0.0012832631282539055,2020-04-03,2025-11-10,0.0019379826459755413
2025-11-28,600051,test,-0.016082505866527024,0.0016315543438815857,2020-04-03,2025-11-10,0.0019379826459755413
2025-11-28,600127,test,0.03313203490325635,0.003924036594876007,2020-04-03,2025-11-10,0.0019379826459755413
2025-11-28,600153,test,-0.025875216348892654,-0.0018953129212598656,2020-04-03,2025-11-10,0.0019379826459755413
2025-11-28,600548,test,-0.04996425780101764,0.005469367242466457,2020-04-03,2025-11-10,0.0019379826459755413
2025-11-28,600865,test,-0.008514027416423802,-0.005151205716498049,2020-04-03,2025-11-10,-0.0010148171573181116
2025-11-28,600967,test,-0.03689536392955005,0.003945843142109448,2020-04-03,2025-11-10,0.0019379826459755413
2025-11-28,601222,test,0.007380261838873321,-0.0022302748452188385,2020-04-03,2025-11-10,0.0019379826459755413
2025-11-28,603237,test,-0.0103782515939773,0.00011971333636680988,2020-04-03,2025-11-10,0.0019379826459755413
2025-11-28,603335,test,-0.02563966242912828,-0.0014082206667748924,2020-04-03,2025-11-10,0.0019379826459755413
2025-11-28,603341,test,0.12153437447231753,-0.0006534627316363438,2020-04-03,2025-11-10,0.0019379826459755413
2025-11-28,603658,test,-0.014795937410713372,0.001213829040012929,2020-04-03,2025-11-10,0.0019379826459755413
2025-11-28,605090,test,-0.022415591396730532,0.0019286134611811896,2020-04-03,2025-11-10,0.0019379826459755413
2025-11-28,605589,test,0.007274897557364785,0.00507408862406479,2020-04-03,2025-11-10,0.0019379826459755413
2025-11-28,688031,test,0.11041198192578862,0.005036413702058471,2020-04-03,2025-11-10,0.0019379826459755413
2025-11-28,688045,test,-0.0345293878964653,0.001089862081915963,2020-04-03,2025-11-10,-0.0010148171573181116
2025-11-28,688133,test,-0.015532851017439713,0.00030880054142417424,2020-04-03,2025-11-10,0.0019379826459755413
2025-11-28,688147,test,0.010917157170978426,-0.01887506264910313,2020-04-03,2025-11-10,0.0017720361135105621
2025-11-28,688528,test,-0.040444101694980125,-0.0019581145716624326,2020-04-03,2025-11-10,0.0019379826459755413
2025-12-01,600025,test,-0.017657044444276133,0.0030451124893525923,2020-04-03,2025-11-10,0.0019379826459755413
2025-12-01,600051,test,-0.015885542518730485,0.00030769892018033847,2020-04-03,2025-11-10,0.0019379826459755413
2025-12-01,600127,test,0.025149973099583382,0.0018754842431118572,2020-04-03,2025-11-10,0.0019379826459755413
2025-12-01,600153,test,-0.0029477581395088246,-0.002707787184619461,2020-04-03,2025-11-10,0.0019379826459755413
2025-12-01,600548,test,-0.04345306977731828,0.00010024454296821276,2020-04-03,2025-11-10,0.0019379826459755413
2025-12-01,600865,test,0.007572942287258513,0.0008371368984272953,2020-04-03,2025-11-10,-0.0010148171573181116
2025-12-01,600967,test,-0.04342310604541961,-0.0002018706656658962,2020-04-03,2025-11-10,0.0019379826459755413
2025-12-01,601222,test,-0.0028566556882954706,-0.00026074124147348784,2020-04-03,2025-11-10,0.0019379826459755413
2025-12-01,603237,test,-0.018142352618049702,0.0008358447293870761,2020-04-03,2025-11-10,0.0019379826459755413
2025-12-01,603335,test,-0.033661067240119254,0.0007428455905601734,2020-04-03,2025-11-10,0.0019379826459755413
2025-12-01,603341,test,0.01943094488168711,-0.011601118412914658,2020-04-03,2025-11-10,-0.02955524553074878
2025-12-01,603658,test,-0.022969778634626188,-4.506700162785358e-05,2020-04-03,2025-11-10,0.0019379826459755413
2025-12-01,605090,test,0.02818592792291768,0.002771316597811058,2020-04-03,2025-11-10,0.0019379826459755413
2025-12-01,605589,test,-0.0018448069153307965,0.005420943726248556,2020-04-03,2025-11-10,0.0019379826459755413
2025-12-01,688031,test,0.15630233666217225,0.0022665423397038717,2020-04-03,2025-11-10,0.0019379826459755413
2025-12-01,688045,test,-0.0319988528384127,0.0018080681858747478,2020-04-03,2025-11-10,-0.0010148171573181116
2025-12-01,688133,test,-0.04034459522517348,-0.00011674731796605126,2020-04-03,2025-11-10,-0.0010148171573181116
2025-12-01,688147,test,0.055482432890961046,-0.00528762989815788,2020-04-03,2025-11-10,-0.022895732766265046
2025-12-01,688528,test,-0.016939927659319017,-0.000936545404742323,2020-04-03,2025-11-10,0.0019379826459755413
2025-12-02,600025,test,-0.01613710250551383,0.004837581108189651,2020-04-03,2025-11-10,0.0019379826459755413
2025-12-02,600051,test,-0.024374940227353443,0.0004370129110197525,2020-04-03,2025-11-10,0.0019379826459755413
2025-12-02,600127,test,-0.008360200998328477,0.0015710775571254928,2020-04-03,2025-11-10,-0.0010148171573181116
2025-12-02,600153,test,0.002826024994366221,-0.0014125900725336085,2020-04-03,2025-11-10,0.0019379826459755413
2025-12-02,600548,test,-0.045302903889307265,0.001901455076566039,2020-04-03,2025-11-10,0.0019379826459755413
2025-12-02,600865,test,0.01312214583448577,0.004077404025580353,2020-04-03,2025-11-10,0.0019379826459755413
2025-12-02,600967,test,-0.0457306253585489,0.0003948185959907414,2020-04-03,2025-11-10,0.0019379826459755413
2025-12-02,601222,test,-0.004948077288606707,-0.001013116480904805,2020-04-03,2025-11-10,0.0019379826459755413
2025-12-02,603237,test,-0.016584951419694866,0.0005411019040346231,2020-04-03,2025-11-10,0.0019379826459755413
2025-12-02,603335,test,-0.03490857952039108,6.600466106495543e-05,2020-04-03,2025-11-10,0.0019379826459755413
2025-12-02,603341,test,-0.00030710910377331293,-0.008189446879244972,2020-04-03,2025-11-10,-0.003917482978112369
2025-12-02,603658,test,-0.01250530465479895,0.00028536683671504843,2020-04-03,2025-11-10,0.0019379826459755413
2025-12-02,605090,test,0.008503648281825798,0.0028576442034394,2020-04-03,2025-11-10,0.0019379826459755413
2025-12-02,605589,test,0.0004409088750057901,0.0031907887923529744,2020-04-03,2025-11-10,0.0019379826459755413
2025-12-02,688031,test,0.16696430575141172,-0.004584019454737639,2020-04-03,2025-11-10,0.0019379826459755413
2025-12-02,688045,test,-0.016505270620380114,0.004395262769534689,2020-04-03,2025-11-10,0.0019379826459755413
2025-12-02,688133,test,-0.03887220254691539,-0.0009180575177166853,2020-04-03,2025-11-10,0.0019379826459755413
2025-12-02,688147,test,0.09005343775891182,-0.011029446707405856,2020-04-03,2025-11-10,-0.022895732766265046
2025-12-02,688528,test,-0.017373203362394802,0.0014448898073880388,2020-04-03,2025-11-10,0.0019379826459755413
2025-12-03,600025,test,-0.02419749326271053,0.0025573726446972995,2020-04-03,2025-11-10,-0.0010148171573181116
2025-12-03,600051,test,-0.02707350675150638,0.0007654140204768627,2020-04-03,2025-11-10,0.0019379826459755413
2025-12-03,600127,test,0.00702740049056422,0.0031240034193869785,2020-04-03,2025-11-10,-0.0010148171573181116
2025-12-03,600153,test,0.028419390534957737,0.0009288056563594139,2020-04-03,2025-11-10,0.0019379826459755413
2025-12-03,600548,test,-0.05348289913490395,0.002222160852404456,2020-04-03,2025-11-10,0.0019379826459755413
2025-12-03,600865,test,0.0006412505249602824,0.00010068053967711417,2020-04-03,2025-11-10,-0.0010148171573181116
2025-12-03,600967,test,-0.032779080307195285,-0.000961880836698744,2020-04-03,2025-11-10,0.0019379826459755413
2025-12-03,601222,test,-0.0031719869288304144,-0.0003367200159862356,2020-04-03,2025-11-10,0.0019379826459755413
2025-12-03,603237,test,-0.03214202519832238,-0.0015932558260820207,2020-04-03,2025-11-10,0.0019379826459755413
2025-12-03,603335,test,-0.03549047489247986,-0.001003190964331255,2020-04-03,2025-11-10,0.0019379826459755413
2025-12-03,603341,test,-0.024443044062440075,-0.008068244253200784,2020-04-03,2025-11-10,-0.003917482978112369
2025-12-03,603658,test,-0.016555256074372967,3.224726411960267e-05,2020-04-03,2025-11-10,0.0019379826459755413
2025-12-03,605090,test,0.036858599050684504,0.003944194186686136,2020-04-03,2025-11-10,0.0019379826459755413
2025-12-03,605589,test,0.007247050739782881,0.0020783763548390785,2020-04-03,2025-11-10,0.0019379826459755413
2025-12-03,688031,test,0.17484746507728915,-0.0021060000781982745,2020-04-03,2025-11-10,0.0019379826459755413
2025-12-03,688045,test,-0.0034971011974803097,0.004665378621777657,2020-04-03,2025-11-10,0.0019379826459755413
2025-12-03,688133,test,-0.02394598489971372,-0.0014521211015942762,2020-04-03,2025-11-10,0.0019379826459755413
2025-12-03,688147,test,0.06331583352185916,-0.00802531720513082,2020-04-03,2025-11-10,0.0017720361135105621
2025-12-03,688528,test,-0.04157813723014209,0.0019818278572559427,2020-04-03,2025-11-10,0.0019379826459755413
2025-12-04,600025,test,-0.019453088371048175,0.004083292196341243,2020-04-03,2025-11-10,-0.0010148171573181116
2025-12-04,600051,test,-0.024602559188650595,-0.003175418520406767,2020-04-03,2025-11-10,0.0019379826459755413
2025-12-04,600127,test,0.0035364946833394096,0.0014840832929873217,2020-04-03,2025-11-10,-0.0010148171573181116
2025-12-04,600153,test,-0.016634515459017594,-0.0013659957008734735,2020-04-03,2025-11-10,0.0019379826459755413
2025-12-04,600548,test,-0.057024769225067475,0.0038199423458043415,2020-04-03,2025-11-10,0.0019379826459755413
2025-12-04,600865,test,0.12658714342026148,-0.0021818498129747917,2020-04-03,2025-11-10,-0.0010148171573181116
2025-12-04,600967,test,-0.029747006832378273,0.003149652295502329,2020-04-03,2025-11-10,0.0019379826459755413
2025-12-04,601222,test,-0.013212584609125198,0.0010417985774125167,2020-04-03,2025-11-10,-0.0010148171573181116
2025-12-04,603237,test,-0.023989611557413502,-0.004529550024695578,2020-04-03,2025-11-10,0.0019379826459755413
2025-12-04,603335,test,-0.042152228062822907,0.0020448540066985168,2020-04-03,2025-11-10,0.0019379826459755413
2025-12-04,603341,test,-0.033961143079762814,-0.0018808663792379528,2020-04-03,2025-11-10,-0.003917482978112369
2025-12-04,603658,test,-0.015794907158384695,0.0018876232248756972,2020-04-03,2025-11-10,0.0019379826459755413
2025-12-04,605090,test,0.07151264371617885,0.0004966986864654204,2020-04-03,2025-11-10,-0.0010148171573181116
2025-12-04,605589,test,0.004527506836363294,0.004176917698205761,2020-04-03,2025-11-10,0.0019379826459755413
2025-12-04,688031,test,0.1379714595158428,4.523167979174853e-05,2020-04-03,2025-11-10,0.0019379826459755413
2025-12-04,688045,test,-0.01424286358282931,0.008435815793651536,2020-04-03,2025-11-10,0.0019379826459755413
2025-12-04,688133,test,-0.031703203621876154,0.0012242661149513827,2020-04-03,2025-11-10,0.0019379826459755413
2025-12-04,688147,test,0.02559281959408646,-0.020600581758809314,2020-04-03,2025-11-10,0.0017720361135105621
2025-12-04,688528,test,-0.0472095870176956,0.0006978174207682806,2020-04-03,2025-11-10,0.0019379826459755413
2025-12-05,600025,test,-0.019599914566957935,0.0021161435406549453,2020-04-03,2025-11-10,0.0019379826459755413
2025-12-05,600051,test,-0.06035832336385334,0.0012670599922507473,2020-04-03,2025-11-10,0.0019379826459755413
2025-12-05,600127,test,-0.03741812835036158,0.004981054275065029,2020-04-03,2025-11-10,0.0019379826459755413
2025-12-05,600153,test,-0.019737637547020917,-0.0027310725933708422,2020-04-03,2025-11-10,0.0019379826459755413
2025-12-05,600548,test,-0.05616906350312796,-0.00023701202906858872,2020-04-03,2025-11-10,0.0019379826459755413
2025-12-05,600865,test,0.24182790970082427,-0.0014435101197450976,2020-04-03,2025-11-10,0.0019379826459755413
2025-12-05,600967,test,-0.017027266274567368,0.005487168428264841,2020-04-03,2025-11-10,0.0019379826459755413
2025-12-05,601222,test,-0.017069942775702687,0.0013817852926260028,2020-04-03,2025-11-10,0.0019379826459755413
2025-12-05,603237,test,-0.035250863558654436,-0.0016046236141927187,2020-04-03,2025-11-10,0.0019379826459755413
2025-12-05,603335,test,-0.08730994719338532,0.0019891483762654403,2020-04-03,2025-11-10,0.0019379826459755413
2025-12-05,603341,test,-0.03997079368783714,0.001523944611264405,2020-04-03,2025-11-10,-0.003917482978112369
2025-12-05,603658,test,-0.01938380115063694,-0.0011793046054501205,2020-04-03,2025-11-10,0.0019379826459755413
2025-12-05,605090,test,0.15131076711289596,-0.0008212120003830668,2020-04-03,2025-11-10,-0.0010148171573181116
2025-12-05,605589,test,0.005884092167048923,0.004733008656714644,2020-04-03,2025-11-10,0.0019379826459755413
2025-12-05,688031,test,0.027795918766375258,-0.01718109560293584,2020-04-03,2025-11-10,0.0017720361135105621
2025-12-05,688045,test,-0.007661546738820872,0.008350705907192483,2020-04-03,2025-11-10,0.0019379826459755413
2025-12-05,688133,test,-0.04282958756739981,0.0019301446322581672,2020-04-03,2025-11-10,0.0019379826459755413
2025-12-05,688147,test,0.10467006103535974,-0.010683062708554372,2020-04-03,2025-11-10,-0.022895732766265046
2025-12-05,688528,test,-0.07170193250417785,0.0009744606976021344,2020-04-03,2025-11-10,0.0019379826459755413
2025-12-08,600025,test,-0.009887214001210218,0.0035828663999018574,2020-04-03,2025-11-10,0.0019379826459755413
2025-12-08,600051,test,-0.05267013877502573,0.0024415006314317386,2020-04-03,2025-11-10,0.0019379826459755413
2025-12-08,600127,test,-0.025951411171419345,0.005581701090989048,2020-04-03,2025-11-10,0.0019379826459755413
2025-12-08,600153,test,-0.03163601846454704,-0.00422076540695428,2020-04-03,2025-11-10,0.0019379826459755413
2025-12-08,600548,test,-0.05727445932476209,-0.0022745815561800416,2020-04-03,2025-11-10,0.0019379826459755413
2025-12-08,600865,test,0.3480918770887104,0.0021517109580862694,2020-04-03,2025-11-10,0.0019379826459755413
2025-12-08,600967,test,-0.05081640768610389,0.004175174273350327,2020-04-03,2025-11-10,0.0019379826459755413
2025-12-08,601222,test,-0.016227373109548845,5.052812907104015e-05,2020-04-03,2025-11-10,0.0019379826459755413
2025-12-08,603237,test,-0.03250510130478383,0.0005510568685263744,2020-04-03,2025-11-10,0.0019379826459755413
2025-12-08,603335,test,-0.09338029951029873,0.003676811220315138,2020-04-03,2025-11-10,0.0019379826459755413
2025-12-08,603341,test,-0.05593392595353412,0.005569999133320649,2020-04-03,2025-11-10,0.0019379826459755413
2025-12-08,603658,test,-0.010459323078221103,-0.0005042770349469072,2020-04-03,2025-11-10,0.0019379826459755413
2025-12-08,605090,test,0.14225982736628692,-0.004710064271377221,2020-04-03,2025-11-10,-0.0010148171573181116
2025-12-08,605589,test,-0.013514723540501136,0.001060934602893249,2020-04-03,2025-11-10,0.0019379826459755413
2025-12-08,688031,test,0.14649551492105337,-0.021499158472897236,2020-04-03,2025-11-10,0.0017720361135105621
2025-12-08,688045,test,-0.0381797395739462,0.0038140247578878784,2020-04-03,2025-11-10,0.0019379826459755413
2025-12-08,688133,test,-0.05269134633339949,0.0002708218538724001,2020-04-03,2025-11-10,0.0019379826459755413
2025-12-08,688147,test,-0.018003772087735445,-0.003939494540338166,2020-04-03,2025-11-10,-0.022895732766265046
2025-12-08,688528,test,-0.07771596546101349,0.0030749424995060114,2020-04-03,2025-11-10,0.0019379826459755413
2025-12-09,600025,test,-0.005933797132422527,0.004295482268132089,2020-04-03,2025-12-08,0.001242857815067756
2025-12-09,600051,test,-0.06479478060559234,0.002494695036528098,2020-04-03,2025-12-08,0.001242857815067756
2025-12-09,600127,test,-0.03784340300147331,0.0023282453754949607,2020-04-03,2025-12-08,0.001242857815067756
2025-12-09,600153,test,-0.03661316544599807,-0.003496624906290199,2020-04-03,2025-12-08,0.001242857815067756
2025-12-09,600548,test,-0.03203500375045092,-0.002392630063716155,2020-04-03,2025-12-08,0.001242857815067756
2025-12-09,600865,test,0.46058263360265966,0.00044924075762802466,2020-04-03,2025-12-08,0.001242857815067756
2025-12-09,600967,test,-0.048487792169352444,0.004332808687698879,2020-04-03,2025-12-08,0.001242857815067756
2025-12-09,601222,test,-0.03466593530787659,0.0022658578961023477,2020-04-03,2025-12-08,0.001242857815067756
2025-12-09,603237,test,-0.02608040296833119,0.0012128607098923336,2020-04-03,2025-12-08,0.001242857815067756
2025-12-09,603335,test,-0.10037888731913573,0.005797367988542873,2020-04-03,2025-12-08,0.001242857815067756
2025-12-09,603341,test,-0.07926554674919843,0.0006507696865698903,2020-04-03,2025-12-08,0.001242857815067756
2025-12-09,603658,test,-0.00285954749617128,-0.0016466869354286198,2020-04-03,2025-12-08,0.001242857815067756
2025-12-09,605090,test,0.12408913959405284,-0.001470112088889171,2020-04-03,2025-12-08,0.001242857815067756
2025-12-09,605589,test,-0.04833446864450324,0.001918848390841453,2020-04-03,2025-12-08,0.001242857815067756
2025-12-09,688031,test,0.2245652455423574,-0.02004542764985105,2020-04-03,2025-12-08,-0.004814732910676303
2025-12-09,688045,test,-0.060607810756792606,0.007149322650123812,2020-04-03,2025-12-08,0.001242857815067756
2025-12-09,688133,test,-0.056518845206327155,0.0006487183907499973,2020-04-03,2025-12-08,0.001242857815067756
2025-12-09,688147,test,-0.07886297107271283,-0.006498081903724404,2020-04-03,2025-12-08,-0.011682488300239335
2025-12-09,688528,test,-0.09595466111273125,0.0008793704534237407,2020-04-03,2025-12-08,0.001242857815067756
2025-12-10,600025,test,-0.02981889916174766,0.0029476585845540043,2020-04-03,2025-12-08,0.001242857815067756
2025-12-10,600051,test,-0.07352210299220488,0.0028346468552085543,2020-04-03,2025-12-08,0.001242857815067756
2025-12-10,600127,test,-0.09170135218756162,0.005123701703218612,2020-04-03,2025-12-08,0.001242857815067756
2025-12-10,600153,test,-0.06378714721165771,-0.010408255353906559,2020-04-03,2025-12-08,0.001242857815067756
2025-12-10,600548,test,-0.04763205101519633,-0.001801136643344213,2020-04-03,2025-12-08,0.001242857815067756
2025-12-10,600865,test,0.5875417365007499,-0.0032525107205287947,2020-04-03,2025-12-08,0.001242857815067756
2025-12-10,600967,test,-0.053407327083870894,0.001976627315623594,2020-04-03,2025-12-08,0.001242857815067756
2025-12-10,601222,test,-0.04334259047573578,-0.0005715305470826411,2020-04-03,2025-12-08,0.001242857815067756
2025-12-10,603237,test,-0.028243779203226328,-0.0025086486785042034,2020-04-03,2025-12-08,0.001242857815067756
2025-12-10,603335,test,-0.09236378986458219,0.003829784660141761,2020-04-03,2025-12-08,0.001242857815067756
2025-12-10,603341,test,-0.06796000966091223,0.009623181429487319,2020-04-03,2025-12-08,0.001242857815067756
2025-12-10,603658,test,-0.01646126321318301,-0.0011999384947377577,2020-04-03,2025-12-08,0.001242857815067756
2025-12-10,605090,test,0.05353598406536116,-0.0010445353007296518,2020-04-03,2025-12-08,0.001242857815067756
2025-12-10,605589,test,-0.028301549239670355,0.0012334476619205485,2020-04-03,2025-12-08,0.001242857815067756
2025-12-10,688031,test,0.2957414037475959,-0.005380420323904496,2020-04-03,2025-12-08,-0.004814732910676303
2025-12-10,688045,test,-0.051569731831489975,0.006727434190869769,2020-04-03,2025-12-08,0.001242857815067756
2025-12-10,688133,test,-0.06551864203611593,0.0012843140337172577,2020-04-03,2025-12-08,0.001242857815067756
2025-12-10,688147,test,-0.10205824369252872,-0.012646110370804566,2020-04-03,2025-12-08,-0.011682488300239335
2025-12-10,688528,test,-0.08113064544402329,0.0021063147426303207,2020-04-03,2025-12-08,0.001242857815067756
2025-12-11,600025,test,-0.05707119235415069,-0.0010418745742119498,2020-04-03,2025-12-08,0.001242857815067756
2025-12-11,600051,test,-0.05207883810806489,3.326874932359642e-05,2020-04-03,2025-12-08,0.001242857815067756
2025-12-11,600127,test,-0.09494452523461604,-5.849100264771157e-05,2020-04-03,2025-12-08,0.001242857815067756
2025-12-11,600153,test,-0.06685101826300864,-0.002998873439603559,2020-04-03,2025-12-08,0.001242857815067756
2025-12-11,600548,test,-0.05184684539752003,0.0007010508695142508,2020-04-03,2025-12-08,0.001242857815067756
2025-12-11,600865,test,0.5603891251061668,-0.018299341282832848,2020-04-03,2025-12-08,-0.016191851832685192
2025-12-11,600967,test,-0.06502546859200896,0.0006691411909056169,2020-04-03,2025-12-08,0.001242857815067756
2025-12-11,601222,test,-0.056485674765751046,0.0011603984974922004,2020-04-03,2025-12-08,0.001242857815067756
2025-12-11,603237,test,-0.02389271771226119,-0.003994381111099023,2020-04-03,2025-12-08,0.001242857815067756
2025-12-11,603335,test,-0.09735411035727569,0.003663324324582652,2020-04-03,2025-12-08,0.001242857815067756
2025-12-11,603341,test,-0.0832179528175737,0.008415586466170915,2020-04-03,2025-12-08,0.001242857815067756
2025-12-11,603658,test,-0.032632670007205475,-0.0028392822722369078,2020-04-03,2025-12-08,0.001242857815067756
2025-12-11,605090,test,0.01697121562201699,0.0007152528397970904,2020-04-03,2025-12-08,-0.004814732910676303
2025-12-11,605589,test,-0.0477155974292207,0.0021123772517674046,2020-04-03,2025-12-08,0.001242857815067756
2025-12-11,688031,test,0.43589773230491513,0.0013239367053659147,2020-04-03,2025-12-08,0.000552776242061864
2025-12-11,688045,test,-0.04187954227504086,0.007575297824703449,2020-04-03,2025-12-08,0.001242857815067756
2025-12-11,688133,test,-0.0599769605537641,0.001727801545337605,2020-04-03,2025-12-08,0.001242857815067756
2025-12-11,688147,test,-0.1306078633230613,-0.004133608322511001,2020-04-03,2025-12-08,0.000552776242061864
2025-12-11,688528,test,-0.05167709584257561,0.0041424404840111695,2020-04-03,2025-12-08,0.001242857815067756
2025-12-12,600025,test,-0.04533388185152195,0.0016418466297799656,2020-04-03,2025-12-08,0.001242857815067756
2025-12-12,600051,test,-0.00013606749066926577,0.00041907886067642203,2020-04-03,2025-12-08,0.001242857815067756
2025-12-12,600127,test,-0.025427486079209492,0.001320066727337695,2020-04-03,2025-12-08,0.001242857815067756
2025-12-12,600153,test,-0.06141640055674565,-0.0007201899155514117,2020-04-03,2025-12-08,0.001242857815067756
2025-12-12,600548,test,-0.0400260262251951,0.0037313893913590843,2020-04-03,2025-12-08,0.001242857815067756
2025-12-12,600865,test,0.47596723976807137,-0.016391156562752123,2020-04-03,2025-12-08,-0.004814732910676303
2025-12-12,600967,test,-0.06255952196210099,0.0010029877852487533,2020-04-03,2025-12-08,0.001242857815067756
2025-12-12,601222,test,-0.040026026225194876,-0.00017377860214758876,2020-04-03,2025-12-08,0.001242857815067756
2025-12-12,603237,test,0.01771353151436276,-0.0012404570721245912,2020-04-03,2025-12-08,0.001242857815067756
2025-12-12,603335,test,-0.015026026225194965,0.0026950831477745483,2020-04-03,2025-12-08,0.001242857815067756
2025-12-12,603341,test,-0.08302694113827822,0.006984088554175805,2020-04-03,2025-12-08,0.001242857815067756
2025-12-12,603658,test,-0.019732903339061934,-0.0012278699649360778,2020-04-03,2025-12-08,0.001242857815067756
2025-12-12,605090,test,-0.03685645411742929,-0.008340911596843215,2020-04-03,2025-12-08,-0.016191851832685192
2025-12-12,605589,test,-0.04039763529245629,0.0036174637918220077,2020-04-03,2025-12-08,0.001242857815067756
2025-12-12,688031,test,0.2528453928287692,-0.002895824504585407,2020-04-03,2025-12-08,0.000552776242061864
2025-12-12,688045,test,-0.04767572287515528,0.0036150308005055143,2020-04-03,2025-12-08,0.001242857815067756
2025-12-12,688133,test,-0.045099826963202104,0.0010635517899323396,2020-04-03,2025-12-08,0.001242857815067756
2025-12-12,688147,test,-0.17657775036312592,0.0009488172785993067,2020-04-03,2025-12-08,0.000552776242061864
2025-12-12,688528,test,-0.007207493406662012,0.0028248082055578887,2020-04-03,2025-12-08,0.001242857815067756
2025-12-15,600025,test,-0.04343663082559472,-0.0036323251964286265,2020-04-03,2025-12-08,0.001242857815067756
2025-12-15,600051,test,-0.012042254893403756,0.0015480736236608724,2020-04-03,2025-12-08,0.001242857815067756
2025-12-15,600127,test,-0.026637361228620746,0.00429021235157258,2020-04-03,2025-12-08,0.001242857815067756
2025-12-15,600153,test,-0.056319000961605956,-0.0019074499412292227,2020-04-03,2025-12-08,0.001242857815067756
2025-12-15,600548,test,-0.023583689649124093,4.8429776608532636e-05,2020-04-03,2025-12-08,0.001242857815067756
2025-12-15,600865,test,0.4198998256878726,-0.016136579706809998,2020-04-03,2025-12-08,-0.04921885102265645
2025-12-15,600967,test,-0.011183683935165042,-0.0016306448508257153,2020-04-03,2025-12-08,0.001242857815067756
2025-12-15,601222,test,-0.03917768867335562,-0.00024102889767437392,2020-04-03,2025-12-08,0.001242857815067756
2025-12-15,603237,test,0.003361493443225408,-0.00044926867182645266,2020-04-03,2025-12-08,0.001242857815067756
2025-12-15,603335,test,-0.015857641011944576,0.001730309185485158,2020-04-03,2025-12-08,0.001242857815067756
2025-12-15,603341,test,-0.06286721528202215,0.004674356416793649,2020-04-03,2025-12-08,0.001242857815067756
2025-12-15,603658,test,-0.027373794730161258,-0.0005166416463166588,2020-04-03,2025-12-08,0.001242857815067756
2025-12-15,605090,test,-0.04061724509890989,0.003205455227095246,2020-04-03,2025-12-08,-0.016191851832685192
2025-12-15,605589,test,-0.006490603094959788,0.0017528537000613196,2020-04-03,2025-12-08,0.001242857815067756
2025-12-15,688031,test,0.05561069425353156,-0.008812680419211944,2020-04-03,2025-12-08,-0.004814732910676303
2025-12-15,688045,test,-0.03381096237639662,0.0023573834740189606,2020-04-03,2025-12-08,0.001242857815067756
2025-12-15,688133,test,-0.025423264333526305,-0.0011694461983981766,2020-04-03,2025-12-08,0.001242857815067756
2025-12-15,688147,test,-0.03836978590580868,0.008920133168275547,2020-04-03,2025-12-08,0.000552776242061864
2025-12-15,688528,test,-0.015681191384030388,0.00484288334897822,2020-04-03,2025-12-08,0.001242857815067756
2025-12-16,600025,test,-0.04814474699517299,-0.0021966815974854815,2020-04-03,2025-12-08,0.001242857815067756
2025-12-16,600051,test,0.0013083608458108985,0.0011000428212394355,2020-04-03,2025-12-08,0.001242857815067756
2025-12-16,600127,test,-0.04771462765993614,0.0035796798193218774,2020-04-03,2025-12-08,0.001242857815067756
2025-12-16,600153,test,-0.03770385568947507,-0.000624767976814647,2020-04-03,2025-12-08,0.001242857815067756
2025-12-16,600548,test,-0.03350075245468173,-0.0028748825645582,2020-04-03,2025-12-08,0.001242857815067756
2025-12-16,600865,test,0.24843223979646092,-0.002837079817747523,2020-04-03,2025-12-08,-0.011682488300239335
2025-12-16,600967,test,-0.015094768388051103,-0.0017635064674277226,2020-04-03,2025-12-08,0.001242857815067756
2025-12-16,601222,test,-0.02177693860972438,0.0010704963272843099,2020-04-03,2025-12-08,0.001242857815067756
2025-12-16,603237,test,-0.022421914725964085,-0.0015604624093881485,2020-04-03,2025-12-08,0.001242857815067756
2025-12-16,603335,test,-0.014543713117207455,0.002118358870057344,2020-04-03,2025-12-08,0.001242857815067756
2025-12-16,603341,test,-0.035452816550281735,0.004467685481664634,2020-04-03,2025-12-08,0.001242857815067756
2025-12-16,603658,test,-0.03348461797753785,-0.0010038140886419011,2020-04-03,2025-12-08,0.001242857815067756
2025-12-16,605090,test,-0.036876423485462134,-0.001363766252945051,2020-04-03,2025-12-08,0.001242857815067756
2025-12-16,605589,test,0.04602126998015857,-0.0014503029231291414,2020-04-03,2025-12-08,0.001242857815067756
2025-12-16,688031,test,0.013466230131232961,-0.0151736818656854,2020-04-03,2025-12-08,-0.004814732910676303
2025-12-16,688045,test,-0.0011752266420623526,0.0027648455755961607,2020-04-03,2025-12-08,0.001242857815067756
2025-12-16,688133,test,-0.007709452522386393,-0.00014821280209181836,2020-04-03,2025-12-08,0.001242857815067756
2025-12-16,688147,test,0.052770425529085535,0.011297384187719176,2020-04-03,2025-12-08,0.000552776242061864
2025-12-16,688528,test,-0.0063986714648054145,0.003472690426861038,2020-04-03,2025-12-08,0.001242857815067756
2025-12-17,600025,test,-0.057843115272840286,-0.0019395023737566641,2020-04-03,2025-12-08,0.001242857815067756
2025-12-17,600051,test,-0.0012929366847594173,-0.0003671394925117821,2020-04-03,2025-12-08,0.001242857815067756
2025-12-17,600127,test,-0.017490751959591745,0.0001631611347089683,2020-04-03,2025-12-08,0.001242857815067756
2025-12-17,600153,test,-0.04505698565888531,-0.005148559103927776,2020-04-03,2025-12-08,0.001242857815067756
2025-12-17,600548,test,-0.03839730874058781,-0.0021783662342554234,2020-04-03,2025-12-08,0.001242857815067756
2025-12-17,600865,test,0.20425368612279657,-0.017093316840805794,2020-04-03,2025-12-08,-0.04921885102265645
2025-12-17,600967,test,-0.015176545444210134,-0.00017464627659310533,2020-04-03,2025-12-08,0.001242857815067756
2025-12-17,601222,test,-0.03384384223059959,-0.0017200021732377065,2020-04-03,2025-12-08,0.001242857815067756
2025-12-17,603237,test,-0.03388196958904891,0.0005532581412896446,2020-04-03,2025-12-08,0.001242857815067756
2025-12-17,603335,test,-0.028461380032095897,-0.001685678300354084,2020-04-03,2025-12-08,0.001242857815067756
2025-12-17,603341,test,-0.04872389056227903,0.003099322072813084,2020-04-03,2025-12-08,0.001242857815067756
2025-12-17,603658,test,-0.04151253844653694,-0.002230745296115265,2020-04-03,2025-12-08,0.001242857815067756
2025-12-17,605090,test,0.08004672639329422,0.016950993743988816,2020-04-03,2025-12-08,0.001242857815067756
2025-12-17,605589,test,0.059345377766143646,0.003796833856916195,2020-04-03,2025-12-08,0.001242857815067756
2025-12-17,688031,test,0.00822585284328433,-0.0035572285872289998,2020-04-03,2025-12-08,-0.004814732910676303
2025-12-17,688045,test,-0.006135119544091995,0.004699403649842248,2020-04-03,2025-12-08,0.001242857815067756
2025-12-17,688133,test,-0.0004088953980665791,-0.0016318499149279902,2020-04-03,2025-12-08,0.001242857815067756
2025-12-17,688147,test,0.00792277446105457,0.0077377104538178375,2020-04-03,2025-12-08,0.000552776242061864
2025-12-17,688528,test,0.00843086197702033,-0.0003996237158332202,2020-04-03,2025-12-08,0.001242857815067756
2025-12-18,600025,test,-0.05627996893021391,0.0030930600941572995,2020-04-03,2025-12-08,0.001242857815067756
2025-12-18,600051,test,-0.0025557827006452635,0.001480227388111169,2020-04-03,2025-12-08,0.001242857815067756
2025-12-18,600127,test,-0.02282265486157952,-0.0021613914675636422,2020-04-03,2025-12-08,0.001242857815067756
2025-12-18,600153,test,-0.019568434161799646,-0.003123190149617642,2020-04-03,2025-12-08,0.001242857815067756
2025-12-18,600548,test,-0.03473606080483615,-0.0046694921377190704,2020-04-03,2025-12-08,0.001242857815067756
2025-12-18,600865,test,0.20788587147226845,-0.030967836505427674,2020-04-03,2025-12-08,-0.04921885102265645
2025-12-18,600967,test,-0.0026475053724324057,0.0015996477395549848,2020-04-03,2025-12-08,0.001242857815067756
2025-12-18,601222,test,-0.030182594294847924,-0.0043397425674205365,2020-04-03,2025-12-08,0.001242857815067756
2025-12-18,603237,test,-0.0410220379934264,0.0046833151581062655,2020-04-03,2025-12-08,0.001242857815067756
2025-12-18,603335,test,-0.006631869657166993,-0.0010976212250419406,2020-04-03,2025-12-08,0.001242857815067756
2025-12-18,603341,test,-0.02518625373239946,0.003833611634391719,2020-04-03,2025-12-08,0.001242857815067756
2025-12-18,603658,test,-0.0347985886297184,-5.1159395127649955e-05,2020-04-03,2025-12-08,0.001242857815067756
2025-12-18,605090,test,0.0693308632620877,0.0163875164446514,2020-04-03,2025-12-08,0.001242857815067756
2025-12-18,605589,test,0.05742485245011953,0.009387674279248834,2020-04-03,2025-12-08,0.001242857815067756
2025-12-18,688031,test,-0.06823156483563186,-0.007910499720669631,2020-04-03,2025-12-08,-0.004814732910676303
2025-12-18,688045,test,-0.006571242600177378,0.002072748252450458,2020-04-03,2025-12-08,0.001242857815067756
2025-12-18,688133,test,0.0041970806504909655,3.363480791354942e-05,2020-04-03,2025-12-08,0.001242857815067756
2025-12-18,688147,test,0.02199974476817857,0.010543804117183801,2020-04-03,2025-12-08,0.000552776242061864
2025-12-18,688528,test,-0.009603854028269902,7.971799664715514e-05,2020-04-03,2025-12-08,0.001242857815067756
2025-12-19,600025,test,-0.045863388029781925,0.000652074991246343,2020-04-03,2025-12-08,0.001242857815067756
2025-12-19,600051,test,-0.021362137274529257,0.003773860522445037,2020-04-03,2025-12-08,0.001242857815067756
2025-12-19,600127,test,-0.03096968932812435,0.008071094239802516,2020-04-03,2025-12-08,0.001242857815067756
2025-12-19,600153,test,-0.00042363436881317357,-0.0025580214061000695,2020-04-03,2025-12-08,0.001242857815067756
2025-12-19,600548,test,-0.0221486380610297,-0.0017941787616895973,2020-04-03,2025-12-08,0.001242857815067756
2025-12-19,600865,test,0.1576888896387966,-0.03469724920173038,2020-04-03,2025-12-08,-0.04921885102265645
2025-12-19,600967,test,-0.008584606739989141,-0.002600170307008914,2020-04-03,2025-12-08,0.001242857815067756
2025-12-19,601222,test,-0.03023737195621542,-0.00037564755121226166,2020-04-03,2025-12-08,0.001242857815067756
2025-12-19,603237,test,-0.05568914721129511,0.011802779086994824,2020-04-03,2025-12-08,0.001242857815067756
2025-12-19,603335,test,-0.047559065910482166,0.0009345394160631049,2020-04-03,2025-12-08,0.001242857815067756
2025-12-19,603341,test,-0.02569711962098372,0.0031257626167897155,2020-04-03,2025-12-08,0.001242857815067756
2025-12-19,603658,test,-0.027758114941225008,0.003270557986982225,2020-04-03,2025-12-08,0.001242857815067756
2025-12-19,605090,test,0.07287292378517632,0.006611591262568447,2020-04-03,2025-12-08,0.001242857815067756
2025-12-19,605589,test,0.047696299813648015,0.004097561199484171,2020-04-03,2025-12-08,0.001242857815067756
2025-12-19,688031,test,0.053631305543297904,-0.008513874692425113,2020-04-03,2025-12-08,0.000552776242061864
2025-12-19,688045,test,-0.016552132464524215,0.0006659359040713961,2020-04-03,2025-12-08,0.001242857815067756
2025-12-19,688133,test,0.0016268759787398182,-0.00026267684175795256,2020-04-03,2025-12-08,0.001242857815067756
2025-12-19,688147,test,0.03532768810539225,0.004231889902657527,2020-04-03,2025-12-08,0.011533486208219649
2025-12-19,688528,test,-0.035998936958057746,0.002438196376647864,2020-04-03,2025-12-08,0.001242857815067756
2025-12-22,600025,test,-0.03345795752026648,0.0019064860812134097,2020-04-03,2025-12-08,0.001242857815067756
2025-12-22,600051,test,-0.006858434350295872,0.003378235285095284,2020-04-03,2025-12-08,0.001242857815067756
2025-12-22,600127,test,-0.0446693682997118,0.006345424340155387,2020-04-03,2025-12-08,0.001242857815067756
2025-12-22,600153,test,0.0013645198394395264,-0.0006454893792712154,2020-04-03,2025-12-08,0.001242857815067756
2025-12-22,600548,test,-0.017304199202259007,-0.000797794057365609,2020-04-03,2025-12-08,0.001242857815067756
2025-12-22,600865,test,-0.00565302402020984,-0.0400896531892533,2020-04-03,2025-12-08,-0.011682488300239335
2025-12-22,600967,test,-0.006345289410175092,-0.0014091266397494929,2020-04-03,2025-12-08,0.001242857815067756
2025-12-22,601222,test,-0.02337358441400006,-0.0004364252589099102,2020-04-03,2025-12-08,0.001242857815067756
2025-12-22,603237,test,-0.03733092617866096,0.004963250215160761,2020-04-03,2025-12-08,0.001242857815067756
2025-12-22,603335,test,-0.026761350391693806,-0.00018670930687653982,2020-04-03,2025-12-08,0.001242857815067756
2025-12-22,603341,test,-0.01761577744434928,0.006175753242094008,2020-04-03,2025-12-08,0.001242857815067756
2025-12-22,603658,test,-0.023131508886435337,0.0005953219605489689,2020-04-03,2025-12-08,0.001242857815067756
2025-12-22,605090,test,0.1946799116399739,0.004238916754595305,2020-04-03,2025-12-08,0.001242857815067756
2025-12-22,605589,test,0.0315437931593513,0.004984930294928223,2020-04-03,2025-12-08,0.001242857815067756
2025-12-22,688031,test,0.026686742793570528,-0.004384053371650802,2020-04-03,2025-12-08,0.000552776242061864
2025-12-22,688045,test,0.018404326058898746,0.003545517788394356,2020-04-03,2025-12-08,0.001242857815067756
2025-12-22,688133,test,0.0073881278428121755,0.0032119213029431605,2020-04-03,2025-12-08,0.001242857815067756
2025-12-22,688147,test,-0.028884318388498476,0.006636542136944121,2020-04-03,2025-12-08,0.000552776242061864
2025-12-22,688528,test,-0.008681682827490156,0.0008409765448328176,2020-04-03,2025-12-08,0.001242857815067756
2025-12-23,600025,test,-0.025082696364716314,-0.0029311644562002087,2020-04-03,2025-12-08,0.001242857815067756
2025-12-23,600051,test,0.0008348265407585745,0.004792096400100389,2020-04-03,2025-12-08,0.001242857815067756
2025-12-23,600127,test,-0.019161214235327836,0.002836091261776519,2020-04-03,2025-12-08,0.001242857815067756
2025-12-23,600153,test,-0.007798614326535765,-0.0005978546215916939,2020-04-03,2025-12-08,0.001242857815067756
2025-12-23,600548,test,-0.021336069299703483,-0.00035119188833751736,2020-04-03,2025-12-08,0.001242857815067756
2025-12-23,600865,test,-0.06385579950907687,-0.01883808036933349,2020-04-03,2025-12-08,-0.04921885102265645
2025-12-23,600967,test,0.026730074198054357,-0.002465232849700069,2020-04-03,2025-12-08,0.001242857815067756
2025-12-23,601222,test,-0.011727133009152887,-0.0004673242963360229,2020-04-03,2025-12-08,0.001242857815067756
2025-12-23,603237,test,-0.016467357104215805,0.0018248192373910915,2020-04-03,2025-12-08,0.001242857815067756
2025-12-23,603335,test,-0.0027342115162313626,-0.0017231864809833632,2020-04-03,2025-12-08,0.001242857815067756
2025-12-23,603341,test,0.00361210002919539,0.0021884840584225716,2020-04-03,2025-12-08,0.001242857815067756
2025-12-23,603658,test,-0.006195435436126147,0.00212318786202618,2020-04-03,2025-12-08,0.001242857815067756
2025-12-23,605090,test,0.15678797610541126,0.0020688315516222836,2020-04-03,2025-12-08,0.001242857815067756
2025-12-23,605589,test,0.020184692887635317,-0.0016984401808413142,2020-04-03,2025-12-08,0.001242857815067756
2025-12-23,688031,test,0.004792988105339084,0.001690478055602761,2020-04-03,2025-12-08,0.000552776242061864
2025-12-23,688045,test,0.015942471221705848,0.0023137472245578837,2020-04-03,2025-12-08,0.001242857815067756
2025-12-23,688133,test,0.016361744731697117,-0.000731554446776232,2020-04-03,2025-12-08,0.001242857815067756
2025-12-23,688147,test,-0.0894675509992479,0.010367659144735884,2020-04-03,2025-12-08,0.000552776242061864
2025-12-23,688528,test,0.01857920798053743,-0.0015273404623067197,2020-04-03,2025-12-08,0.001242857815067756
2025-12-24,600025,test,0.010427323152997804,0.0006330322165994561,2020-04-03,2025-12-08,0.001242857815067756
2025-12-24,600051,test,0.03067335120083007,0.003940929469849387,2020-04-03,2025-12-08,0.001242857815067756
2025-12-24,600127,test,0.00627051416721517,0.002461485051241802,2020-04-03,2025-12-08,0.001242857815067756
2025-12-24,600153,test,0.0040004916873806265,0.0023750946868350033,2020-04-03,2025-12-08,0.001242857815067756
2025-12-24,600548,test,0.013225762634314887,-0.00017423496679771214,2020-04-03,2025-12-08,0.001242857815067756
2025-12-24,600865,test,-0.14209983245090527,-0.017954925183186626,2020-04-03,2025-12-08,-0.011682488300239335
2025-12-24,600967,test,0.056721595887456434,-0.0008246807119243564,2020-04-03,2025-12-08,0.001242857815067756
2025-12-24,601222,test,0.008725356068068603,0.0009050738287236813,2020-04-03,2025-12-08,0.001242857815067756
2025-12-24,603237,test,0.020719201866370808,0.002472780847551419,2020-04-03,2025-12-08,0.001242857815067756
2025-12-24,603335,test,0.028458036863126125,0.0013897086207391184,2020-04-03,2025-12-08,0.001242857815067756
2025-12-24,603341,test,0.016606060894690224,0.0031974530705406396,2020-04-03,2025-12-08,0.001242857815067756
2025-12-24,603658,test,0.009475569774363403,0.0034860486240621495,2020-04-03,2025-12-08,0.001242857815067756
2025-12-24,605090,test,0.09430315105154521,0.002666063745020263,2020-04-03,2025-12-08,0.001242857815067756
2025-12-24,605589,test,-0.011717516926975945,-0.007705985937778332,2020-04-03,2025-12-08,0.001242857815067756
2025-12-24,688031,test,0.07706702694708403,-0.0025811758664725797,2020-04-03,2025-12-08,-0.004814732910676303
2025-12-24,688045,test,0.03554438799314689,0.00037779166444498296,2020-04-03,2025-12-08,0.001242857815067756
2025-12-24,688133,test,0.029396068736868765,-3.860790065316969e-05,2020-04-03,2025-12-08,0.001242857815067756
2025-12-24,688147,test,-0.07747312738985021,0.0035614721614926994,2020-04-03,2025-12-08,0.000552776242061864
2025-12-24,688528,test,0.037946283066323895,0.000686701323541078,2020-04-03,2025-12-08,0.001242857815067756
2025-12-25,600025,test,-0.0001183805188860413,-0.000729748626387061,2020-04-03,2025-12-08,0.001242857815067756
2025-12-25,600051,test,0.007413046575792203,0.0017207319267718228,2020-04-03,2025-12-08,0.001242857815067756
2025-12-25,600127,test,0.000750267492530465,0.003344578797832612,2020-04-03,2025-12-08,0.001242857815067756
2025-12-25,600153,test,3.257882776195285e-05,0.00014826097030118125,2020-04-03,2025-12-08,0.001242857815067756
2025-12-25,600548,test,0.003876440424712668,0.00017176188729361275,2020-04-03,2025-12-08,0.001242857815067756
2025-12-25,600865,test,-0.22474355089598722,-0.01603076835480443,2020-04-03,2025-12-08,-0.011682488300239335
2025-12-25,600967,test,0.05900568830060413,-0.0008579744796338558,2020-04-03,2025-12-08,0.001242857815067756
2025-12-25,601222,test,0.006784797977586554,0.0006703598315162824,2020-04-03,2025-12-08,0.001242857815067756
2025-12-25,603237,test,0.013371242525747262,0.003202548050515431,2020-04-03,2025-12-08,0.001242857815067756
2025-12-25,603335,test,-0.005332119090667465,-0.0010860826537572314,2020-04-03,2025-12-08,0.001242857815067756
2025-12-25,603341,test,0.10604975349071552,0.0002499292400035048,2020-04-03,2025-12-08,0.001242857815067756
2025-12-25,603658,test,0.0181120635051256,0.0038030305112778666,2020-04-03,2025-12-08,0.001242857815067756
2025-12-25,605090,test,0.10944968076980852,0.003584599268007543,2020-04-03,2025-12-08,0.001242857815067756
2025-12-25,605589,test,-0.0031162103403154177,-0.004261552188294661,2020-04-03,2025-12-08,0.001242857815067756
2025-12-25,688031,test,0.041090724045077166,0.0018482409482020918,2020-04-03,2025-12-08,0.000552776242061864
2025-12-25,688045,test,0.03634266973324394,-0.0013176572569946166,2020-04-03,2025-12-08,0.001242857815067756
2025-12-25,688133,test,0.024261560722114252,0.0008354794134174054,2020-04-03,2025-12-08,0.001242857815067756
2025-12-25,688147,test,-0.052797934835288406,0.0025512233979363675,2020-04-03,2025-12-08,0.000552776242061864
2025-12-25,688528,test,0.024179682697926454,0.0010270640606250391,2020-04-03,2025-12-08,0.001242857815067756
2025-12-26,600025,test,-0.019064649652958655,-0.000592538790668969,2020-04-03,2025-12-08,0.001242857815067756
2025-12-26,600051,test,-0.010131885206477708,0.005701844497231443,2020-04-03,2025-12-08,0.001242857815067756
2025-12-26,600127,test,-0.034569061963399074,0.002168251313191817,2020-04-03,2025-12-08,0.001242857815067756
2025-12-26,600153,test,-0.024227227395816987,0.002218852348833919,2020-04-03,2025-12-08,0.001242857815067756
2025-12-26,600548,test,-0.017053055846081445,0.001987163239743028,2020-04-03,2025-12-08,0.001242857815067756
2025-12-26,600865,test,-0.2369516596778181,-0.014596389439483173,2020-04-03,2025-12-08,-0.011682488300239335
2025-12-26,600967,test,0.0595437573883811,-0.000917808687559381,2020-04-03,2025-12-08,0.001242857815067756
2025-12-26,601222,test,-0.006051991226924713,-0.0007515024251082055,2020-04-03,2025-12-08,0.001242857815067756
2025-12-26,603237,test,-0.003672555062936988,0.0022427695994991,2020-04-03,2025-12-08,0.001242857815067756
2025-12-26,603335,test,-0.01144767468016209,-0.0007677917387922702,2020-04-03,2025-12-08,0.001242857815067756
2025-12-26,603341,test,0.12656569685756466,-0.0008493988471424687,2020-04-03,2025-12-08,0.001242857815067756
2025-12-26,603658,test,-0.00453395786600278,0.0038040287215531437,2020-04-03,2025-12-08,0.001242857815067756
2025-12-26,605090,test,0.04817876210144719,-0.004973535930709347,2020-04-03,2025-12-08,-0.016191851832685192
2025-12-26,605589,test,-0.0024511348877746305,-0.0016966423175010512,2020-04-03,2025-12-08,0.001242857815067756
2025-12-26,688031,test,0.19366585327251848,0.0014216186350586035,2020-04-03,2025-12-08,0.000552776242061864
2025-12-26,688045,test,0.0377628516356275,0.000535555036815536,2020-04-03,2025-12-08,0.001242857815067756
2025-12-26,688133,test,0.025522568782416842,0.0010045864443192947,2020-04-03,2025-12-08,0.001242857815067756
2025-12-26,688147,test,0.041049316896251874,0.0005475189284564924,2020-04-03,2025-12-08,0.000552776242061864
2025-12-26,688528,test,-0.0020137124160110372,0.002387444156091339,2020-04-03,2025-12-08,0.001242857815067756
2025-12-29,600025,test,-0.02933381709789699,-0.00043930071270369613,2020-04-03,2025-12-08,0.001242857815067756
2025-12-29,600051,test,-0.03878900570875847,0.0029622038208785705,2020-04-03,2025-12-08,0.001242857815067756
2025-12-29,600127,test,-0.03996512127758815,0.0011174185926412469,2020-04-03,2025-12-08,0.001242857815067756
2025-12-29,600153,test,-0.04332112289554772,0.0006907574239657443,2020-04-03,2025-12-08,0.001242857815067756
2025-12-29,600548,test,-0.03386554662962664,0.0013928203167835427,2020-04-03,2025-12-08,0.001242857815067756
2025-12-29,600865,test,-0.1631307493323292,-0.004902079675289654,2020-04-03,2025-12-08,-0.005008857409850683
2025-12-29,600967,test,0.008283647604169182,0.0006705642718063999,2020-04-03,2025-12-08,0.001242857815067756
2025-12-29,601222,test,-0.013742162375807426,0.00033482694673730003,2020-04-03,2025-12-08,0.001242857815067756
2025-12-29,603237,test,-0.019231314558419792,0.0010162764264143296,2020-04-03,2025-12-08,0.001242857815067756
2025-12-29,603335,test,-0.05497288391343451,-0.0012888645064068531,2020-04-03,2025-12-08,0.001242857815067756
2025-12-29,603341,test,0.12256824870970702,-0.00042312677983662243,2020-04-03,2025-12-08,0.001242857815067756
2025-12-29,603658,test,-0.007232395696559684,0.0037919058201168936,2020-04-03,2025-12-08,0.001242857815067756
2025-12-29,605090,test,-0.0998500661949036,-0.01966848323614588,2020-04-03,2025-12-08,-0.016191851832685192
2025-12-29,605589,test,0.010708060357054145,0.0027807948746263436,2020-04-03,2025-12-08,0.001242857815067756
2025-12-29,688031,test,0.3787057780704112,0.004616229141950563,2020-04-03,2025-12-08,0.000552776242061864
2025-12-29,688045,test,0.0018499387194407975,0.004023034757859945,2020-04-03,2025-12-08,0.001242857815067756
2025-12-29,688133,test,0.0015619237301236107,0.0022782734037381114,2020-04-03,2025-12-08,0.001242857815067756
2025-12-29,688147,test,0.1046395415799359,-0.001780228072960169,2020-04-03,2025-12-08,0.000552776242061864
2025-12-29,688528,test,-0.05707212530132148,0.001701001929652816,2020-04-03,2025-12-08,0.001242857815067756
2025-12-30,600025,test,-0.054808340328406785,-3.873121927476352e-05,2020-04-03,2025-12-08,0.001242857815067756
2025-12-30,600051,test,-0.05189068357608398,0.004592782732671551,2020-04-03,2025-12-08,0.001242857815067756
2025-12-30,600127,test,-0.0565996105540805,-0.0030907630090553796,2020-04-03,2025-12-08,0.001242857815067756
2025-12-30,600153,test,-0.053771217133679966,-0.0008445382183513819,2020-04-03,2025-12-08,0.001242857815067756
2025-12-30,600548,test,-0.05798214353748879,0.0008247954800661786,2020-04-03,2025-12-08,0.001242857815067756
2025-12-30,600865,test,-0.06833018399527827,0.009264125827739219,2020-04-03,2025-12-08,0.011533486208219649
2025-12-30,600967,test,0.07260836819327407,-0.001573359133649274,2020-04-03,2025-12-08,0.001242857815067756
2025-12-30,601222,test,-0.04257944459889454,-0.00202306605857096,2020-04-03,2025-12-08,0.001242857815067756
2025-12-30,603237,test,-0.040777729787745215,0.0005491848880125147,2020-04-03,2025-12-08,0.001242857815067756
2025-12-30,603335,test,-0.06432567815253723,-0.002253514333907733,2020-04-03,2025-12-08,0.001242857815067756
2025-12-30,603341,test,0.09190525161827098,-0.002752456148705389,2020-04-03,2025-12-08,0.001242857815067756
2025-12-30,603658,test,-0.040165524580618756,0.004066291051288692,2020-04-03,2025-12-08,0.001242857815067756
2025-12-30,605090,test,-0.016320716174571342,-0.018835124176542907,2020-04-03,2025-12-08,-0.016191851832685192
2025-12-30,605589,test,-0.031096606077738037,-0.0004920043253320834,2020-04-03,2025-12-08,0.001242857815067756
2025-12-30,688031,test,0.3709200476285952,0.003513615149261115,2020-04-03,2025-12-08,0.000552776242061864
2025-12-30,688045,test,-0.010720230291574345,0.004028005774954363,2020-04-03,2025-12-08,0.001242857815067756
2025-12-30,688133,test,-0.01163405604915016,0.00019599362438443808,2020-04-03,2025-12-08,0.001242857815067756
2025-12-30,688147,test,0.0914477578559347,0.0024863877447374207,2020-04-03,2025-12-08,0.011533486208219649
2025-12-30,688528,test,-0.03526186756031072,0.0012563990941033148,2020-04-03,2025-12-08,0.001242857815067756
2025-12-31,600025,test,-0.07318926012764135,0.00040917179423565717,2020-04-03,2025-12-08,0.001242857815067756
2025-12-31,600051,test,-0.07559347144116454,0.005661803329399947,2020-04-03,2025-12-08,0.001242857815067756
2025-12-31,600127,test,-0.07196993980039165,-0.001445972393984919,2020-04-03,2025-12-08,0.001242857815067756
2025-12-31,600153,test,-0.061009008466532205,9.462198276351453e-05,2020-04-03,2025-12-08,0.001242857815067756
2025-12-31,600548,test,-0.08203487486532687,-0.002423551664501838,2020-04-03,2025-12-08,0.001242857815067756
2025-12-31,600865,test,-0.036996072204572544,0.014348601370851989,2020-04-03,2025-12-08,0.011533486208219649
2025-12-31,600967,test,0.05303006019960857,-0.006157867060159608,2020-04-03,2025-12-08,0.001242857815067756
2025-12-31,601222,test,-0.0534762077554711,-0.002017478790426377,2020-04-03,2025-12-08,0.001242857815067756
2025-12-31,603237,test,-0.06531098125294374,0.0015929725458966894,2020-04-03,2025-12-08,0.001242857815067756
2025-12-31,603335,test,-0.07379371549184041,-0.0011100027593777047,2020-04-03,2025-12-08,0.001242857815067756
2025-12-31,603341,test,0.10674938276062543,-0.002390473100714377,2020-04-03,2025-12-08,0.001242857815067756
2025-12-31,603658,test,-0.03346768118943741,-0.0012273335857338394,2020-04-03,2025-12-08,0.001242857815067756
2025-12-31,605090,test,0.0014680780981833064,-0.00679458493030323,2020-04-03,2025-12-08,-0.004814732910676303
2025-12-31,605589,test,-0.02294798119362726,0.0019778951085387122,2020-04-03,2025-12-08,0.001242857815067756
2025-12-31,688031,test,0.4164672342188602,-0.010375755966044491,2020-04-03,2025-12-08,-0.011682488300239335
2025-12-31,688045,test,-0.025328596522320418,0.00139817902939939,2020-04-03,2025-12-08,0.001242857815067756
2025-12-31,688133,test,0.07718640295351212,0.0017327006920228448,2020-04-03,2025-12-08,0.001242857815067756
2025-12-31,688147,test,0.06673646249296719,0.0015477667913574805,2020-04-03,2025-12-08,0.011533486208219649
2025-12-31,688528,test,-0.06789943973406995,0.004053332350609091,2020-04-03,2025-12-08,0.001242857815067756
2026-01-05,600025,test,-0.08898075834844175,-0.0008590781967954994,2020-04-03,2025-12-08,0.001242857815067756
2026-01-05,600051,test,-0.0933734632688513,0.003974658052219526,2020-04-03,2025-12-08,0.001242857815067756
2026-01-05,600127,test,-0.08657691219459572,-0.002229719174026663,2020-04-03,2025-12-08,0.001242857815067756
2026-01-05,600153,test,-0.09779585629397479,-0.00010800173462851968,2020-04-03,2025-12-08,0.001242857815067756
2026-01-05,600548,test,-0.09430725518116755,0.0003708092714528358,2020-04-03,2025-12-08,0.001242857815067756
2026-01-05,600865,test,-0.02793587103236815,0.004635067375877815,2020-04-03,2025-12-08,0.011533486208219649
2026-01-05,600967,test,0.03806168086639107,-0.003965528312122867,2020-04-03,2025-12-08,0.001242857815067756
2026-01-05,601222,test,-0.08007826843329378,-0.0013576482064819242,2020-04-03,2025-12-08,0.001242857815067756
2026-01-05,603237,test,-0.08687453124221488,0.001955271654549537,2020-04-03,2025-12-08,0.001242857815067756
2026-01-05,603335,test,-0.09818086057180007,-0.0006637101468068349,2020-04-03,2025-12-08,0.001242857815067756
2026-01-05,603341,test,0.014248342084358115,-0.011564653851696747,2020-04-03,2025-12-08,-0.004814732910676303
2026-01-05,603658,test,-0.07079278062289217,0.001663016021501489,2020-04-03,2025-12-08,0.001242857815067756
2026-01-05,605090,test,0.04163901399214577,0.002815757218473662,2020-04-03,2025-12-08,-0.004814732910676303
2026-01-05,605589,test,-0.07494370051576348,0.0012498832705948582,2020-04-03,2025-12-08,0.001242857815067756
2026-01-05,688031,test,0.7467101964647699,-0.006527674404767389,2020-04-03,2025-12-08,0.000552776242061864
2026-01-05,688045,test,-0.05015844858273587,0.0016229587951476848,2020-04-03,2025-12-08,0.001242857815067756
2026-01-05,688133,test,0.1618822466129236,0.0036072580955788277,2020-04-03,2025-12-08,0.001242857815067756
2026-01-05,688147,test,0.04123248488922217,0.0003781982901540194,2020-04-03,2025-12-08,0.011533486208219649
2026-01-05,688528,test,-0.0668815340433354,0.003877160725605021,2020-04-03,2025-12-08,0.001242857815067756
2026-01-06,600025,test,-0.05297936666390432,-0.0028541491209536796,2020-04-03,2025-12-08,0.001242857815067756
2026-01-06,600051,test,-0.057156407491993105,0.004885531672160601,2020-04-03,2025-12-08,0.001242857815067756
2026-01-06,600127,test,-0.06799935005433308,-0.0028216184924979783,2020-04-03,2025-12-08,0.001242857815067756
2026-01-06,600153,test,-0.07367075938518983,-0.0006937466580664693,2020-04-03,2025-12-08,0.001242857815067756
2026-01-06,600548,test,-0.0672955616044689,0.0007857568387902371,2020-04-03,2025-12-08,0.001242857815067756
2026-01-06,600865,test,-0.1001497290104488,-0.0007215442961133626,2020-04-03,2025-12-08,0.011533486208219649
2026-01-06,600967,test,0.09953065839875244,0.0007129559251459532,2020-04-03,2025-12-08,0.001242857815067756
2026-01-06,601222,test,-0.009584598437434838,4.4089273065739316e-05,2020-04-03,2025-12-08,0.001242857815067756
2026-01-06,603237,test,-0.060292995691964085,0.001879167157577346,2020-04-03,2025-12-08,0.001242857815067756
2026-01-06,603335,test,-0.07037884846449136,-0.0003735839222786383,2020-04-03,2025-12-08,0.001242857815067756
2026-01-06,603341,test,0.018467412789975907,-0.005667342357627064,2020-04-03,2025-12-08,-0.016191851832685192
2026-01-06,603658,test,-0.036202538917526755,0.0040784901616361295,2020-04-03,2025-12-08,0.001242857815067756
2026-01-06,605090,test,0.016993128132408414,0.00488747355713375,2020-04-03,2025-12-08,-0.005008857409850683
2026-01-06,605589,test,-0.06298315700395216,0.003545594542504699,2020-04-03,2025-12-08,0.001242857815067756
2026-01-06,688031,test,0.46424992013764677,-0.013149552588650294,2020-04-03,2025-12-08,-0.011682488300239335
2026-01-06,688045,test,-0.030428279578244538,0.0034921433873533435,2020-04-03,2025-12-08,0.001242857815067756
2026-01-06,688133,test,0.14452444721862792,0.004055488270917928,2020-04-03,2025-12-08,0.001242857815067756
2026-01-06,688147,test,-0.07333003700131721,-0.005375676404330616,2020-04-03,2025-12-08,0.000552776242061864
2026-01-06,688528,test,-0.023919274845573518,0.002164547798061284,2020-04-03,2025-12-08,0.001242857815067756
2026-01-07,600025,test,-0.048578914880039646,-0.00410774561905827,2020-04-03,2025-12-08,0.001242857815067756
2026-01-07,600051,test,-0.03981323831238295,0.005236144168324543,2020-04-03,2025-12-08,0.001242857815067756
2026-01-07,600127,test,-0.054028866403382246,-0.002863009818418498,2020-04-03,2025-12-08,0.001242857815067756
2026-01-07,600153,test,-0.05738581307532988,0.000985647647531235,2020-04-03,2025-12-08,0.001242857815067756
2026-01-07,600548,test,-0.061877413472821184,0.001455805936461045,2020-04-03,2025-12-08,0.001242857815067756
2026-01-07,600865,test,-0.16444016987971202,-0.0056168324060214955,2020-04-03,2025-12-08,0.011533486208219649
2026-01-07,600967,test,0.09360465168565954,0.002885179999107912,2020-04-03,2025-12-08,0.001242857815067756
2026-01-07,601222,test,-0.02097990497904991,0.0003978870281217467,2020-04-03,2025-12-08,0.001242857815067756
2026-01-07,603237,test,-0.05253106500284512,0.002322657879190313,2020-04-03,2025-12-08,0.001242857815067756
2026-01-07,603335,test,-0.05115389765304248,0.003225406669770846,2020-04-03,2025-12-08,0.001242857815067756
2026-01-07,603341,test,0.010478428354283677,-0.006582868881116057,2020-04-03,2025-12-08,0.001242857815067756
2026-01-07,603658,test,-0.03489241183587923,0.0020672372295780814,2020-04-03,2025-12-08,0.001242857815067756
2026-01-07,605090,test,0.05898785586502995,0.007506951863245927,2020-04-03,2025-12-08,0.001242857815067756
2026-01-07,605589,test,-0.08190694647838029,0.003365116651716407,2020-04-03,2025-12-08,0.001242857815067756
2026-01-07,688031,test,0.4662570867752863,-0.01462315815661659,2020-04-03,2025-12-08,-0.011682488300239335
2026-01-07,688045,test,-0.002563779167766754,0.003715834154781139,2020-04-03,2025-12-08,0.001242857815067756
2026-01-07,688133,test,0.19447932342954308,0.0040425006391979984,2020-04-03,2025-12-08,0.001242857815067756
2026-01-07,688147,test,-0.13389926833924007,-0.00886639426145491,2020-04-03,2025-12-08,0.000552776242061864
2026-01-07,688528,test,0.021979865135892986,0.004327664019487557,2020-04-03,2025-12-08,0.001242857815067756
2026-01-08,600025,test,-0.020771254332326728,-0.006139358572804376,2020-04-03,2026-01-07,0.0010493875886003064
2026-01-08,600051,test,-0.01725208090468643,0.005394581416901558,2020-04-03,2026-01-07,0.0010493875886003064
2026-01-08,600127,test,-0.0281114289934996,-0.00489406427369889,2020-04-03,2026-01-07,0.0010493875886003064
2026-01-08,600153,test,-0.03167895837504196,-0.0037337572693348386,2020-04-03,2026-01-07,0.0010493875886003064
2026-01-08,600548,test,-0.029697514363789968,-0.003761329064298413,2020-04-03,2026-01-07,0.0010493875886003064
2026-01-08,600865,test,-0.18580914008279126,-0.007738973607879465,2020-04-03,2026-01-07,0.007337853415669292
2026-01-08,600967,test,0.03784331465822234,-0.00031293400462856116,2020-04-03,2026-01-07,0.0010493875886003064
2026-01-08,601222,test,0.0033125316450725133,0.00023466870010507856,2020-04-03,2026-01-07,0.0010493875886003064
2026-01-08,603237,test,-0.01864834350496235,0.0008575977015056941,2020-04-03,2026-01-07,0.0010493875886003064
2026-01-08,603335,test,-0.04122864781603584,-0.0009880016944086812,2020-04-03,2026-01-07,0.0010493875886003064
2026-01-08,603341,test,0.01162864183225255,0.0031195482018185204,2020-04-03,2026-01-07,0.0010493875886003064
2026-01-08,603658,test,-0.011750926494949455,0.003486942053511995,2020-04-03,2026-01-07,0.0010493875886003064
2026-01-08,605090,test,-0.013719677194820357,0.002732860315224886,2020-04-03,2026-01-07,0.0010493875886003064
2026-01-08,605589,test,-0.014317110843523263,0.005918511664212282,2020-04-03,2026-01-07,0.0010493875886003064
2026-01-08,688031,test,0.20213501362622643,-0.010658982024518055,2020-04-03,2026-01-07,0.011373408099255765
2026-01-08,688045,test,0.007771723563018262,0.0037103438316860677,2020-04-03,2026-01-07,0.0010493875886003064
2026-01-08,688133,test,0.12665938975193247,0.005201716223761948,2020-04-03,2026-01-07,0.0010493875886003064
2026-01-08,688147,test,-0.0030074706374597533,0.000997417557257675,2020-04-03,2026-01-07,0.015176288535179388
2026-01-08,688528,test,-0.0031791972665852104,0.005993902887394523,2020-04-03,2026-01-07,0.0010493875886003064
2026-01-09,600025,test,-0.0042115941892114876,-0.0049729637751754615,2020-04-03,2026-01-07,0.0010493875886003064
2026-01-09,600051,test,0.0004252845685202896,0.004098944748117445,2020-04-03,2026-01-07,0.0010493875886003064
2026-01-09,600127,test,-0.016339840235925628,-0.004112269290992952,2020-04-03,2026-01-07,0.0010493875886003064
2026-01-09,600153,test,-0.03674272041694351,-0.0013133861772552367,2020-04-03,2026-01-07,0.0010493875886003064
2026-01-09,600548,test,-0.01772919056363078,-0.005125270455311571,2020-04-03,2026-01-07,0.0010493875886003064
2026-01-09,600865,test,-0.17921925467641844,-0.012345616330121002,2020-04-03,2026-01-07,0.007337853415669292
2026-01-09,600967,test,-0.004340676414589151,0.004747251849433391,2020-04-03,2026-01-07,0.0010493875886003064
2026-01-09,601222,test,0.03343498419011302,0.0008817786308882036,2020-04-03,2026-01-07,0.0010493875886003064
2026-01-09,603237,test,-0.003948370080980057,0.00036700944409843333,2020-04-03,2026-01-07,0.0010493875886003064
2026-01-09,603335,test,-0.00043560899246100106,0.0012739489661314537,2020-04-03,2026-01-07,0.0010493875886003064
2026-01-09,603341,test,-0.012072868886345978,0.0031300849801574183,2020-04-03,2026-01-07,0.0010493875886003064
2026-01-09,603658,test,-0.013150660072292175,0.001662580562218991,2020-04-03,2026-01-07,0.0010493875886003064
2026-01-09,605090,test,-0.04050207263877494,0.004676060116436596,2020-04-03,2026-01-07,0.0010493875886003064
2026-01-09,605589,test,-0.007824284049806863,0.006040828458225403,2020-04-03,2026-01-07,0.0010493875886003064
2026-01-09,688031,test,0.09065786543434648,-0.009124694836143447,2020-04-03,2026-01-07,0.011373408099255765
2026-01-09,688045,test,0.04809247928423952,0.004127562090259228,2020-04-03,2026-01-07,0.0010493875886003064
2026-01-09,688133,test,0.024490996537368394,-0.0026549260503046486,2020-04-03,2026-01-07,0.0010493875886003064
2026-01-09,688147,test,0.09575701120793031,0.002946489311995881,2020-04-03,2026-01-07,0.007337853415669292
2026-01-09,688528,test,0.008091752116629136,0.005117277799150841,2020-04-03,2026-01-07,0.0010493875886003064
2026-01-12,600025,test,0.014872815711436982,-0.0043574444756683045,2020-04-03,2026-01-07,0.0010493875886003064
2026-01-12,600051,test,0.03520303395749084,0.004026154915937936,2020-04-03,2026-01-07,0.0010493875886003064
2026-01-12,600127,test,0.008675088583811308,-0.0036674272044922534,2020-04-03,2026-01-07,0.0010493875886003064
2026-01-12,600153,test,-0.04153339007937703,-0.003505704861954082,2020-04-03,2026-01-07,0.0010493875886003064
2026-01-12,600548,test,-0.0007754412411677628,-0.0025668550059692315,2020-04-03,2026-01-07,0.0010493875886003064
2026-01-12,600865,test,-0.18262859592040956,-0.008909557547946242,2020-04-03,2026-01-07,0.0010493875886003064
2026-01-12,600967,test,-0.011417736555929892,0.0070680031742923165,2020-04-03,2026-01-07,0.0010493875886003064
2026-01-12,601222,test,0.06834953479870168,0.0023156710397295656,2020-04-03,2026-01-07,0.0010493875886003064
2026-01-12,603237,test,0.023950371528123217,0.0017415468973495992,2020-04-03,2026-01-07,0.0010493875886003064
2026-01-12,603335,test,0.07054051757479077,0.0010805073124204266,2020-04-03,2026-01-07,0.0010493875886003064
2026-01-12,603341,test,-0.03742280288852947,0.005955327810693672,2020-04-03,2026-01-07,0.0010493875886003064
2026-01-12,603658,test,0.003588410441485534,0.001911614962494787,2020-04-03,2026-01-07,0.0010493875886003064
2026-01-12,605090,test,-0.07003672902551725,0.0017970728536519092,2020-04-03,2026-01-07,0.0010493875886003064
2026-01-12,605589,test,0.030940532107562348,0.007602909755477388,2020-04-03,2026-01-07,0.0010493875886003064
2026-01-12,688031,test,-0.012565008586290694,-0.01949156376238363,2020-04-03,2026-01-07,-0.014231797240439046
2026-01-12,688045,test,0.03653406452628186,0.005580588708795957,2020-04-03,2026-01-07,0.0010493875886003064
2026-01-12,688133,test,-0.05545266059535333,-0.004400932569434886,2020-04-03,2026-01-07,-0.014231797240439046
2026-01-12,688147,test,0.08129644546034856,0.005012546590425385,2020-04-03,2026-01-07,0.007337853415669292
2026-01-12,688528,test,0.03563329845938671,0.0022282314483886485,2020-04-03,2026-01-07,0.0010493875886003064
2026-01-13,600025,test,0.013947198820901235,-0.0028036401402831415,2020-04-03,2026-01-07,0.0010493875886003064
2026-01-13,600051,test,0.02441417276364511,0.005231624221104304,2020-04-03,2026-01-07,0.0010493875886003064
2026-01-13,600127,test,0.008364513023395142,-0.005371574225656098,2020-04-03,2026-01-07,0.0010493875886003064
2026-01-13,600153,test,-0.01646411311196671,-0.0026305738353019858,2020-04-03,2026-01-07,0.0010493875886003064
2026-01-13,600548,test,0.012245550425530998,-0.0027743005986753584,2020-04-03,2026-01-07,0.0010493875886003064
2026-01-13,600865,test,-0.12766116189255428,-0.008276453572179966,2020-04-03,2026-01-07,0.007337853415669292
2026-01-13,600967,test,-0.10405879137406193,0.004033690129736819,2020-04-03,2026-01-07,0.0010493875886003064
2026-01-13,601222,test,0.012810522176943456,0.00287667372660261,2020-04-03,2026-01-07,0.0010493875886003064
2026-01-13,603237,test,0.026344815928883054,-4.4642800133182174e-05,2020-04-03,2026-01-07,0.0010493875886003064
2026-01-13,603335,test,0.05103556083556527,-0.0006154663055761389,2020-04-03,2026-01-07,0.0010493875886003064
2026-01-13,603341,test,-0.06295783502874375,0.006274477125690513,2020-04-03,2026-01-07,0.0010493875886003064
2026-01-13,603658,test,-0.014270115248739773,0.0030307498564032926,2020-04-03,2026-01-07,0.0010493875886003064
2026-01-13,605090,test,-0.0028132830989581136,0.0028824605078292815,2020-04-03,2026-01-07,0.0010493875886003064
2026-01-13,605589,test,0.024217847087905316,0.005088651209004976,2020-04-03,2026-01-07,0.0010493875886003064
2026-01-13,688031,test,0.011765040751874128,-0.017369986506424493,2020-04-03,2026-01-07,-0.014231797240439046
2026-01-13,688045,test,0.034885509336676675,0.004801890721545904,2020-04-03,2026-01-07,0.0010493875886003064
2026-01-13,688133,test,-0.025293999627879253,-0.002216511544406413,2020-04-03,2026-01-07,-0.014231797240439046
2026-01-13,688147,test,0.13655643388697847,0.002474224976138476,2020-04-03,2026-01-07,0.007337853415669292
2026-01-13,688528,test,0.02518309923929319,0.004829397096389549,2020-04-03,2026-01-07,0.0010493875886003064
2026-01-14,600025,test,-0.005374821765637822,-0.002991790175583163,2020-04-03,2026-01-07,0.0010493875886003064
2026-01-14,600051,test,0.021681492324861756,0.00352478486462578,2020-04-03,2026-01-07,0.0010493875886003064
2026-01-14,600127,test,-0.0038237007427988808,-0.0026967563468916736,2020-04-03,2026-01-07,0.0010493875886003064
2026-01-14,600153,test,-0.021753978164080385,-0.0023063522660780084,2020-04-03,2026-01-07,0.0010493875886003064
2026-01-14,600548,test,0.005040607032144411,-0.0036328126271893174,2020-04-03,2026-01-07,0.0010493875886003064
2026-01-14,600865,test,-0.08784659835506121,-0.010147486433976506,2020-04-03,2026-01-07,0.007337853415669292
2026-01-14,600967,test,-0.07904914368604694,0.005708588693087434,2020-04-03,2026-01-07,0.0010493875886003064
2026-01-14,601222,test,0.009200754113977954,0.0004835069259603905,2020-04-03,2026-01-07,0.0010493875886003064
2026-01-14,603237,test,0.013331155927364707,0.0008569282024327125,2020-04-03,2026-01-07,0.0010493875886003064
2026-01-14,603335,test,0.08481333430487152,-0.002626326940978151,2020-04-03,2026-01-07,0.0010493875886003064
2026-01-14,603341,test,-0.06254833540331946,0.006909137431917197,2020-04-03,2026-01-07,0.0010493875886003064
2026-01-14,603658,test,-0.023129762255588566,0.003001250853608882,2020-04-03,2026-01-07,0.0010493875886003064
2026-01-14,605090,test,0.027405941026727037,0.0054179765529198416,2020-04-03,2026-01-07,0.0010493875886003064
2026-01-14,605589,test,0.031049236853316547,0.004993146540912255,2020-04-03,2026-01-07,0.0010493875886003064
2026-01-14,688031,test,-0.05961557012403303,-0.01727079686819249,2020-04-03,2026-01-07,-0.014231797240439046
2026-01-14,688045,test,0.02880215871922746,0.005102518798499813,2020-04-03,2026-01-07,0.0010493875886003064
2026-01-14,688133,test,-0.04402183332665739,-0.0020854582150702243,2020-04-03,2026-01-07,0.0010493875886003064
2026-01-14,688147,test,0.10283930833084536,0.002873250006097773,2020-04-03,2026-01-07,0.007337853415669292
2026-01-14,688528,test,0.016863624440267715,0.0043073810457064,2020-04-03,2026-01-07,0.0010493875886003064
2026-01-15,600025,test,-0.03236254226738042,-0.00048300608161493586,2020-04-03,2026-01-07,0.0010493875886003064
2026-01-15,600051,test,0.012297388662779213,0.003651340865976317,2020-04-03,2026-01-07,0.0010493875886003064
2026-01-15,600127,test,-0.011232023101926586,0.00014397997597922682,2020-04-03,2026-01-07,0.0010493875886003064
2026-01-15,600153,test,-0.029077877709269145,-0.0022018826123088404,2020-04-03,2026-01-07,0.0010493875886003064
2026-01-15,600548,test,-0.007228475654821626,-0.0010214474325481503,2020-04-03,2026-01-07,0.0010493875886003064
2026-01-15,600865,test,-0.06674134657241523,-0.0013617978618036626,2020-04-03,2026-01-07,0.007337853415669292
2026-01-15,600967,test,-0.10628197008557536,-3.355731900186284e-05,2020-04-03,2026-01-07,0.0010493875886003064
2026-01-15,601222,test,-0.007502688230723281,0.0002078634492694066,2020-04-03,2026-01-07,0.0010493875886003064
2026-01-15,603237,test,-0.009350776776236053,0.0034633732597379708,2020-04-03,2026-01-07,0.0010493875886003064
2026-01-15,603335,test,0.05184521021124136,-0.0014327678221057122,2020-04-03,2026-01-07,0.0010493875886003064
2026-01-15,603341,test,-0.07884572203376258,0.003202302368554203,2020-04-03,2026-01-07,0.0010493875886003064
2026-01-15,603658,test,-0.038853813358706274,0.00265062035010924,2020-04-03,2026-01-07,0.0010493875886003064
2026-01-15,605090,test,0.12774309392197072,0.004982889078531489,2020-04-03,2026-01-07,0.0010493875886003064
2026-01-15,605589,test,-0.008320197066776197,0.004218419909345239,2020-04-03,2026-01-07,0.0010493875886003064
2026-01-15,688031,test,0.15127768940778577,-0.016391614009142675,2020-04-03,2026-01-07,0.007337853415669292
2026-01-15,688045,test,0.0969388515119011,0.0034201125449080157,2020-04-03,2026-01-07,0.0010493875886003064
2026-01-15,688133,test,-0.02782150029974048,-0.003932839508544978,2020-04-03,2026-01-07,0.0010493875886003064
2026-01-15,688147,test,-0.0411649605594587,-0.0016220848606981742,2020-04-03,2026-01-07,0.007337853415669292
2026-01-15,688528,test,0.02120525288373623,0.001960785747166807,2020-04-03,2026-01-07,0.0010493875886003064
2026-01-16,600025,test,-0.06086729688225687,-0.001911356795468203,2020-04-03,2026-01-07,0.0010493875886003064
2026-01-16,600051,test,-0.008958982654879023,0.003959154196774464,2020-04-03,2026-01-07,0.0010493875886003064
2026-01-16,600127,test,-0.023878890408556265,-0.002371884766667841,2020-04-03,2026-01-07,0.0010493875886003064
2026-01-16,600153,test,-0.026483057075223006,-0.002790224388163192,2020-04-03,2026-01-07,0.0010493875886003064
2026-01-16,600548,test,-0.022267642461101668,-0.0009686880465871846,2020-04-03,2026-01-07,0.0010493875886003064
2026-01-16,600865,test,-0.0436900765191077,0.0007872283743411138,2020-04-03,2026-01-07,0.007337853415669292
2026-01-16,600967,test,-0.0840731604242548,0.003530286895347501,2020-04-03,2026-01-07,0.0010493875886003064
2026-01-16,601222,test,-0.019674067453733436,0.0012482117878883858,2020-04-03,2026-01-07,0.0010493875886003064
2026-01-16,603237,test,-0.028035052873542222,0.003524019106835846,2020-04-03,2026-01-07,0.0010493875886003064
2026-01-16,603335,test,0.003889331591276711,-0.005103932887253317,2020-04-03,2026-01-07,0.0010493875886003064
2026-01-16,603341,test,-0.06296134684989982,0.007313493595845249,2020-04-03,2026-01-07,0.0010493875886003064
2026-01-16,603658,test,-0.040767500691379,0.00308993170190444,2020-04-03,2026-01-07,0.0010493875886003064
2026-01-16,605090,test,0.09482136346821071,0.0011269423288607116,2020-04-03,2026-01-07,0.0010493875886003064
2026-01-16,605589,test,-0.010388583661066188,0.006723547940651551,2020-04-03,2026-01-07,0.0010493875886003064
2026-01-16,688031,test,0.20866798584616156,-0.015165460367621224,2020-04-03,2026-01-07,0.007337853415669292
2026-01-16,688045,test,0.180971865133744,-3.824840024002007e-05,2020-04-03,2026-01-07,0.0010493875886003064
2026-01-16,688133,test,0.02532273468592596,-0.00020371205865722414,2020-04-03,2026-01-07,0.0010493875886003064
2026-01-16,688147,test,-0.07630364332859227,-0.004395052562717666,2020-04-03,2026-01-07,-0.014231797240439046
2026-01-16,688528,test,0.02185452028424064,0.001066434386735574,2020-04-03,2026-01-07,0.0010493875886003064
2026-01-19,600025,test,-0.04158750575640087,-0.0018573631954925925,2020-04-03,2026-01-07,0.0010493875886003064
2026-01-19,600051,test,-0.009577262478552135,0.003742086060539535,2020-04-03,2026-01-07,0.0010493875886003064
2026-01-19,600127,test,0.004897590387472433,-0.003178972910388565,2020-04-03,2026-01-07,0.0010493875886003064
2026-01-19,600153,test,0.01831601617703264,-0.009128713058589909,2020-04-03,2026-01-07,0.0010493875886003064
2026-01-19,600548,test,-0.00013697818963205946,-0.0012231711106363888,2020-04-03,2026-01-07,0.0010493875886003064
2026-01-19,600865,test,-0.057636145175254686,-0.0016252264470531601,2020-04-03,2026-01-07,-0.004100067937607075
2026-01-19,600967,test,-0.09141080384772522,0.001672433573172863,2020-04-03,2026-01-07,0.0010493875886003064
2026-01-19,601222,test,-0.030858703412134,-0.0006680532509829282,2020-04-03,2026-01-07,0.0010493875886003064
2026-01-19,603237,test,-0.0193776359747397,0.004277809797519407,2020-04-03,2026-01-07,0.0010493875886003064
2026-01-19,603335,test,-0.0005215484611964145,-0.011514634324393532,2020-04-03,2026-01-07,-0.014231797240439046
2026-01-19,603341,test,-0.07439703038284413,0.004813913358300429,2020-04-03,2026-01-07,0.0010493875886003064
2026-01-19,603658,test,0.014017626791379894,0.0029172516517535457,2020-04-03,2026-01-07,0.0010493875886003064
2026-01-19,605090,test,0.04088768305546124,0.00016274603214213375,2020-04-03,2026-01-07,0.0010493875886003064
2026-01-19,605589,test,-0.02384365074342228,0.00602683112137694,2020-04-03,2026-01-07,0.0010493875886003064
2026-01-19,688031,test,0.1338043286448403,-0.006401016978492668,2020-04-03,2026-01-07,0.007337853415669292
2026-01-19,688045,test,0.23483041255543394,0.005596924271007187,2020-04-03,2026-01-07,0.0010493875886003064
2026-01-19,688133,test,-0.006050232436390652,0.002598031384717473,2020-04-03,2026-01-07,0.0010493875886003064
2026-01-19,688147,test,-0.08238886688547349,0.0014804122176356477,2020-04-03,2026-01-07,0.015176288535179388
2026-01-19,688528,test,-0.021421330599464567,0.0017294018496735357,2020-04-03,2026-01-07,0.0010493875886003064
2026-01-20,600025,test,-0.0633876915443542,-0.003915527872647962,2020-04-03,2026-01-07,0.0010493875886003064
2026-01-20,600051,test,-0.022793665862280606,0.004227314946513551,2020-04-03,2026-01-07,0.0010493875886003064
2026-01-20,600127,test,-0.012962798063062782,-0.003855730059940474,2020-04-03,2026-01-07,0.0010493875886003064
2026-01-20,600153,test,-0.0214111546293766,-0.004341823758865713,2020-04-03,2026-01-07,0.0010493875886003064
2026-01-20,600548,test,-0.02916309261387274,-0.0037230752880856215,2020-04-03,2026-01-07,0.0010493875886003064
2026-01-20,600865,test,-0.032042862232303355,-0.0035332683553119908,2020-04-03,2026-01-07,0.007337853415669292
2026-01-20,600967,test,-0.0445139698068553,0.0009468688828817598,2020-04-03,2026-01-07,0.0010493875886003064
2026-01-20,601222,test,-0.037538301994107244,0.002333244918659388,2020-04-03,2026-01-07,0.0010493875886003064
2026-01-20,603237,test,-0.040683829941061685,0.0023846881405256196,2020-04-03,2026-01-07,0.0010493875886003064
2026-01-20,603335,test,-0.008720162460550747,-0.0019025052753034628,2020-04-03,2026-01-07,0.0010493875886003064
2026-01-20,603341,test,-0.031645508832325316,0.005543798477691142,2020-04-03,2026-01-07,0.0010493875886003064
2026-01-20,603658,test,0.006076809798705056,0.0017359536120975985,2020-04-03,2026-01-07,0.0010493875886003064
2026-01-20,605090,test,0.011717410530781451,0.0049019682496333206,2020-04-03,2026-01-07,0.0010493875886003064
2026-01-20,605589,test,-0.013778477229257409,0.0056065347966784635,2020-04-03,2026-01-07,0.0010493875886003064
2026-01-20,688031,test,0.141011537385615,-0.010186972691791283,2020-04-03,2026-01-07,0.011373408099255765
2026-01-20,688045,test,0.28150513716338377,0.002765722844517053,2020-04-03,2026-01-07,0.0010493875886003064
2026-01-20,688133,test,-0.011444377220738773,0.0005892932017461946,2020-04-03,2026-01-07,0.0010493875886003064
2026-01-20,688147,test,-0.06875700124331419,-0.0004409467119074979,2020-04-03,2026-01-07,0.007337853415669292
2026-01-20,688528,test,-0.0107581846384125,0.00028515198471889197,2020-04-03,2026-01-07,0.0010493875886003064
2026-01-21,600025,test,-0.033390003732525056,-0.005026373267444876,2020-04-03,2026-01-07,0.0010493875886003064
2026-01-21,600051,test,-0.0037369652044961397,0.0019151552533330277,2020-04-03,2026-01-07,0.0010493875886003064
2026-01-21,600127,test,0.034840969603229174,-0.003320588631789422,2020-04-03,2026-01-07,0.0010493875886003064
2026-01-21,600153,test,0.0058931053224341836,-0.0012795113680629142,2020-04-03,2026-01-07,0.0010493875886003064
2026-01-21,600548,test,0.008282634502190172,-0.0014045403522421423,2020-04-03,2026-01-07,0.0010493875886003064
2026-01-21,600865,test,-0.006275036270486162,-0.002657953247084505,2020-04-03,2026-01-07,0.007337853415669292
2026-01-21,600967,test,-0.05446780735482355,0.004039296848880467,2020-04-03,2026-01-07,0.0010493875886003064
2026-01-21,601222,test,-0.01303179302724285,-3.0759958051233515e-05,2020-04-03,2026-01-07,0.0010493875886003064
2026-01-21,603237,test,-0.018413764594185495,0.0019111111897806227,2020-04-03,2026-01-07,0.0010493875886003064
2026-01-21,603335,test,-0.021225202383443015,-0.0008027500348745163,2020-04-03,2026-01-07,0.0010493875886003064
2026-01-21,603341,test,-0.030349110344559966,0.00584338351636738,2020-04-03,2026-01-07,0.0010493875886003064
2026-01-21,603658,test,0.008390906152110283,-2.7459590629948682e-05,2020-04-03,2026-01-07,0.0010493875886003064
2026-01-21,605090,test,-0.03055179127756665,-0.0032422389133941482,2020-04-03,2026-01-07,-0.014231797240439046
2026-01-21,605589,test,0.007883672982065864,0.002842327140123504,2020-04-03,2026-01-07,0.0010493875886003064
2026-01-21,688031,test,-0.054361395446148555,-0.006551053276723924,2020-04-03,2026-01-07,0.011373408099255765
2026-01-21,688045,test,0.33904706707574656,0.004433764021922672,2020-04-03,2026-01-07,0.0010493875886003064
2026-01-21,688133,test,-0.04214460148787742,0.0020061965398402233,2020-04-03,2026-01-07,0.0010493875886003064
2026-01-21,688147,test,-0.025278631545267622,-0.00032458458536301576,2020-04-03,2026-01-07,0.007337853415669292
2026-01-21,688528,test,-0.012319941279121688,0.00109726875722172,2020-04-03,2026-01-07,0.0010493875886003064
2026-01-22,600025,test,-0.002930198302482385,-0.004221422211197888,2020-04-03,2026-01-07,0.0010493875886003064
2026-01-22,600051,test,-0.004072510189069029,0.0034892546935760263,2020-04-03,2026-01-07,0.0010493875886003064
2026-01-22,600127,test,0.051108649231220646,0.0001376532793674795,2020-04-03,2026-01-07,0.0010493875886003064
2026-01-22,600153,test,0.04283925451681296,-0.0022277407275020328,2020-04-03,2026-01-07,0.0010493875886003064
2026-01-22,600548,test,0.03009415647759754,0.0003128234925176876,2020-04-03,2026-01-07,0.0010493875886003064
2026-01-22,600865,test,-0.00881067374717533,-0.005467468147855634,2020-04-03,2026-01-07,-0.004100067937607075
2026-01-22,600967,test,-0.06024531625624148,0.0055885768051441775,2020-04-03,2026-01-07,0.0010493875886003064
2026-01-22,601222,test,-0.008494938519592005,0.0031571137280649083,2020-04-03,2026-01-07,0.0010493875886003064
2026-01-22,603237,test,0.0019464335537552717,0.0034435262131777217,2020-04-03,2026-01-07,0.0010493875886003064
2026-01-22,603335,test,-0.008311640623851663,8.182939812277969e-05,2020-04-03,2026-01-07,0.0010493875886003064
2026-01-22,603341,test,-0.022909719491394493,0.005706153429532743,2020-04-03,2026-01-07,0.0010493875886003064
2026-01-22,603658,test,0.022928032699096084,-0.00017780446866663224,2020-04-03,2026-01-07,0.0010493875886003064
2026-01-22,605090,test,-0.07956468127938794,-0.006410746989142934,2020-04-03,2026-01-07,-0.014231797240439046
2026-01-22,605589,test,-0.016320793941929496,0.004001551158549195,2020-04-03,2026-01-07,0.0010493875886003064
2026-01-22,688031,test,0.021297632457266607,-0.009922060942784267,2020-04-03,2026-01-07,-0.014231797240439046
2026-01-22,688045,test,0.21571756614680884,-0.009146857378335926,2020-04-03,2026-01-07,-0.014231797240439046
2026-01-22,688133,test,-0.04071739443104079,0.0035425670910797617,2020-04-03,2026-01-07,0.0010493875886003064
2026-01-22,688147,test,-0.03266039872068745,0.0041918441311752175,2020-04-03,2026-01-07,0.007337853415669292
2026-01-22,688528,test,-0.023106070087114922,0.003341897486986574,2020-04-03,2026-01-07,0.0010493875886003064
2026-01-23,600025,test,0.03347287609420212,-0.0057369908058647135,2020-04-03,2026-01-07,0.0010493875886003064
2026-01-23,600051,test,0.03567067829200431,0.004251204559147081,2020-04-03,2026-01-07,0.0010493875886003064
2026-01-23,600127,test,0.08921626439909557,0.0007807501864430799,2020-04-03,2026-01-07,0.0010493875886003064
2026-01-23,600153,test,0.051992767519425484,-0.0022548886711888524,2020-04-03,2026-01-07,0.0010493875886003064
2026-01-23,600548,test,0.047947464006290116,-0.0004758115767785218,2020-04-03,2026-01-07,0.0010493875886003064
2026-01-23,600865,test,0.005600748222074223,-0.008044068477687407,2020-04-03,2026-01-07,-0.004100067937607075
2026-01-23,600967,test,-0.051896889275563365,0.0019895802929177655,2020-04-03,2026-01-07,0.0010493875886003064
2026-01-23,601222,test,-0.010686937602035443,0.0033438791102850395,2020-04-03,2026-01-07,0.0010493875886003064
2026-01-23,603237,test,0.028778087826754603,0.0064138037193864905,2020-04-03,2026-01-07,0.0010493875886003064
2026-01-23,603335,test,0.012453431194160411,8.212815929819441e-05,2020-04-03,2026-01-07,0.0010493875886003064
2026-01-23,603341,test,-0.047291685123616825,0.005197475565437358,2020-04-03,2026-01-07,0.0010493875886003064
2026-01-23,603658,test,0.018517100162816366,0.003034945674002786,2020-04-03,2026-01-07,0.0010493875886003064
2026-01-23,605090,test,-0.09092383272461736,-0.0012441820499567982,2020-04-03,2026-01-07,0.0010493875886003064
2026-01-23,605589,test,0.0023159637313884124,0.004898406076078231,2020-04-03,2026-01-07,0.0010493875886003064
2026-01-23,688031,test,-0.02835072161882947,-0.009324512554264685,2020-04-03,2026-01-07,-0.014231797240439046
2026-01-23,688045,test,0.06463982802864852,-0.016782965953293823,2020-04-03,2026-01-07,-0.014231797240439046
2026-01-23,688133,test,-0.06990631223763434,0.006148597404143407,2020-04-03,2026-01-07,0.0010493875886003064
2026-01-23,688147,test,-0.05120738306401519,0.004047938621178121,2020-04-03,2026-01-07,0.007337853415669292
2026-01-23,688528,test,-0.0013041116239620593,0.0030954007625262014,2020-04-03,2026-01-07,0.0010493875886003064
2026-01-26,600025,test,0.042910205640476366,-0.007146263976431748,2020-04-03,2026-01-07,0.0010493875886003064
2026-01-26,600051,test,0.030953608778219226,0.004004245674421943,2020-04-03,2026-01-07,0.0010493875886003064
2026-01-26,600127,test,0.043026209465467584,0.0019223586564294701,2020-04-03,2026-01-07,0.0010493875886003064
2026-01-26,600153,test,0.038543488020746634,-0.00497986834678889,2020-04-03,2026-01-07,0.0010493875886003064
2026-01-26,600548,test,0.04397617629579236,0.0014036974247358782,2020-04-03,2026-01-07,0.0010493875886003064
2026-01-26,600865,test,0.062479220440705245,-0.007572270350221099,2020-04-03,2026-01-07,0.007337853415669292
2026-01-26,600967,test,-0.03439536511780834,0.0005484796978744363,2020-04-03,2026-01-07,0.0010493875886003064
2026-01-26,601222,test,0.008585271315542035,0.00022377520930123683,2020-04-03,2026-01-07,0.0010493875886003064
2026-01-26,603237,test,0.033488884302056814,0.0026832814350209455,2020-04-03,2026-01-07,0.0010493875886003064
2026-01-26,603335,test,0.014465087540186099,0.001023609804373494,2020-04-03,2026-01-07,0.0010493875886003064
2026-01-26,603341,test,-0.024685670262108723,0.0019619000455212555,2020-04-03,2026-01-07,0.0010493875886003064
2026-01-26,603658,test,-0.01741073151193901,0.00539299427327443,2020-04-03,2026-01-07,0.0010493875886003064
2026-01-26,605090,test,-0.04511267366065858,-0.0010352265812252034,2020-04-03,2026-01-07,0.0010493875886003064
2026-01-26,605589,test,0.012834480901178828,0.002169427608889202,2020-04-03,2026-01-07,0.0010493875886003064
2026-01-26,688031,test,-0.12468692714049662,-0.005932888473289869,2020-04-03,2026-01-07,0.007337853415669292
2026-01-26,688045,test,0.0476762490062606,-0.010563951824956844,2020-04-03,2026-01-07,-0.005231820848781097
2026-01-26,688133,test,-0.06470598067873118,0.00590346689702999,2020-04-03,2026-01-07,0.0010493875886003064
2026-01-26,688147,test,-0.05717180190421773,0.0066163473005573315,2020-04-03,2026-01-07,0.007337853415669292
2026-01-26,688528,test,0.027443979293421066,0.0027975755672929883,2020-04-03,2026-01-07,0.0010493875886003064
2026-01-27,600025,test,0.02031153636648873,-0.008094036323611468,2020-04-03,2026-01-07,0.0010493875886003064
2026-01-27,600051,test,0.032177748850893625,0.004467276044108597,2020-04-03,2026-01-07,0.0010493875886003064
2026-01-27,600127,test,0.03599356246307493,0.0013163521707713537,2020-04-03,2026-01-07,0.0010493875886003064
2026-01-27,600153,test,0.03244204152024931,-0.0025332603041624945,2020-04-03,2026-01-07,0.0010493875886003064
2026-01-27,600548,test,0.024731316491088933,-0.0005046052987981407,2020-04-03,2026-01-07,0.0010493875886003064
2026-01-27,600865,test,0.060505674638034565,-0.005051784939571832,2020-04-03,2026-01-07,-0.004100067937607075
2026-01-27,600967,test,-0.03595537398184302,0.000337426618387251,2020-04-03,2026-01-07,0.0010493875886003064
2026-01-27,601222,test,0.017402688980897012,0.002314325467082483,2020-04-03,2026-01-07,0.0010493875886003064
2026-01-27,603237,test,0.03051063958884746,0.001538399201586134,2020-04-03,2026-01-07,0.0010493875886003064
2026-01-27,603335,test,0.022509736763236848,0.00026759451941135866,2020-04-03,2026-01-07,0.0010493875886003064
2026-01-27,603341,test,-0.04341722985955289,0.005093963658415588,2020-04-03,2026-01-07,0.0010493875886003064
2026-01-27,603658,test,-0.014476057400991688,0.003735756783345089,2020-04-03,2026-01-07,0.0010493875886003064
2026-01-27,605090,test,-0.028532029725725123,0.0020747103647487564,2020-04-03,2026-01-07,0.0010493875886003064
2026-01-27,605589,test,0.013661546652798267,0.0048629176436362585,2020-04-03,2026-01-07,0.0010493875886003064
2026-01-27,688031,test,-0.10544239351954655,-0.009133067707298777,2020-04-03,2026-01-07,-0.014231797240439046
2026-01-27,688045,test,-0.02263079262235203,-0.013580987201951772,2020-04-03,2026-01-07,-0.014231797240439046
2026-01-27,688133,test,-0.06410421237094434,0.003928284473302608,2020-04-03,2026-01-07,0.0010493875886003064
2026-01-27,688147,test,0.0023285503602465778,0.006259338650619591,2020-04-03,2026-01-07,0.007337853415669292
2026-01-27,688528,test,0.04392092408346947,0.002122086221788349,2020-04-03,2026-01-07,0.0010493875886003064
2026-01-28,600025,test,0.028296351942688574,-0.009709783169185669,2020-04-03,2026-01-07,0.0010493875886003064
2026-01-28,600051,test,0.03562457682732505,0.0041533026075542025,2020-04-03,2026-01-07,0.0010493875886003064
2026-01-28,600127,test,-0.003940865675040334,0.005226945733469574,2020-04-03,2026-01-07,0.0010493875886003064
2026-01-28,600153,test,0.048732413861287835,-0.0010410360185728834,2020-04-03,2026-01-07,0.0010493875886003064
2026-01-28,600548,test,0.018196460472224157,-0.0012750566297344045,2020-04-03,2026-01-07,0.0010493875886003064
2026-01-28,600865,test,0.07585444062886186,-0.005521709231057572,2020-04-03,2026-01-07,-0.004100067937607075
2026-01-28,600967,test,-0.018345503725033924,0.0006129809262934859,2020-04-03,2026-01-07,0.0010493875886003064
2026-01-28,601222,test,0.042186188813892064,0.002576498272565533,2020-04-03,2026-01-07,0.0010493875886003064
2026-01-28,603237,test,0.03614971922313008,0.0003179376724199035,2020-04-03,2026-01-07,0.0010493875886003064
2026-01-28,603335,test,0.0385553941688838,0.00011576128042660036,2020-04-03,2026-01-07,0.0010493875886003064
2026-01-28,603341,test,-0.03797275648465777,0.0016970743094157036,2020-04-03,2026-01-07,0.0010493875886003064
2026-01-28,603658,test,-0.00662734088064117,0.003179992930502814,2020-04-03,2026-01-07,0.0010493875886003064
2026-01-28,605090,test,-0.032382100040111286,0.0019827552508843342,2020-04-03,2026-01-07,0.0010493875886003064
2026-01-28,605589,test,-0.010179302837314125,0.00428677044160333,2020-04-03,2026-01-07,0.0010493875886003064
2026-01-28,688031,test,-0.037395128249015766,-0.006221510849280722,2020-04-03,2026-01-07,0.007337853415669292
2026-01-28,688045,test,-0.13715702055107235,-0.016947526582262274,2020-04-03,2026-01-07,-0.014231797240439046
2026-01-28,688133,test,-0.045923237594777414,0.004369973665471762,2020-04-03,2026-01-07,0.0010493875886003064
2026-01-28,688147,test,0.02793520046043511,0.008227324937943217,2020-04-03,2026-01-07,-0.004100067937607075
2026-01-28,688528,test,0.028081328798643595,0.0033899944933519963,2020-04-03,2026-01-07,0.0010493875886003064
2026-01-29,600025,test,0.023385179666004462,-0.006771312029450168,2020-04-03,2026-01-07,0.0010493875886003064
2026-01-29,600051,test,0.03314579080438525,0.0050204158927169475,2020-04-03,2026-01-07,0.0010493875886003064
2026-01-29,600127,test,-0.059462991375380955,-0.00044671138681032766,2020-04-03,2026-01-07,-0.005231820848781097
2026-01-29,600153,test,0.014263768105568796,-0.0067302746005147495,2020-04-03,2026-01-07,-0.005231820848781097
2026-01-29,600548,test,0.010065658989426528,0.0002649961548558496,2020-04-03,2026-01-07,0.0010493875886003064
2026-01-29,600865,test,0.1461701215819881,-0.0060277604475556575,2020-04-03,2026-01-07,-0.004100067937607075
2026-01-29,600967,test,-0.015588640694208556,-0.0024324426723462012,2020-04-03,2026-01-07,0.0010493875886003064
2026-01-29,601222,test,0.014145176607666742,0.0044435191786007374,2020-04-03,2026-01-07,0.0010493875886003064
2026-01-29,603237,test,0.034524446902832476,0.003746911134482224,2020-04-03,2026-01-07,0.0010493875886003064
2026-01-29,603335,test,0.05341720725900774,0.003933273709523369,2020-04-03,2026-01-07,0.0010493875886003064
2026-01-29,603341,test,-0.03153574828218324,-0.00025095695624742075,2020-04-03,2026-01-07,0.0010493875886003064
2026-01-29,603658,test,-0.002589485101543044,0.002069519325423832,2020-04-03,2026-01-07,0.0010493875886003064
2026-01-29,605090,test,-0.0230272371854368,0.002812071999035192,2020-04-03,2026-01-07,0.0010493875886003064
2026-01-29,605589,test,-0.01023208893745824,0.0031779918469788805,2020-04-03,2026-01-07,0.0010493875886003064
2026-01-29,688031,test,-0.09537081942067342,-0.008145037746236424,2020-04-03,2026-01-07,0.007337853415669292
2026-01-29,688045,test,-0.11183852466339088,-0.00674157171785412,2020-04-03,2026-01-07,-0.014231797240439046
2026-01-29,688133,test,-0.016688508405334024,0.001989723335132651,2020-04-03,2026-01-07,0.0010493875886003064
2026-01-29,688147,test,0.01641658303928235,0.006219072468144301,2020-04-03,2026-01-07,0.007337853415669292
2026-01-29,688528,test,0.04600979985160021,0.0032892625539299777,2020-04-03,2026-01-07,0.0010493875886003064
2026-01-30,600025,test,0.028308663712940236,-0.0035572521717252914,2020-04-03,2026-01-07,0.0010493875886003064
2026-01-30,600051,test,0.03501470343237252,0.007931335858363425,2020-04-03,2026-01-07,0.0010493875886003064
2026-01-30,600127,test,-0.06622345614957618,-0.001060658354197047,2020-04-03,2026-01-07,-0.014231797240439046
2026-01-30,600153,test,0.0140527986448797,0.0011184142300072765,2020-04-03,2026-01-07,0.015176288535179388
2026-01-30,600548,test,0.020604269597664333,-1.7636529549664022e-05,2020-04-03,2026-01-07,0.0010493875886003064
2026-01-30,600865,test,0.022682951069736463,-0.006935554099642812,2020-04-03,2026-01-07,-0.004100067937607075
2026-01-30,600967,test,0.004345785035778722,-0.0033146541442139097,2020-04-03,2026-01-07,0.0010493875886003064
2026-01-30,601222,test,0.03355523737911732,0.001308766697326244,2020-04-03,2026-01-07,0.0010493875886003064
2026-01-30,603237,test,0.02602639925817381,0.0036110287130201187,2020-04-03,2026-01-07,0.0010493875886003064
2026-01-30,603335,test,0.06882570521537452,0.003774040562053615,2020-04-03,2026-01-07,0.0010493875886003064
2026-01-30,603341,test,-0.0014581243939534687,-0.004641887693206845,2020-04-03,2026-01-07,0.0010493875886003064
2026-01-30,603658,test,0.010467374154561965,-0.001673929763032597,2020-04-03,2026-01-07,0.0010493875886003064
2026-01-30,605090,test,0.017300565745766844,-0.0026245109804671836,2020-04-03,2026-01-07,0.0010493875886003064
2026-01-30,605589,test,-0.018311514077050155,0.003107016975084711,2020-04-03,2026-01-07,0.0010493875886003064
2026-01-30,688031,test,-0.13584931471513176,-0.006428366488369675,2020-04-03,2026-01-07,0.007337853415669292
2026-01-30,688045,test,-0.0980654715382097,-0.0017049216579239769,2020-04-03,2026-01-07,-0.005258839509944811
2026-01-30,688133,test,-0.014394109026111528,0.0021156000361185283,2020-04-03,2026-01-07,0.0010493875886003064
2026-01-30,688147,test,0.018452737222269217,0.005098132404893687,2020-04-03,2026-01-07,0.007337853415669292
2026-01-30,688528,test,0.05807894302193291,0.003315726447270376,2020-04-03,2026-01-07,0.0010493875886003064
2026-02-02,600025,test,-0.018443907060658828,-0.008180277911661853,2020-04-03,2026-01-07,0.0010493875886003064
2026-02-02,600051,test,0.01748310411236794,0.0018942892328031968,2020-04-03,2026-01-07,0.0010493875886003064
2026-02-02,600127,test,-0.06738854231622962,-0.002764003650434475,2020-04-03,2026-01-07,0.0010493875886003064
2026-02-02,600153,test,0.01692496589191058,-0.00032395371394366827,2020-04-03,2026-01-07,0.0010493875886003064
2026-02-02,600548,test,-0.007229385705869874,-0.0024843396325353877,2020-04-03,2026-01-07,0.0010493875886003064
2026-02-02,600865,test,-0.05716716756987753,-0.014554317143742945,2020-04-03,2026-01-07,0.015176288535179388
2026-02-02,600967,test,0.005023450510843262,-0.002334225109322558,2020-04-03,2026-01-07,0.0010493875886003064
2026-02-02,601222,test,0.06729699906043349,0.001524791473450961,2020-04-03,2026-01-07,0.0010493875886003064
2026-02-02,603237,test,0.0013308577878123548,4.969359784883072e-05,2020-04-03,2026-01-07,0.0010493875886003064
2026-02-02,603335,test,0.04233557850435395,0.004401602037158842,2020-04-03,2026-01-07,0.0010493875886003064
2026-02-02,603341,test,0.0319411270956382,0.0006386278510273992,2020-04-03,2026-01-07,0.0010493875886003064
2026-02-02,603658,test,-0.013435014106651967,-0.0028576263005274105,2020-04-03,2026-01-07,0.0010493875886003064
2026-02-02,605090,test,-0.03631073759945628,0.00504226354439685,2020-04-03,2026-01-07,0.0010493875886003064
2026-02-02,605589,test,-0.01045278255143648,0.0022004420263538704,2020-04-03,2026-01-07,0.0010493875886003064
2026-02-02,688031,test,0.0006302427846853406,-0.004140733447690186,2020-04-03,2026-01-07,0.007337853415669292
2026-02-02,688045,test,-0.10670366436992965,0.0037009625274521452,2020-04-03,2026-01-07,-0.005258839509944811
2026-02-02,688133,test,0.026667979577979138,0.004919313248362234,2020-04-03,2026-01-07,0.0010493875886003064
2026-02-02,688147,test,0.07696849510671042,0.009388368569376263,2020-04-03,2026-01-07,0.007337853415669292
2026-02-02,688528,test,0.03792430874974869,0.003299812843436838,2020-04-03,2026-01-07,0.0010493875886003064
2026-02-03,600025,test,0.017892812728094593,-0.009170320273143025,2020-04-03,2026-01-07,0.0010493875886003064
2026-02-03,600051,test,0.02552122527309339,0.00407106578579596,2020-04-03,2026-01-07,0.0010493875886003064
2026-02-03,600127,test,-0.043758617358851254,-0.0007759131894291204,2020-04-03,2026-01-07,0.0010493875886003064
2026-02-03,600153,test,0.03278276711484482,0.0026807219581266623,2020-04-03,2026-01-07,0.0010493875886003064
2026-02-03,600548,test,0.023575338649480998,-0.0022585207783433806,2020-04-03,2026-01-07,0.0010493875886003064
2026-02-03,600865,test,-0.09217266580293584,-0.016344459481295787,2020-04-03,2026-01-07,0.015176288535179388
2026-02-03,600967,test,0.003782987399140819,-0.0009930140016050414,2020-04-03,2026-01-07,0.0010493875886003064
2026-02-03,601222,test,0.054066327219885996,0.0004148815236299756,2020-04-03,2026-01-07,0.0010493875886003064
2026-02-03,603237,test,0.020470079043030526,0.0015364112443870047,2020-04-03,2026-01-07,0.0010493875886003064
2026-02-03,603335,test,0.06652498621617361,0.00423035959224236,2020-04-03,2026-01-07,0.0010493875886003064
2026-02-03,603341,test,0.016119214039783863,3.866679667672829e-05,2020-04-03,2026-01-07,0.0010493875886003064
2026-02-03,603658,test,-0.002970284589880162,-0.0021142760756993253,2020-04-03,2026-01-07,0.0010493875886003064
2026-02-03,605090,test,-0.05497388192645661,0.00727161806671526,2020-04-03,2026-01-07,0.0010493875886003064
2026-02-03,605589,test,0.04586427463336215,0.0018441617377290033,2020-04-03,2026-01-07,0.0010493875886003064
2026-02-03,688031,test,-0.08839858208713983,0.00035317989883362647,2020-04-03,2026-01-07,0.007337853415669292
2026-02-03,688045,test,-0.08224197322854013,0.0035985535717803175,2020-04-03,2026-01-07,-0.005258839509944811
2026-02-03,688133,test,-0.005340252024985809,0.004546005147003701,2020-04-03,2026-01-07,0.0010493875886003064
2026-02-03,688147,test,0.06158304602355533,-0.001662192253591799,2020-04-03,2026-01-07,-0.014231797240439046
2026-02-03,688528,test,0.02489814250197006,0.0021537607719958577,2020-04-03,2026-01-07,-0.005231820848781097
2026-02-04,600025,test,0.006694970975350839,-0.002763584186869276,2020-04-03,2026-01-07,0.0010493875886003064
2026-02-04,600051,test,0.005738082462350152,0.008964416263013877,2020-04-03,2026-01-07,0.0010493875886003064
2026-02-04,600127,test,-0.03991061893064633,0.006317908919355651,2020-04-03,2026-01-07,0.0010493875886003064
2026-02-04,600153,test,0.0023945069596740974,0.0034443182166008063,2020-04-03,2026-01-07,0.0010493875886003064
2026-02-04,600548,test,0.016563392027982255,0.001634704407747004,2020-04-03,2026-01-07,0.0010493875886003064
2026-02-04,600865,test,-0.09844928121311629,-0.008175476329623748,2020-04-03,2026-01-07,0.0010493875886003064
2026-02-04,600967,test,0.00035014984779898044,-0.008556112780500967,2020-04-03,2026-01-07,0.0010493875886003064
2026-02-04,601222,test,0.035855123832741656,0.0013654825600828068,2020-04-03,2026-01-07,0.0010493875886003064
2026-02-04,603237,test,-6.682929917915543e-05,0.006115731873614115,2020-04-03,2026-01-07,0.0010493875886003064
2026-02-04,603335,test,0.042268819389489634,0.008543607752777713,2020-04-03,2026-01-07,0.0010493875886003064
2026-02-04,603341,test,0.012265963674490028,-0.00316355476232077,2020-04-03,2026-01-07,0.0010493875886003064
2026-02-04,603658,test,-0.001223202320484268,-0.001316095400022311,2020-04-03,2026-01-07,0.0010493875886003064
2026-02-04,605090,test,-0.04949931271696399,-0.005139926578505642,2020-04-03,2026-01-07,0.0010493875886003064
2026-02-04,605589,test,0.05860089326531066,0.005346549733029951,2020-04-03,2026-01-07,0.0010493875886003064
2026-02-04,688031,test,-0.018262239123065942,-0.015003889632670592,2020-04-03,2026-01-07,0.007337853415669292
2026-02-04,688045,test,-0.03227002499698921,0.0013172565252292019,2020-04-03,2026-01-07,-0.005258839509944811
2026-02-04,688133,test,-0.004269941305351116,-0.002898528740122226,2020-04-03,2026-01-07,0.0010493875886003064
2026-02-04,688147,test,0.01596367557651897,-0.00015730652729789303,2020-04-03,2026-01-07,-0.014231797240439046
2026-02-04,688528,test,0.05407463809185982,0.0035451887282912002,2020-04-03,2026-01-07,0.0010493875886003064
2026-02-05,600025,test,-0.013233161526782073,0.0026432599526790734,2020-04-03,2026-02-04,0.0010856805689551253
2026-02-05,600051,test,-0.014278540476651742,0.011257155859763349,2020-04-03,2026-02-04,0.0010856805689551253
2026-02-05,600127,test,-0.01457839055161399,-0.001925365733569025,2020-04-03,2026-02-04,0.0010856805689551253
2026-02-05,600153,test,-0.009793414618528302,0.007403508410830521,2020-04-03,2026-02-04,0.0010856805689551253
2026-02-05,600548,test,-0.013224809700118485,0.006422303901558165,2020-04-03,2026-02-04,0.0010856805689551253
2026-02-05,600865,test,-0.18493772701241593,-0.010478448955854994,2020-04-03,2026-02-04,-0.005207772336223048
2026-02-05,600967,test,0.0016113563015779766,-0.004702054166972244,2020-04-03,2026-02-04,0.0010856805689551253
2026-02-05,601222,test,0.07331934154288759,0.0025903385001661058,2020-04-03,2026-02-04,0.0010856805689551253
2026-02-05,603237,test,-0.03106420200602274,0.008963048216839515,2020-04-03,2026-02-04,0.0010856805689551253
2026-02-05,603335,test,0.01078372380855434,0.009122898410266103,2020-04-03,2026-02-04,0.0010856805689551253
2026-02-05,603341,test,0.029225106307636455,-0.0035102804593686826,2020-04-03,2026-02-04,0.0010856805689551253
2026-02-05,603658,test,-0.018912594505132458,0.001425182128397018,2020-04-03,2026-02-04,0.0010856805689551253
2026-02-05,605090,test,-0.05843195311352563,-0.004130950013963528,2020-04-03,2026-02-04,0.0010856805689551253
2026-02-05,605589,test,0.09438275924106058,0.0024431221526634585,2020-04-03,2026-02-04,0.0010856805689551253
2026-02-05,688031,test,0.029726614748700014,-0.02592200872829721,2020-04-03,2026-02-04,0.006957510071586965
2026-02-05,688045,test,-0.021430430930622208,0.0029210534141709855,2020-04-03,2026-02-04,-0.005224888040711982
2026-02-05,688133,test,-0.019764411803548782,-0.007675028016516433,2020-04-03,2026-02-04,0.0010856805689551253
2026-02-05,688147,test,0.15013996127205567,-0.004776236734499514,2020-04-03,2026-02-04,-0.005207772336223048
2026-02-05,688528,test,0.02077765591494855,0.007603979718957837,2020-04-03,2026-02-04,0.0010856805689551253
2026-02-06,600025,test,-0.04357050844237646,0.0009350513286141626,2020-04-03,2026-02-04,0.0010856805689551253
2026-02-06,600051,test,-0.0373874115872596,0.0074582438427345295,2020-04-03,2026-02-04,0.0010856805689551253
2026-02-06,600127,test,-0.03255717059141876,-0.000760192413042381,2020-04-03,2026-02-04,0.0010856805689551253
2026-02-06,600153,test,-0.029363986144861392,0.006280663177327801,2020-04-03,2026-02-04,0.0010856805689551253
2026-02-06,600548,test,-0.0371467839004757,0.004510763743587083,2020-04-03,2026-02-04,0.0010856805689551253
2026-02-06,600865,test,-0.11962801457680065,-0.005058894818294445,2020-04-03,2026-02-04,0.006957510071586965
2026-02-06,600967,test,-0.016079334895903224,-0.0032518507365609088,2020-04-03,2026-02-04,0.0010856805689551253
2026-02-06,601222,test,0.026122398597847558,0.00023006425642745507,2020-04-03,2026-02-04,0.0010856805689551253
2026-02-06,603237,test,-0.04569069735232993,0.0036516956835469334,2020-04-03,2026-02-04,0.0010856805689551253
2026-02-06,603335,test,-0.013781818070653967,0.0028438762855482716,2020-04-03,2026-02-04,-0.005207772336223048
2026-02-06,603341,test,0.02681465180153127,-0.002004689205251583,2020-04-03,2026-02-04,0.0010856805689551253
2026-02-06,603658,test,-0.032751789581633536,-0.0004886901335115191,2020-04-03,2026-02-04,0.0010856805689551253
2026-02-06,605090,test,-0.073259585390468,-0.004860356143938236,2020-04-03,2026-02-04,0.0010856805689551253
2026-02-06,605589,test,0.05327837481261839,0.001123869541037013,2020-04-03,2026-02-04,0.0010856805689551253
2026-02-06,688031,test,0.14052723020590793,-0.015861024620770183,2020-04-03,2026-02-04,0.006957510071586965
2026-02-06,688045,test,-0.002161923933032644,0.0033650754961237327,2020-04-03,2026-02-04,-0.005224888040711982
2026-02-06,688133,test,-0.04974851605582968,-0.003494750013684711,2020-04-03,2026-02-04,0.0010856805689551253
2026-02-06,688147,test,0.3126743382219403,0.0015376730182850844,2020-04-03,2026-02-04,0.006957510071586965
2026-02-06,688528,test,0.0017285293654511653,0.003518949569072392,2020-04-03,2026-02-04,0.0010856805689551253
2026-02-09,600025,test,-0.011611182968542744,-0.0006712234341678271,2020-04-03,2026-02-04,0.0010856805689551253
2026-02-09,600051,test,-0.011221488055467688,0.005605673842408279,2020-04-03,2026-02-04,0.0010856805689551253
2026-02-09,600127,test,-0.01638599599313556,-0.0004406699896790491,2020-04-03,2026-02-04,0.0010856805689551253
2026-02-09,600153,test,-0.024417268203512366,0.0065487710126083554,2020-04-03,2026-02-04,0.0010856805689551253
2026-02-09,600548,test,-0.029085598417694036,0.004410208765877877,2020-04-03,2026-02-04,0.0010856805689551253
2026-02-09,600865,test,-0.08239162449041443,0.004796357177156694,2020-04-03,2026-02-04,0.006957510071586965
2026-02-09,600967,test,0.01639343624355566,-0.007912079795854943,2020-04-03,2026-02-04,0.0010856805689551253
2026-02-09,601222,test,-0.026093458679702863,-0.0008159667688142795,2020-04-03,2026-02-04,0.0010856805689551253
2026-02-09,603237,test,-0.03532478671602518,0.004870642066879189,2020-04-03,2026-02-04,0.0010856805689551253
2026-02-09,603335,test,0.010503366717122875,0.0035033998624048575,2020-04-03,2026-02-04,-0.005207772336223048
2026-02-09,603341,test,-0.03157818240667992,-0.007052727654775317,2020-04-03,2026-02-04,0.0010856805689551253
2026-02-09,603658,test,-0.02417546796171205,-0.0022381476352606304,2020-04-03,2026-02-04,0.0010856805689551253
2026-02-09,605090,test,-0.029573173982193668,-0.0005082728425046104,2020-04-03,2026-02-04,0.0010856805689551253
2026-02-09,605589,test,0.08875272633042558,0.002241667041510258,2020-04-03,2026-02-04,0.0010856805689551253
2026-02-09,688031,test,0.0009998746536308833,-0.015388736587212478,2020-04-03,2026-02-04,0.006957510071586965
2026-02-09,688045,test,-0.022134005743258578,-0.0014581206271207978,2020-04-03,2026-02-04,-0.005224888040711982
2026-02-09,688133,test,-0.027098183089151517,-0.006094123261448606,2020-04-03,2026-02-04,0.0010856805689551253
2026-02-09,688147,test,0.25157196393281117,0.0072591607239083705,2020-04-03,2026-02-04,0.006957510071586965
2026-02-09,688528,test,0.014883216258262666,0.0030196659613351095,2020-04-03,2026-02-04,-0.005207772336223048
2026-02-10,600025,test,-0.0251499286775607,0.0030668520648751193,2020-04-03,2026-02-04,0.0010856805689551253
2026-02-10,600051,test,-0.02270194826140413,0.006868812167963019,2020-04-03,2026-02-04,0.0010856805689551253
2026-02-10,600127,test,-0.019161904725464956,-0.0008727377061909476,2020-04-03,2026-02-04,0.0010856805689551253
2026-02-10,600153,test,-0.004052882264058848,0.008294816137380413,2020-04-03,2026-02-04,0.0010856805689551253
2026-02-10,600548,test,-0.04805069203633926,0.006189550938460366,2020-04-03,2026-02-04,0.0010856805689551253
2026-02-10,600865,test,-0.038953609659155605,0.01429344893066772,2020-04-03,2026-02-04,0.006957510071586965
2026-02-10,600967,test,-0.0015511086185635396,-0.002590983693789709,2020-04-03,2026-02-04,0.0010856805689551253
2026-02-10,601222,test,-0.029988638354980095,0.0002180110640974664,2020-04-03,2026-02-04,0.0010856805689551253
2026-02-10,603237,test,-0.0381958730904932,0.0068763653124431405,2020-04-03,2026-02-04,0.0010856805689551253
2026-02-10,603335,test,-0.02358253055843849,0.003562175703946497,2020-04-03,2026-02-04,0.0010856805689551253
2026-02-10,603341,test,-0.027338112485000603,-0.0023241590986439404,2020-04-03,2026-02-04,0.0010856805689551253
2026-02-10,603658,test,-0.03061142512758828,0.0008485856505543068,2020-04-03,2026-02-04,0.0010856805689551253
2026-02-10,605090,test,-0.004686695036904203,-0.006644682429479282,2020-04-03,2026-02-04,0.0010856805689551253
2026-02-10,605589,test,0.06330059629857689,-0.004608272571253652,2020-04-03,2026-02-04,-0.005207772336223048
2026-02-10,688031,test,0.19879979014480134,-0.019490196828313263,2020-04-03,2026-02-04,0.006957510071586965
2026-02-10,688045,test,-0.026784917437012928,-0.003921670508613997,2020-04-03,2026-02-04,0.0010856805689551253
2026-02-10,688133,test,-0.026749288933458275,-0.005218667815632174,2020-04-03,2026-02-04,0.0010856805689551253
2026-02-10,688147,test,0.1235588869947455,-0.0080723175454853,2020-04-03,2026-02-04,-0.015819353987985334
2026-02-10,688528,test,0.0028336104170894223,0.003200548084264657,2020-04-03,2026-02-04,0.0010856805689551253
2026-02-11,600025,test,-0.012470561781480878,0.004917517887323453,2020-04-03,2026-02-04,0.0010856805689551253
2026-02-11,600051,test,-0.022990052826136205,0.005102527350142772,2020-04-03,2026-02-04,0.0010856805689551253
2026-02-11,600127,test,-0.02519450615502717,0.002118692608932287,2020-04-03,2026-02-04,0.0010856805689551253
2026-02-11,600153,test,-0.012966195811782606,0.008326204969950088,2020-04-03,2026-02-04,0.0010856805689551253
2026-02-11,600548,test,-0.06027988870752122,0.0060361382848290995,2020-04-03,2026-02-04,0.0010856805689551253
2026-02-11,600865,test,-0.058828416055471074,0.012964722051805221,2020-04-03,2026-02-04,-0.003342612275252589
2026-02-11,600967,test,0.008446207734603244,-0.0018849360062500983,2020-04-03,2026-02-04,0.0010856805689551253
2026-02-11,601222,test,-0.034693756529839755,0.0032250124664271345,2020-04-03,2026-02-04,-0.005207772336223048
2026-02-11,603237,test,-0.033004714648026796,0.0053412791002547585,2020-04-03,2026-02-04,0.0010856805689551253
2026-02-11,603335,test,-0.028276035010852525,0.003283243531164823,2020-04-03,2026-02-04,0.0010856805689551253
2026-02-11,603341,test,0.002802171271172764,-0.0024909679299683326,2020-04-03,2026-02-04,0.0010856805689551253
2026-02-11,603658,test,-0.034645497686954914,0.0007117936824002392,2020-04-03,2026-02-04,0.0010856805689551253
2026-02-11,605090,test,0.027409865661815573,-0.007289060238959184,2020-04-03,2026-02-04,0.0010856805689551253
2026-02-11,605589,test,0.06682009737444217,-0.005958042677810446,2020-04-03,2026-02-04,-0.005207772336223048
2026-02-11,688031,test,0.15467063614902865,-0.017272810609590447,2020-04-03,2026-02-04,0.006957510071586965
2026-02-11,688045,test,-0.008121738370533212,-0.006629629639939646,2020-04-03,2026-02-04,0.0010856805689551253
2026-02-11,688133,test,-0.013017167632011668,-0.0032053234577867438,2020-04-03,2026-02-04,0.0010856805689551253
2026-02-11,688147,test,0.0863696506512146,-0.01174999624462276,2020-04-03,2026-02-04,-0.015819353987985334
2026-02-11,688528,test,-0.028322421024953755,0.004129112728948283,2020-04-03,2026-02-04,0.0010856805689551253
2026-02-12,600025,test,-0.004310817288253985,0.003204677815228147,2020-04-03,2026-02-04,0.0010856805689551253
2026-02-12,600051,test,-0.011186486637839263,0.006779899319979183,2020-04-03,2026-02-04,0.0010856805689551253
2026-02-12,600127,test,-0.013556253718172581,-0.0015319525192890263,2020-04-03,2026-02-04,0.0010856805689551253
2026-02-12,600153,test,-0.009822081968660953,0.009622291935449997,2020-04-03,2026-02-04,0.0010856805689551253
2026-02-12,600548,test,-0.045050023367451994,0.003555798311553681,2020-04-03,2026-02-04,0.0010856805689551253
2026-02-12,600865,test,-0.029959835103342977,0.00952871172515476,2020-04-03,2026-02-04,0.006957510071586965
2026-02-12,600967,test,-0.003511048041348261,0.0019306299002367208,2020-04-03,2026-02-04,0.0010856805689551253
2026-02-12,601222,test,-0.041018618637154045,0.005215368151487007,2020-04-03,2026-02-04,0.0010856805689551253
2026-02-12,603237,test,-0.012425784766950651,0.0034048322919366545,2020-04-03,2026-02-04,0.0010856805689551253
2026-02-12,603335,test,-0.031418225405047226,0.006849299018311092,2020-04-03,2026-02-04,0.0010856805689551253
2026-02-12,603341,test,-0.01628386550166548,0.0025906902888949554,2020-04-03,2026-02-04,0.0010856805689551253
2026-02-12,603658,test,-0.03514630346692614,-0.00018543880938063774,2020-04-03,2026-02-04,0.0010856805689551253
2026-02-12,605090,test,0.08866474879862764,-0.003765910125074202,2020-04-03,2026-02-04,0.0010856805689551253
2026-02-12,605589,test,0.014031931049101512,-0.00236377670601339,2020-04-03,2026-02-04,-0.005207772336223048
2026-02-12,688031,test,0.15217190935213543,-0.025636871907874097,2020-04-03,2026-02-04,0.006957510071586965
2026-02-12,688045,test,-0.02748436545636966,-0.005440404842092094,2020-04-03,2026-02-04,0.0010856805689551253
2026-02-12,688133,test,-0.0025458962593036677,-0.002598393387776499,2020-04-03,2026-02-04,0.0010856805689551253
2026-02-12,688147,test,0.018033124513077828,-0.014319242350337456,2020-04-03,2026-02-04,-0.015819353987985334
2026-02-12,688528,test,-0.02133613582293957,0.0028352697468556464,2020-04-03,2026-02-04,0.0010856805689551253
2026-02-13,600025,test,0.045071642858749976,0.0001558495743245457,2020-04-03,2026-02-04,0.0010856805689551253
2026-02-13,600051,test,-0.024911381841141174,0.006221001950853114,2020-04-03,2026-02-04,0.0010856805689551253
2026-02-13,600127,test,0.03365073473769808,-0.0057183078861976384,2020-04-03,2026-02-04,0.0010856805689551253
2026-02-13,600153,test,0.02374929405532466,0.005888009059567945,2020-04-03,2026-02-04,0.0010856805689551253
2026-02-13,600548,test,-0.025886721270345865,0.001965664335413759,2020-04-03,2026-02-04,0.0010856805689551253
2026-02-13,600865,test,-0.029993612972174184,0.0012727997438800966,2020-04-03,2026-02-04,-0.003342612275252589
2026-02-13,600967,test,0.06308535240760993,0.0031599708016372343,2020-04-03,2026-02-04,0.0010856805689551253
2026-02-13,601222,test,-0.01717099255461719,0.010814473535915584,2020-04-03,2026-02-04,0.0010856805689551253
2026-02-13,603237,test,-0.010214206650463027,0.001053901872333167,2020-04-03,2026-02-04,0.0010856805689551253
2026-02-13,603335,test,-0.07151138900027687,0.008064781644671228,2020-04-03,2026-02-04,0.0010856805689551253
2026-02-13,603341,test,-0.05868478518948617,0.008540643030874475,2020-04-03,2026-02-04,0.0010856805689551253
2026-02-13,603658,test,-0.03499672679826205,-0.0012819991635640935,2020-04-03,2026-02-04,0.0010856805689551253
2026-02-13,605090,test,0.11776606295837888,-0.0035850506597769824,2020-04-03,2026-02-04,0.0010856805689551253
2026-02-13,605589,test,0.11687087380082473,0.007877757294353367,2020-04-03,2026-02-04,0.0010856805689551253
2026-02-13,688031,test,0.09970899492777996,-0.02622596542823431,2020-04-03,2026-02-04,-0.015819353987985334
2026-02-13,688045,test,-0.061598316642958346,-0.007847466060810765,2020-04-03,2026-02-04,0.0010856805689551253
2026-02-13,688133,test,-0.0220054364185095,-0.00031560496982109847,2020-04-03,2026-02-04,0.0010856805689551253
2026-02-13,688147,test,-0.11642086881017877,-0.017326469994754186,2020-04-03,2026-02-04,-0.015819353987985334
2026-02-13,688528,test,-0.06852583673164747,0.006961489176585,2020-04-03,2026-02-04,0.0010856805689551253
2026-02-24,600025,test,0.08603987430250301,0.00295813178570085,2020-04-03,2026-02-04,0.0010856805689551253
2026-02-24,600051,test,-0.02033829416838554,0.007041251718640222,2020-04-03,2026-02-04,0.0010856805689551253
2026-02-24,600127,test,0.07753257243265718,-0.0004448739025700384,2020-04-03,2026-02-04,0.0010856805689551253
2026-02-24,600153,test,0.044024849463050596,0.002418104980386181,2020-04-03,2026-02-04,0.0010856805689551253
2026-02-24,600548,test,0.012924812549060381,0.0019871124093233782,2020-04-03,2026-02-04,0.0010856805689551253
2026-02-24,600865,test,-0.020731685199070017,0.00971723113201947,2020-04-03,2026-02-04,-0.003342612275252589
2026-02-24,600967,test,0.007088514158083613,0.0017133990326951493,2020-04-03,2026-02-04,0.0010856805689551253
2026-02-24,601222,test,0.003302087866502733,0.005656758706560369,2020-04-03,2026-02-04,0.0010856805689551253
2026-02-24,603237,test,0.006977083272758665,0.00428642529381029,2020-04-03,2026-02-04,0.0010856805689551253
2026-02-24,603335,test,-0.09520803667386016,0.005628774149681168,2020-04-03,2026-02-04,0.0010856805689551253
2026-02-24,603341,test,-0.04413194991014361,0.0025562329747292655,2020-04-03,2026-02-04,0.0010856805689551253
2026-02-24,603658,test,-0.011308728810731451,0.00023054579342202063,2020-04-03,2026-02-04,0.0010856805689551253
2026-02-24,605090,test,0.19006197010513734,-0.0019400535889387612,2020-04-03,2026-02-04,0.0010856805689551253
2026-02-24,605589,test,0.06763893464030521,0.0011439386159186194,2020-04-03,2026-02-04,0.0010856805689551253
2026-02-24,688031,test,0.03472670209266467,-0.02149529855351329,2020-04-03,2026-02-04,0.006957510071586965
2026-02-24,688045,test,-0.07188096721262008,-0.011702453669297267,2020-04-03,2026-02-04,0.0010856805689551253
2026-02-24,688133,test,-0.07980713317722213,0.0013583513856047307,2020-04-03,2026-02-04,0.0010856805689551253
2026-02-24,688147,test,-0.10119604857474865,-0.01548988012101998,2020-04-03,2026-02-04,-0.015819353987985334
2026-02-24,688528,test,-0.07612240622637359,0.004051779714098077,2020-04-03,2026-02-04,0.0010856805689551253
2026-02-25,600025,test,0.13154203131644882,0.006820055725365698,2020-04-03,2026-02-04,0.0010856805689551253
2026-02-25,600051,test,-0.009001074292159017,0.007867712705339168,2020-04-03,2026-02-04,0.0010856805689551253
2026-02-25,600127,test,0.1350770697859851,-0.002476253790823348,2020-04-03,2026-02-04,0.0010856805689551253
2026-02-25,600153,test,0.007814181159459976,0.0061911435044173235,2020-04-03,2026-02-04,0.0010856805689551253
2026-02-25,600548,test,0.029794331690746745,-0.00016030004803134753,2020-04-03,2026-02-04,0.0010856805689551253
2026-02-25,600865,test,-0.014593373819139832,0.0027407098070339527,2020-04-03,2026-02-04,-0.003342612275252589
2026-02-25,600967,test,0.048484507689100065,0.001423219602429823,2020-04-03,2026-02-04,0.0010856805689551253
2026-02-25,601222,test,0.034976737919040546,0.005638949052129772,2020-04-03,2026-02-04,0.0010856805689551253
2026-02-25,603237,test,0.009953917076625407,0.006342992542189604,2020-04-03,2026-02-04,0.0010856805689551253
2026-02-25,603335,test,-0.07283708179013826,0.003802226381542304,2020-04-03,2026-02-04,0.0010856805689551253
2026-02-25,603341,test,-0.042617165802987356,0.004392995885978104,2020-04-03,2026-02-04,0.0010856805689551253
2026-02-25,603658,test,-0.01178101446913371,0.0018367244010822354,2020-04-03,2026-02-04,0.0010856805689551253
2026-02-25,605090,test,0.1218134126263386,-0.003939452742863592,2020-04-03,2026-02-04,0.0010856805689551253
2026-02-25,605589,test,0.05094683774578512,-0.005194518807935015,2020-04-03,2026-02-04,0.0010856805689551253
2026-02-25,688031,test,-0.12227814256922731,-0.029365754368794163,2020-04-03,2026-02-04,0.016177917276246904
2026-02-25,688045,test,-0.04818559044699244,-0.011412077109704603,2020-04-03,2026-02-04,0.0010856805689551253
2026-02-25,688133,test,-0.07189510634918683,0.0018903081248007642,2020-04-03,2026-02-04,0.0010856805689551253
2026-02-25,688147,test,-0.0859639047433618,-0.0018002041629855419,2020-04-03,2026-02-04,-0.015819353987985334
2026-02-25,688528,test,-0.07385197821431999,0.005077001156079346,2020-04-03,2026-02-04,0.0010856805689551253
2026-02-26,600025,test,0.11513915192069511,0.008203934863871368,2020-04-03,2026-02-04,0.0010856805689551253
2026-02-26,600051,test,-0.00022724446171497673,0.006247655742121984,2020-04-03,2026-02-04,0.0010856805689551253
2026-02-26,600127,test,0.07350720545763455,-0.0008240320321573281,2020-04-03,2026-02-04,0.0010856805689551253
2026-02-26,600153,test,-0.004605319492465693,0.005188140723424851,2020-04-03,2026-02-04,0.0010856805689551253
2026-02-26,600548,test,0.02560301384086792,-0.0017963032071808618,2020-04-03,2026-02-04,0.0010856805689551253
2026-02-26,600865,test,-0.0028554841828474405,0.007116755332136054,2020-04-03,2026-02-04,-0.003342612275252589
2026-02-26,600967,test,0.016972403944435315,0.0020092321269470177,2020-04-03,2026-02-04,0.0010856805689551253
2026-02-26,601222,test,0.043344949324738966,0.005441096312490637,2020-04-03,2026-02-04,0.0010856805689551253
2026-02-26,603237,test,0.00019885679698792777,0.004670749425122242,2020-04-03,2026-02-04,0.0010856805689551253
2026-02-26,603335,test,-0.05205150279938554,0.007550625238863896,2020-04-03,2026-02-04,0.0010856805689551253
2026-02-26,603341,test,-0.06954344756601673,0.007201635848646525,2020-04-03,2026-02-04,0.0010856805689551253
2026-02-26,603658,test,-0.023595438342658887,-0.0003328598560736319,2020-04-03,2026-02-04,0.0010856805689551253
2026-02-26,605090,test,0.07932202210533067,-0.0053312316527201285,2020-04-03,2026-02-04,-0.005207772336223048
2026-02-26,605589,test,0.024451271831078186,-0.010068202479419896,2020-04-03,2026-02-04,-0.015819353987985334
2026-02-26,688031,test,0.07353728614133735,-0.030945114458077,2020-04-03,2026-02-04,0.006957510071586965
2026-02-26,688045,test,-0.04712794239900232,-0.014572613861429917,2020-04-03,2026-02-04,0.0010856805689551253
2026-02-26,688133,test,-0.08511127187341784,0.0024650187294429564,2020-04-03,2026-02-04,0.0010856805689551253
2026-02-26,688147,test,-0.06899776401317005,0.00025055076010613915,2020-04-03,2026-02-04,0.006957510071586965
2026-02-26,688528,test,-0.051069090563699696,0.007200440301135601,2020-04-03,2026-02-04,0.0010856805689551253
2026-02-27,600025,test,0.11630926906545946,0.005285104146496334,2020-04-03,2026-02-04,0.0010856805689551253
2026-02-27,600051,test,0.015833840279316107,0.008571586309034094,2020-04-03,2026-02-04,0.0010856805689551253
2026-02-27,600127,test,0.06883148209584067,-0.0030462196109041916,2020-04-03,2026-02-04,0.0010856805689551253
2026-02-27,600153,test,-0.017959113824914448,0.006901457375799641,2020-04-03,2026-02-04,0.0010856805689551253
2026-02-27,600548,test,0.013726700426557874,-0.0017617535172602854,2020-04-03,2026-02-04,0.0010856805689551253
2026-02-27,600865,test,-0.007162415833153364,0.0034707936747291183,2020-04-03,2026-02-04,-0.003342612275252589
2026-02-27,600967,test,-0.002540207619896713,0.004424430114828124,2020-04-03,2026-02-04,0.0010856805689551253
2026-02-27,601222,test,0.0553949923138115,0.005984283885331068,2020-04-03,2026-02-04,0.0010856805689551253
2026-02-27,603237,test,0.0040029856991962084,0.0061401048078635195,2020-04-03,2026-02-04,0.0010856805689551253
2026-02-27,603335,test,-0.014994947884435457,0.00470297704452643,2020-04-03,2026-02-04,0.0010856805689551253
2026-02-27,603341,test,-0.06996494242889817,0.0025256613885438345,2020-04-03,2026-02-04,0.0010856805689551253
2026-02-27,603658,test,-0.01902188120082083,-0.0020307339136200163,2020-04-03,2026-02-04,0.0010856805689551253
2026-02-27,605090,test,-0.040914680325906956,-0.0062977593479384185,2020-04-03,2026-02-04,-0.005207772336223048
2026-02-27,605589,test,0.02508488010797038,-0.0032924726918515286,2020-04-03,2026-02-04,0.0010856805689551253
2026-02-27,688031,test,0.13751691875497785,-0.023644143199728768,2020-04-03,2026-02-04,0.016177917276246904
2026-02-27,688045,test,-0.05164441345893634,-0.014626845600613727,2020-04-03,2026-02-04,0.0010856805689551253
2026-02-27,688133,test,-0.07519018670790478,0.0009638789001185692,2020-04-03,2026-02-04,0.0010856805689551253
2026-02-27,688147,test,-0.09770339123361105,0.0008618117915569274,2020-04-03,2026-02-04,0.006957510071586965
2026-02-27,688528,test,-0.01722938011886766,0.004543316300339771,2020-04-03,2026-02-04,0.0010856805689551253
2026-03-02,600025,test,0.10180030678209866,-8.41907052092525e-05,2020-04-03,2026-02-04,0.0010856805689551253
2026-03-02,600051,test,0.03731012075944033,0.002966531127111164,2020-04-03,2026-02-04,0.0010856805689551253
2026-03-02,600127,test,0.08170897312123497,-0.0037735106217310467,2020-04-03,2026-02-04,0.0010856805689551253
2026-03-02,600153,test,-0.029481389852295165,0.006177543537012515,2020-04-03,2026-02-04,0.0010856805689551253
2026-03-02,600548,test,0.023846994211055666,-0.004251962550614495,2020-04-03,2026-02-04,0.0010856805689551253
2026-03-02,600865,test,0.0037811720726872826,0.0020452751092574634,2020-04-03,2026-02-04,-0.003342612275252589
2026-03-02,600967,test,-0.07015328098892089,0.0003101771460081123,2020-04-03,2026-02-04,-0.005207772336223048
2026-03-02,601222,test,0.0841386818322926,0.004347020785113031,2020-04-03,2026-02-04,0.0010856805689551253
2026-03-02,603237,test,0.0197267912081656,0.0014538217370234853,2020-04-03,2026-02-04,0.0010856805689551253
2026-03-02,603335,test,0.03947450071163565,0.0011633532659106674,2020-04-03,2026-02-04,0.0010856805689551253
2026-03-02,603341,test,-0.040090915066821234,0.0024289187619793294,2020-04-03,2026-02-04,0.0010856805689551253
2026-03-02,603658,test,0.0023112358737944864,-0.003351695215483394,2020-04-03,2026-02-04,0.0010856805689551253
2026-03-02,605090,test,-0.08033478648392163,-0.0014445377377717717,2020-04-03,2026-02-04,-0.005207772336223048
2026-03-02,605589,test,-0.05746872337190041,-0.004780468402523261,2020-04-03,2026-02-04,-0.005224888040711982
2026-03-02,688031,test,0.05992229955139454,-0.004394032902559955,2020-04-03,2026-02-04,0.006957510071586965
2026-03-02,688045,test,-0.013984559128954317,-0.009763976176318287,2020-04-03,2026-02-04,0.0010856805689551253
2026-03-02,688133,test,-0.04142065831330273,0.0043474106737153425,2020-04-03,2026-02-04,0.0010856805689551253
2026-03-02,688147,test,-0.10413356320471208,0.002486771686488811,2020-04-03,2026-02-04,0.006957510071586965
2026-03-02,688528,test,0.022658281843311794,0.0037930283398419835,2020-04-03,2026-02-04,0.0010856805689551253
2026-03-03,600025,test,0.02793288342089691,-0.003599637691557198,2020-04-03,2026-02-04,-0.005207772336223048
2026-03-03,600051,test,0.01768371891554828,-0.0005320006026939249,2020-04-03,2026-02-04,0.0010856805689551253
2026-03-03,600127,test,-0.002391160742144554,-0.004761885565066718,2020-04-03,2026-02-04,-0.005207772336223048
2026-03-03,600153,test,-0.06865276362346566,0.004003576902696267,2020-04-03,2026-02-04,0.0010856805689551253
2026-03-03,600548,test,-0.02915172412242621,-0.004370697493768629,2020-04-03,2026-02-04,0.0010856805689551253
2026-03-03,600865,test,-0.015262835233537369,0.005630239523922298,2020-04-03,2026-02-04,0.0010856805689551253
2026-03-03,600967,test,-0.06496917068510681,-0.0008288155845279739,2020-04-03,2026-02-04,0.0010856805689551253
2026-03-03,601222,test,0.04789745620544279,0.003941767069280531,2020-04-03,2026-02-04,0.0010856805689551253
2026-03-03,603237,test,-0.0063447065785667105,-0.0008568868590758399,2020-04-03,2026-02-04,0.0010856805689551253
2026-03-03,603335,test,0.08234653371729524,-1.8361945179532727e-06,2020-04-03,2026-02-04,0.0010856805689551253
2026-03-03,603341,test,-0.01766016689916165,0.004775664452833809,2020-04-03,2026-02-04,0.0010856805689551253
2026-03-03,603658,test,-0.03028518969340947,-0.0020564095942364434,2020-04-03,2026-02-04,0.0010856805689551253
2026-03-03,605090,test,-0.18684403181473377,-0.017241715744616047,2020-04-03,2026-02-04,-0.015819353987985334
2026-03-03,605589,test,-0.051554982778230826,-0.0007124528397660623,2020-04-03,2026-02-04,-0.005224888040711982
2026-03-03,688031,test,0.2852812655682954,0.010038460204190743,2020-04-03,2026-02-04,0.006957510071586965
2026-03-03,688045,test,0.033501019712277105,-0.0029125618019871227,2020-04-03,2026-02-04,0.0010856805689551253
2026-03-03,688133,test,-0.0026966976673996994,0.005129163952674217,2020-04-03,2026-02-04,0.0010856805689551253
2026-03-03,688147,test,-0.08893566716195482,0.00489600847188147,2020-04-03,2026-02-04,0.006957510071586965
2026-03-03,688528,test,0.04960933782447659,-0.0008645027484149357,2020-04-03,2026-02-04,0.0010856805689551253
2026-03-04,600025,test,0.019018831447614112,-0.0055587296231050945,2020-04-03,2026-02-04,-0.005207772336223048
2026-03-04,600051,test,0.021785198584969787,-0.0017920474656452734,2020-04-03,2026-02-04,0.0010856805689551253
2026-03-04,600127,test,-0.04685073376977718,-0.00747707023013695,2020-04-03,2026-02-04,-0.005207772336223048
2026-03-04,600153,test,-0.04878799886188419,0.0014867542570074122,2020-04-03,2026-02-04,0.0010856805689551253
2026-03-04,600548,test,-0.011178462802667391,-0.0051103738549994025,2020-04-03,2026-02-04,0.0010856805689551253
2026-03-04,600865,test,-0.025290379078701533,0.007392705923417161,2020-04-03,2026-02-04,0.0010856805689551253
2026-03-04,600967,test,-0.10055259712381433,-0.0005098365775963028,2020-04-03,2026-02-04,0.0010856805689551253
2026-03-04,601222,test,0.0649960301446824,0.0031263509791321677,2020-04-03,2026-02-04,0.0010856805689551253
2026-03-04,603237,test,-0.00695273253342861,-0.0018120644173722415,2020-04-03,2026-02-04,0.0010856805689551253
2026-03-04,603335,test,0.08747562157107085,0.0021049938340525244,2020-04-03,2026-02-04,0.0010856805689551253
2026-03-04,603341,test,-0.013753635091582742,0.00495471185101554,2020-04-03,2026-02-04,0.0010856805689551253
2026-03-04,603658,test,-0.01918904348000612,-0.000807214811476552,2020-04-03,2026-02-04,0.0010856805689551253
2026-03-04,605090,test,-0.16714206468273213,-0.006991315544472168,2020-04-03,2026-02-04,-0.005224888040711982
2026-03-04,605589,test,-0.06951687251306822,-0.0034838255090484703,2020-04-03,2026-02-04,-0.005224888040711982
2026-03-04,688031,test,0.2629274922723009,0.005264417735821172,2020-04-03,2026-02-04,0.006957510071586965
2026-03-04,688045,test,0.012503679932462528,-0.003814989439318447,2020-04-03,2026-02-04,0.0010856805689551253
2026-03-04,688133,test,0.0027925014205630178,0.00664444127596644,2020-04-03,2026-02-04,0.0010856805689551253
2026-03-04,688147,test,-0.060556795610911276,0.004089535250834815,2020-04-03,2026-02-04,0.0010856805689551253
2026-03-04,688528,test,0.05525641049007128,0.0019690342231741607,2020-04-03,2026-02-04,0.0010856805689551253
2026-03-05,600025,test,0.037008610538166224,-0.006320285102139294,2020-04-03,2026-02-04,-0.005207772336223048
2026-03-05,600051,test,0.026100019679080204,-0.0006917109504036994,2020-04-03,2026-02-04,0.0010856805689551253
2026-03-05,600127,test,0.032341000920061584,-0.008804951767583308,2020-04-03,2026-02-04,0.0010856805689551253
2026-03-05,600153,test,-0.009442028081012526,1.4766954955673905e-05,2020-04-03,2026-02-04,0.0010856805689551253
2026-03-05,600548,test,0.013026458959779769,-0.006461020323214832,2020-04-03,2026-02-04,0.0010856805689551253
2026-03-05,600865,test,-0.02923054388988839,0.0026752134618840693,2020-04-03,2026-02-04,0.0010856805689551253
2026-03-05,600967,test,-0.0778405760636049,0.003627860028482558,2020-04-03,2026-02-04,0.0010856805689551253
2026-03-05,601222,test,0.06238401654152397,0.005204116775581129,2020-04-03,2026-02-04,-0.005207772336223048
2026-03-05,603237,test,0.010218455219316797,-0.003540087594248623,2020-04-03,2026-02-04,0.0010856805689551253
2026-03-05,603335,test,0.06680344569178459,-0.00037065962682154775,2020-04-03,2026-02-04,0.0010856805689551253
2026-03-05,603341,test,-0.01855016840210983,0.003870983742716335,2020-04-03,2026-02-04,0.0010856805689551253
2026-03-05,603658,test,0.004890834807104444,-0.003887311012557614,2020-04-03,2026-02-04,0.0010856805689551253
2026-03-05,605090,test,-0.1242416321331597,-0.0019689582405173814,2020-04-03,2026-02-04,0.0010856805689551253
2026-03-05,605589,test,-0.03905462564996671,0.005725987044053377,2020-04-03,2026-02-04,-0.005224888040711982
2026-03-05,688031,test,0.019142027499771834,-0.004220363768966831,2020-04-03,2026-02-04,0.006957510071586965
2026-03-05,688045,test,-0.005927983754865978,0.0010844492140247913,2020-04-03,2026-02-04,0.0010856805689551253
2026-03-05,688133,test,0.03366056489022778,0.0042885739148070525,2020-04-03,2026-02-04,0.0010856805689551253
2026-03-05,688147,test,-0.0880903680899558,0.008481349743217325,2020-04-03,2026-02-04,0.0010856805689551253
2026-03-05,688528,test,0.028353116013448747,0.0009675253639813466,2020-04-03,2026-02-04,0.0010856805689551253
2026-03-06,600025,test,0.030770335803229742,-0.002980102412455665,2020-04-03,2026-02-04,0.0010856805689551253
2026-03-06,600051,test,0.017219694693795362,0.003726344684238166,2020-04-03,2026-02-04,0.0010856805689551253
2026-03-06,600127,test,0.04607900812308563,0.0036496528597740855,2020-04-03,2026-02-04,0.0010856805689551253
2026-03-06,600153,test,0.020861620734481057,0.004513301057142811,2020-04-03,2026-02-04,0.0010856805689551253
2026-03-06,600548,test,0.025686762814711606,-0.0011675972800564822,2020-04-03,2026-02-04,0.0010856805689551253
2026-03-06,600865,test,-0.03011021329624386,0.0012130604295084184,2020-04-03,2026-02-04,0.0010856805689551253
2026-03-06,600967,test,-0.05293199806091642,0.002491921236539827,2020-04-03,2026-02-04,0.0010856805689551253
2026-03-06,601222,test,0.04463142616917459,-0.00158021678111627,2020-04-03,2026-02-04,0.0010856805689551253
2026-03-06,603237,test,0.0019729575532591026,0.0025965723807268503,2020-04-03,2026-02-04,0.0010856805689551253
2026-03-06,603335,test,0.06033697889459477,-0.0037313200120801227,2020-04-03,2026-02-04,0.0010856805689551253
2026-03-06,603341,test,-0.02123487718489392,-0.0015548903900445825,2020-04-03,2026-02-04,0.0010856805689551253
2026-03-06,603658,test,0.007752305290053774,-0.0007291691525589469,2020-04-03,2026-02-04,0.0010856805689551253
2026-03-06,605090,test,-0.05809880134978551,0.00699833010394896,2020-04-03,2026-02-04,0.0010856805689551253
2026-03-06,605589,test,0.012913704362957135,0.003504106919860479,2020-04-03,2026-02-04,0.0010856805689551253
2026-03-06,688031,test,-0.12000828194879443,-0.017840181014307867,2020-04-03,2026-02-04,0.016177917276246904
2026-03-06,688045,test,0.01123889984108728,-0.0008473243495460305,2020-04-03,2026-02-04,0.0010856805689551253
2026-03-06,688133,test,0.017579975648604473,0.0004638829541009087,2020-04-03,2026-02-04,0.0010856805689551253
2026-03-06,688147,test,-0.0613482320167652,0.003220013905737145,2020-04-03,2026-02-04,0.0010856805689551253
2026-03-06,688528,test,0.003025339947703709,-0.002270907282161234,2020-04-03,2026-02-04,0.0010856805689551253
2026-03-09,600025,test,0.0024232194861592837,-0.000736167178890547,2020-04-03,2026-02-04,0.0010856805689551253
2026-03-09,600051,test,-0.002398381285296597,0.0019898712201247754,2020-04-03,2026-02-04,0.0010856805689551253
2026-03-09,600127,test,0.012466483579568005,0.003449376245582373,2020-04-03,2026-02-04,0.0010856805689551253
2026-03-09,600153,test,0.050978525032786076,0.002920870666876294,2020-04-03,2026-02-04,0.0010856805689551253
2026-03-09,600548,test,0.015458761571845753,-0.00025325899302336386,2020-04-03,2026-02-04,0.0010856805689551253
2026-03-09,600865,test,-0.02275668747422191,0.004694062283206488,2020-04-03,2026-02-04,0.0010856805689551253
2026-03-09,600967,test,-0.03325137584065077,-0.00010767615955845937,2020-04-03,2026-02-04,0.0010856805689551253
2026-03-09,601222,test,-0.005447161773101589,-0.003078172040296959,2020-04-03,2026-02-04,0.0010856805689551253
2026-03-09,603237,test,-0.0012369410994666208,0.0010327694163386975,2020-04-03,2026-02-04,0.0010856805689551253
2026-03-09,603335,test,0.020742114582471965,-0.004275819312845583,2020-04-03,2026-02-04,0.0010856805689551253
2026-03-09,603341,test,-0.011403120621789747,-0.002127876007877472,2020-04-03,2026-02-04,0.0010856805689551253
2026-03-09,603658,test,-0.005834807402135184,-0.0008344013904471051,2020-04-03,2026-02-04,0.0010856805689551253
2026-03-09,605090,test,-0.027443918625916136,0.011973849160114854,2020-04-03,2026-02-04,0.0010856805689551253
2026-03-09,605589,test,0.026565033348849826,-0.00011800537913345482,2020-04-03,2026-02-04,0.0010856805689551253
2026-03-09,688031,test,-0.07289923194300055,-0.011142364571019001,2020-04-03,2026-02-04,0.016177917276246904
2026-03-09,688045,test,0.01245851187616262,-0.0019685433744352394,2020-04-03,2026-02-04,0.0010856805689551253
2026-03-09,688133,test,0.01847195619250061,0.0012628666359233982,2020-04-03,2026-02-04,0.0010856805689551253
2026-03-09,688147,test,-0.06443974219256846,0.0013566772992503289,2020-04-03,2026-02-04,0.0010856805689551253
2026-03-09,688528,test,0.009598191122586613,-0.004362580662639582,2020-04-03,2026-02-04,0.0010856805689551253
2026-03-10,600025,test,0.04068039330276374,0.0012917796596076524,2020-04-03,2026-02-04,0.0010856805689551253
2026-03-10,600051,test,0.01623656815837826,0.006706306241459699,2020-04-03,2026-02-04,0.0010856805689551253
2026-03-10,600127,test,0.04509457211602841,0.0033647750983362037,2020-04-03,2026-02-04,0.0010856805689551253
2026-03-10,600153,test,0.08542735318955019,0.003138543792502624,2020-04-03,2026-02-04,0.0010856805689551253
2026-03-10,600548,test,0.05979964756184453,0.0009741400498254907,2020-04-03,2026-02-04,0.0010856805689551253
2026-03-10,600865,test,0.0037588202720245656,0.0051083454872837,2020-04-03,2026-02-04,0.0010856805689551253
2026-03-10,600967,test,-0.005660707940452148,-0.002356409968113081,2020-04-03,2026-02-04,0.0010856805689551253
2026-03-10,601222,test,0.03276768409152486,0.0019726744987874174,2020-04-03,2026-02-04,0.0010856805689551253
2026-03-10,603237,test,0.025311368545263946,0.004276060754801985,2020-04-03,2026-02-04,0.0010856805689551253
2026-03-10,603335,test,-0.006825221821645466,-0.002384648253821983,2020-04-03,2026-02-04,-0.005207772336223048
2026-03-10,603341,test,-0.012193551294326643,-0.0005952147432891421,2020-04-03,2026-02-04,0.0010856805689551253
2026-03-10,603658,test,0.040508867420000705,-0.0010390945741046464,2020-04-03,2026-02-04,0.0010856805689551253
2026-03-10,605090,test,-0.03458391408199102,-0.004087074655508339,2020-04-03,2026-02-04,0.0010856805689551253
2026-03-10,605589,test,-0.01960511434291734,0.0032528760124124955,2020-04-03,2026-02-04,0.0010856805689551253
2026-03-10,688031,test,-0.25078858773227297,-0.017405928071822223,2020-04-03,2026-02-04,0.016177917276246904
2026-03-10,688045,test,-0.0064293579437653126,-0.0017978102208932182,2020-04-03,2026-02-04,0.0010856805689551253
2026-03-10,688133,test,-0.014959802609976647,-0.0022480572744425662,2020-04-03,2026-02-04,0.0010856805689551253
2026-03-10,688147,test,-0.06895345336516934,0.004613454315157016,2020-04-03,2026-02-04,0.0010856805689551253
2026-03-10,688528,test,-0.017520560258773465,-0.0031092402909286224,2020-04-03,2026-02-04,0.0010856805689551253
2026-03-11,600025,test,0.007888902849658895,-0.003772112408185665,2020-04-03,2026-02-04,0.0010856805689551253
2026-03-11,600051,test,0.011105209848232676,0.0027697394971678124,2020-04-03,2026-02-04,0.0010856805689551253
2026-03-11,600127,test,0.028508922640294886,0.0031598156651173174,2020-04-03,2026-02-04,0.0010856805689551253
2026-03-11,600153,test,0.06456624369761607,-0.0011241059364667546,2020-04-03,2026-02-04,0.0010856805689551253
2026-03-11,600548,test,0.0309766144644222,-0.00118810007997292,2020-04-03,2026-02-04,0.0010856805689551253
2026-03-11,600865,test,-0.0012380797470655028,0.009846808275202297,2020-04-03,2026-02-04,0.0010856805689551253
2026-03-11,600967,test,-0.014103702974774292,0.0010488358630832556,2020-04-03,2026-02-04,0.0010856805689551253
2026-03-11,601222,test,-0.014918803479738986,-0.0054465791645432315,2020-04-03,2026-02-04,-0.015819353987985334
2026-03-11,603237,test,0.029044296880332353,0.0035901870310641707,2020-04-03,2026-02-04,0.0010856805689551253
2026-03-11,603335,test,-0.002299554596753829,-0.006937262020537559,2020-04-03,2026-02-04,-0.005207772336223048
2026-03-11,603341,test,-0.006474710747593794,0.000191554513238719,2020-04-03,2026-02-04,0.0010856805689551253
2026-03-11,603658,test,0.027689127401365386,-0.0006771891167033586,2020-04-03,2026-02-04,0.0010856805689551253
2026-03-11,605090,test,-0.006348215064944131,0.0056852061139637715,2020-04-03,2026-02-04,0.0010856805689551253
2026-03-11,605589,test,0.007557730547912277,0.002229783306111354,2020-04-03,2026-02-04,0.0010856805689551253
2026-03-11,688031,test,-0.21974483614179477,-0.006698452441843642,2020-04-03,2026-02-04,0.006957510071586965
2026-03-11,688045,test,0.033022098396245224,0.00017938798245407177,2020-04-03,2026-02-04,0.0010856805689551253
2026-03-11,688133,test,-0.013234056602684431,-8.367335125156056e-05,2020-04-03,2026-02-04,0.0010856805689551253
2026-03-11,688147,test,-0.0705969714655992,-0.000657330469321714,2020-04-03,2026-02-04,0.0010856805689551253
2026-03-11,688528,test,0.003920100866042518,-0.002441035401325903,2020-04-03,2026-02-04,0.0010856805689551253
2026-03-12,600025,test,0.02215440469055248,-0.0015689185898156654,2020-04-03,2026-02-04,0.0010856805689551253
2026-03-12,600051,test,0.003679079518843012,-0.0011140681458007133,2020-04-03,2026-02-04,0.0010856805689551253
2026-03-12,600127,test,0.041441247272835005,0.007001120662695806,2020-04-03,2026-02-04,0.0010856805689551253
2026-03-12,600153,test,0.0566919968759861,0.0002590395223167583,2020-04-03,2026-02-04,0.0010856805689551253
2026-03-12,600548,test,0.056781312390090946,0.0007495606731309664,2020-04-03,2026-02-04,0.0010856805689551253
2026-03-12,600865,test,0.011769968961196822,0.014307559295578852,2020-04-03,2026-02-04,0.0010856805689551253
2026-03-12,600967,test,-0.011072157267233804,0.001591139220294205,2020-04-03,2026-02-04,0.0010856805689551253
2026-03-12,601222,test,0.0021785856512571283,-0.007668189730804117,2020-04-03,2026-02-04,-0.015819353987985334
2026-03-12,603237,test,0.037310192009237644,0.0029958806889882343,2020-04-03,2026-02-04,0.0010856805689551253
2026-03-12,603335,test,0.002958365098532381,-0.007818150199334793,2020-04-03,2026-02-04,-0.005207772336223048
2026-03-12,603341,test,0.004281999881709478,-0.0011266456401387952,2020-04-03,2026-02-04,0.0010856805689551253
2026-03-12,603658,test,0.03865838212963264,-0.00180464039948514,2020-04-03,2026-02-04,0.0010856805689551253
2026-03-12,605090,test,-0.019793607350692174,0.013728677700211205,2020-04-03,2026-02-04,0.0010856805689551253
2026-03-12,605589,test,-0.019706673543392103,-0.0018326085143860913,2020-04-03,2026-02-04,0.0010856805689551253
2026-03-12,688031,test,-0.24925759564798983,-0.004492796494249731,2020-04-03,2026-02-04,0.006957510071586965
2026-03-12,688045,test,0.03130402263079286,-0.0026853109693699088,2020-04-03,2026-02-04,0.0010856805689551253
2026-03-12,688133,test,-0.04247164348937087,-0.008376166742111413,2020-04-03,2026-02-04,-0.005207772336223048
2026-03-12,688147,test,-0.04936672986671968,0.004309089254596875,2020-04-03,2026-02-04,0.0010856805689551253
2026-03-12,688528,test,0.013284505123920723,-0.006779093735066069,2020-04-03,2026-02-04,0.0010856805689551253
2026-03-13,600025,test,0.04445943212062006,-0.001777254366156197,2020-04-03,2026-03-12,-0.00574826239460702
2026-03-13,600051,test,-0.01601693363111359,-0.00021613123720407582,2020-04-03,2026-03-12,0.0010931802748410917
2026-03-13,600127,test,0.02298643872879244,0.0005037635545868707,2020-04-03,2026-03-12,0.0010931802748410917
2026-03-13,600153,test,0.03220790509311608,-0.0027342867456906354,2020-04-03,2026-03-12,0.0010931802748410917
2026-03-13,600548,test,0.08682735971257058,-0.0005328250022725348,2020-04-03,2026-03-12,0.0010931802748410917
2026-03-13,600865,test,0.006535912029818597,0.014822176262413384,2020-04-03,2026-03-12,0.0010931802748410917
2026-03-13,600967,test,-0.005597825165444409,0.002518484064622233,2020-04-03,2026-03-12,0.0010931802748410917
2026-03-13,601222,test,0.02602586612419175,-0.007978359979158219,2020-04-03,2026-03-12,-0.00574826239460702
2026-03-13,603237,test,0.033800433123761436,0.0016077060142411289,2020-04-03,2026-03-12,0.0010931802748410917
2026-03-13,603335,test,-0.04765869136115822,-0.006644450017825192,2020-04-03,2026-03-12,0.0010931802748410917
2026-03-13,603341,test,0.01402430070261515,-0.001111266758077777,2020-04-03,2026-03-12,0.0010931802748410917
2026-03-13,603658,test,0.05231038415081887,-0.002424948326315847,2020-04-03,2026-03-12,0.0010931802748410917
2026-03-13,605090,test,-0.04241006952485862,0.0120867161546231,2020-04-03,2026-03-12,0.0010931802748410917
2026-03-13,605589,test,-0.022736189945318702,-0.005143458734249212,2020-04-03,2026-03-12,-0.00574826239460702
2026-03-13,688031,test,-0.24339171967742704,0.0032936662201294756,2020-04-03,2026-03-12,0.007408058906240732
2026-03-13,688045,test,0.01277230963666906,-0.000548598278483681,2020-04-03,2026-03-12,0.0010931802748410917
2026-03-13,688133,test,-0.03315157203106703,-0.004083392326238892,2020-04-03,2026-03-12,0.0010931802748410917
2026-03-13,688147,test,0.0402230361722907,-0.001400850058283945,2020-04-03,2026-03-12,0.0010931802748410917
2026-03-13,688528,test,-0.00413389746029072,-0.0008929294205350775,2020-04-03,2026-03-12,0.0010931802748410917
2026-03-16,600025,test,0.08106026642784943,0.002510970392537326,2020-04-03,2026-03-12,0.0010931802748410917
2026-03-16,600051,test,-0.029110108681745392,0.0023062908416376926,2020-04-03,2026-03-12,0.0010931802748410917
2026-03-16,600127,test,-0.013923772767491058,0.0008330278728081052,2020-04-03,2026-03-12,-0.004968023663394129
2026-03-16,600153,test,0.02142929663187583,-0.008362843522766051,2020-04-03,2026-03-12,-0.004968023663394129
2026-03-16,600548,test,0.10341100892709194,0.004720801355593976,2020-04-03,2026-03-12,0.0010931802748410917
2026-03-16,600865,test,0.0018556867063277,0.011620160100201756,2020-04-03,2026-03-12,0.0010931802748410917
2026-03-16,600967,test,-0.03074695151708988,0.003490627984521867,2020-04-03,2026-03-12,0.0010931802748410917
2026-03-16,601222,test,0.07222639601867382,-0.003424180229609343,2020-04-03,2026-03-12,0.0010931802748410917
2026-03-16,603237,test,0.034202314336787734,0.001113746603558544,2020-04-03,2026-03-12,0.0010931802748410917
2026-03-16,603335,test,-0.03528893155415995,-0.005451274076433666,2020-04-03,2026-03-12,0.0010931802748410917
2026-03-16,603341,test,0.0008348051464778933,-0.0019563130523114463,2020-04-03,2026-03-12,0.0010931802748410917
2026-03-16,603658,test,0.05794821400876134,-0.0014866579797009132,2020-04-03,2026-03-12,0.0010931802748410917
2026-03-16,605090,test,0.03296311197780584,0.00756637573331633,2020-04-03,2026-03-12,0.0010931802748410917
2026-03-16,605589,test,-0.010838503743473879,-0.0055521629333383305,2020-04-03,2026-03-12,0.0010931802748410917
2026-03-16,688031,test,-0.24057395347892335,-0.003123120471414318,2020-04-03,2026-03-12,0.007408058906240732
2026-03-16,688045,test,-0.022720655001297538,-0.005058287800831572,2020-04-03,2026-03-12,0.0010931802748410917
2026-03-16,688133,test,-0.052635098075953166,-0.00028801671189875857,2020-04-03,2026-03-12,0.0010931802748410917
2026-03-16,688147,test,0.05397999896976598,-0.0021791191124646107,2020-04-03,2026-03-12,0.0010931802748410917
2026-03-16,688528,test,-0.03669104553166318,0.002063736026718266,2020-04-03,2026-03-12,0.0010931802748410917
2026-03-17,600025,test,0.05283343454037759,-0.003040958611829485,2020-04-03,2026-03-12,-0.00574826239460702
2026-03-17,600051,test,-0.01865370599818883,-0.002109728264571734,2020-04-03,2026-03-12,0.0010931802748410917
2026-03-17,600127,test,-0.04024807173220535,-0.0016798426113217378,2020-04-03,2026-03-12,0.0010931802748410917
2026-03-17,600153,test,-0.013221972831106488,-0.0013813779373691674,2020-04-03,2026-03-12,0.0217330392925607
2026-03-17,600548,test,0.08935478155485854,0.0006477159442026855,2020-04-03,2026-03-12,0.0010931802748410917
2026-03-17,600865,test,-0.011212292696426318,0.009692240062277556,2020-04-03,2026-03-12,0.0010931802748410917
2026-03-17,600967,test,-0.0007654304796528288,-0.00020451996562005997,2020-04-03,2026-03-12,0.0010931802748410917
2026-03-17,601222,test,0.05248018766272056,-0.00015685209851308625,2020-04-03,2026-03-12,-0.00574826239460702
2026-03-17,603237,test,0.007835270159547547,-0.003359507466527942,2020-04-03,2026-03-12,0.0010931802748410917
2026-03-17,603335,test,-0.010883396672166201,0.003106915945106616,2020-04-03,2026-03-12,0.0010931802748410917
2026-03-17,603341,test,-0.013760765934554775,-0.001184463837994619,2020-04-03,2026-03-12,0.0010931802748410917
2026-03-17,603658,test,0.004429282876656004,-0.013571867480214534,2020-04-03,2026-03-12,0.0010931802748410917
2026-03-17,605090,test,0.014677871889390293,0.005202361066960952,2020-04-03,2026-03-12,0.0010931802748410917
2026-03-17,605589,test,0.010851879941360054,-0.008805404379506282,2020-04-03,2026-03-12,0.0010931802748410917
2026-03-17,688031,test,-0.1301304549739638,0.02689326069556856,2020-04-03,2026-03-12,0.007408058906240732
2026-03-17,688045,test,-0.0040401295639984625,-0.003802543039957015,2020-04-03,2026-03-12,0.0010931802748410917
2026-03-17,688133,test,-0.009081526606850465,-0.005827231757365284,2020-04-03,2026-03-12,0.0010931802748410917
2026-03-17,688147,test,0.04743531499177156,-0.00040066837275848,2020-04-03,2026-03-12,0.0010931802748410917
2026-03-17,688528,test,-0.00795521121848608,-0.0006737668704420759,2020-04-03,2026-03-12,0.0010931802748410917
2026-03-18,600025,test,0.045032269692415444,-0.000545309056024247,2020-04-03,2026-03-12,-0.00574826239460702
2026-03-18,600051,test,0.003180126897617347,0.0007533993175503927,2020-04-03,2026-03-12,0.0010931802748410917
2026-03-18,600127,test,-0.01843379519317348,0.0010958618496203977,2020-04-03,2026-03-12,0.0010931802748410917
2026-03-18,600153,test,-0.0066656024388933865,-0.010212435028186242,2020-04-03,2026-03-12,0.0010931802748410917
2026-03-18,600548,test,0.10209989270944239,0.0013433503295825367,2020-04-03,2026-03-12,0.0010931802748410917
2026-03-18,600865,test,-0.006942402348046134,0.006374976453332392,2020-04-03,2026-03-12,0.0010931802748410917
2026-03-18,600967,test,0.050526940388006286,0.000279348660802799,2020-04-03,2026-03-12,0.0010931802748410917
2026-03-18,601222,test,0.07132073228191102,0.00033554582271615695,2020-04-03,2026-03-12,-0.00574826239460702
2026-03-18,603237,test,0.001026929962247819,-0.0016471492290947253,2020-04-03,2026-03-12,0.0010931802748410917
2026-03-18,603335,test,-0.015665287141485434,0.005303373170284876,2020-04-03,2026-03-12,0.0010931802748410917
2026-03-18,603341,test,-0.012073036276264354,0.0017181317295009775,2020-04-03,2026-03-12,0.0010931802748410917
2026-03-18,603658,test,0.0011843668171017396,-0.005405820303478689,2020-04-03,2026-03-12,0.0010931802748410917
2026-03-18,605090,test,-0.002924379922489423,0.005282710790900768,2020-04-03,2026-03-12,0.0010931802748410917
2026-03-18,605589,test,-0.00835144600708973,-0.003975969070388736,2020-04-03,2026-03-12,-0.00574826239460702
2026-03-18,688031,test,-0.15191039814013754,0.013851632806343812,2020-04-03,2026-03-12,0.007408058906240732
2026-03-18,688045,test,-0.018567358849612053,-0.003484185149050772,2020-04-03,2026-03-12,0.0010931802748410917
2026-03-18,688133,test,-0.02184302377239014,-0.006957609812413848,2020-04-03,2026-03-12,0.0010931802748410917
2026-03-18,688147,test,0.0578342242204167,0.0016490964887304449,2020-04-03,2026-03-12,0.0010931802748410917
2026-03-18,688528,test,-0.03409503575067943,-0.006415188750603409,2020-04-03,2026-03-12,0.0010931802748410917
2026-03-19,600025,test,0.04343207567244847,-0.001690596334656203,2020-04-03,2026-03-12,-0.00574826239460702
2026-03-19,600051,test,0.013007992987431743,-0.0023822523634307213,2020-04-03,2026-03-12,0.0010931802748410917
2026-03-19,600127,test,-0.03371986851550676,0.0009817435179821602,2020-04-03,2026-03-12,-0.00574826239460702
2026-03-19,600153,test,0.00933775868339451,-0.011284412262148878,2020-04-03,2026-03-12,0.0010931802748410917
2026-03-19,600548,test,0.04354792934394694,-0.011540447804594994,2020-04-03,2026-03-12,0.0010931802748410917
2026-03-19,600865,test,-0.005079316126938543,0.0061654838329384554,2020-04-03,2026-03-12,0.0010931802748410917
2026-03-19,600967,test,0.017872699195079417,0.0021990616197725844,2020-04-03,2026-03-12,0.0010931802748410917
2026-03-19,601222,test,0.05800951633648979,-0.0026138100556665537,2020-04-03,2026-03-12,-0.00574826239460702
2026-03-19,603237,test,0.010636556461273178,-0.007620720756464893,2020-04-03,2026-03-12,0.0010931802748410917
2026-03-19,603335,test,-0.011233858364732424,0.0028378178843967055,2020-04-03,2026-03-12,0.0010931802748410917
2026-03-19,603341,test,-0.0100951357494998,-0.0009023341011332564,2020-04-03,2026-03-12,0.0010931802748410917
2026-03-19,603658,test,-0.006018635446584292,-0.008399980713426574,2020-04-03,2026-03-12,0.0010931802748410917
2026-03-19,605090,test,0.010077898730763618,0.00583834074712182,2020-04-03,2026-03-12,0.0010931802748410917
2026-03-19,605589,test,-0.0019941342043025834,-0.0005314305657126801,2020-04-03,2026-03-12,0.0010931802748410917
2026-03-19,688031,test,-0.0840223339757635,0.033558552073449224,2020-04-03,2026-03-12,0.007408058906240732
2026-03-19,688045,test,-0.02441661119072655,-0.004259915522224556,2020-04-03,2026-03-12,0.0010931802748410917
2026-03-19,688133,test,-0.019393385840950933,0.001487540980356831,2020-04-03,2026-03-12,0.0010931802748410917
2026-03-19,688147,test,0.06395787425959412,-0.0010686171540803438,2020-04-03,2026-03-12,0.0010931802748410917
2026-03-19,688528,test,-0.029223999126150896,-0.0014302620023532947,2020-04-03,2026-03-12,0.0010931802748410917
2026-03-20,600025,test,-5.744981854348668e-05,-0.002795499140988054,2020-04-03,2026-03-12,-0.00574826239460702
2026-03-20,600051,test,0.028090096691616117,-0.0013773981213057204,2020-04-03,2026-03-12,0.0010931802748410917
2026-03-20,600127,test,-0.01889243349637847,-0.002114831008811208,2020-04-03,2026-03-12,0.0010931802748410917
2026-03-20,600153,test,0.0012906644327965846,-0.005519253045722839,2020-04-03,2026-03-12,0.0010931802748410917
2026-03-20,600548,test,0.002465515499656246,-0.004566591979740651,2020-04-03,2026-03-12,-0.015608615680819962
2026-03-20,600865,test,0.0032169272868023515,0.004969868803081461,2020-04-03,2026-03-12,0.0010931802748410917
2026-03-20,600967,test,0.019021743686649228,0.0021081788734963864,2020-04-03,2026-03-12,0.0010931802748410917
2026-03-20,601222,test,0.014573331921071585,-0.0024154507354115207,2020-04-03,2026-03-12,-0.00574826239460702
2026-03-20,603237,test,0.004977941011639187,-0.00796499569619432,2020-04-03,2026-03-12,0.0010931802748410917
2026-03-20,603335,test,0.062241341662543484,0.0019640446996193987,2020-04-03,2026-03-12,0.0010931802748410917
2026-03-20,603341,test,-0.018993288469839376,0.001813489154209336,2020-04-03,2026-03-12,0.0010931802748410917
2026-03-20,603658,test,-0.018908260729632465,-0.005642627397410989,2020-04-03,2026-03-12,0.0010931802748410917
2026-03-20,605090,test,0.032500205351075354,0.0016027257600903701,2020-04-03,2026-03-12,0.0010931802748410917
2026-03-20,605589,test,-0.021786258644126633,-0.0019007479875779814,2020-04-03,2026-03-12,0.0010931802748410917
2026-03-20,688031,test,-0.044046561797795855,0.033440745840773216,2020-04-03,2026-03-12,0.007408058906240732
2026-03-20,688045,test,-0.01623508789958571,0.0006373417163704298,2020-04-03,2026-03-12,0.0010931802748410917
2026-03-20,688133,test,-0.009719684441630284,0.0033325095377172687,2020-04-03,2026-03-12,0.0010931802748410917
2026-03-20,688147,test,-0.02669665217357463,-0.015609242415790807,2020-04-03,2026-03-12,-0.004968023663394129
2026-03-20,688528,test,-0.003343743516528541,-0.0006185058362788815,2020-04-03,2026-03-12,0.0010931802748410917
2026-03-23,600025,test,-0.04909385560630382,-0.0032341871934039247,2020-04-03,2026-03-12,-0.015608615680819962
2026-03-23,600051,test,0.07020847666298584,-0.0006898471035796791,2020-04-03,2026-03-12,0.0010931802748410917
2026-03-23,600127,test,0.09600758969399407,-0.0035111056448656436,2020-04-03,2026-03-12,0.0010931802748410917
2026-03-23,600153,test,-0.02206897998441311,-0.006869538210556294,2020-04-03,2026-03-12,0.0010931802748410917
2026-03-23,600548,test,-0.038513424428857815,-0.013193519507174675,2020-04-03,2026-03-12,-0.015608615680819962
2026-03-23,600865,test,0.006024916729201954,0.005069712799388724,2020-04-03,2026-03-12,0.0010931802748410917
2026-03-23,600967,test,0.051348296735938256,0.00439310863054652,2020-04-03,2026-03-12,0.0010931802748410917
2026-03-23,601222,test,-0.050868979984413046,-0.003812437149172701,2020-04-03,2026-03-12,-0.015608615680819962
2026-03-23,603237,test,0.011038478928355563,-0.008865990314551342,2020-04-03,2026-03-12,0.0010931802748410917
2026-03-23,603335,test,0.09069292477749173,-0.0007233207148956777,2020-04-03,2026-03-12,0.0010931802748410917
2026-03-23,603341,test,-0.031083582472244145,0.0032108914065529016,2020-04-03,2026-03-12,0.0010931802748410917
2026-03-23,603658,test,-0.030259456174889413,-0.00700467572068459,2020-04-03,2026-03-12,0.0010931802748410917
2026-03-23,605090,test,-0.01762657427595267,-0.0031397505935388073,2020-04-03,2026-03-12,0.0010931802748410917
2026-03-23,605589,test,-0.04897560137660313,-0.0013667167085662458,2020-04-03,2026-03-12,0.0010931802748410917
2026-03-23,688031,test,-0.0633745355399687,0.028570086749095468,2020-04-03,2026-03-12,0.007408058906240732
2026-03-23,688045,test,0.020218163587372648,0.0035934014325070818,2020-04-03,2026-03-12,0.0010931802748410917
2026-03-23,688133,test,0.0003812817956916764,0.00799966609595911,2020-04-03,2026-03-12,0.0010931802748410917
2026-03-23,688147,test,-0.04724045191157562,-0.0034546986723744217,2020-04-03,2026-03-12,0.0010931802748410917
2026-03-23,688528,test,0.037931020015586944,0.0023726814394391007,2020-04-03,2026-03-12,0.0010931802748410917
2026-03-24,600025,test,-0.03480217298003113,-0.004403169315071895,2020-04-03,2026-03-12,-0.00574826239460702
2026-03-24,600051,test,0.041611801970529216,0.0025868911938833356,2020-04-03,2026-03-12,0.0010931802748410917
2026-03-24,600127,test,0.14318563189801764,-0.0061246498086627455,2020-04-03,2026-03-12,0.0010931802748410917
2026-03-24,600153,test,-0.004998444639717492,-0.00561285966713523,2020-04-03,2026-03-12,0.0010931802748410917
2026-03-24,600548,test,-0.00801441999611835,-0.004541841992076962,2020-04-03,2026-03-12,-0.015608615680819962
2026-03-24,600865,test,0.012848196736335693,0.0036210648213736126,2020-04-03,2026-03-12,0.0010931802748410917
2026-03-24,600967,test,-0.01238412944475703,-0.0005058205068978503,2020-04-03,2026-03-12,0.0010931802748410917
2026-03-24,601222,test,-0.049768087235446734,-0.003690665129841276,2020-04-03,2026-03-12,-0.015608615680819962
2026-03-24,603237,test,0.022983943342670676,-0.003918884542225043,2020-04-03,2026-03-12,0.0010931802748410917
2026-03-24,603335,test,0.06598421709027519,0.005006736979366551,2020-04-03,2026-03-12,0.0010931802748410917
2026-03-24,603341,test,-0.0005693063815829791,0.0020811907334306492,2020-04-03,2026-03-12,0.0010931802748410917
2026-03-24,603658,test,0.007722813404413442,-0.0034585533152425734,2020-04-03,2026-03-12,0.0010931802748410917
2026-03-24,605090,test,-0.0011116907529635234,-0.004212894729709835,2020-04-03,2026-03-12,0.0010931802748410917
2026-03-24,605589,test,-0.036772003521710006,-0.0031142434895042037,2020-04-03,2026-03-12,0.0010931802748410917
2026-03-24,688031,test,-0.04820226056142568,0.011552233259356925,2020-04-03,2026-03-12,0.007408058906240732
2026-03-24,688045,test,-0.0025735043909428934,0.00803950886178015,2020-04-03,2026-03-12,0.0010931802748410917
2026-03-24,688133,test,-0.0325592763242602,0.004648893868231983,2020-04-03,2026-03-12,0.0010931802748410917
2026-03-24,688147,test,-0.045518588608137234,-0.00025760126079156704,2020-04-03,2026-03-12,0.0217330392925607
2026-03-24,688528,test,0.0021244272718870527,0.0016484250598608596,2020-04-03,2026-03-12,0.0010931802748410917
