date,stock_code,split,label_excess_ret_5d,pred_lstm,fit_start_date,fit_end_date,train_samples,val_samples,best_epoch,trained_epochs,best_score
2024-05-17,600025,val,0.058967113,0.0017907172,2020-05-08,2024-05-16,12666,1080,4,8,0.0012511479668319224
2024-05-17,600051,val,-0.018087361,8.279085e-05,2020-05-08,2024-05-16,12666,1080,4,8,0.0012511479668319224
2024-05-17,600127,val,0.014376506,0.01049567,2020-05-08,2024-05-16,12666,1080,4,8,0.0012511479668319224
2024-05-17,600153,val,-0.060891952,-0.02912917,2020-05-08,2024-05-16,12666,1080,4,8,0.0012511479668319224
2024-05-17,600548,val,0.06501265,0.0015487373,2020-05-08,2024-05-16,12666,1080,4,8,0.0012511479668319224
2024-05-17,600865,val,-0.051529437,-0.017825246,2020-05-08,2024-05-16,12666,1080,4,8,0.0012511479668319224
2024-05-17,600967,val,4.4893873e-06,0.010070816,2020-05-08,2024-05-16,12666,1080,4,8,0.0012511479668319224
2024-05-17,601222,val,0.025008403,0.0027381703,2020-05-08,2024-05-16,12666,1080,4,8,0.0012511479668319224
2024-05-17,603237,val,0.0058543044,-0.0008619875,2020-05-08,2024-05-16,12666,1080,4,8,0.0012511479668319224
2024-05-17,603335,val,-0.014443117,0.0020749196,2020-05-08,2024-05-16,12666,1080,4,8,0.0012511479668319224
2024-05-17,603658,val,0.006401849,0.012996629,2020-05-08,2024-05-16,12666,1080,4,8,0.0012511479668319224
2024-05-17,605090,val,0.013240861,0.0073709935,2020-05-08,2024-05-16,12666,1080,4,8,0.0012511479668319224
2024-05-17,605589,val,-0.050172966,0.0107109025,2020-05-08,2024-05-16,12666,1080,4,8,0.0012511479668319224
2024-05-17,688031,val,0.0046371617,0.004390076,2020-05-08,2024-05-16,12666,1080,4,8,0.0012511479668319224
2024-05-17,688045,val,-0.019618645,-0.0046928525,2020-05-08,2024-05-16,12666,1080,4,8,0.0012511479668319224
2024-05-17,688133,val,-0.034336742,0.0013059154,2020-05-08,2024-05-16,12666,1080,4,8,0.0012511479668319224
2024-05-17,688147,val,-0.0077167824,-0.00043032318,2020-05-08,2024-05-16,12666,1080,4,8,0.0012511479668319224
2024-05-17,688528,val,0.030348754,-0.0042328537,2020-05-08,2024-05-16,12666,1080,4,8,0.0012511479668319224
2024-05-20,600025,val,0.050708167,0.0017654449,2020-05-08,2024-05-16,12666,1080,4,8,0.0012511479668319224
2024-05-20,600051,val,-0.0073102284,-0.0044164285,2020-05-08,2024-05-16,12666,1080,4,8,0.0012511479668319224
2024-05-20,600127,val,-0.02451783,0.009312384,2020-05-08,2024-05-16,12666,1080,4,8,0.0012511479668319224
2024-05-20,600153,val,-0.021034857,-0.022911564,2020-05-08,2024-05-16,12666,1080,4,8,0.0012511479668319224
2024-05-20,600548,val,0.072479,0.0037868097,2020-05-08,2024-05-16,12666,1080,4,8,0.0012511479668319224
2024-05-20,600865,val,-0.0061404784,-0.012982599,2020-05-08,2024-05-16,12666,1080,4,8,0.0012511479668319224
2024-05-20,600967,val,-0.019992087,0.006845914,2020-05-08,2024-05-16,12666,1080,4,8,0.0012511479668319224
2024-05-20,601222,val,0.034076422,0.0066593066,2020-05-08,2024-05-16,12666,1080,4,8,0.0012511479668319224
2024-05-20,603237,val,0.015883299,-0.00049661845,2020-05-08,2024-05-16,12666,1080,4,8,0.0012511479668319224
2024-05-20,603335,val,-0.029349763,0.0073033795,2020-05-08,2024-05-16,12666,1080,4,8,0.0012511479668319224
2024-05-20,603658,val,-0.013181648,0.012696922,2020-05-08,2024-05-16,12666,1080,4,8,0.0012511479668319224
2024-05-20,605090,val,-0.003250144,0.006183587,2020-05-08,2024-05-16,12666,1080,4,8,0.0012511479668319224
2024-05-20,605589,val,-0.004639289,0.009167068,2020-05-08,2024-05-16,12666,1080,4,8,0.0012511479668319224
2024-05-20,688031,val,-0.030744199,0.0047675,2020-05-08,2024-05-16,12666,1080,4,8,0.0012511479668319224
2024-05-20,688045,val,0.038331192,0.0024449304,2020-05-08,2024-05-16,12666,1080,4,8,0.0012511479668319224
2024-05-20,688133,val,-0.04538062,0.002425976,2020-05-08,2024-05-16,12666,1080,4,8,0.0012511479668319224
2024-05-20,688147,val,-0.0002270487,0.0009194687,2020-05-08,2024-05-16,12666,1080,4,8,0.0012511479668319224
2024-05-20,688528,val,-0.012110372,-0.0055014417,2020-05-08,2024-05-16,12666,1080,4,8,0.0012511479668319224
2024-05-21,600025,val,0.061884034,0.0022595525,2020-05-08,2024-05-16,12666,1080,4,8,0.0012511479668319224
2024-05-21,600051,val,-0.00051258464,-0.0018230975,2020-05-08,2024-05-16,12666,1080,4,8,0.0012511479668319224
2024-05-21,600127,val,-0.03460032,0.009534314,2020-05-08,2024-05-16,12666,1080,4,8,0.0012511479668319224
2024-05-21,600153,val,-0.028394058,-0.014977068,2020-05-08,2024-05-16,12666,1080,4,8,0.0012511479668319224
2024-05-21,600548,val,0.0560842,0.0012707338,2020-05-08,2024-05-16,12666,1080,4,8,0.0012511479668319224
2024-05-21,600865,val,-0.020163864,-0.017095827,2020-05-08,2024-05-16,12666,1080,4,8,0.0012511479668319224
2024-05-21,600967,val,-0.023931058,0.0059209988,2020-05-08,2024-05-16,12666,1080,4,8,0.0012511479668319224
2024-05-21,601222,val,0.05104727,0.008586243,2020-05-08,2024-05-16,12666,1080,4,8,0.0012511479668319224
2024-05-21,603237,val,0.005162641,-0.0013714656,2020-05-08,2024-05-16,12666,1080,4,8,0.0012511479668319224
2024-05-21,603335,val,-0.023714416,0.013166316,2020-05-08,2024-05-16,12666,1080,4,8,0.0012511479668319224
2024-05-21,603658,val,-0.01761104,0.012658499,2020-05-08,2024-05-16,12666,1080,4,8,0.0012511479668319224
2024-05-21,605090,val,0.055033058,0.0046798363,2020-05-08,2024-05-16,12666,1080,4,8,0.0012511479668319224
2024-05-21,605589,val,0.03678094,0.009047054,2020-05-08,2024-05-16,12666,1080,4,8,0.0012511479668319224
2024-05-21,688031,val,-0.05594709,0.004418306,2020-05-08,2024-05-16,12666,1080,4,8,0.0012511479668319224
2024-05-21,688045,val,0.022967787,0.005135134,2020-05-08,2024-05-16,12666,1080,4,8,0.0012511479668319224
2024-05-21,688133,val,-0.0248832,0.0042797253,2020-05-08,2024-05-16,12666,1080,4,8,0.0012511479668319224
2024-05-21,688147,val,0.016659077,0.0002574101,2020-05-08,2024-05-16,12666,1080,4,8,0.0012511479668319224
2024-05-21,688528,val,-0.015208337,-0.004326567,2020-05-08,2024-05-16,12666,1080,4,8,0.0012511479668319224
2024-05-22,600025,val,0.07669982,0.0029342473,2020-05-08,2024-05-16,12666,1080,4,8,0.0012511479668319224
2024-05-22,600051,val,-0.015404611,0.0017026439,2020-05-08,2024-05-16,12666,1080,4,8,0.0012511479668319224
2024-05-22,600127,val,-0.024953654,0.010543235,2020-05-08,2024-05-16,12666,1080,4,8,0.0012511479668319224
2024-05-22,600153,val,-0.03173458,-0.0065498054,2020-05-08,2024-05-16,12666,1080,4,8,0.0012511479668319224
2024-05-22,600548,val,-0.0023107089,-0.017979987,2020-05-08,2024-05-16,12666,1080,4,8,0.0012511479668319224
2024-05-22,600865,val,-0.019829815,-0.015000381,2020-05-08,2024-05-16,12666,1080,4,8,0.0012511479668319224
2024-05-22,600967,val,-0.020781824,0.0072463676,2020-05-08,2024-05-16,12666,1080,4,8,0.0012511479668319224
2024-05-22,601222,val,0.031250328,0.0059557855,2020-05-08,2024-05-16,12666,1080,4,8,0.0012511479668319224
2024-05-22,603237,val,0.0033511797,0.0020328313,2020-05-08,2024-05-16,12666,1080,4,8,0.0012511479668319224
2024-05-22,603335,val,-0.011395594,0.013972953,2020-05-08,2024-05-16,12666,1080,4,8,0.0012511479668319224
2024-05-22,603658,val,0.0053460267,0.014850564,2020-05-08,2024-05-16,12666,1080,4,8,0.0012511479668319224
2024-05-22,605090,val,0.08089857,0.0047857985,2020-05-08,2024-05-16,12666,1080,4,8,0.0012511479668319224
2024-05-22,605589,val,0.04944704,0.008272946,2020-05-08,2024-05-16,12666,1080,4,8,0.0012511479668319224
2024-05-22,688031,val,-0.048903577,0.004046172,2020-05-08,2024-05-16,12666,1080,4,8,0.0012511479668319224
2024-05-22,688045,val,0.011987727,0.0024292842,2020-05-08,2024-05-16,12666,1080,4,8,0.0012511479668319224
2024-05-22,688133,val,-0.046199873,0.0033000484,2020-05-08,2024-05-16,12666,1080,4,8,0.0012511479668319224
2024-05-22,688147,val,0.0018725286,0.00040816516,2020-05-08,2024-05-16,12666,1080,4,8,0.0012511479668319224
2024-05-22,688528,val,0.0055926116,-0.0024106875,2020-05-08,2024-05-16,12666,1080,4,8,0.0012511479668319224
2024-05-23,600025,val,0.040804,0.0033354685,2020-05-08,2024-05-16,12666,1080,4,8,0.0012511479668319224
2024-05-23,600051,val,-0.028138503,0.005086817,2020-05-08,2024-05-16,12666,1080,4,8,0.0012511479668319224
2024-05-23,600127,val,-0.023445608,0.011413917,2020-05-08,2024-05-16,12666,1080,4,8,0.0012511479668319224
2024-05-23,600153,val,-0.055151436,0.0006778315,2020-05-08,2024-05-16,12666,1080,4,8,0.0012511479668319224
2024-05-23,600548,val,-0.0149465725,-0.019655935,2020-05-08,2024-05-16,12666,1080,4,8,0.0012511479668319224
2024-05-23,600865,val,-0.010433065,-0.0121676475,2020-05-08,2024-05-16,12666,1080,4,8,0.0012511479668319224
2024-05-23,600967,val,-0.027029146,0.0020525455,2020-05-08,2024-05-16,12666,1080,4,8,0.0012511479668319224
2024-05-23,601222,val,0.022742292,0.0070196986,2020-05-08,2024-05-16,12666,1080,4,8,0.0012511479668319224
2024-05-23,603237,val,-0.019938186,0.0025186092,2020-05-08,2024-05-16,12666,1080,4,8,0.0012511479668319224
2024-05-23,603335,val,0.034950424,0.014362581,2020-05-08,2024-05-16,12666,1080,4,8,0.0012511479668319224
2024-05-23,603658,val,0.0069628917,0.015698738,2020-05-08,2024-05-16,12666,1080,4,8,0.0012511479668319224
2024-05-23,605090,val,0.09292795,0.004860513,2020-05-08,2024-05-16,12666,1080,4,8,0.0012511479668319224
2024-05-23,605589,val,0.07716291,0.008095548,2020-05-08,2024-05-16,12666,1080,4,8,0.0012511479668319224
2024-05-23,688031,val,-0.05651207,0.001731813,2020-05-08,2024-05-16,12666,1080,4,8,0.0012511479668319224
2024-05-23,688045,val,0.05365609,0.0012454614,2020-05-08,2024-05-16,12666,1080,4,8,0.0012511479668319224
2024-05-23,688133,val,-0.029864356,0.0013148561,2020-05-08,2024-05-16,12666,1080,4,8,0.0012511479668319224
2024-05-23,688147,val,0.01985108,0.0012698919,2020-05-08,2024-05-16,12666,1080,4,8,0.0012511479668319224
2024-05-23,688528,val,-0.01731823,-0.0027970374,2020-05-08,2024-05-16,12666,1080,4,8,0.0012511479668319224
2024-05-24,600025,val,0.004737194,-0.00929857,2020-05-08,2024-05-16,12666,1080,4,8,0.0012511479668319224
2024-05-24,600051,val,-0.05134716,0.006678723,2020-05-08,2024-05-16,12666,1080,4,8,0.0012511479668319224
2024-05-24,600127,val,-0.04700227,0.009698965,2020-05-08,2024-05-16,12666,1080,4,8,0.0012511479668319224
2024-05-24,600153,val,-0.050004505,0.0069627687,2020-05-08,2024-05-16,12666,1080,4,8,0.0012511479668319224
2024-05-24,600548,val,-0.025739687,-0.014412396,2020-05-08,2024-05-16,12666,1080,4,8,0.0012511479668319224
2024-05-24,600865,val,-0.019585991,-0.008921854,2020-05-08,2024-05-16,12666,1080,4,8,0.0012511479668319224
2024-05-24,600967,val,-0.019403597,0.0027111024,2020-05-08,2024-05-16,12666,1080,4,8,0.0012511479668319224
2024-05-24,601222,val,-0.006942763,-0.0014811084,2020-05-08,2024-05-16,12666,1080,4,8,0.0012511479668319224
2024-05-24,603237,val,-0.02205616,0.0030493364,2020-05-08,2024-05-16,12666,1080,4,8,0.0012511479668319224
2024-05-24,603335,val,-0.021111894,0.012458943,2020-05-08,2024-05-16,12666,1080,4,8,0.0012511479668319224
2024-05-24,603658,val,-0.022025567,0.016175918,2020-05-08,2024-05-16,12666,1080,4,8,0.0012511479668319224
2024-05-24,605090,val,0.0459433,0.0046088323,2020-05-08,2024-05-16,12666,1080,4,8,0.0012511479668319224
2024-05-24,605589,val,0.14944567,0.009359278,2020-05-08,2024-05-16,12666,1080,4,8,0.0012511479668319224
2024-05-24,688031,val,-0.0010218126,0.0018753111,2020-05-08,2024-05-16,12666,1080,4,8,0.0012511479668319224
2024-05-24,688045,val,0.076223664,0.0030348822,2020-05-08,2024-05-16,12666,1080,4,8,0.0012511479668319224
2024-05-24,688133,val,-0.029976597,-0.00096114725,2020-05-08,2024-05-16,12666,1080,4,8,0.0012511479668319224
2024-05-24,688147,val,0.044606775,0.00047779828,2020-05-08,2024-05-16,12666,1080,4,8,0.0012511479668319224
2024-05-24,688528,val,-0.027137693,-0.01576475,2020-05-08,2024-05-16,12666,1080,4,8,0.0012511479668319224
2024-05-27,600025,val,0.054066893,-0.008071654,2020-05-08,2024-05-16,12666,1080,4,8,0.0012511479668319224
2024-05-27,600051,val,-0.06861865,0.008886524,2020-05-08,2024-05-16,12666,1080,4,8,0.0012511479668319224
2024-05-27,600127,val,-0.0166619,0.0076927766,2020-05-08,2024-05-16,12666,1080,4,8,0.0012511479668319224
2024-05-27,600153,val,-0.058611475,0.010416158,2020-05-08,2024-05-16,12666,1080,4,8,0.0012511479668319224
2024-05-27,600548,val,-0.03924369,-0.008531861,2020-05-08,2024-05-16,12666,1080,4,8,0.0012511479668319224
2024-05-27,600865,val,-0.035934154,-0.008474462,2020-05-08,2024-05-16,12666,1080,4,8,0.0012511479668319224
2024-05-27,600967,val,-0.004862668,0.0033185408,2020-05-08,2024-05-16,12666,1080,4,8,0.0012511479668319224
2024-05-27,601222,val,-0.025454855,-0.0008113012,2020-05-08,2024-05-16,12666,1080,4,8,0.0012511479668319224
2024-05-27,603237,val,-0.010462417,-0.0016847178,2020-05-08,2024-05-16,12666,1080,4,8,0.0012511479668319224
2024-05-27,603335,val,-0.031357754,0.012799859,2020-05-08,2024-05-16,12666,1080,4,8,0.0012511479668319224
2024-05-27,603658,val,0.0038781934,0.017580457,2020-05-08,2024-05-16,12666,1080,4,8,0.0012511479668319224
2024-05-27,605090,val,0.025064917,0.0048812553,2020-05-08,2024-05-16,12666,1080,4,8,0.0012511479668319224
2024-05-27,605589,val,0.16015683,0.0076515973,2020-05-08,2024-05-16,12666,1080,4,8,0.0012511479668319224
2024-05-27,688031,val,0.05347669,0.0032597557,2020-05-08,2024-05-16,12666,1080,4,8,0.0012511479668319224
2024-05-27,688045,val,0.014369583,-0.0077408925,2020-05-08,2024-05-16,12666,1080,4,8,0.0012511479668319224
2024-05-27,688133,val,-0.05052202,-0.00084292144,2020-05-08,2024-05-16,12666,1080,4,8,0.0012511479668319224
2024-05-27,688147,val,0.044659074,-0.00090289116,2020-05-08,2024-05-16,12666,1080,4,8,0.0012511479668319224
2024-05-27,688528,val,-0.05497665,-0.010544255,2020-05-08,2024-05-16,12666,1080,4,8,0.0012511479668319224
2024-05-28,600025,val,0.05920297,-0.00567279,2020-05-08,2024-05-16,12666,1080,4,8,0.0012511479668319224
2024-05-28,600051,val,-0.066230625,0.0023418888,2020-05-08,2024-05-16,12666,1080,4,8,0.0012511479668319224
2024-05-28,600127,val,-0.00948138,0.007714547,2020-05-08,2024-05-16,12666,1080,4,8,0.0012511479668319224
2024-05-28,600153,val,-0.02666888,0.010990672,2020-05-08,2024-05-16,12666,1080,4,8,0.0012511479668319224
2024-05-28,600548,val,-0.019050231,-0.002905503,2020-05-08,2024-05-16,12666,1080,4,8,0.0012511479668319224
2024-05-28,600865,val,-0.030432886,-0.007279493,2020-05-08,2024-05-16,12666,1080,4,8,0.0012511479668319224
2024-05-28,600967,val,0.016804399,0.004334487,2020-05-08,2024-05-16,12666,1080,4,8,0.0012511479668319224
2024-05-28,601222,val,0.006178309,-0.0027435645,2020-05-08,2024-05-16,12666,1080,4,8,0.0012511479668319224
2024-05-28,603237,val,-0.010467788,0.0015421137,2020-05-08,2024-05-16,12666,1080,4,8,0.0012511479668319224
2024-05-28,603335,val,-0.038211673,0.011629857,2020-05-08,2024-05-16,12666,1080,4,8,0.0012511479668319224
2024-05-28,603658,val,0.012215036,0.019144736,2020-05-08,2024-05-16,12666,1080,4,8,0.0012511479668319224
2024-05-28,605090,val,-0.0035425809,-0.0015641078,2020-05-08,2024-05-16,12666,1080,4,8,0.0012511479668319224
2024-05-28,605589,val,0.07631791,0.0011145547,2020-05-08,2024-05-16,12666,1080,4,8,0.0012511479668319224
2024-05-28,688031,val,0.030647472,0.0035643503,2020-05-08,2024-05-16,12666,1080,4,8,0.0012511479668319224
2024-05-28,688045,val,-0.008706655,-0.005978331,2020-05-08,2024-05-16,12666,1080,4,8,0.0012511479668319224
2024-05-28,688133,val,-0.052032758,-0.001218833,2020-05-08,2024-05-16,12666,1080,4,8,0.0012511479668319224
2024-05-28,688147,val,0.03825694,-0.00056358427,2020-05-08,2024-05-16,12666,1080,4,8,0.0012511479668319224
2024-05-28,688528,val,-0.040603183,-0.0049890503,2020-05-08,2024-05-16,12666,1080,4,8,0.0012511479668319224
2024-05-29,600025,val,0.08421422,-0.003764294,2020-05-08,2024-05-16,12666,1080,4,8,0.0012511479668319224
2024-05-29,600051,val,-0.053216822,0.0019032061,2020-05-08,2024-05-16,12666,1080,4,8,0.0012511479668319224
2024-05-29,600127,val,-0.0042300983,0.008259013,2020-05-08,2024-05-16,12666,1080,4,8,0.0012511479668319224
2024-05-29,600153,val,-0.020109925,0.009084098,2020-05-08,2024-05-16,12666,1080,4,8,0.0012511479668319224
2024-05-29,600548,val,0.0049137464,0.003568679,2020-05-08,2024-05-16,12666,1080,4,8,0.0012511479668319224
2024-05-29,600865,val,4.8433852e-05,-0.0024198368,2020-05-08,2024-05-16,12666,1080,4,8,0.0012511479668319224
2024-05-29,600967,val,0.033694863,0.0066580623,2020-05-08,2024-05-16,12666,1080,4,8,0.0012511479668319224
2024-05-29,601222,val,0.010899477,0.00027938932,2020-05-08,2024-05-16,12666,1080,4,8,0.0012511479668319224
2024-05-29,603237,val,-0.003357541,0.0047514513,2020-05-08,2024-05-16,12666,1080,4,8,0.0012511479668319224
2024-05-29,603335,val,-0.05823029,0.009060152,2020-05-08,2024-05-16,12666,1080,4,8,0.0012511479668319224
2024-05-29,603658,val,0.025738042,0.019129612,2020-05-08,2024-05-16,12666,1080,4,8,0.0012511479668319224
2024-05-29,605090,val,-0.0055150315,-0.0070957094,2020-05-08,2024-05-16,12666,1080,4,8,0.0012511479668319224
2024-05-29,605589,val,0.03859364,-0.003290452,2020-05-08,2024-05-16,12666,1080,4,8,0.0012511479668319224
2024-05-29,688031,val,-0.0014642491,0.004940346,2020-05-08,2024-05-16,12666,1080,4,8,0.0012511479668319224
2024-05-29,688045,val,-0.034021337,-0.0051420033,2020-05-08,2024-05-16,12666,1080,4,8,0.0012511479668319224
2024-05-29,688133,val,-0.041219246,0.0018056035,2020-05-08,2024-05-16,12666,1080,4,8,0.0012511479668319224
2024-05-29,688147,val,0.051751636,-0.0004059747,2020-05-08,2024-05-16,12666,1080,4,8,0.0012511479668319224
2024-05-29,688528,val,-0.06409262,-0.0027746707,2020-05-08,2024-05-16,12666,1080,4,8,0.0012511479668319224
2024-05-30,600025,val,0.12022383,0.0002560988,2020-05-08,2024-05-16,12666,1080,4,8,0.0012511479668319224
2024-05-30,600051,val,-0.045114655,0.004285522,2020-05-08,2024-05-16,12666,1080,4,8,0.0012511479668319224
2024-05-30,600127,val,0.0027491516,0.008243531,2020-05-08,2024-05-16,12666,1080,4,8,0.0012511479668319224
2024-05-30,600153,val,0.017624198,0.009463713,2020-05-08,2024-05-16,12666,1080,4,8,0.0012511479668319224
2024-05-30,600548,val,0.036587384,0.0077442303,2020-05-08,2024-05-16,12666,1080,4,8,0.0012511479668319224
2024-05-30,600865,val,-0.03812119,0.00044017285,2020-05-08,2024-05-16,12666,1080,4,8,0.0012511479668319224
2024-05-30,600967,val,0.026733845,0.0069213435,2020-05-08,2024-05-16,12666,1080,4,8,0.0012511479668319224
2024-05-30,601222,val,0.025546808,0.003852062,2020-05-08,2024-05-16,12666,1080,4,8,0.0012511479668319224
2024-05-30,603237,val,0.025221983,0.0072594807,2020-05-08,2024-05-16,12666,1080,4,8,0.0012511479668319224
2024-05-30,603335,val,-0.124306686,-0.00537017,2020-05-08,2024-05-16,12666,1080,4,8,0.0012511479668319224
2024-05-30,603658,val,0.03135492,0.01779329,2020-05-08,2024-05-16,12666,1080,4,8,0.0012511479668319224
2024-05-30,605090,val,0.111684255,-0.0058525205,2020-05-08,2024-05-16,12666,1080,4,8,0.0012511479668319224
2024-05-30,605589,val,0.030446729,-0.005538583,2020-05-08,2024-05-16,12666,1080,4,8,0.0012511479668319224
2024-05-30,688031,val,-0.04998095,0.004255496,2020-05-08,2024-05-16,12666,1080,4,8,0.0012511479668319224
2024-05-30,688045,val,-0.08848431,-0.0046288893,2020-05-08,2024-05-16,12666,1080,4,8,0.0012511479668319224
2024-05-30,688133,val,-0.0714243,0.005703591,2020-05-08,2024-05-16,12666,1080,4,8,0.0012511479668319224
2024-05-30,688147,val,0.03800004,0.0011175647,2020-05-08,2024-05-16,12666,1080,4,8,0.0012511479668319224
2024-05-30,688528,val,-0.07829292,0.0029617324,2020-05-08,2024-05-16,12666,1080,4,8,0.0012511479668319224
2024-05-31,600025,val,0.12524483,0.0038162097,2020-05-08,2024-05-16,12666,1080,4,8,0.0012511479668319224
2024-05-31,600051,val,0.0031775003,0.0066716895,2020-05-08,2024-05-16,12666,1080,4,8,0.0012511479668319224
2024-05-31,600127,val,0.003138359,0.009313069,2020-05-08,2024-05-16,12666,1080,4,8,0.0012511479668319224
2024-05-31,600153,val,0.00920328,0.0056066513,2020-05-08,2024-05-16,12666,1080,4,8,0.0012511479668319224
2024-05-31,600548,val,0.04305368,0.010110281,2020-05-08,2024-05-16,12666,1080,4,8,0.0012511479668319224
2024-05-31,600865,val,-0.006564251,0.0063500777,2020-05-08,2024-05-16,12666,1080,4,8,0.0012511479668319224
2024-05-31,600967,val,0.01369659,0.0061283633,2020-05-08,2024-05-16,12666,1080,4,8,0.0012511479668319224
2024-05-31,601222,val,0.008280432,0.005995013,2020-05-08,2024-05-16,12666,1080,4,8,0.0012511479668319224
2024-05-31,603237,val,-0.006746796,0.007194452,2020-05-08,2024-05-16,12666,1080,4,8,0.0012511479668319224
2024-05-31,603335,val,-0.048699506,-0.0026536807,2020-05-08,2024-05-16,12666,1080,4,8,0.0012511479668319224
2024-05-31,603658,val,-0.007080979,0.016582467,2020-05-08,2024-05-16,12666,1080,4,8,0.0012511479668319224
2024-05-31,605090,val,0.18709767,-0.0009008199,2020-05-08,2024-05-16,12666,1080,4,8,0.0012511479668319224
2024-05-31,605589,val,-0.019256406,-0.020849817,2020-05-08,2024-05-16,12666,1080,4,8,0.0012511479668319224
2024-05-31,688031,val,-0.08061753,-0.0009193644,2020-05-08,2024-05-16,12666,1080,4,8,0.0012511479668319224
2024-05-31,688045,val,-0.08964354,-0.0053040534,2020-05-08,2024-05-16,12666,1080,4,8,0.0012511479668319224
2024-05-31,688133,val,-0.035304014,0.00967776,2020-05-08,2024-05-16,12666,1080,4,8,0.0012511479668319224
2024-05-31,688147,val,0.0061305217,0.0022566319,2020-05-08,2024-05-16,12666,1080,4,8,0.0012511479668319224
2024-05-31,688528,val,-0.071832016,0.0017415807,2020-05-08,2024-05-16,12666,1080,4,8,0.0012511479668319224
2024-06-03,600025,val,0.058446407,-0.0013798401,2020-05-08,2024-05-16,12666,1080,4,8,0.0012511479668319224
2024-06-03,600051,val,0.0034879532,0.008336581,2020-05-08,2024-05-16,12666,1080,4,8,0.0012511479668319224
2024-06-03,600127,val,-0.0015756391,0.008818276,2020-05-08,2024-05-16,12666,1080,4,8,0.0012511479668319224
2024-06-03,600153,val,-0.002589162,0.003967695,2020-05-08,2024-05-16,12666,1080,4,8,0.0012511479668319224
2024-06-03,600548,val,0.008715052,0.009118877,2020-05-08,2024-05-16,12666,1080,4,8,0.0012511479668319224
2024-06-03,600865,val,-0.0027370607,0.012638874,2020-05-08,2024-05-16,12666,1080,4,8,0.0012511479668319224
2024-06-03,600967,val,0.007153435,0.00615371,2020-05-08,2024-05-16,12666,1080,4,8,0.0012511479668319224
2024-06-03,601222,val,0.0071232067,0.008239217,2020-05-08,2024-05-16,12666,1080,4,8,0.0012511479668319224
2024-06-03,603237,val,-0.07719819,0.00040393323,2020-05-08,2024-05-16,12666,1080,4,8,0.0012511479668319224
2024-06-03,603335,val,-0.048965972,0.0005027279,2020-05-08,2024-05-16,12666,1080,4,8,0.0012511479668319224
2024-06-03,603658,val,-0.011333595,0.015833862,2020-05-08,2024-05-16,12666,1080,4,8,0.0012511479668319224
2024-06-03,605090,val,0.18217492,0.0052611604,2020-05-08,2024-05-16,12666,1080,4,8,0.0012511479668319224
2024-06-03,605589,val,-0.033556946,-0.028287731,2020-05-08,2024-05-16,12666,1080,4,8,0.0012511479668319224
2024-06-03,688031,val,-0.07493633,-0.00073491037,2020-05-08,2024-05-16,12666,1080,4,8,0.0012511479668319224
2024-06-03,688045,val,-0.04032284,-0.0010449663,2020-05-08,2024-05-16,12666,1080,4,8,0.0012511479668319224
2024-06-03,688133,val,0.007267528,0.013094924,2020-05-08,2024-05-16,12666,1080,4,8,0.0012511479668319224
2024-06-03,688147,val,0.034558773,0.003684044,2020-05-08,2024-05-16,12666,1080,4,8,0.0012511479668319224
2024-06-03,688528,val,-0.0018671561,0.006209232,2020-05-08,2024-05-16,12666,1080,4,8,0.0012511479668319224
2024-06-04,600025,val,0.030753786,-0.0014832616,2020-05-08,2024-05-16,12666,1080,4,8,0.0012511479668319224
2024-06-04,600051,val,0.010566875,0.00853949,2020-05-08,2024-05-16,12666,1080,4,8,0.0012511479668319224
2024-06-04,600127,val,0.008434189,0.00941468,2020-05-08,2024-05-16,12666,1080,4,8,0.0012511479668319224
2024-06-04,600153,val,-0.016192071,0.0020960495,2020-05-08,2024-05-16,12666,1080,4,8,0.0012511479668319224
2024-06-04,600548,val,-0.005252251,0.0075062737,2020-05-08,2024-05-16,12666,1080,4,8,0.0012511479668319224
2024-06-04,600865,val,-0.0004074911,0.012174569,2020-05-08,2024-05-16,12666,1080,4,8,0.0012511479668319224
2024-06-04,600967,val,-0.0012010465,0.0059441924,2020-05-08,2024-05-16,12666,1080,4,8,0.0012511479668319224
2024-06-04,601222,val,-0.040989857,0.0019444227,2020-05-08,2024-05-16,12666,1080,4,8,0.0012511479668319224
2024-06-04,603237,val,-0.07909407,-0.0002392456,2020-05-08,2024-05-16,12666,1080,4,8,0.0012511479668319224
2024-06-04,603335,val,-0.01668001,-0.00032205135,2020-05-08,2024-05-16,12666,1080,4,8,0.0012511479668319224
2024-06-04,603658,val,-0.035697863,0.015064411,2020-05-08,2024-05-16,12666,1080,4,8,0.0012511479668319224
2024-06-04,605090,val,0.15099756,0.007483341,2020-05-08,2024-05-16,12666,1080,4,8,0.0012511479668319224
2024-06-04,605589,val,-0.0072421925,-0.022589624,2020-05-08,2024-05-16,12666,1080,4,8,0.0012511479668319224
2024-06-04,688031,val,-0.029409258,-0.0016856045,2020-05-08,2024-05-16,12666,1080,4,8,0.0012511479668319224
2024-06-04,688045,val,0.0072341664,0.0028677955,2020-05-08,2024-05-16,12666,1080,4,8,0.0012511479668319224
2024-06-04,688133,val,0.023879651,0.017550237,2020-05-08,2024-05-16,12666,1080,4,8,0.0012511479668319224
2024-06-04,688147,val,0.038098365,0.0061941743,2020-05-08,2024-05-16,12666,1080,4,8,0.0012511479668319224
2024-06-04,688528,val,-0.018057197,0.0060267,2020-05-08,2024-05-16,12666,1080,4,8,0.0012511479668319224
2024-06-05,600025,val,0.0010418141,-0.0019277707,2020-05-08,2024-05-16,12666,1080,4,8,0.0012511479668319224
2024-06-05,600051,val,-0.012072084,0.009102263,2020-05-08,2024-05-16,12666,1080,4,8,0.0012511479668319224
2024-06-05,600127,val,0.0012524804,0.009819537,2020-05-08,2024-05-16,12666,1080,4,8,0.0012511479668319224
2024-06-05,600153,val,-0.034923986,0.0028411672,2020-05-08,2024-05-16,12666,1080,4,8,0.0012511479668319224
2024-06-05,600548,val,-0.029876973,0.005091481,2020-05-08,2024-05-16,12666,1080,4,8,0.0012511479668319224
2024-06-05,600865,val,-0.042903654,0.009715587,2020-05-08,2024-05-16,12666,1080,4,8,0.0012511479668319224
2024-06-05,600967,val,-0.029065304,-0.0016513616,2020-05-08,2024-05-16,12666,1080,4,8,0.0012511479668319224
2024-06-05,601222,val,-0.052215826,0.0032552406,2020-05-08,2024-05-16,12666,1080,4,8,0.0012511479668319224
2024-06-05,603237,val,-0.08248937,-0.00046589226,2020-05-08,2024-05-16,12666,1080,4,8,0.0012511479668319224
2024-06-05,603335,val,-0.045900825,0.0013065785,2020-05-08,2024-05-16,12666,1080,4,8,0.0012511479668319224
2024-06-05,603658,val,-0.066740386,0.013389222,2020-05-08,2024-05-16,12666,1080,4,8,0.0012511479668319224
2024-06-05,605090,val,0.13203259,0.005982034,2020-05-08,2024-05-16,12666,1080,4,8,0.0012511479668319224
2024-06-05,605589,val,0.012863957,-0.014181234,2020-05-08,2024-05-16,12666,1080,4,8,0.0012511479668319224
2024-06-05,688031,val,0.005055247,-0.0038748682,2020-05-08,2024-05-16,12666,1080,4,8,0.0012511479668319224
2024-06-05,688045,val,0.21501777,0.0046779737,2020-05-08,2024-05-16,12666,1080,4,8,0.0012511479668319224
2024-06-05,688133,val,0.021022605,0.020240434,2020-05-08,2024-05-16,12666,1080,4,8,0.0012511479668319224
2024-06-05,688147,val,0.018518832,0.008310743,2020-05-08,2024-05-16,12666,1080,4,8,0.0012511479668319224
2024-06-05,688528,val,0.0073097968,0.010488458,2020-05-08,2024-05-16,12666,1080,4,8,0.0012511479668319224
2024-06-06,600025,val,-0.041917697,0.0017314479,2020-05-08,2024-05-16,12666,1080,4,8,0.0012511479668319224
2024-06-06,600051,val,0.02130398,0.010496274,2020-05-08,2024-05-16,12666,1080,4,8,0.0012511479668319224
2024-06-06,600127,val,0.021128742,0.010023303,2020-05-08,2024-05-16,12666,1080,4,8,0.0012511479668319224
2024-06-06,600153,val,-0.048635446,0.0026146397,2020-05-08,2024-05-16,12666,1080,4,8,0.0012511479668319224
2024-06-06,600548,val,-0.05740005,0.0015517771,2020-05-08,2024-05-16,12666,1080,4,8,0.0012511479668319224
2024-06-06,600865,val,0.0039409073,0.010393754,2020-05-08,2024-05-16,12666,1080,4,8,0.0012511479668319224
2024-06-06,600967,val,-0.018628828,-0.0016560033,2020-05-08,2024-05-16,12666,1080,4,8,0.0012511479668319224
2024-06-06,601222,val,-0.041284345,0.005110778,2020-05-08,2024-05-16,12666,1080,4,8,0.0012511479668319224
2024-06-06,603237,val,-0.08657078,-0.0009300187,2020-05-08,2024-05-16,12666,1080,4,8,0.0012511479668319224
2024-06-06,603335,val,8.650733e-05,0.0057283193,2020-05-08,2024-05-16,12666,1080,4,8,0.0012511479668319224
2024-06-06,603658,val,-0.072147965,0.012008823,2020-05-08,2024-05-16,12666,1080,4,8,0.0012511479668319224
2024-06-06,605090,val,0.006346071,-0.013185643,2020-05-08,2024-05-16,12666,1080,4,8,0.0012511479668319224
2024-06-06,605589,val,0.018248864,-0.004708454,2020-05-08,2024-05-16,12666,1080,4,8,0.0012511479668319224
2024-06-06,688031,val,0.05053585,-0.0045599416,2020-05-08,2024-05-16,12666,1080,4,8,0.0012511479668319224
2024-06-06,688045,val,0.20294371,0.006638862,2020-05-08,2024-05-16,12666,1080,4,8,0.0012511479668319224
2024-06-06,688133,val,0.04852966,0.022611283,2020-05-08,2024-05-16,12666,1080,4,8,0.0012511479668319224
2024-06-06,688147,val,-0.04474794,0.010107093,2020-05-08,2024-05-16,12666,1080,4,8,0.0012511479668319224
2024-06-06,688528,val,0.05940913,0.012293324,2020-05-08,2024-05-16,12666,1080,4,8,0.0012511479668319224
2024-06-07,600025,val,-0.037893508,0.005435057,2020-05-08,2024-05-16,12666,1080,4,8,0.0012511479668319224
2024-06-07,600051,val,-0.037933096,0.009014122,2020-05-08,2024-05-16,12666,1080,4,8,0.0012511479668319224
2024-06-07,600127,val,0.0021710906,0.010159336,2020-05-08,2024-05-16,12666,1080,4,8,0.0012511479668319224
2024-06-07,600153,val,-0.03808689,0.0042095855,2020-05-08,2024-05-16,12666,1080,4,8,0.0012511479668319224
2024-06-07,600548,val,-0.0638404,0.0010381266,2020-05-08,2024-05-16,12666,1080,4,8,0.0012511479668319224
2024-06-07,600865,val,-0.030553635,0.008806057,2020-05-08,2024-05-16,12666,1080,4,8,0.0012511479668319224
2024-06-07,600967,val,-0.03477225,0.0003689453,2020-05-08,2024-05-16,12666,1080,4,8,0.0012511479668319224
2024-06-07,601222,val,-0.003944069,0.007401608,2020-05-08,2024-05-16,12666,1080,4,8,0.0012511479668319224
2024-06-07,603237,val,-0.07837806,0.00037112087,2020-05-08,2024-05-16,12666,1080,4,8,0.0012511479668319224
2024-06-07,603335,val,-0.03726288,0.0072909445,2020-05-08,2024-05-16,12666,1080,4,8,0.0012511479668319224
2024-06-07,603658,val,-0.004498125,0.012910567,2020-05-08,2024-05-16,12666,1080,4,8,0.0012511479668319224
2024-06-07,605090,val,-0.05023237,-0.02658125,2020-05-08,2024-05-16,12666,1080,4,8,0.0012511479668319224
2024-06-07,605589,val,0.023373298,-0.00021059066,2020-05-08,2024-05-16,12666,1080,4,8,0.0012511479668319224
2024-06-07,688031,val,0.05269628,-0.005352266,2020-05-08,2024-05-16,12666,1080,4,8,0.0012511479668319224
2024-06-07,688045,val,0.28995007,0.005543165,2020-05-08,2024-05-16,12666,1080,4,8,0.0012511479668319224
2024-06-07,688133,val,0.01210123,0.019883066,2020-05-08,2024-05-16,12666,1080,4,8,0.0012511479668319224
2024-06-07,688147,val,-0.014941237,0.01121188,2020-05-08,2024-05-16,12666,1080,4,8,0.0012511479668319224
2024-06-07,688528,val,0.018492473,0.010970198,2020-05-08,2024-05-16,12666,1080,4,8,0.0012511479668319224
2024-06-11,600025,val,-0.033422317,0.0062760636,2020-05-08,2024-05-16,12666,1080,4,8,0.0012511479668319224
2024-06-11,600051,val,-0.019808872,0.008217074,2020-05-08,2024-05-16,12666,1080,4,8,0.0012511479668319224
2024-06-11,600127,val,-0.008830374,0.010543071,2020-05-08,2024-05-16,12666,1080,4,8,0.0012511479668319224
2024-06-11,600153,val,-0.032483477,0.0055779293,2020-05-08,2024-05-16,12666,1080,4,8,0.0012511479668319224
2024-06-11,600548,val,-0.02169211,0.00027189404,2020-05-08,2024-05-16,12666,1080,4,8,0.0012511479668319224
2024-06-11,600865,val,-0.035104927,0.008144408,2020-05-08,2024-05-16,12666,1080,4,8,0.0012511479668319224
2024-06-11,600967,val,-0.031264104,0.0022451505,2020-05-08,2024-05-16,12666,1080,4,8,0.0012511479668319224
2024-06-11,601222,val,0.011803117,0.00916145,2020-05-08,2024-05-16,12666,1080,4,8,0.0012511479668319224
2024-06-11,603237,val,-0.05559751,0.003587544,2020-05-08,2024-05-16,12666,1080,4,8,0.0012511479668319224
2024-06-11,603335,val,0.017716756,0.008347392,2020-05-08,2024-05-16,12666,1080,4,8,0.0012511479668319224
2024-06-11,603658,val,-0.03100428,0.010699429,2020-05-08,2024-05-16,12666,1080,4,8,0.0012511479668319224
2024-06-11,605090,val,-0.02133623,-0.019716837,2020-05-08,2024-05-16,12666,1080,4,8,0.0012511479668319224
2024-06-11,605589,val,-0.00058658276,-0.00032346696,2020-05-08,2024-05-16,12666,1080,4,8,0.0012511479668319224
2024-06-11,688031,val,0.025892254,-0.0035477206,2020-05-08,2024-05-16,12666,1080,4,8,0.0012511479668319224
2024-06-11,688045,val,0.27201417,-3.6880374e-06,2020-05-08,2024-05-16,12666,1080,4,8,0.0012511479668319224
2024-06-11,688133,val,-0.022095466,0.015053533,2020-05-08,2024-05-16,12666,1080,4,8,0.0012511479668319224
2024-06-11,688147,val,-0.059636567,0.0048013106,2020-05-08,2024-05-16,12666,1080,4,8,0.0012511479668319224
2024-06-11,688528,val,0.023295036,0.0077490285,2020-05-08,2024-05-16,12666,1080,4,8,0.0012511479668319224
2024-06-12,600025,val,-0.0026238589,0.006538518,2020-05-08,2024-05-16,12666,1080,4,8,0.0012511479668319224
2024-06-12,600051,val,-0.020263288,0.006246425,2020-05-08,2024-05-16,12666,1080,4,8,0.0012511479668319224
2024-06-12,600127,val,-0.0067611784,0.0101557,2020-05-08,2024-05-16,12666,1080,4,8,0.0012511479668319224
2024-06-12,600153,val,-0.044870205,0.0054186136,2020-05-08,2024-05-16,12666,1080,4,8,0.0012511479668319224
2024-06-12,600548,val,-0.021971468,0.001298055,2020-05-08,2024-05-16,12666,1080,4,8,0.0012511479668319224
2024-06-12,600865,val,-0.04160832,0.0068947896,2020-05-08,2024-05-16,12666,1080,4,8,0.0012511479668319224
2024-06-12,600967,val,-0.033354502,0.0017801747,2020-05-08,2024-05-16,12666,1080,4,8,0.0012511479668319224
2024-06-12,601222,val,0.00025532962,0.009180747,2020-05-08,2024-05-16,12666,1080,4,8,0.0012511479668319224
2024-06-12,603237,val,-0.042459972,0.007135175,2020-05-08,2024-05-16,12666,1080,4,8,0.0012511479668319224
2024-06-12,603335,val,0.0012226556,0.008507013,2020-05-08,2024-05-16,12666,1080,4,8,0.0012511479668319224
2024-06-12,603658,val,-0.0097985035,0.008698352,2020-05-08,2024-05-16,12666,1080,4,8,0.0012511479668319224
2024-06-12,605090,val,0.0053513413,-0.010496587,2020-05-08,2024-05-16,12666,1080,4,8,0.0012511479668319224
2024-06-12,605589,val,0.02141614,0.0043091774,2020-05-08,2024-05-16,12666,1080,4,8,0.0012511479668319224
2024-06-12,688031,val,0.0016753651,-0.0036009476,2020-05-08,2024-05-16,12666,1080,4,8,0.0012511479668319224
2024-06-12,688045,val,0.26563415,-0.0034418553,2020-05-08,2024-05-16,12666,1080,4,8,0.0012511479668319224
2024-06-12,688133,val,-0.019544313,0.010508463,2020-05-08,2024-05-16,12666,1080,4,8,0.0012511479668319224
2024-06-12,688147,val,-0.089344986,-0.0059948564,2020-05-08,2024-05-16,12666,1080,4,8,0.0012511479668319224
2024-06-12,688528,val,0.030886138,0.004959695,2020-05-08,2024-05-16,12666,1080,4,8,0.0012511479668319224
2024-06-13,600025,val,0.018413423,0.005730182,2020-05-08,2024-05-16,12666,1080,4,8,0.0012511479668319224
2024-06-13,600051,val,-0.003380928,0.0051678345,2020-05-08,2024-05-16,12666,1080,4,8,0.0012511479668319224
2024-06-13,600127,val,0.0053574536,0.009637743,2020-05-08,2024-05-16,12666,1080,4,8,0.0012511479668319224
2024-06-13,600153,val,-0.02294954,0.005087666,2020-05-08,2024-05-16,12666,1080,4,8,0.0012511479668319224
2024-06-13,600548,val,0.0075227264,0.0037253872,2020-05-08,2024-05-16,12666,1080,4,8,0.0012511479668319224
2024-06-13,600865,val,-0.031498097,0.0074532256,2020-05-08,2024-05-16,12666,1080,4,8,0.0012511479668319224
2024-06-13,600967,val,-0.041310873,0.0025577322,2020-05-08,2024-05-16,12666,1080,4,8,0.0012511479668319224
2024-06-13,601222,val,-0.011403425,0.0079772845,2020-05-08,2024-05-16,12666,1080,4,8,0.0012511479668319224
2024-06-13,603237,val,-0.037489522,0.008146755,2020-05-08,2024-05-16,12666,1080,4,8,0.0012511479668319224
2024-06-13,603335,val,0.004303725,0.008467011,2020-05-08,2024-05-16,12666,1080,4,8,0.0012511479668319224
2024-06-13,603658,val,-0.0027395522,0.007703744,2020-05-08,2024-05-16,12666,1080,4,8,0.0012511479668319224
2024-06-13,605090,val,-0.0046731564,-0.0055394024,2020-05-08,2024-05-16,12666,1080,4,8,0.0012511479668319224
2024-06-13,605589,val,0.021306235,0.00493668,2020-05-08,2024-05-16,12666,1080,4,8,0.0012511479668319224
2024-06-13,688031,val,-0.029140737,-0.003332831,2020-05-08,2024-05-16,12666,1080,4,8,0.0012511479668319224
2024-06-13,688045,val,0.16902846,-0.030116953,2020-05-08,2024-05-16,12666,1080,4,8,0.0012511479668319224
2024-06-13,688133,val,-0.0033441235,0.007612981,2020-05-08,2024-05-16,12666,1080,4,8,0.0012511479668319224
2024-06-13,688147,val,-0.07913327,-0.0058926567,2020-05-08,2024-05-16,12666,1080,4,8,0.0012511479668319224
2024-06-13,688528,val,0.046656664,0.002876155,2020-05-08,2024-05-16,12666,1080,4,8,0.0012511479668319224
2024-06-14,600025,val,0.04239036,0.0046323463,2020-05-08,2024-05-16,12666,1080,4,8,0.0012511479668319224
2024-06-14,600051,val,-0.006759865,0.0049736053,2020-05-08,2024-05-16,12666,1080,4,8,0.0012511479668319224
2024-06-14,600127,val,-0.02964833,0.006941609,2020-05-08,2024-05-16,12666,1080,4,8,0.0012511479668319224
2024-06-14,600153,val,-0.016141783,0.005357437,2020-05-08,2024-05-16,12666,1080,4,8,0.0012511479668319224
2024-06-14,600548,val,0.038772944,0.0049810633,2020-05-08,2024-05-16,12666,1080,4,8,0.0012511479668319224
2024-06-14,600865,val,-0.023495302,0.0076956972,2020-05-08,2024-05-16,12666,1080,4,8,0.0012511479668319224
2024-06-14,600967,val,-0.047270976,0.0020646155,2020-05-08,2024-05-16,12666,1080,4,8,0.0012511479668319224
2024-06-14,601222,val,-0.013881907,0.004679732,2020-05-08,2024-05-16,12666,1080,4,8,0.0012511479668319224
2024-06-14,603237,val,-0.022654388,0.008526437,2020-05-08,2024-05-16,12666,1080,4,8,0.0012511479668319224
2024-06-14,603335,val,0.003982572,0.008099072,2020-05-08,2024-05-16,12666,1080,4,8,0.0012511479668319224
2024-06-14,603658,val,-0.009463558,0.0069400817,2020-05-08,2024-05-16,12666,1080,4,8,0.0012511479668319224
2024-06-14,605090,val,0.0031503115,0.00080081075,2020-05-08,2024-05-16,12666,1080,4,8,0.0012511479668319224
2024-06-14,605589,val,0.017780604,0.0006065592,2020-05-08,2024-05-16,12666,1080,4,8,0.0012511479668319224
2024-06-14,688031,val,-0.038967732,-0.002930969,2020-05-08,2024-05-16,12666,1080,4,8,0.0012511479668319224
2024-06-14,688045,val,0.14127018,-0.032588802,2020-05-08,2024-05-16,12666,1080,4,8,0.0012511479668319224
2024-06-14,688133,val,-0.004243239,0.005107932,2020-05-08,2024-05-16,12666,1080,4,8,0.0012511479668319224
2024-06-14,688147,val,-0.041734397,-0.00012660027,2020-05-08,2024-05-16,12666,1080,4,8,0.0012511479668319224
2024-06-14,688528,val,0.017512523,0.004611656,2020-05-08,2024-05-16,12666,1080,4,8,0.0012511479668319224
2024-06-17,600025,val,0.07656013,0.002703622,2020-05-08,2024-05-16,12666,1080,4,8,0.0012511479668319224
2024-06-17,600051,val,-0.014969437,0.005715832,2020-05-08,2024-05-16,12666,1080,4,8,0.0012511479668319224
2024-06-17,600127,val,-0.012956466,0.008149825,2020-05-08,2024-05-16,12666,1080,4,8,0.0012511479668319224
2024-06-17,600153,val,-0.004918909,0.0053314716,2020-05-08,2024-05-16,12666,1080,4,8,0.0012511479668319224
2024-06-17,600548,val,0.066973016,0.0064700916,2020-05-08,2024-05-16,12666,1080,4,8,0.0012511479668319224
2024-06-17,600865,val,-0.0177693,0.009140842,2020-05-08,2024-05-16,12666,1080,4,8,0.0012511479668319224
2024-06-17,600967,val,-0.015474076,0.00174319,2020-05-08,2024-05-16,12666,1080,4,8,0.0012511479668319224
2024-06-17,601222,val,-0.006434536,0.001805,2020-05-08,2024-05-16,12666,1080,4,8,0.0012511479668319224
2024-06-17,603237,val,0.015589879,0.0096619055,2020-05-08,2024-05-16,12666,1080,4,8,0.0012511479668319224
2024-06-17,603335,val,0.00164102,0.008794107,2020-05-08,2024-05-16,12666,1080,4,8,0.0012511479668319224
2024-06-17,603658,val,0.0039534317,0.006080605,2020-05-08,2024-05-16,12666,1080,4,8,0.0012511479668319224
2024-06-17,605090,val,0.029574122,0.006840579,2020-05-08,2024-05-16,12666,1080,4,8,0.0012511479668319224
2024-06-17,605589,val,0.02084204,0.0014799908,2020-05-08,2024-05-16,12666,1080,4,8,0.0012511479668319224
2024-06-17,688031,val,-0.06135137,-0.0018120706,2020-05-08,2024-05-16,12666,1080,4,8,0.0012511479668319224
2024-06-17,688045,val,0.020733543,-0.047143094,2020-05-08,2024-05-16,12666,1080,4,8,0.0012511479668319224
2024-06-17,688133,val,-0.02275407,0.0036950484,2020-05-08,2024-05-16,12666,1080,4,8,0.0012511479668319224
2024-06-17,688147,val,-0.050937027,0.0034625754,2020-05-08,2024-05-16,12666,1080,4,8,0.0012511479668319224
2024-06-17,688528,val,0.030638637,0.007339902,2020-05-08,2024-05-16,12666,1080,4,8,0.0012511479668319224
2024-06-18,600025,val,0.08475923,0.0028527454,2020-05-08,2024-05-16,12666,1080,4,8,0.0012511479668319224
2024-06-18,600051,val,0.009180817,0.006605938,2020-05-08,2024-05-16,12666,1080,4,8,0.0012511479668319224
2024-06-18,600127,val,-0.005439066,0.009018064,2020-05-08,2024-05-16,12666,1080,4,8,0.0012511479668319224
2024-06-18,600153,val,0.016840877,0.006776117,2020-05-08,2024-05-16,12666,1080,4,8,0.0012511479668319224
2024-06-18,600548,val,0.062186938,0.0060839728,2020-05-08,2024-05-16,12666,1080,4,8,0.0012511479668319224
2024-06-18,600865,val,0.006693481,0.010609433,2020-05-08,2024-05-16,12666,1080,4,8,0.0012511479668319224
2024-06-18,600967,val,-0.016501745,0.00543157,2020-05-08,2024-05-16,12666,1080,4,8,0.0012511479668319224
2024-06-18,601222,val,-0.004659691,-0.0021592453,2020-05-08,2024-05-16,12666,1080,4,8,0.0012511479668319224
2024-06-18,603237,val,0.057186447,0.011575304,2020-05-08,2024-05-16,12666,1080,4,8,0.0012511479668319224
2024-06-18,603335,val,0.005920296,0.00704132,2020-05-08,2024-05-16,12666,1080,4,8,0.0012511479668319224
2024-06-18,603658,val,0.02301775,0.006045811,2020-05-08,2024-05-16,12666,1080,4,8,0.0012511479668319224
2024-06-18,605090,val,0.017497053,0.007944547,2020-05-08,2024-05-16,12666,1080,4,8,0.0012511479668319224
2024-06-18,605589,val,0.009824651,0.00026961416,2020-05-08,2024-05-16,12666,1080,4,8,0.0012511479668319224
2024-06-18,688031,val,-0.1050988,-0.0008151755,2020-05-08,2024-05-16,12666,1080,4,8,0.0012511479668319224
2024-06-18,688045,val,-0.039244298,-0.053283952,2020-05-08,2024-05-16,12666,1080,4,8,0.0012511479668319224
2024-06-18,688133,val,-0.0081240665,0.004108228,2020-05-08,2024-05-16,12666,1080,4,8,0.0012511479668319224
2024-06-18,688147,val,-0.07115036,0.0043511093,2020-05-08,2024-05-16,12666,1080,4,8,0.0012511479668319224
2024-06-18,688528,val,0.023612654,0.0051880702,2020-05-08,2024-05-16,12666,1080,4,8,0.0012511479668319224
2024-06-19,600025,val,0.03770447,-0.0016507953,2020-05-08,2024-05-16,12666,1080,4,8,0.0012511479668319224
2024-06-19,600051,val,0.0054478236,0.0072280094,2020-05-08,2024-05-16,12666,1080,4,8,0.0012511479668319224
2024-06-19,600127,val,-0.019276416,0.009170137,2020-05-08,2024-05-16,12666,1080,4,8,0.0012511479668319224
2024-06-19,600153,val,0.009019723,0.008620866,2020-05-08,2024-05-16,12666,1080,4,8,0.0012511479668319224
2024-06-19,600548,val,0.0320098,0.007760532,2020-05-08,2024-05-16,12666,1080,4,8,0.0012511479668319224
2024-06-19,600865,val,0.00713358,0.011929579,2020-05-08,2024-05-16,12666,1080,4,8,0.0012511479668319224
2024-06-19,600967,val,-0.023046507,0.006266393,2020-05-08,2024-05-16,12666,1080,4,8,0.0012511479668319224
2024-06-19,601222,val,0.0032365725,-0.002543144,2020-05-08,2024-05-16,12666,1080,4,8,0.0012511479668319224
2024-06-19,603237,val,0.03906037,0.012723565,2020-05-08,2024-05-16,12666,1080,4,8,0.0012511479668319224
2024-06-19,603335,val,0.044318423,0.004672624,2020-05-08,2024-05-16,12666,1080,4,8,0.0012511479668319224
2024-06-19,603658,val,0.010347406,0.005254999,2020-05-08,2024-05-16,12666,1080,4,8,0.0012511479668319224
2024-06-19,605090,val,-0.0002233311,0.003694035,2020-05-08,2024-05-16,12666,1080,4,8,0.0012511479668319224
2024-06-19,605589,val,0.01349567,0.0014723018,2020-05-08,2024-05-16,12666,1080,4,8,0.0012511479668319224
2024-06-19,688031,val,-0.048735145,-0.00093396753,2020-05-08,2024-05-16,12666,1080,4,8,0.0012511479668319224
2024-06-19,688045,val,-0.0334034,-0.048633195,2020-05-08,2024-05-16,12666,1080,4,8,0.0012511479668319224
2024-06-19,688133,val,-0.021119416,0.0034945384,2020-05-08,2024-05-16,12666,1080,4,8,0.0012511479668319224
2024-06-19,688147,val,-0.049404364,0.004624605,2020-05-08,2024-05-16,12666,1080,4,8,0.0012511479668319224
2024-06-19,688528,val,0.041041043,0.0056557655,2020-05-08,2024-05-16,12666,1080,4,8,0.0012511479668319224
2024-06-20,600025,val,0.039039157,-0.0021598712,2020-05-08,2024-05-16,12666,1080,4,8,0.0012511479668319224
2024-06-20,600051,val,0.016156692,0.00698743,2020-05-08,2024-05-16,12666,1080,4,8,0.0012511479668319224
2024-06-20,600127,val,-0.012593262,0.008620203,2020-05-08,2024-05-16,12666,1080,4,8,0.0012511479668319224
2024-06-20,600153,val,0.018152371,0.009408653,2020-05-08,2024-05-16,12666,1080,4,8,0.0012511479668319224
2024-06-20,600548,val,0.048063125,0.008104973,2020-05-08,2024-05-16,12666,1080,4,8,0.0012511479668319224
2024-06-20,600865,val,0.03665341,0.013838597,2020-05-08,2024-05-16,12666,1080,4,8,0.0012511479668319224
2024-06-20,600967,val,-0.00014883952,0.00706055,2020-05-08,2024-05-16,12666,1080,4,8,0.0012511479668319224
2024-06-20,601222,val,0.025644753,0.0024339706,2020-05-08,2024-05-16,12666,1080,4,8,0.0012511479668319224
2024-06-20,603237,val,0.05032059,0.013141476,2020-05-08,2024-05-16,12666,1080,4,8,0.0012511479668319224
2024-06-20,603335,val,0.07003474,0.003941603,2020-05-08,2024-05-16,12666,1080,4,8,0.0012511479668319224
2024-06-20,603658,val,0.026087679,0.004815437,2020-05-08,2024-05-16,12666,1080,4,8,0.0012511479668319224
2024-06-20,605090,val,0.011837761,0.0057004616,2020-05-08,2024-05-16,12666,1080,4,8,0.0012511479668319224
2024-06-20,605589,val,0.002632801,0.003561467,2020-05-08,2024-05-16,12666,1080,4,8,0.0012511479668319224
2024-06-20,688031,val,-0.05234083,-0.0020470843,2020-05-08,2024-05-16,12666,1080,4,8,0.0012511479668319224
2024-06-20,688045,val,-0.12605402,-0.05547405,2020-05-08,2024-05-16,12666,1080,4,8,0.0012511479668319224
2024-06-20,688133,val,-0.061085355,0.003022708,2020-05-08,2024-05-16,12666,1080,4,8,0.0012511479668319224
2024-06-20,688147,val,-0.07385863,0.0031650737,2020-05-08,2024-05-16,12666,1080,4,8,0.0012511479668319224
2024-06-20,688528,val,0.0030191771,-0.005766459,2020-05-08,2024-05-16,12666,1080,4,8,0.0012511479668319224
2024-06-21,600025,val,0.045872055,-0.0012038276,2020-05-08,2024-05-16,12666,1080,4,8,0.0012511479668319224
2024-06-21,600051,val,0.01146935,0.0067053884,2020-05-08,2024-05-16,12666,1080,4,8,0.0012511479668319224
2024-06-21,600127,val,0.007826531,0.0078743175,2020-05-08,2024-05-16,12666,1080,4,8,0.0012511479668319224
2024-06-21,600153,val,0.020652605,0.009034403,2020-05-08,2024-05-16,12666,1080,4,8,0.0012511479668319224
2024-06-21,600548,val,0.030516969,-0.0001572445,2020-05-08,2024-05-16,12666,1080,4,8,0.0012511479668319224
2024-06-21,600865,val,0.00420118,0.013457105,2020-05-08,2024-05-16,12666,1080,4,8,0.0012511479668319224
2024-06-21,600967,val,0.013183444,0.00707265,2020-05-08,2024-05-16,12666,1080,4,8,0.0012511479668319224
2024-06-21,601222,val,0.037326638,0.0042052716,2020-05-08,2024-05-16,12666,1080,4,8,0.0012511479668319224
2024-06-21,603237,val,0.02791054,0.013445772,2020-05-08,2024-05-16,12666,1080,4,8,0.0012511479668319224
2024-06-21,603335,val,0.04286265,0.00340157,2020-05-08,2024-05-16,12666,1080,4,8,0.0012511479668319224
2024-06-21,603658,val,0.00804751,0.004674442,2020-05-08,2024-05-16,12666,1080,4,8,0.0012511479668319224
2024-06-21,605090,val,0.009064892,0.0044669956,2020-05-08,2024-05-16,12666,1080,4,8,0.0012511479668319224
2024-06-21,605589,val,-0.0019992888,0.004511066,2020-05-08,2024-05-16,12666,1080,4,8,0.0012511479668319224
2024-06-21,688031,val,-0.061269276,-0.002173394,2020-05-08,2024-05-16,12666,1080,4,8,0.0012511479668319224
2024-06-21,688045,val,-0.06266759,-0.048476733,2020-05-08,2024-05-16,12666,1080,4,8,0.0012511479668319224
2024-06-21,688133,val,-0.07330505,0.0025212765,2020-05-08,2024-05-16,12666,1080,4,8,0.0012511479668319224
2024-06-21,688147,val,-0.076544784,0.00076351315,2020-05-08,2024-05-16,12666,1080,4,8,0.0012511479668319224
2024-06-21,688528,val,0.025535649,-0.0010074303,2020-05-08,2024-05-16,12666,1080,4,8,0.0012511479668319224
2024-06-24,600025,val,0.030417,-0.0016715676,2020-05-08,2024-05-16,12666,1080,4,8,0.0012511479668319224
2024-06-24,600051,val,0.032684363,0.007909037,2020-05-08,2024-05-16,12666,1080,4,8,0.0012511479668319224
2024-06-24,600127,val,0.027001303,0.00639873,2020-05-08,2024-05-16,12666,1080,4,8,0.0012511479668319224
2024-06-24,600153,val,0.026366511,0.00890509,2020-05-08,2024-05-16,12666,1080,4,8,0.0012511479668319224
2024-06-24,600548,val,0.028455863,0.0012992173,2020-05-08,2024-05-16,12666,1080,4,8,0.0012511479668319224
2024-06-24,600865,val,0.03183927,0.013614863,2020-05-08,2024-05-16,12666,1080,4,8,0.0012511479668319224
2024-06-24,600967,val,0.0074578375,0.0061089173,2020-05-08,2024-05-16,12666,1080,4,8,0.0012511479668319224
2024-06-24,601222,val,0.021227945,0.0033426434,2020-05-08,2024-05-16,12666,1080,4,8,0.0012511479668319224
2024-06-24,603237,val,-0.002175467,0.013394095,2020-05-08,2024-05-16,12666,1080,4,8,0.0012511479668319224
2024-06-24,603335,val,0.052417304,0.0027612224,2020-05-08,2024-05-16,12666,1080,4,8,0.0012511479668319224
2024-06-24,603658,val,-0.03107232,0.00579682,2020-05-08,2024-05-16,12666,1080,4,8,0.0012511479668319224
2024-06-24,605090,val,0.018331053,0.0048642904,2020-05-08,2024-05-16,12666,1080,4,8,0.0012511479668319224
2024-06-24,605589,val,0.023057548,0.004671797,2020-05-08,2024-05-16,12666,1080,4,8,0.0012511479668319224
2024-06-24,688031,val,-0.058202434,-0.0014047548,2020-05-08,2024-05-16,12666,1080,4,8,0.0012511479668319224
2024-06-24,688045,val,-0.07855968,-0.040940173,2020-05-08,2024-05-16,12666,1080,4,8,0.0012511479668319224
2024-06-24,688133,val,-0.039089758,0.0028856546,2020-05-08,2024-05-16,12666,1080,4,8,0.0012511479668319224
2024-06-24,688147,val,-0.08976423,0.00070438534,2020-05-08,2024-05-16,12666,1080,4,8,0.0012511479668319224
2024-06-24,688528,val,-0.01056139,0.0052460358,2020-05-08,2024-05-16,12666,1080,4,8,0.0012511479668319224
2024-06-25,600025,val,0.053871498,5.4463744e-05,2020-05-08,2024-05-16,12666,1080,4,8,0.0012511479668319224
2024-06-25,600051,val,0.024798408,0.0051471516,2020-05-08,2024-05-16,12666,1080,4,8,0.0012511479668319224
2024-06-25,600127,val,0.033855822,0.0057756826,2020-05-08,2024-05-16,12666,1080,4,8,0.0012511479668319224
2024-06-25,600153,val,-0.0042936993,0.0071583167,2020-05-08,2024-05-16,12666,1080,4,8,0.0012511479668319224
2024-06-25,600548,val,0.044639364,0.002847977,2020-05-08,2024-05-16,12666,1080,4,8,0.0012511479668319224
2024-06-25,600865,val,0.04254091,0.0107278,2020-05-08,2024-05-16,12666,1080,4,8,0.0012511479668319224
2024-06-25,600967,val,0.012572157,0.0060020536,2020-05-08,2024-05-16,12666,1080,4,8,0.0012511479668319224
2024-06-25,601222,val,0.0035512997,0.0023141801,2020-05-08,2024-05-16,12666,1080,4,8,0.0012511479668319224
2024-06-25,603237,val,-0.00031737413,0.012490638,2020-05-08,2024-05-16,12666,1080,4,8,0.0012511479668319224
2024-06-25,603335,val,0.028177856,0.0020131394,2020-05-08,2024-05-16,12666,1080,4,8,0.0012511479668319224
2024-06-25,603658,val,-0.03117459,0.006397821,2020-05-08,2024-05-16,12666,1080,4,8,0.0012511479668319224
2024-06-25,605090,val,0.011717441,0.0027162954,2020-05-08,2024-05-16,12666,1080,4,8,0.0012511479668319224
2024-06-25,605589,val,0.009723875,0.0069490895,2020-05-08,2024-05-16,12666,1080,4,8,0.0012511479668319224
2024-06-25,688031,val,-0.005160555,0.0037332699,2020-05-08,2024-05-16,12666,1080,4,8,0.0012511479668319224
2024-06-25,688045,val,-0.060049023,-0.031436764,2020-05-08,2024-05-16,12666,1080,4,8,0.0012511479668319224
2024-06-25,688133,val,-0.04795947,0.001755245,2020-05-08,2024-05-16,12666,1080,4,8,0.0012511479668319224
2024-06-25,688147,val,-0.094284564,0.0028346032,2020-05-08,2024-05-16,12666,1080,4,8,0.0012511479668319224
2024-06-25,688528,val,-0.017013228,0.0071116164,2020-05-08,2024-05-16,12666,1080,4,8,0.0012511479668319224
2024-06-26,600025,val,0.084279954,0.0055206195,2020-05-08,2024-05-16,12666,1080,4,8,0.0012511479668319224
2024-06-26,600051,val,0.020636685,0.0036448464,2020-05-08,2024-05-16,12666,1080,4,8,0.0012511479668319224
2024-06-26,600127,val,0.042078473,0.005511835,2020-05-08,2024-05-16,12666,1080,4,8,0.0012511479668319224
2024-06-26,600153,val,0.011168496,0.0060259476,2020-05-08,2024-05-16,12666,1080,4,8,0.0012511479668319224
2024-06-26,600548,val,0.08201046,0.008032255,2020-05-08,2024-05-16,12666,1080,4,8,0.0012511479668319224
2024-06-26,600865,val,0.066917695,0.009598933,2020-05-08,2024-05-16,12666,1080,4,8,0.0012511479668319224
2024-06-26,600967,val,0.02165039,0.0067663714,2020-05-08,2024-05-16,12666,1080,4,8,0.0012511479668319224
2024-06-26,601222,val,0.010135734,0.0033309683,2020-05-08,2024-05-16,12666,1080,4,8,0.0012511479668319224
2024-06-26,603237,val,0.021291276,0.011571482,2020-05-08,2024-05-16,12666,1080,4,8,0.0012511479668319224
2024-06-26,603335,val,-0.01675481,-0.0062645003,2020-05-08,2024-05-16,12666,1080,4,8,0.0012511479668319224
2024-06-26,603658,val,-0.032215677,0.0071111545,2020-05-08,2024-05-16,12666,1080,4,8,0.0012511479668319224
2024-06-26,605090,val,0.0077329776,0.005166635,2020-05-08,2024-05-16,12666,1080,4,8,0.0012511479668319224
2024-06-26,605589,val,0.0019973232,0.0061029643,2020-05-08,2024-05-16,12666,1080,4,8,0.0012511479668319224
2024-06-26,688031,val,-0.0687453,0.0022518411,2020-05-08,2024-05-16,12666,1080,4,8,0.0012511479668319224
2024-06-26,688045,val,-0.043086115,-0.025199316,2020-05-08,2024-05-16,12666,1080,4,8,0.0012511479668319224
2024-06-26,688133,val,-0.039871223,0.0010643229,2020-05-08,2024-05-16,12666,1080,4,8,0.0012511479668319224
2024-06-26,688147,val,-0.08240063,0.0037746057,2020-05-08,2024-05-16,12666,1080,4,8,0.0012511479668319224
2024-06-26,688528,val,-0.048448883,0.0052425563,2020-05-08,2024-05-16,12666,1080,4,8,0.0012511479668319224
2024-06-27,600025,val,0.099077,0.0025275126,2020-05-08,2024-05-16,12666,1080,4,8,0.0012511479668319224
2024-06-27,600051,val,0.0063577583,0.0036860853,2020-05-08,2024-05-16,12666,1080,4,8,0.0012511479668319224
2024-06-27,600127,val,0.024004817,0.0057745352,2020-05-08,2024-05-16,12666,1080,4,8,0.0012511479668319224
2024-06-27,600153,val,-0.008948288,0.0043330938,2020-05-08,2024-05-16,12666,1080,4,8,0.0012511479668319224
2024-06-27,600548,val,0.0745933,0.0070137084,2020-05-08,2024-05-16,12666,1080,4,8,0.0012511479668319224
2024-06-27,600865,val,0.031829543,0.008398056,2020-05-08,2024-05-16,12666,1080,4,8,0.0012511479668319224
2024-06-27,600967,val,0.021007665,0.0069291964,2020-05-08,2024-05-16,12666,1080,4,8,0.0012511479668319224
2024-06-27,601222,val,0.045042686,0.0039212704,2020-05-08,2024-05-16,12666,1080,4,8,0.0012511479668319224
2024-06-27,603237,val,-0.0020821395,0.010598503,2020-05-08,2024-05-16,12666,1080,4,8,0.0012511479668319224
2024-06-27,603335,val,-0.016860567,-0.0034442693,2020-05-08,2024-05-16,12666,1080,4,8,0.0012511479668319224
2024-06-27,603658,val,-0.03807944,0.0064185783,2020-05-08,2024-05-16,12666,1080,4,8,0.0012511479668319224
2024-06-27,605090,val,0.035550732,0.007179104,2020-05-08,2024-05-16,12666,1080,4,8,0.0012511479668319224
2024-06-27,605589,val,0.051782593,0.007316686,2020-05-08,2024-05-16,12666,1080,4,8,0.0012511479668319224
2024-06-27,688031,val,-0.08123022,-0.0022038892,2020-05-08,2024-05-16,12666,1080,4,8,0.0012511479668319224
2024-06-27,688045,val,-0.052636303,-0.017142542,2020-05-08,2024-05-16,12666,1080,4,8,0.0012511479668319224
2024-06-27,688133,val,-0.02921998,0.0025898293,2020-05-08,2024-05-16,12666,1080,4,8,0.0012511479668319224
2024-06-27,688147,val,-0.074717365,0.005954005,2020-05-08,2024-05-16,12666,1080,4,8,0.0012511479668319224
2024-06-27,688528,val,-0.041403987,0.0041568503,2020-05-08,2024-05-16,12666,1080,4,8,0.0012511479668319224
2024-06-28,600025,val,0.07406723,0.0010246411,2020-05-08,2024-05-16,12666,1080,4,8,0.0012511479668319224
2024-06-28,600051,val,0.0074935486,0.005532019,2020-05-08,2024-05-16,12666,1080,4,8,0.0012511479668319224
2024-06-28,600127,val,0.018052405,0.005829416,2020-05-08,2024-05-16,12666,1080,4,8,0.0012511479668319224
2024-06-28,600153,val,-0.03425765,0.0007794276,2020-05-08,2024-05-16,12666,1080,4,8,0.0012511479668319224
2024-06-28,600548,val,0.051494386,0.0058361813,2020-05-08,2024-05-16,12666,1080,4,8,0.0012511479668319224
2024-06-28,600865,val,0.07231211,0.008939378,2020-05-08,2024-05-16,12666,1080,4,8,0.0012511479668319224
2024-06-28,600967,val,0.006858192,0.0050154775,2020-05-08,2024-05-16,12666,1080,4,8,0.0012511479668319224
2024-06-28,601222,val,-0.002336015,-0.005995311,2020-05-08,2024-05-16,12666,1080,4,8,0.0012511479668319224
2024-06-28,603237,val,-0.010509056,0.009741545,2020-05-08,2024-05-16,12666,1080,4,8,0.0012511479668319224
2024-06-28,603335,val,0.008393383,0.0055117533,2020-05-08,2024-05-16,12666,1080,4,8,0.0012511479668319224
2024-06-28,603341,val,-0.061172053,-0.0019257441,2020-05-08,2024-05-16,12666,1080,4,8,0.0012511479668319224
2024-06-28,603658,val,-0.0024132207,0.006386794,2020-05-08,2024-05-16,12666,1080,4,8,0.0012511479668319224
2024-06-28,605090,val,0.018277686,0.0053532943,2020-05-08,2024-05-16,12666,1080,4,8,0.0012511479668319224
2024-06-28,605589,val,0.032334663,0.006638281,2020-05-08,2024-05-16,12666,1080,4,8,0.0012511479668319224
2024-06-28,688031,val,-0.06169053,-0.004831396,2020-05-08,2024-05-16,12666,1080,4,8,0.0012511479668319224
2024-06-28,688045,val,-0.034172338,-0.013835847,2020-05-08,2024-05-16,12666,1080,4,8,0.0012511479668319224
2024-06-28,688133,val,0.0052044867,0.0037895218,2020-05-08,2024-05-16,12666,1080,4,8,0.0012511479668319224
2024-06-28,688147,val,-0.04963809,0.009725027,2020-05-08,2024-05-16,12666,1080,4,8,0.0012511479668319224
2024-06-28,688528,val,-0.03829913,0.003882356,2020-05-08,2024-05-16,12666,1080,4,8,0.0012511479668319224
2024-07-01,600025,val,0.10859226,-0.0024567023,2020-05-08,2024-05-16,12666,1080,4,8,0.0012511479668319224
2024-07-01,600051,val,0.0029997902,0.005557917,2020-05-08,2024-05-16,12666,1080,4,8,0.0012511479668319224
2024-07-01,600127,val,0.010798996,0.00545796,2020-05-08,2024-05-16,12666,1080,4,8,0.0012511479668319224
2024-07-01,600153,val,-0.045483112,-0.0026178584,2020-05-08,2024-05-16,12666,1080,4,8,0.0012511479668319224
2024-07-01,600548,val,0.049462516,0.0032330975,2020-05-08,2024-05-16,12666,1080,4,8,0.0012511479668319224
2024-07-01,600865,val,0.029743977,0.007605754,2020-05-08,2024-05-16,12666,1080,4,8,0.0012511479668319224
2024-07-01,600967,val,0.017936362,0.0055328235,2020-05-08,2024-05-16,12666,1080,4,8,0.0012511479668319224
2024-07-01,601222,val,0.004263693,-0.001031734,2020-05-08,2024-05-16,12666,1080,4,8,0.0012511479668319224
2024-07-01,603237,val,0.00022989046,0.009323217,2020-05-08,2024-05-16,12666,1080,4,8,0.0012511479668319224
2024-07-01,603335,val,-0.004106153,0.0087604895,2020-05-08,2024-05-16,12666,1080,4,8,0.0012511479668319224
2024-07-01,603341,val,-0.05706347,-0.005259253,2020-05-08,2024-05-16,12666,1080,4,8,0.0012511479668319224
2024-07-01,603658,val,-0.0026168285,0.0069970563,2020-05-08,2024-05-16,12666,1080,4,8,0.0012511479668319224
2024-07-01,605090,val,0.009647744,0.0012717023,2020-05-08,2024-05-16,12666,1080,4,8,0.0012511479668319224
2024-07-01,605589,val,-0.011050598,-0.0052560642,2020-05-08,2024-05-16,12666,1080,4,8,0.0012511479668319224
2024-07-01,688031,val,-0.06813082,-0.006150149,2020-05-08,2024-05-16,12666,1080,4,8,0.0012511479668319224
2024-07-01,688045,val,0.020717358,-0.0069366023,2020-05-08,2024-05-16,12666,1080,4,8,0.0012511479668319224
2024-07-01,688133,val,-0.02633529,0.0037068278,2020-05-08,2024-05-16,12666,1080,4,8,0.0012511479668319224
2024-07-01,688147,val,-0.020270642,0.016704984,2020-05-08,2024-05-16,12666,1080,4,8,0.0012511479668319224
2024-07-01,688528,val,-0.019335669,0.008226998,2020-05-08,2024-05-16,12666,1080,4,8,0.0012511479668319224
2024-07-02,600025,val,0.080599256,-0.009472936,2020-05-08,2024-05-16,12666,1080,4,8,0.0012511479668319224
2024-07-02,600051,val,-0.022086909,0.005881354,2020-05-08,2024-05-16,12666,1080,4,8,0.0012511479668319224
2024-07-02,600127,val,-0.01079234,0.0037900135,2020-05-08,2024-05-16,12666,1080,4,8,0.0012511479668319224
2024-07-02,600153,val,-0.025193594,-0.0037233308,2020-05-08,2024-05-16,12666,1080,4,8,0.0012511479668319224
2024-07-02,600548,val,0.02176437,-0.0016376898,2020-05-08,2024-05-16,12666,1080,4,8,0.0012511479668319224
2024-07-02,600865,val,-0.009418231,0.005149238,2020-05-08,2024-05-16,12666,1080,4,8,0.0012511479668319224
2024-07-02,600967,val,0.0008197304,0.0067633763,2020-05-08,2024-05-16,12666,1080,4,8,0.0012511479668319224
2024-07-02,601222,val,0.01957484,0.0027876422,2020-05-08,2024-05-16,12666,1080,4,8,0.0012511479668319224
2024-07-02,603237,val,-0.035917982,0.009549461,2020-05-08,2024-05-16,12666,1080,4,8,0.0012511479668319224
2024-07-02,603335,val,-0.007094406,0.009206355,2020-05-08,2024-05-16,12666,1080,4,8,0.0012511479668319224
2024-07-02,603341,val,-0.0019968466,-0.0061147884,2020-05-08,2024-05-16,12666,1080,4,8,0.0012511479668319224
2024-07-02,603658,val,-0.01655235,0.007889673,2020-05-08,2024-05-16,12666,1080,4,8,0.0012511479668319224
2024-07-02,605090,val,0.03373719,0.003323719,2020-05-08,2024-05-16,12666,1080,4,8,0.0012511479668319224
2024-07-02,605589,val,1.6822934e-05,-0.0044849887,2020-05-08,2024-05-16,12666,1080,4,8,0.0012511479668319224
2024-07-02,688031,val,-0.071294725,-0.005393386,2020-05-08,2024-05-16,12666,1080,4,8,0.0012511479668319224
2024-07-02,688045,val,0.071609154,-0.0041569397,2020-05-08,2024-05-16,12666,1080,4,8,0.0012511479668319224
2024-07-02,688133,val,-0.022705738,0.002464041,2020-05-08,2024-05-16,12666,1080,4,8,0.0012511479668319224
2024-07-02,688147,val,0.017432874,0.021289892,2020-05-08,2024-05-16,12666,1080,4,8,0.0012511479668319224
2024-07-02,688528,val,-0.022501117,0.009386361,2020-05-08,2024-05-16,12666,1080,4,8,0.0012511479668319224
2024-07-03,600025,val,0.06447757,-0.00939168,2020-05-08,2024-05-16,12666,1080,4,8,0.0012511479668319224
2024-07-03,600051,val,-0.023306983,0.0074865744,2020-05-08,2024-05-16,12666,1080,4,8,0.0012511479668319224
2024-07-03,600127,val,-0.012516373,0.0044589266,2020-05-08,2024-05-16,12666,1080,4,8,0.0012511479668319224
2024-07-03,600153,val,-0.02686787,-0.0030156672,2020-05-08,2024-05-16,12666,1080,4,8,0.0012511479668319224
2024-07-03,600548,val,0.019831428,-0.006903,2020-05-08,2024-05-16,12666,1080,4,8,0.0012511479668319224
2024-07-03,600865,val,-0.03776071,-0.010479607,2020-05-08,2024-05-16,12666,1080,4,8,0.0012511479668319224
2024-07-03,600967,val,0.0041320603,0.0074975044,2020-05-08,2024-05-16,12666,1080,4,8,0.0012511479668319224
2024-07-03,601222,val,0.015676381,0.007006608,2020-05-08,2024-05-16,12666,1080,4,8,0.0012511479668319224
2024-07-03,603237,val,-0.0478913,0.008375287,2020-05-08,2024-05-16,12666,1080,4,8,0.0012511479668319224
2024-07-03,603335,val,0.009462484,0.008048795,2020-05-08,2024-05-16,12666,1080,4,8,0.0012511479668319224
2024-07-03,603341,val,0.026703745,-0.0072311386,2020-05-08,2024-05-16,12666,1080,4,8,0.0012511479668319224
2024-07-03,603658,val,0.009364989,0.008998789,2020-05-08,2024-05-16,12666,1080,4,8,0.0012511479668319224
2024-07-03,605090,val,0.02421882,0.0064070076,2020-05-08,2024-05-16,12666,1080,4,8,0.0012511479668319224
2024-07-03,605589,val,-0.011465506,-0.0013316497,2020-05-08,2024-05-16,12666,1080,4,8,0.0012511479668319224
2024-07-03,688031,val,-0.034174975,-0.002420321,2020-05-08,2024-05-16,12666,1080,4,8,0.0012511479668319224
2024-07-03,688045,val,0.039871544,-0.0066241175,2020-05-08,2024-05-16,12666,1080,4,8,0.0012511479668319224
2024-07-03,688133,val,-0.008656097,0.002054125,2020-05-08,2024-05-16,12666,1080,4,8,0.0012511479668319224
2024-07-03,688147,val,0.0074513457,0.021582402,2020-05-08,2024-05-16,12666,1080,4,8,0.0012511479668319224
2024-07-03,688528,val,-0.018550554,0.010979347,2020-05-08,2024-05-16,12666,1080,4,8,0.0012511479668319224
2024-07-04,600025,val,0.0057261856,-0.008060694,2020-05-08,2024-05-16,12666,1080,4,8,0.0012511479668319224
2024-07-04,600051,val,-0.015348942,0.007697232,2020-05-08,2024-05-16,12666,1080,4,8,0.0012511479668319224
2024-07-04,600127,val,-0.019340958,0.005709462,2020-05-08,2024-05-16,12666,1080,4,8,0.0012511479668319224
2024-07-04,600153,val,-0.03768958,-0.003194794,2020-05-08,2024-05-16,12666,1080,4,8,0.0012511479668319224
2024-07-04,600548,val,-0.022289071,-0.0019971803,2020-05-08,2024-05-16,12666,1080,4,8,0.0012511479668319224
2024-07-04,600865,val,-0.011576983,-0.009204678,2020-05-08,2024-05-16,12666,1080,4,8,0.0012511479668319224
2024-07-04,600967,val,0.0077145053,0.0068400875,2020-05-08,2024-05-16,12666,1080,4,8,0.0012511479668319224
2024-07-04,601222,val,-0.021057991,0.003021881,2020-05-08,2024-05-16,12666,1080,4,8,0.0012511479668319224
2024-07-04,603237,val,-0.031840958,0.0072885826,2020-05-08,2024-05-16,12666,1080,4,8,0.0012511479668319224
2024-07-04,603335,val,0.015746761,0.0060406625,2020-05-08,2024-05-16,12666,1080,4,8,0.0012511479668319224
2024-07-04,603341,val,0.03565761,-0.008021034,2020-05-08,2024-05-16,12666,1080,4,8,0.0012511479668319224
2024-07-04,603658,val,-0.00042842873,0.009931885,2020-05-08,2024-05-16,12666,1080,4,8,0.0012511479668319224
2024-07-04,605090,val,0.028892944,0.0051601604,2020-05-08,2024-05-16,12666,1080,4,8,0.0012511479668319224
2024-07-04,605589,val,-0.028519949,-0.0036524013,2020-05-08,2024-05-16,12666,1080,4,8,0.0012511479668319224
2024-07-04,688031,val,-0.0041170777,0.0029576346,2020-05-08,2024-05-16,12666,1080,4,8,0.0012511479668319224
2024-07-04,688045,val,0.048504584,-0.0042147264,2020-05-08,2024-05-16,12666,1080,4,8,0.0012511479668319224
2024-07-04,688133,val,0.028939465,0.0016179085,2020-05-08,2024-05-16,12666,1080,4,8,0.0012511479668319224
2024-07-04,688147,val,0.034985263,0.02083145,2020-05-08,2024-05-16,12666,1080,4,8,0.0012511479668319224
2024-07-04,688528,val,-0.013957378,0.009774022,2020-05-08,2024-05-16,12666,1080,4,8,0.0012511479668319224
2024-07-05,600025,val,0.0060114707,-0.0060485974,2020-05-08,2024-05-16,12666,1080,4,8,0.0012511479668319224
2024-07-05,600051,val,-0.0065784575,0.0073793456,2020-05-08,2024-05-16,12666,1080,4,8,0.0012511479668319224
2024-07-05,600127,val,-0.013245124,0.007837862,2020-05-08,2024-05-16,12666,1080,4,8,0.0012511479668319224
2024-07-05,600153,val,-0.014504481,0.0004807189,2020-05-08,2024-05-16,12666,1080,4,8,0.0012511479668319224
2024-07-05,600548,val,0.0072610048,0.0034866482,2020-05-08,2024-05-16,12666,1080,4,8,0.0012511479668319224
2024-07-05,600865,val,-0.02021482,-0.004534751,2020-05-08,2024-05-16,12666,1080,4,8,0.0012511479668319224
2024-07-05,600967,val,0.014338919,0.005801983,2020-05-08,2024-05-16,12666,1080,4,8,0.0012511479668319224
2024-07-05,601222,val,-0.0013737385,0.0060208887,2020-05-08,2024-05-16,12666,1080,4,8,0.0012511479668319224
2024-07-05,603237,val,-0.008471202,0.0073234364,2020-05-08,2024-05-16,12666,1080,4,8,0.0012511479668319224
2024-07-05,603335,val,0.018174017,0.005230896,2020-05-08,2024-05-16,12666,1080,4,8,0.0012511479668319224
2024-07-05,603341,val,0.013285333,-0.0073004365,2020-05-08,2024-05-16,12666,1080,4,8,0.0012511479668319224
2024-07-05,603658,val,-0.029706463,0.0053782463,2020-05-08,2024-05-16,12666,1080,4,8,0.0012511479668319224
2024-07-05,605090,val,0.018018339,0.005741626,2020-05-08,2024-05-16,12666,1080,4,8,0.0012511479668319224
2024-07-05,605589,val,-0.030656327,0.0024887174,2020-05-08,2024-05-16,12666,1080,4,8,0.0012511479668319224
2024-07-05,688031,val,-0.012530838,0.007741444,2020-05-08,2024-05-16,12666,1080,4,8,0.0012511479668319224
2024-07-05,688045,val,0.029047646,-0.00734479,2020-05-08,2024-05-16,12666,1080,4,8,0.0012511479668319224
2024-07-05,688133,val,0.014808451,1.5027821e-05,2020-05-08,2024-05-16,12666,1080,4,8,0.0012511479668319224
2024-07-05,688147,val,0.028248062,0.019604743,2020-05-08,2024-05-16,12666,1080,4,8,0.0012511479668319224
2024-07-05,688528,val,-0.011911791,0.007651143,2020-05-08,2024-05-16,12666,1080,4,8,0.0012511479668319224
2024-07-08,600025,val,-0.00848686,-0.014488168,2020-05-08,2024-05-16,12666,1080,4,8,0.0012511479668319224
2024-07-08,600051,val,-0.0014979383,0.0068164095,2020-05-08,2024-05-16,12666,1080,4,8,0.0012511479668319224
2024-07-08,600127,val,-0.0018534907,0.0037752315,2020-05-08,2024-05-16,12666,1080,4,8,0.0012511479668319224
2024-07-08,600153,val,-0.004207028,0.0039312392,2020-05-08,2024-05-16,12666,1080,4,8,0.0012511479668319224
2024-07-08,600548,val,0.004199682,0.0049187765,2020-05-08,2024-05-16,12666,1080,4,8,0.0012511479668319224
2024-07-08,600865,val,-0.0057939673,0.0028785095,2020-05-08,2024-05-16,12666,1080,4,8,0.0012511479668319224
2024-07-08,600967,val,-0.0046722167,0.0009173006,2020-05-08,2024-05-16,12666,1080,4,8,0.0012511479668319224
2024-07-08,601222,val,-0.00664326,0.00810191,2020-05-08,2024-05-16,12666,1080,4,8,0.0012511479668319224
2024-07-08,603237,val,-0.022715326,0.0066326186,2020-05-08,2024-05-16,12666,1080,4,8,0.0012511479668319224
2024-07-08,603335,val,0.016972639,0.0039938837,2020-05-08,2024-05-16,12666,1080,4,8,0.0012511479668319224
2024-07-08,603341,val,0.036974706,-0.004536502,2020-05-08,2024-05-16,12666,1080,4,8,0.0012511479668319224
2024-07-08,603658,val,-0.0065733395,0.0052809343,2020-05-08,2024-05-16,12666,1080,4,8,0.0012511479668319224
2024-07-08,605090,val,0.02319579,0.005236149,2020-05-08,2024-05-16,12666,1080,4,8,0.0012511479668319224
2024-07-08,605589,val,-0.030649114,0.0037316903,2020-05-08,2024-05-16,12666,1080,4,8,0.0012511479668319224
2024-07-08,688031,val,-0.010267458,0.012610629,2020-05-08,2024-05-16,12666,1080,4,8,0.0012511479668319224
2024-07-08,688045,val,0.013001019,-0.011100076,2020-05-08,2024-05-16,12666,1080,4,8,0.0012511479668319224
2024-07-08,688133,val,0.003825962,-0.0018315762,2020-05-08,2024-05-16,12666,1080,4,8,0.0012511479668319224
2024-07-08,688147,val,0.013367933,0.017245486,2020-05-08,2024-05-16,12666,1080,4,8,0.0012511479668319224
2024-07-08,688528,val,-0.008177731,0.006266929,2020-05-08,2024-05-16,12666,1080,4,8,0.0012511479668319224
2024-07-09,600025,val,-0.002593975,-0.0043166056,2020-05-08,2024-05-16,12666,1080,4,8,0.0012511479668319224
2024-07-09,600051,val,0.0023204088,0.0059813634,2020-05-08,2024-05-16,12666,1080,4,8,0.0012511479668319224
2024-07-09,600127,val,0.008475907,0.005079627,2020-05-08,2024-05-16,12666,1080,4,8,0.0012511479668319224
2024-07-09,600153,val,-0.0057388693,0.0056546554,2020-05-08,2024-05-16,12666,1080,4,8,0.0012511479668319224
2024-07-09,600548,val,-0.0027167073,0.0013083592,2020-05-08,2024-05-16,12666,1080,4,8,0.0012511479668319224
2024-07-09,600865,val,-0.00014589578,0.009318538,2020-05-08,2024-05-16,12666,1080,4,8,0.0012511479668319224
2024-07-09,600967,val,0.010350944,0.0020703822,2020-05-08,2024-05-16,12666,1080,4,8,0.0012511479668319224
2024-07-09,601222,val,-0.017315289,0.006691642,2020-05-08,2024-05-16,12666,1080,4,8,0.0012511479668319224
2024-07-09,603237,val,-0.0030218353,0.00663393,2020-05-08,2024-05-16,12666,1080,4,8,0.0012511479668319224
2024-07-09,603335,val,0.018372329,0.0021383017,2020-05-08,2024-05-16,12666,1080,4,8,0.0012511479668319224
2024-07-09,603341,val,0.011989631,-0.0034945533,2020-05-08,2024-05-16,12666,1080,4,8,0.0012511479668319224
2024-07-09,603658,val,0.0035161641,0.0051860064,2020-05-08,2024-05-16,12666,1080,4,8,0.0012511479668319224
2024-07-09,605090,val,0.009532547,0.004249111,2020-05-08,2024-05-16,12666,1080,4,8,0.0012511479668319224
2024-07-09,605589,val,-0.03166515,0.0063934773,2020-05-08,2024-05-16,12666,1080,4,8,0.0012511479668319224
2024-07-09,688031,val,0.0016616562,0.014474325,2020-05-08,2024-05-16,12666,1080,4,8,0.0012511479668319224
2024-07-09,688045,val,-0.0057822284,-0.019964926,2020-05-08,2024-05-16,12666,1080,4,8,0.0012511479668319224
2024-07-09,688133,val,0.0076113855,-0.002544403,2020-05-08,2024-05-16,12666,1080,4,8,0.0012511479668319224
2024-07-09,688147,val,0.009122049,0.014803559,2020-05-08,2024-05-16,12666,1080,4,8,0.0012511479668319224
2024-07-09,688528,val,-0.013973072,0.005276896,2020-05-08,2024-05-16,12666,1080,4,8,0.0012511479668319224
2024-07-10,600025,val,-0.007455866,-0.0032449365,2020-05-08,2024-05-16,12666,1080,4,8,0.0012511479668319224
2024-07-10,600051,val,-0.0048294514,0.006040804,2020-05-08,2024-05-16,12666,1080,4,8,0.0012511479668319224
2024-07-10,600127,val,0.016467262,0.0044164583,2020-05-08,2024-05-16,12666,1080,4,8,0.0012511479668319224
2024-07-10,600153,val,-0.0042202356,0.00682237,2020-05-08,2024-05-16,12666,1080,4,8,0.0012511479668319224
2024-07-10,600548,val,-0.016931737,-0.00096227974,2020-05-08,2024-05-16,12666,1080,4,8,0.0012511479668319224
2024-07-10,600865,val,0.0050486485,0.009378448,2020-05-08,2024-05-16,12666,1080,4,8,0.0012511479668319224
2024-07-10,600967,val,0.0057073697,0.0029978082,2020-05-08,2024-05-16,12666,1080,4,8,0.0012511479668319224
2024-07-10,601222,val,-0.0092114555,0.008396186,2020-05-08,2024-05-16,12666,1080,4,8,0.0012511479668319224
2024-07-10,603237,val,0.008076884,0.006728187,2020-05-08,2024-05-16,12666,1080,4,8,0.0012511479668319224
2024-07-10,603335,val,-0.016014775,0.0011962578,2020-05-08,2024-05-16,12666,1080,4,8,0.0012511479668319224
2024-07-10,603341,val,-0.036215354,-0.0026524737,2020-05-08,2024-05-16,12666,1080,4,8,0.0012511479668319224
2024-07-10,603658,val,0.020636985,0.0037277117,2020-05-08,2024-05-16,12666,1080,4,8,0.0012511479668319224
2024-07-10,605090,val,0.0025014488,0.006801665,2020-05-08,2024-05-16,12666,1080,4,8,0.0012511479668319224
2024-07-10,605589,val,-0.019089486,0.0083068535,2020-05-08,2024-05-16,12666,1080,4,8,0.0012511479668319224
2024-07-10,688031,val,-0.037517566,0.015168197,2020-05-08,2024-05-16,12666,1080,4,8,0.0012511479668319224
2024-07-10,688045,val,-0.029533694,-0.019511998,2020-05-08,2024-05-16,12666,1080,4,8,0.0012511479668319224
2024-07-10,688133,val,0.0023208798,-0.0020005181,2020-05-08,2024-05-16,12666,1080,4,8,0.0012511479668319224
2024-07-10,688147,val,0.14785764,0.0130448565,2020-05-08,2024-05-16,12666,1080,4,8,0.0012511479668319224
2024-07-10,688528,val,-0.02759749,0.0044325963,2020-05-08,2024-05-16,12666,1080,4,8,0.0012511479668319224
2024-07-11,600025,val,0.036696926,0.0031418577,2020-05-08,2024-05-16,12666,1080,4,8,0.0012511479668319224
2024-07-11,600051,val,0.008415957,0.0056313947,2020-05-08,2024-05-16,12666,1080,4,8,0.0012511479668319224
2024-07-11,600127,val,0.018356316,0.005344622,2020-05-08,2024-05-16,12666,1080,4,8,0.0012511479668319224
2024-07-11,600153,val,0.017021202,0.00880973,2020-05-08,2024-05-16,12666,1080,4,8,0.0012511479668319224
2024-07-11,600548,val,0.033140466,0.005228333,2020-05-08,2024-05-16,12666,1080,4,8,0.0012511479668319224
2024-07-11,600865,val,0.0029479945,0.007631585,2020-05-08,2024-05-16,12666,1080,4,8,0.0012511479668319224
2024-07-11,600967,val,0.022746773,0.0016803071,2020-05-08,2024-05-16,12666,1080,4,8,0.0012511479668319224
2024-07-11,601222,val,-0.0057234922,0.008789614,2020-05-08,2024-05-16,12666,1080,4,8,0.0012511479668319224
2024-07-11,603237,val,-0.01139052,0.0058955327,2020-05-08,2024-05-16,12666,1080,4,8,0.0012511479668319224
2024-07-11,603335,val,-0.037333757,-0.00049971044,2020-05-08,2024-05-16,12666,1080,4,8,0.0012511479668319224
2024-07-11,603341,val,-0.046264917,-0.0020821318,2020-05-08,2024-05-16,12666,1080,4,8,0.0012511479668319224
2024-07-11,603658,val,0.009771628,0.0020179972,2020-05-08,2024-05-16,12666,1080,4,8,0.0012511479668319224
2024-07-11,605090,val,-0.0055290465,-0.006998718,2020-05-08,2024-05-16,12666,1080,4,8,0.0012511479668319224
2024-07-11,605589,val,-0.04134518,0.0036529005,2020-05-08,2024-05-16,12666,1080,4,8,0.0012511479668319224
2024-07-11,688031,val,-0.05809179,0.012503117,2020-05-08,2024-05-16,12666,1080,4,8,0.0012511479668319224
2024-07-11,688045,val,-0.04247505,-0.014789484,2020-05-08,2024-05-16,12666,1080,4,8,0.0012511479668319224
2024-07-11,688133,val,-0.015713086,-0.0027174056,2020-05-08,2024-05-16,12666,1080,4,8,0.0012511479668319224
2024-07-11,688147,val,0.16602503,0.009925418,2020-05-08,2024-05-16,12666,1080,4,8,0.0012511479668319224
2024-07-11,688528,val,-0.051255465,0.0034577325,2020-05-08,2024-05-16,12666,1080,4,8,0.0012511479668319224
2024-07-12,600025,val,0.041455284,0.0042488948,2020-05-08,2024-05-16,12666,1080,4,8,0.0012511479668319224
2024-07-12,600051,val,-0.013988749,0.00296323,2020-05-08,2024-05-16,12666,1080,4,8,0.0012511479668319224
2024-07-12,600127,val,-0.002359611,0.005891487,2020-05-08,2024-05-16,12666,1080,4,8,0.0012511479668319224
2024-07-12,600153,val,-0.0029449603,0.008131318,2020-05-08,2024-05-16,12666,1080,4,8,0.0012511479668319224
2024-07-12,600548,val,0.0008822301,-0.0004961267,2020-05-08,2024-05-16,12666,1080,4,8,0.0012511479668319224
2024-07-12,600865,val,-0.03223105,0.0032530949,2020-05-08,2024-05-16,12666,1080,4,8,0.0012511479668319224
2024-07-12,600967,val,0.022342363,0.003698729,2020-05-08,2024-05-16,12666,1080,4,8,0.0012511479668319224
2024-07-12,601222,val,-0.016455425,0.008662604,2020-05-08,2024-05-16,12666,1080,4,8,0.0012511479668319224
2024-07-12,603237,val,-0.025794392,0.0027111918,2020-05-08,2024-05-16,12666,1080,4,8,0.0012511479668319224
2024-07-12,603335,val,-0.043017134,0.0022675097,2020-05-08,2024-05-16,12666,1080,4,8,0.0012511479668319224
2024-07-12,603341,val,0.004925088,-0.0028922558,2020-05-08,2024-05-16,12666,1080,4,8,0.0012511479668319224
2024-07-12,603658,val,0.0018472124,0.0017566979,2020-05-08,2024-05-16,12666,1080,4,8,0.0012511479668319224
2024-07-12,605090,val,-0.019523544,-0.0080668405,2020-05-08,2024-05-16,12666,1080,4,8,0.0012511479668319224
2024-07-12,605589,val,-0.018539216,0.006887652,2020-05-08,2024-05-16,12666,1080,4,8,0.0012511479668319224
2024-07-12,688031,val,-0.018041,0.010552309,2020-05-08,2024-05-16,12666,1080,4,8,0.0012511479668319224
2024-07-12,688045,val,0.024056276,-0.010908537,2020-05-08,2024-05-16,12666,1080,4,8,0.0012511479668319224
2024-07-12,688133,val,0.007707503,-0.0029688254,2020-05-08,2024-05-16,12666,1080,4,8,0.0012511479668319224
2024-07-12,688147,val,0.12486707,0.005491726,2020-05-08,2024-05-16,12666,1080,4,8,0.0012511479668319224
2024-07-12,688528,val,-0.03518794,0.0027420446,2020-05-08,2024-05-16,12666,1080,4,8,0.0012511479668319224
2024-07-15,600025,val,-0.0098014455,0.0040513724,2020-05-08,2024-07-12,13386,1091,1,5,0.0011197623214684426
2024-07-15,600051,val,-0.016427498,0.0009139553,2020-05-08,2024-07-12,13386,1091,1,5,0.0011197623214684426
2024-07-15,600127,val,-0.025803689,0.00048271567,2020-05-08,2024-07-12,13386,1091,1,5,0.0011197623214684426
2024-07-15,600153,val,-0.028554095,-0.0012063757,2020-05-08,2024-07-12,13386,1091,1,5,0.0011197623214684426
2024-07-15,600548,val,-0.032939244,0.0050026774,2020-05-08,2024-07-12,13386,1091,1,5,0.0011197623214684426
2024-07-15,600865,val,-0.028126623,-0.00083106756,2020-05-08,2024-07-12,13386,1091,1,5,0.0011197623214684426
2024-07-15,600967,val,0.017478613,0.0044100657,2020-05-08,2024-07-12,13386,1091,1,5,0.0011197623214684426
2024-07-15,601222,val,-0.00010971151,0.0017522201,2020-05-08,2024-07-12,13386,1091,1,5,0.0011197623214684426
2024-07-15,603237,val,-0.027319048,-0.0012125596,2020-05-08,2024-07-12,13386,1091,1,5,0.0011197623214684426
2024-07-15,603335,val,-0.03721725,0.00018584728,2020-05-08,2024-07-12,13386,1091,1,5,0.0011197623214684426
2024-07-15,603341,val,0.016769156,0.0045795143,2020-05-08,2024-07-12,13386,1091,1,5,0.0011197623214684426
2024-07-15,603658,val,-0.008856416,0.00021096319,2020-05-08,2024-07-12,13386,1091,1,5,0.0011197623214684426
2024-07-15,605090,val,-0.04368783,-0.0010893643,2020-05-08,2024-07-12,13386,1091,1,5,0.0011197623214684426
2024-07-15,605589,val,-0.040390436,-0.00019467622,2020-05-08,2024-07-12,13386,1091,1,5,0.0011197623214684426
2024-07-15,688031,val,0.024170576,0.0019313246,2020-05-08,2024-07-12,13386,1091,1,5,0.0011197623214684426
2024-07-15,688045,val,0.047624405,-0.010195795,2020-05-08,2024-07-12,13386,1091,1,5,0.0011197623214684426
2024-07-15,688133,val,0.0817611,-0.0009729415,2020-05-08,2024-07-12,13386,1091,1,5,0.0011197623214684426
2024-07-15,688147,val,0.12658761,0.0061113015,2020-05-08,2024-07-12,13386,1091,1,5,0.0011197623214684426
2024-07-15,688528,val,-0.015158175,-0.0044417977,2020-05-08,2024-07-12,13386,1091,1,5,0.0011197623214684426
2024-07-16,600025,val,0.029310573,0.002514191,2020-05-08,2024-07-12,13386,1091,1,5,0.0011197623214684426
2024-07-16,600051,val,0.0053651105,0.0005822852,2020-05-08,2024-07-12,13386,1091,1,5,0.0011197623214684426
2024-07-16,600127,val,-0.0064397664,0.0025629327,2020-05-08,2024-07-12,13386,1091,1,5,0.0011197623214684426
2024-07-16,600153,val,-0.03287639,-0.0026799813,2020-05-08,2024-07-12,13386,1091,1,5,0.0011197623214684426
2024-07-16,600548,val,0.024351357,0.00519035,2020-05-08,2024-07-12,13386,1091,1,5,0.0011197623214684426
2024-07-16,600865,val,-0.00035203257,0.0001071766,2020-05-08,2024-07-12,13386,1091,1,5,0.0011197623214684426
2024-07-16,600967,val,0.031856317,0.0058873,2020-05-08,2024-07-12,13386,1091,1,5,0.0011197623214684426
2024-07-16,601222,val,0.0066491337,0.00016649812,2020-05-08,2024-07-12,13386,1091,1,5,0.0011197623214684426
2024-07-16,603237,val,-0.029243363,-0.00084834546,2020-05-08,2024-07-12,13386,1091,1,5,0.0011197623214684426
2024-07-16,603335,val,-0.02888922,0.0022264048,2020-05-08,2024-07-12,13386,1091,1,5,0.0011197623214684426
2024-07-16,603341,val,-0.022389097,0.0037513599,2020-05-08,2024-07-12,13386,1091,1,5,0.0011197623214684426
2024-07-16,603658,val,-0.024392992,0.0019332469,2020-05-08,2024-07-12,13386,1091,1,5,0.0011197623214684426
2024-07-16,605090,val,-0.04346373,0.0007995218,2020-05-08,2024-07-12,13386,1091,1,5,0.0011197623214684426
2024-07-16,605589,val,-0.046817373,-0.0010168776,2020-05-08,2024-07-12,13386,1091,1,5,0.0011197623214684426
2024-07-16,688031,val,-0.017109526,0.002801977,2020-05-08,2024-07-12,13386,1091,1,5,0.0011197623214684426
2024-07-16,688045,val,0.010018348,-0.014577925,2020-05-08,2024-07-12,13386,1091,1,5,0.0011197623214684426
2024-07-16,688133,val,0.06699896,0.00089465827,2020-05-08,2024-07-12,13386,1091,1,5,0.0011197623214684426
2024-07-16,688147,val,0.08263909,0.006417744,2020-05-08,2024-07-12,13386,1091,1,5,0.0011197623214684426
2024-07-16,688528,val,-0.0052154013,-0.004161939,2020-05-08,2024-07-12,13386,1091,1,5,0.0011197623214684426
2024-07-17,600025,val,0.07299911,0.0018709823,2020-05-08,2024-07-12,13386,1091,1,5,0.0011197623214684426
2024-07-17,600051,val,0.01748405,0.00030959398,2020-05-08,2024-07-12,13386,1091,1,5,0.0011197623214684426
2024-07-17,600127,val,-0.016105536,0.0020942762,2020-05-08,2024-07-12,13386,1091,1,5,0.0011197623214684426
2024-07-17,600153,val,-0.033429712,-0.0015657768,2020-05-08,2024-07-12,13386,1091,1,5,0.0011197623214684426
2024-07-17,600548,val,0.050590754,0.0044259056,2020-05-08,2024-07-12,13386,1091,1,5,0.0011197623214684426
2024-07-17,600865,val,-0.009069625,-0.00051070005,2020-05-08,2024-07-12,13386,1091,1,5,0.0011197623214684426
2024-07-17,600967,val,0.05099247,0.0057846233,2020-05-08,2024-07-12,13386,1091,1,5,0.0011197623214684426
2024-07-17,601222,val,0.016818564,-0.00042322278,2020-05-08,2024-07-12,13386,1091,1,5,0.0011197623214684426
2024-07-17,603237,val,-0.05044926,5.19678e-05,2020-05-08,2024-07-12,13386,1091,1,5,0.0011197623214684426
2024-07-17,603335,val,-0.017407285,0.002457112,2020-05-08,2024-07-12,13386,1091,1,5,0.0011197623214684426
2024-07-17,603341,val,0.0008896088,0.0034515858,2020-05-08,2024-07-12,13386,1091,1,5,0.0011197623214684426
2024-07-17,603658,val,-0.054784056,0.0015755668,2020-05-08,2024-07-12,13386,1091,1,5,0.0011197623214684426
2024-07-17,605090,val,-0.016113985,0.0020281821,2020-05-08,2024-07-12,13386,1091,1,5,0.0011197623214684426
2024-07-17,605589,val,0.008727746,-0.00060335547,2020-05-08,2024-07-12,13386,1091,1,5,0.0011197623214684426
2024-07-17,688031,val,-0.0053940667,0.0024152622,2020-05-08,2024-07-12,13386,1091,1,5,0.0011197623214684426
2024-07-17,688045,val,0.0060228473,-0.009090114,2020-05-08,2024-07-12,13386,1091,1,5,0.0011197623214684426
2024-07-17,688133,val,0.029567698,0.0019217432,2020-05-08,2024-07-12,13386,1091,1,5,0.0011197623214684426
2024-07-17,688147,val,-0.064293966,0.0011177063,2020-05-08,2024-07-12,13386,1091,1,5,0.0011197623214684426
2024-07-17,688528,val,0.012954635,-0.0032417998,2020-05-08,2024-07-12,13386,1091,1,5,0.0011197623214684426
2024-07-18,600025,val,0.03432346,0.0007909462,2020-05-08,2024-07-12,13386,1091,1,5,0.0011197623214684426
2024-07-18,600051,val,0.011983675,-6.8843365e-05,2020-05-08,2024-07-12,13386,1091,1,5,0.0011197623214684426
2024-07-18,600127,val,-0.006169474,0.0031221136,2020-05-08,2024-07-12,13386,1091,1,5,0.0011197623214684426
2024-07-18,600153,val,-0.04281305,0.0013311878,2020-05-08,2024-07-12,13386,1091,1,5,0.0011197623214684426
2024-07-18,600548,val,0.03762938,0.0025994182,2020-05-08,2024-07-12,13386,1091,1,5,0.0011197623214684426
2024-07-18,600865,val,-0.013526818,-0.0015928969,2020-05-08,2024-07-12,13386,1091,1,5,0.0011197623214684426
2024-07-18,600967,val,0.028403135,0.0038455427,2020-05-08,2024-07-12,13386,1091,1,5,0.0011197623214684426
2024-07-18,601222,val,0.029319143,-0.0008366853,2020-05-08,2024-07-12,13386,1091,1,5,0.0011197623214684426
2024-07-18,603237,val,-0.033371914,0.0012460947,2020-05-08,2024-07-12,13386,1091,1,5,0.0011197623214684426
2024-07-18,603335,val,0.011211355,0.0011661127,2020-05-08,2024-07-12,13386,1091,1,5,0.0011197623214684426
2024-07-18,603341,val,-0.0020929505,0.0032982752,2020-05-08,2024-07-12,13386,1091,1,5,0.0011197623214684426
2024-07-18,603658,val,-0.034943093,0.0030292347,2020-05-08,2024-07-12,13386,1091,1,5,0.0011197623214684426
2024-07-18,605090,val,-0.049377628,5.7935715e-05,2020-05-08,2024-07-12,13386,1091,1,5,0.0011197623214684426
2024-07-18,605589,val,0.0043274346,-0.0008770749,2020-05-08,2024-07-12,13386,1091,1,5,0.0011197623214684426
2024-07-18,688031,val,0.007795001,0.0028682277,2020-05-08,2024-07-12,13386,1091,1,5,0.0011197623214684426
2024-07-18,688045,val,0.02223266,-0.0015629455,2020-05-08,2024-07-12,13386,1091,1,5,0.0011197623214684426
2024-07-18,688133,val,0.040361065,0.002120547,2020-05-08,2024-07-12,13386,1091,1,5,0.0011197623214684426
2024-07-18,688147,val,-0.08802829,-0.0024708882,2020-05-08,2024-07-12,13386,1091,1,5,0.0011197623214684426
2024-07-18,688528,val,0.042736903,-0.00073106587,2020-05-08,2024-07-12,13386,1091,1,5,0.0011197623214684426
2024-07-19,600025,val,0.0014333649,0.0025701895,2020-05-08,2024-07-12,13386,1091,1,5,0.0011197623214684426
2024-07-19,600051,val,0.020929541,-0.00015708059,2020-05-08,2024-07-12,13386,1091,1,5,0.0011197623214684426
2024-07-19,600127,val,0.010117621,0.0035728589,2020-05-08,2024-07-12,13386,1091,1,5,0.0011197623214684426
2024-07-19,600153,val,-0.035592623,0.0025050342,2020-05-08,2024-07-12,13386,1091,1,5,0.0011197623214684426
2024-07-19,600548,val,0.0070798863,0.0037626699,2020-05-08,2024-07-12,13386,1091,1,5,0.0011197623214684426
2024-07-19,600865,val,0.024897283,-0.002763018,2020-05-08,2024-07-12,13386,1091,1,5,0.0011197623214684426
2024-07-19,600967,val,0.034205806,0.004214667,2020-05-08,2024-07-12,13386,1091,1,5,0.0011197623214684426
2024-07-19,601222,val,0.046964493,-0.000918217,2020-05-08,2024-07-12,13386,1091,1,5,0.0011197623214684426
2024-07-19,603237,val,-0.034770474,0.00030123442,2020-05-08,2024-07-12,13386,1091,1,5,0.0011197623214684426
2024-07-19,603335,val,0.09577769,-0.0006300807,2020-05-08,2024-07-12,13386,1091,1,5,0.0011197623214684426
2024-07-19,603341,val,-0.035000037,0.0022795126,2020-05-08,2024-07-12,13386,1091,1,5,0.0011197623214684426
2024-07-19,603658,val,-0.028610852,0.0033601,2020-05-08,2024-07-12,13386,1091,1,5,0.0011197623214684426
2024-07-19,605090,val,-0.012201052,0.0021142662,2020-05-08,2024-07-12,13386,1091,1,5,0.0011197623214684426
2024-07-19,605589,val,0.026061703,-0.0019271299,2020-05-08,2024-07-12,13386,1091,1,5,0.0011197623214684426
2024-07-19,688031,val,-0.031351026,0.0037534311,2020-05-08,2024-07-12,13386,1091,1,5,0.0011197623214684426
2024-07-19,688045,val,-0.05113221,-0.0067060813,2020-05-08,2024-07-12,13386,1091,1,5,0.0011197623214684426
2024-07-19,688133,val,0.007379516,0.0021632835,2020-05-08,2024-07-12,13386,1091,1,5,0.0011197623214684426
2024-07-19,688147,val,-0.07008871,0.0011396483,2020-05-08,2024-07-12,13386,1091,1,5,0.0011197623214684426
2024-07-19,688528,val,0.023900084,-0.0002528578,2020-05-08,2024-07-12,13386,1091,1,5,0.0011197623214684426
2024-07-22,600025,val,0.018922754,0.002092123,2020-05-08,2024-07-12,13386,1091,1,5,0.0011197623214684426
2024-07-22,600051,val,0.037389427,-0.00048515946,2020-05-08,2024-07-12,13386,1091,1,5,0.0011197623214684426
2024-07-22,600127,val,0.013061256,0.0032075718,2020-05-08,2024-07-12,13386,1091,1,5,0.0011197623214684426
2024-07-22,600153,val,-0.050623395,0.00242839,2020-05-08,2024-07-12,13386,1091,1,5,0.0011197623214684426
2024-07-22,600548,val,0.05220169,0.0034138486,2020-05-08,2024-07-12,13386,1091,1,5,0.0011197623214684426
2024-07-22,600865,val,0.03762501,-0.0028859377,2020-05-08,2024-07-12,13386,1091,1,5,0.0011197623214684426
2024-07-22,600967,val,0.05951669,0.004915096,2020-05-08,2024-07-12,13386,1091,1,5,0.0011197623214684426
2024-07-22,601222,val,0.0197782,-0.0023710653,2020-05-08,2024-07-12,13386,1091,1,5,0.0011197623214684426
2024-07-22,603237,val,-0.032709856,0.00077643245,2020-05-08,2024-07-12,13386,1091,1,5,0.0011197623214684426
2024-07-22,603335,val,0.097039364,-0.0022294745,2020-05-08,2024-07-12,13386,1091,1,5,0.0011197623214684426
2024-07-22,603341,val,-0.057700474,0.0010789111,2020-05-08,2024-07-12,13386,1091,1,5,0.0011197623214684426
2024-07-22,603658,val,-0.050974417,0.0045694485,2020-05-08,2024-07-12,13386,1091,1,5,0.0011197623214684426
2024-07-22,605090,val,0.020278376,0.0026894584,2020-05-08,2024-07-12,13386,1091,1,5,0.0011197623214684426
2024-07-22,605589,val,0.07418932,-0.0009835884,2020-05-08,2024-07-12,13386,1091,1,5,0.0011197623214684426
2024-07-22,688031,val,-0.04490639,0.0052515194,2020-05-08,2024-07-12,13386,1091,1,5,0.0011197623214684426
2024-07-22,688045,val,-0.08509896,-0.012255222,2020-05-08,2024-07-12,13386,1091,1,5,0.0011197623214684426
2024-07-22,688133,val,-0.03978229,-0.0014348552,2020-05-08,2024-07-12,13386,1091,1,5,0.0011197623214684426
2024-07-22,688147,val,-0.084548235,0.0056961477,2020-05-08,2024-07-12,13386,1091,1,5,0.0011197623214684426
2024-07-22,688528,val,0.016341936,-0.0016485453,2020-05-08,2024-07-12,13386,1091,1,5,0.0011197623214684426
2024-07-23,600025,val,-0.032437813,0.0008393228,2020-05-08,2024-07-12,13386,1091,1,5,0.0011197623214684426
2024-07-23,600051,val,0.024280554,-0.00077881664,2020-05-08,2024-07-12,13386,1091,1,5,0.0011197623214684426
2024-07-23,600127,val,0.009536678,0.0021380335,2020-05-08,2024-07-12,13386,1091,1,5,0.0011197623214684426
2024-07-23,600153,val,-0.053597987,0.0017303601,2020-05-08,2024-07-12,13386,1091,1,5,0.0011197623214684426
2024-07-23,600548,val,0.01244052,0.0011035576,2020-05-08,2024-07-12,13386,1091,1,5,0.0011197623214684426
2024-07-23,600865,val,0.024659771,-0.0038883016,2020-05-08,2024-07-12,13386,1091,1,5,0.0011197623214684426
2024-07-23,600967,val,0.0544786,0.0056630224,2020-05-08,2024-07-12,13386,1091,1,5,0.0011197623214684426
2024-07-23,601222,val,0.015291632,-0.0026332885,2020-05-08,2024-07-12,13386,1091,1,5,0.0011197623214684426
2024-07-23,603237,val,-0.024571668,-0.0004203096,2020-05-08,2024-07-12,13386,1091,1,5,0.0011197623214684426
2024-07-23,603335,val,0.06277762,-0.0036346093,2020-05-08,2024-07-12,13386,1091,1,5,0.0011197623214684426
2024-07-23,603341,val,-0.016861847,-0.00063414127,2020-05-08,2024-07-12,13386,1091,1,5,0.0011197623214684426
2024-07-23,603658,val,-0.04621836,0.00439851,2020-05-08,2024-07-12,13386,1091,1,5,0.0011197623214684426
2024-07-23,605090,val,0.011798265,0.0025446415,2020-05-08,2024-07-12,13386,1091,1,5,0.0011197623214684426
2024-07-23,605589,val,0.086413965,0.0006487593,2020-05-08,2024-07-12,13386,1091,1,5,0.0011197623214684426
2024-07-23,688031,val,-0.00931205,0.006400466,2020-05-08,2024-07-12,13386,1091,1,5,0.0011197623214684426
2024-07-23,688045,val,-0.061531458,-0.012502365,2020-05-08,2024-07-12,13386,1091,1,5,0.0011197623214684426
2024-07-23,688133,val,-0.008632434,0.0012333691,2020-05-08,2024-07-12,13386,1091,1,5,0.0011197623214684426
2024-07-23,688147,val,-0.05975248,0.010368556,2020-05-08,2024-07-12,13386,1091,1,5,0.0011197623214684426
2024-07-23,688528,val,0.011238483,-0.0018787533,2020-05-08,2024-07-12,13386,1091,1,5,0.0011197623214684426
2024-07-24,600025,val,-0.10692855,-0.0029398948,2020-05-08,2024-07-12,13386,1091,1,5,0.0011197623214684426
2024-07-24,600051,val,0.009192781,0.00026025623,2020-05-08,2024-07-12,13386,1091,1,5,0.0011197623214684426
2024-07-24,600127,val,-0.0030059188,0.0009000823,2020-05-08,2024-07-12,13386,1091,1,5,0.0011197623214684426
2024-07-24,600153,val,-0.04544902,0.0018339232,2020-05-08,2024-07-12,13386,1091,1,5,0.0011197623214684426
2024-07-24,600548,val,-0.049276177,2.9273331e-05,2020-05-08,2024-07-12,13386,1091,1,5,0.0011197623214684426
2024-07-24,600865,val,0.035031248,-0.00424923,2020-05-08,2024-07-12,13386,1091,1,5,0.0011197623214684426
2024-07-24,600967,val,0.018626476,0.005510211,2020-05-08,2024-07-12,13386,1091,1,5,0.0011197623214684426
2024-07-24,601222,val,-0.002071645,-0.0029489174,2020-05-08,2024-07-12,13386,1091,1,5,0.0011197623214684426
2024-07-24,603237,val,-0.014108088,2.1122396e-05,2020-05-08,2024-07-12,13386,1091,1,5,0.0011197623214684426
2024-07-24,603335,val,0.06280903,-0.0034510568,2020-05-08,2024-07-12,13386,1091,1,5,0.0011197623214684426
2024-07-24,603341,val,0.039898504,-0.0012919232,2020-05-08,2024-07-12,13386,1091,1,5,0.0011197623214684426
2024-07-24,603658,val,-0.024999656,0.0027899668,2020-05-08,2024-07-12,13386,1091,1,5,0.0011197623214684426
2024-07-24,605090,val,0.014536878,0.0024510473,2020-05-08,2024-07-12,13386,1091,1,5,0.0011197623214684426
2024-07-24,605589,val,0.010488818,-0.0032035261,2020-05-08,2024-07-12,13386,1091,1,5,0.0011197623214684426
2024-07-24,688031,val,0.0277005,0.008424021,2020-05-08,2024-07-12,13386,1091,1,5,0.0011197623214684426
2024-07-24,688045,val,-0.016873514,-0.0077619962,2020-05-08,2024-07-12,13386,1091,1,5,0.0011197623214684426
2024-07-24,688133,val,0.049083535,0.00404986,2020-05-08,2024-07-12,13386,1091,1,5,0.0011197623214684426
2024-07-24,688147,val,-0.0062817833,0.010224454,2020-05-08,2024-07-12,13386,1091,1,5,0.0011197623214684426
2024-07-24,688528,val,0.0016265872,0.0007560402,2020-05-08,2024-07-12,13386,1091,1,5,0.0011197623214684426
2024-07-25,600025,val,-0.08399474,-0.00048030168,2020-05-08,2024-07-12,13386,1091,1,5,0.0011197623214684426
2024-07-25,600051,val,0.0033208174,0.0001289174,2020-05-08,2024-07-12,13386,1091,1,5,0.0011197623214684426
2024-07-25,600127,val,-0.0042395955,0.00079665333,2020-05-08,2024-07-12,13386,1091,1,5,0.0011197623214684426
2024-07-25,600153,val,-0.0632515,0.0029894635,2020-05-08,2024-07-12,13386,1091,1,5,0.0011197623214684426
2024-07-25,600548,val,-0.029285982,-0.0019606128,2020-05-08,2024-07-12,13386,1091,1,5,0.0011197623214684426
2024-07-25,600865,val,0.027304556,-0.004182309,2020-05-08,2024-07-12,13386,1091,1,5,0.0011197623214684426
2024-07-25,600967,val,0.023594419,0.006424889,2020-05-08,2024-07-12,13386,1091,1,5,0.0011197623214684426
2024-07-25,601222,val,-0.01593539,-0.0023259819,2020-05-08,2024-07-12,13386,1091,1,5,0.0011197623214684426
2024-07-25,603237,val,-0.02465482,0.00055713207,2020-05-08,2024-07-12,13386,1091,1,5,0.0011197623214684426
2024-07-25,603335,val,0.056403913,-0.0043988526,2020-05-08,2024-07-12,13386,1091,1,5,0.0011197623214684426
2024-07-25,603341,val,0.100346856,0.00073020905,2020-05-08,2024-07-12,13386,1091,1,5,0.0011197623214684426
2024-07-25,603658,val,-0.061916463,0.0017912611,2020-05-08,2024-07-12,13386,1091,1,5,0.0011197623214684426
2024-07-25,605090,val,0.022800928,0.0018120483,2020-05-08,2024-07-12,13386,1091,1,5,0.0011197623214684426
2024-07-25,605589,val,-0.008966228,-0.0043608397,2020-05-08,2024-07-12,13386,1091,1,5,0.0011197623214684426
2024-07-25,688031,val,0.034708455,0.008210801,2020-05-08,2024-07-12,13386,1091,1,5,0.0011197623214684426
2024-07-25,688045,val,0.017035566,-0.0027323663,2020-05-08,2024-07-12,13386,1091,1,5,0.0011197623214684426
2024-07-25,688133,val,0.010991099,0.0036596507,2020-05-08,2024-07-12,13386,1091,1,5,0.0011197623214684426
2024-07-25,688147,val,-0.00761716,0.0072966665,2020-05-08,2024-07-12,13386,1091,1,5,0.0011197623214684426
2024-07-25,688528,val,0.0033552668,6.207824e-05,2020-05-08,2024-07-12,13386,1091,1,5,0.0011197623214684426
2024-07-26,600025,val,-0.026901754,0.0029331371,2020-05-08,2024-07-12,13386,1091,1,5,0.0011197623214684426
2024-07-26,600051,val,0.006446299,0.0018065944,2020-05-08,2024-07-12,13386,1091,1,5,0.0011197623214684426
2024-07-26,600127,val,0.007344088,0.0017626137,2020-05-08,2024-07-12,13386,1091,1,5,0.0011197623214684426
2024-07-26,600153,val,-0.05859797,0.0028401688,2020-05-08,2024-07-12,13386,1091,1,5,0.0011197623214684426
2024-07-26,600548,val,0.040796667,-0.0031009912,2020-05-08,2024-07-12,13386,1091,1,5,0.0011197623214684426
2024-07-26,600865,val,0.0291275,-0.003765151,2020-05-08,2024-07-12,13386,1091,1,5,0.0011197623214684426
2024-07-26,600967,val,0.035047304,0.005747296,2020-05-08,2024-07-12,13386,1091,1,5,0.0011197623214684426
2024-07-26,601222,val,-0.02166615,-0.00058953464,2020-05-08,2024-07-12,13386,1091,1,5,0.0011197623214684426
2024-07-26,603237,val,-0.010631668,0.0002475381,2020-05-08,2024-07-12,13386,1091,1,5,0.0011197623214684426
2024-07-26,603335,val,-0.028741622,-0.006261263,2020-05-08,2024-07-12,13386,1091,1,5,0.0011197623214684426
2024-07-26,603341,val,0.043666396,0.0010138154,2020-05-08,2024-07-12,13386,1091,1,5,0.0011197623214684426
2024-07-26,603658,val,-0.02117208,0.0014770925,2020-05-08,2024-07-12,13386,1091,1,5,0.0011197623214684426
2024-07-26,605090,val,-0.00080066564,0.0011077821,2020-05-08,2024-07-12,13386,1091,1,5,0.0011197623214684426
2024-07-26,605589,val,-0.041431107,-0.0072371364,2020-05-08,2024-07-12,13386,1091,1,5,0.0011197623214684426
2024-07-26,688031,val,0.012237627,0.0070190057,2020-05-08,2024-07-12,13386,1091,1,5,0.0011197623214684426
2024-07-26,688045,val,0.011055891,5.5134296e-06,2020-05-08,2024-07-12,13386,1091,1,5,0.0011197623214684426
2024-07-26,688133,val,0.048801497,0.0046660975,2020-05-08,2024-07-12,13386,1091,1,5,0.0011197623214684426
2024-07-26,688147,val,-0.019603955,0.0055682734,2020-05-08,2024-07-12,13386,1091,1,5,0.0011197623214684426
2024-07-26,688528,val,-0.004976304,0.0011586398,2020-05-08,2024-07-12,13386,1091,1,5,0.0011197623214684426
2024-07-29,600025,val,-0.023592887,0.004509665,2020-05-08,2024-07-12,13386,1091,1,5,0.0011197623214684426
2024-07-29,600051,val,0.0009881968,0.0028175786,2020-05-08,2024-07-12,13386,1091,1,5,0.0011197623214684426
2024-07-29,600127,val,0.031586215,0.002687119,2020-05-08,2024-07-12,13386,1091,1,5,0.0011197623214684426
2024-07-29,600153,val,-0.012820674,0.0036215931,2020-05-08,2024-07-12,13386,1091,1,5,0.0011197623214684426
2024-07-29,600548,val,0.011610176,-0.0026544183,2020-05-08,2024-07-12,13386,1091,1,5,0.0011197623214684426
2024-07-29,600865,val,0.022618212,-0.0024718419,2020-05-08,2024-07-12,13386,1091,1,5,0.0011197623214684426
2024-07-29,600967,val,0.024195662,0.0047672167,2020-05-08,2024-07-12,13386,1091,1,5,0.0011197623214684426
2024-07-29,601222,val,0.000737112,0.0011788383,2020-05-08,2024-07-12,13386,1091,1,5,0.0011197623214684426
2024-07-29,603237,val,0.014337867,0.00088956207,2020-05-08,2024-07-12,13386,1091,1,5,0.0011197623214684426
2024-07-29,603335,val,-0.04365786,-0.0083955005,2020-05-08,2024-07-12,13386,1091,1,5,0.0011197623214684426
2024-07-29,603341,val,0.017382879,0.00064045936,2020-05-08,2024-07-12,13386,1091,1,5,0.0011197623214684426
2024-07-29,603658,val,0.01935758,0.001477167,2020-05-08,2024-07-12,13386,1091,1,5,0.0011197623214684426
2024-07-29,605090,val,-0.030044034,-0.0016518086,2020-05-08,2024-07-12,13386,1091,1,5,0.0011197623214684426
2024-07-29,605589,val,-0.078980654,-0.005640708,2020-05-08,2024-07-12,13386,1091,1,5,0.0011197623214684426
2024-07-29,688031,val,-0.025922928,0.0053271577,2020-05-08,2024-07-12,13386,1091,1,5,0.0011197623214684426
2024-07-29,688045,val,0.008540952,0.0023687184,2020-05-08,2024-07-12,13386,1091,1,5,0.0011197623214684426
2024-07-29,688133,val,0.11089785,0.004645616,2020-05-08,2024-07-12,13386,1091,1,5,0.0011197623214684426
2024-07-29,688147,val,-0.023976693,0.003387086,2020-05-08,2024-07-12,13386,1091,1,5,0.0011197623214684426
2024-07-29,688528,val,-0.023256965,0.0017166063,2020-05-08,2024-07-12,13386,1091,1,5,0.0011197623214684426
2024-07-30,600025,val,-0.025699176,0.0054395124,2020-05-08,2024-07-12,13386,1091,1,5,0.0011197623214684426
2024-07-30,600051,val,-0.0056864633,0.004158519,2020-05-08,2024-07-12,13386,1091,1,5,0.0011197623214684426
2024-07-30,600127,val,0.024026593,0.0024739876,2020-05-08,2024-07-12,13386,1091,1,5,0.0011197623214684426
2024-07-30,600153,val,-0.011627058,0.0041023567,2020-05-08,2024-07-12,13386,1091,1,5,0.0011197623214684426
2024-07-30,600548,val,-0.024168057,0.00036705285,2020-05-08,2024-07-12,13386,1091,1,5,0.0011197623214684426
2024-07-30,600865,val,0.035174813,-0.00059667975,2020-05-08,2024-07-12,13386,1091,1,5,0.0011197623214684426
2024-07-30,600967,val,0.028578129,0.005719736,2020-05-08,2024-07-12,13386,1091,1,5,0.0011197623214684426
2024-07-30,601222,val,0.0040414664,0.002861023,2020-05-08,2024-07-12,13386,1091,1,5,0.0011197623214684426
2024-07-30,603237,val,0.012594396,0.0019482747,2020-05-08,2024-07-12,13386,1091,1,5,0.0011197623214684426
2024-07-30,603335,val,-0.026119811,-0.0052911416,2020-05-08,2024-07-12,13386,1091,1,5,0.0011197623214684426
2024-07-30,603341,val,-0.0011619409,-0.0012443811,2020-05-08,2024-07-12,13386,1091,1,5,0.0011197623214684426
2024-07-30,603658,val,0.04534639,0.0023910105,2020-05-08,2024-07-12,13386,1091,1,5,0.0011197623214684426
2024-07-30,605090,val,-0.016886394,-0.0023266003,2020-05-08,2024-07-12,13386,1091,1,5,0.0011197623214684426
2024-07-30,605589,val,-0.095798574,-0.00017867237,2020-05-08,2024-07-12,13386,1091,1,5,0.0011197623214684426
2024-07-30,688031,val,-0.03460089,0.00484886,2020-05-08,2024-07-12,13386,1091,1,5,0.0011197623214684426
2024-07-30,688045,val,-0.013074235,-0.0006361455,2020-05-08,2024-07-12,13386,1091,1,5,0.0011197623214684426
2024-07-30,688133,val,0.11084769,0.0020094737,2020-05-08,2024-07-12,13386,1091,1,5,0.0011197623214684426
2024-07-30,688147,val,0.00030001727,0.001247637,2020-05-08,2024-07-12,13386,1091,1,5,0.0011197623214684426
2024-07-30,688528,val,-0.006086891,0.0024727061,2020-05-08,2024-07-12,13386,1091,1,5,0.0011197623214684426
2024-07-31,600025,val,0.022496674,0.005362645,2020-05-08,2024-07-12,13386,1091,1,5,0.0011197623214684426
2024-07-31,600051,val,0.012223033,0.0052299425,2020-05-08,2024-07-12,13386,1091,1,5,0.0011197623214684426
2024-07-31,600127,val,0.018048277,0.0026656166,2020-05-08,2024-07-12,13386,1091,1,5,0.0011197623214684426
2024-07-31,600153,val,-0.033160828,0.0034289658,2020-05-08,2024-07-12,13386,1091,1,5,0.0011197623214684426
2024-07-31,600548,val,0.020973394,0.0026451498,2020-05-08,2024-07-12,13386,1091,1,5,0.0011197623214684426
2024-07-31,600865,val,0.036147825,0.00025045127,2020-05-08,2024-07-12,13386,1091,1,5,0.0011197623214684426
2024-07-31,600967,val,0.043958545,0.006616704,2020-05-08,2024-07-12,13386,1091,1,5,0.0011197623214684426
2024-07-31,601222,val,0.019747801,0.003941983,2020-05-08,2024-07-12,13386,1091,1,5,0.0011197623214684426
2024-07-31,603237,val,0.007252055,0.0015863702,2020-05-08,2024-07-12,13386,1091,1,5,0.0011197623214684426
2024-07-31,603335,val,-0.008142199,0.00094762444,2020-05-08,2024-07-12,13386,1091,1,5,0.0011197623214684426
2024-07-31,603341,val,-0.047552157,-0.0032585636,2020-05-08,2024-07-12,13386,1091,1,5,0.0011197623214684426
2024-07-31,603658,val,0.017068844,0.0009607151,2020-05-08,2024-07-12,13386,1091,1,5,0.0011197623214684426
2024-07-31,605090,val,0.005715727,-0.0027401224,2020-05-08,2024-07-12,13386,1091,1,5,0.0011197623214684426
2024-07-31,605589,val,-0.07519426,0.0033639148,2020-05-08,2024-07-12,13386,1091,1,5,0.0011197623214684426
2024-07-31,688031,val,-0.05619278,0.005110353,2020-05-08,2024-07-12,13386,1091,1,5,0.0011197623214684426
2024-07-31,688045,val,-0.026619313,-0.0039518997,2020-05-08,2024-07-12,13386,1091,1,5,0.0011197623214684426
2024-07-31,688133,val,0.06926924,-0.0006830171,2020-05-08,2024-07-12,13386,1091,1,5,0.0011197623214684426
2024-07-31,688147,val,-0.031859893,-0.0040187463,2020-05-08,2024-07-12,13386,1091,1,5,0.0011197623214684426
2024-07-31,688528,val,0.0058200154,0.0039176866,2020-05-08,2024-07-12,13386,1091,1,5,0.0011197623214684426
2024-08-01,600025,val,0.009495829,0.0033854395,2020-05-08,2024-07-12,13386,1091,1,5,0.0011197623214684426
2024-08-01,600051,val,0.017081102,0.0059373304,2020-05-08,2024-07-12,13386,1091,1,5,0.0011197623214684426
2024-08-01,600127,val,0.04085007,0.0014220253,2020-05-08,2024-07-12,13386,1091,1,5,0.0011197623214684426
2024-08-01,600153,val,0.0107603455,0.0030424222,2020-05-08,2024-07-12,13386,1091,1,5,0.0011197623214684426
2024-08-01,600548,val,-0.0035187118,0.00089933723,2020-05-08,2024-07-12,13386,1091,1,5,0.0011197623214684426
2024-08-01,600865,val,0.042129602,0.0025298968,2020-05-08,2024-07-12,13386,1091,1,5,0.0011197623214684426
2024-08-01,600967,val,0.035848666,0.005832419,2020-05-08,2024-07-12,13386,1091,1,5,0.0011197623214684426
2024-08-01,601222,val,0.024348622,0.0049896315,2020-05-08,2024-07-12,13386,1091,1,5,0.0011197623214684426
2024-08-01,603237,val,0.029068654,0.0026607066,2020-05-08,2024-07-12,13386,1091,1,5,0.0011197623214684426
2024-08-01,603335,val,-0.021403367,0.0045849457,2020-05-08,2024-07-12,13386,1091,1,5,0.0011197623214684426
2024-08-01,603341,val,-0.08811301,-0.007082902,2020-05-08,2024-07-12,13386,1091,1,5,0.0011197623214684426
2024-08-01,603658,val,0.059809025,-0.00057573617,2020-05-08,2024-07-12,13386,1091,1,5,0.0011197623214684426
2024-08-01,605090,val,0.0057097203,-0.00086675584,2020-05-08,2024-07-12,13386,1091,1,5,0.0011197623214684426
2024-08-01,605589,val,-0.0677601,0.004380785,2020-05-08,2024-07-12,13386,1091,1,5,0.0011197623214684426
2024-08-01,688031,val,-0.07803368,0.0072605833,2020-05-08,2024-07-12,13386,1091,1,5,0.0011197623214684426
2024-08-01,688045,val,-0.053212296,-0.008333296,2020-05-08,2024-07-12,13386,1091,1,5,0.0011197623214684426
2024-08-01,688133,val,0.082880355,-0.00042579323,2020-05-08,2024-07-12,13386,1091,1,5,0.0011197623214684426
2024-08-01,688147,val,-0.042696852,-0.008052282,2020-05-08,2024-07-12,13386,1091,1,5,0.0011197623214684426
2024-08-01,688528,val,-0.0032439746,0.004688211,2020-05-08,2024-07-12,13386,1091,1,5,0.0011197623214684426
2024-08-02,600025,val,0.002853631,0.002077274,2020-05-08,2024-07-12,13386,1091,1,5,0.0011197623214684426
2024-08-02,600051,val,0.029964376,0.0061607733,2020-05-08,2024-07-12,13386,1091,1,5,0.0011197623214684426
2024-08-02,600127,val,0.02381025,0.0016223267,2020-05-08,2024-07-12,13386,1091,1,5,0.0011197623214684426
2024-08-02,600153,val,0.022151876,0.0017550066,2020-05-08,2024-07-12,13386,1091,1,5,0.0011197623214684426
2024-08-02,600548,val,-0.017041853,-0.00010509789,2020-05-08,2024-07-12,13386,1091,1,5,0.0011197623214684426
2024-08-02,600865,val,0.02366245,0.0041661486,2020-05-08,2024-07-12,13386,1091,1,5,0.0011197623214684426
2024-08-02,600967,val,0.01678491,0.0037218109,2020-05-08,2024-07-12,13386,1091,1,5,0.0011197623214684426
2024-08-02,601222,val,0.029020008,0.0045537055,2020-05-08,2024-07-12,13386,1091,1,5,0.0011197623214684426
2024-08-02,603237,val,0.027608903,0.003979154,2020-05-08,2024-07-12,13386,1091,1,5,0.0011197623214684426
2024-08-02,603335,val,-0.020603469,0.005029559,2020-05-08,2024-07-12,13386,1091,1,5,0.0011197623214684426
2024-08-02,603341,val,-0.03585917,-0.0069835633,2020-05-08,2024-07-12,13386,1091,1,5,0.0011197623214684426
2024-08-02,603658,val,0.013509901,-0.002835989,2020-05-08,2024-07-12,13386,1091,1,5,0.0011197623214684426
2024-08-02,605090,val,0.015091126,0.0018707216,2020-05-08,2024-07-12,13386,1091,1,5,0.0011197623214684426
2024-08-02,605589,val,-0.071581095,0.0039519146,2020-05-08,2024-07-12,13386,1091,1,5,0.0011197623214684426
2024-08-02,688031,val,-0.062482726,0.006854005,2020-05-08,2024-07-12,13386,1091,1,5,0.0011197623214684426
2024-08-02,688045,val,-0.016845338,-0.0098482445,2020-05-08,2024-07-12,13386,1091,1,5,0.0011197623214684426
2024-08-02,688133,val,0.041302085,-0.003226988,2020-05-08,2024-07-12,13386,1091,1,5,0.0011197623214684426
2024-08-02,688147,val,-0.020241933,-0.010024797,2020-05-08,2024-07-12,13386,1091,1,5,0.0011197623214684426
2024-08-02,688528,val,-0.0011039373,0.0060407,2020-05-08,2024-07-12,13386,1091,1,5,0.0011197623214684426
2024-08-05,600025,val,-0.007202847,0.0021234602,2020-05-08,2024-07-12,13386,1091,1,5,0.0011197623214684426
2024-08-05,600051,val,0.02177705,0.0056024045,2020-05-08,2024-07-12,13386,1091,1,5,0.0011197623214684426
2024-08-05,600127,val,-9.173588e-05,0.002214335,2020-05-08,2024-07-12,13386,1091,1,5,0.0011197623214684426
2024-08-05,600153,val,-0.0015865042,0.0018065944,2020-05-08,2024-07-12,13386,1091,1,5,0.0011197623214684426
2024-08-05,600548,val,-0.00871573,0.0006540194,2020-05-08,2024-07-12,13386,1091,1,5,0.0011197623214684426
2024-08-05,600865,val,0.007600572,0.0046087354,2020-05-08,2024-07-12,13386,1091,1,5,0.0011197623214684426
2024-08-05,600967,val,0.008101627,0.0035094544,2020-05-08,2024-07-12,13386,1091,1,5,0.0011197623214684426
2024-08-05,601222,val,0.02076332,0.0032021478,2020-05-08,2024-07-12,13386,1091,1,5,0.0011197623214684426
2024-08-05,603237,val,0.010897275,0.0044203773,2020-05-08,2024-07-12,13386,1091,1,5,0.0011197623214684426
2024-08-05,603335,val,-0.012467974,0.0040241256,2020-05-08,2024-07-12,13386,1091,1,5,0.0011197623214684426
2024-08-05,603341,val,-0.02892109,-0.0048041567,2020-05-08,2024-07-12,13386,1091,1,5,0.0011197623214684426
2024-08-05,603658,val,0.014126274,-0.0034440681,2020-05-08,2024-07-12,13386,1091,1,5,0.0011197623214684426
2024-08-05,605090,val,0.043237615,0.002880551,2020-05-08,2024-07-12,13386,1091,1,5,0.0011197623214684426
2024-08-05,605589,val,-0.036091737,0.0059691817,2020-05-08,2024-07-12,13386,1091,1,5,0.0011197623214684426
2024-08-05,688031,val,-0.03859157,0.0048904717,2020-05-08,2024-07-12,13386,1091,1,5,0.0011197623214684426
2024-08-05,688045,val,0.003908264,-0.0077955797,2020-05-08,2024-07-12,13386,1091,1,5,0.0011197623214684426
2024-08-05,688133,val,-0.0047456045,-0.008049268,2020-05-08,2024-07-12,13386,1091,1,5,0.0011197623214684426
2024-08-05,688147,val,0.0038271006,-0.009696089,2020-05-08,2024-07-12,13386,1091,1,5,0.0011197623214684426
2024-08-05,688528,val,0.0041756895,0.0050267354,2020-05-08,2024-07-12,13386,1091,1,5,0.0011197623214684426
2024-08-06,600025,val,0.017694222,0.0030159205,2020-05-08,2024-07-12,13386,1091,1,5,0.0011197623214684426
2024-08-06,600051,val,0.029535098,0.005603902,2020-05-08,2024-07-12,13386,1091,1,5,0.0011197623214684426
2024-08-06,600127,val,-0.010151232,0.0030133054,2020-05-08,2024-07-12,13386,1091,1,5,0.0011197623214684426
2024-08-06,600153,val,-0.00843892,0.0021824762,2020-05-08,2024-07-12,13386,1091,1,5,0.0011197623214684426
2024-08-06,600548,val,0.024489606,0.0015594438,2020-05-08,2024-07-12,13386,1091,1,5,0.0011197623214684426
2024-08-06,600865,val,-0.023415018,0.003059864,2020-05-08,2024-07-12,13386,1091,1,5,0.0011197623214684426
2024-08-06,600967,val,0.0038831544,0.002573885,2020-05-08,2024-07-12,13386,1091,1,5,0.0011197623214684426
2024-08-06,601222,val,0.028450632,0.003416948,2020-05-08,2024-07-12,13386,1091,1,5,0.0011197623214684426
2024-08-06,603237,val,0.006530204,0.0066332445,2020-05-08,2024-07-12,13386,1091,1,5,0.0011197623214684426
2024-08-06,603335,val,-0.006824327,0.0036795586,2020-05-08,2024-07-12,13386,1091,1,5,0.0011197623214684426
2024-08-06,603341,val,-0.0021874898,-0.0019964576,2020-05-08,2024-07-12,13386,1091,1,5,0.0011197623214684426
2024-08-06,603658,val,-0.013094055,-0.0009096563,2020-05-08,2024-07-12,13386,1091,1,5,0.0011197623214684426
2024-08-06,605090,val,0.030163094,0.0035509616,2020-05-08,2024-07-12,13386,1091,1,5,0.0011197623214684426
2024-08-06,605589,val,-0.024488388,0.0072235465,2020-05-08,2024-07-12,13386,1091,1,5,0.0011197623214684426
2024-08-06,688031,val,-0.036860444,0.004401639,2020-05-08,2024-07-12,13386,1091,1,5,0.0011197623214684426
2024-08-06,688045,val,0.02817141,-0.004311092,2020-05-08,2024-07-12,13386,1091,1,5,0.0011197623214684426
2024-08-06,688133,val,-0.032050952,-0.007835053,2020-05-08,2024-07-12,13386,1091,1,5,0.0011197623214684426
2024-08-06,688147,val,-0.01653333,-0.007871136,2020-05-08,2024-07-12,13386,1091,1,5,0.0011197623214684426
2024-08-06,688528,val,0.0051267343,0.003697589,2020-05-08,2024-07-12,13386,1091,1,5,0.0011197623214684426
2024-08-07,600025,val,0.038480517,0.0029961541,2020-05-08,2024-07-12,13386,1091,1,5,0.0011197623214684426
2024-08-07,600051,val,0.022559691,0.004891515,2020-05-08,2024-07-12,13386,1091,1,5,0.0011197623214684426
2024-08-07,600127,val,-0.00053926656,0.004396364,2020-05-08,2024-07-12,13386,1091,1,5,0.0011197623214684426
2024-08-07,600153,val,-0.008195438,0.0026701465,2020-05-08,2024-07-12,13386,1091,1,5,0.0011197623214684426
2024-08-07,600548,val,0.04293212,0.0029993653,2020-05-08,2024-07-12,13386,1091,1,5,0.0011197623214684426
2024-08-07,600865,val,-0.03165038,0.0026401356,2020-05-08,2024-07-12,13386,1091,1,5,0.0011197623214684426
2024-08-07,600967,val,-0.012461815,0.0028680936,2020-05-08,2024-07-12,13386,1091,1,5,0.0011197623214684426
2024-08-07,601222,val,0.016187347,0.0024597645,2020-05-08,2024-07-12,13386,1091,1,5,0.0011197623214684426
2024-08-07,603237,val,0.023708118,0.0076555833,2020-05-08,2024-07-12,13386,1091,1,5,0.0011197623214684426
2024-08-07,603335,val,-0.0067658355,0.0041933283,2020-05-08,2024-07-12,13386,1091,1,5,0.0011197623214684426
2024-08-07,603341,val,0.11230089,-0.00093924254,2020-05-08,2024-07-12,13386,1091,1,5,0.0011197623214684426
2024-08-07,603658,val,-0.026176522,0.0022375882,2020-05-08,2024-07-12,13386,1091,1,5,0.0011197623214684426
2024-08-07,605090,val,-0.040824607,-0.0017229915,2020-05-08,2024-07-12,13386,1091,1,5,0.0011197623214684426
2024-08-07,605589,val,-0.028222686,0.006517701,2020-05-08,2024-07-12,13386,1091,1,5,0.0011197623214684426
2024-08-07,688031,val,-0.054738402,0.0033877566,2020-05-08,2024-07-12,13386,1091,1,5,0.0011197623214684426
2024-08-07,688045,val,0.014243867,-0.0016016886,2020-05-08,2024-07-12,13386,1091,1,5,0.0011197623214684426
2024-08-07,688133,val,-0.030265423,-0.007163562,2020-05-08,2024-07-12,13386,1091,1,5,0.0011197623214684426
2024-08-07,688147,val,-0.035113145,-0.0072277226,2020-05-08,2024-07-12,13386,1091,1,5,0.0011197623214684426
2024-08-07,688528,val,0.004540972,0.0028657317,2020-05-08,2024-07-12,13386,1091,1,5,0.0011197623214684426
2024-08-08,600025,val,0.054930225,0.0036472976,2020-05-08,2024-07-12,13386,1091,1,5,0.0011197623214684426
2024-08-08,600051,val,0.0055921827,0.005232878,2020-05-08,2024-07-12,13386,1091,1,5,0.0011197623214684426
2024-08-08,600127,val,-0.026296679,0.0016930029,2020-05-08,2024-07-12,13386,1091,1,5,0.0011197623214684426
2024-08-08,600153,val,-0.021406675,0.0019707903,2020-05-08,2024-07-12,13386,1091,1,5,0.0011197623214684426
2024-08-08,600548,val,0.03938114,0.0027273744,2020-05-08,2024-07-12,13386,1091,1,5,0.0011197623214684426
2024-08-08,600865,val,-0.02904284,0.0027625188,2020-05-08,2024-07-12,13386,1091,1,5,0.0011197623214684426
2024-08-08,600967,val,-0.0105430065,0.0037197024,2020-05-08,2024-07-12,13386,1091,1,5,0.0011197623214684426
2024-08-08,601222,val,0.026413348,0.003168486,2020-05-08,2024-07-12,13386,1091,1,5,0.0011197623214684426
2024-08-08,603237,val,0.012160242,0.0053968057,2020-05-08,2024-07-12,13386,1091,1,5,0.0011197623214684426
2024-08-08,603335,val,0.0021046705,0.0042737946,2020-05-08,2024-07-12,13386,1091,1,5,0.0011197623214684426
2024-08-08,603341,val,0.10245149,-0.0018485859,2020-05-08,2024-07-12,13386,1091,1,5,0.0011197623214684426
2024-08-08,603658,val,-0.022343608,0.004589312,2020-05-08,2024-07-12,13386,1091,1,5,0.0011197623214684426
2024-08-08,605090,val,-0.03916224,-0.0023622885,2020-05-08,2024-07-12,13386,1091,1,5,0.0011197623214684426
2024-08-08,605589,val,-0.00055382063,0.008488931,2020-05-08,2024-07-12,13386,1091,1,5,0.0011197623214684426
2024-08-08,688031,val,-0.029687947,0.0016375408,2020-05-08,2024-07-12,13386,1091,1,5,0.0011197623214684426
2024-08-08,688045,val,0.0087441495,0.000986807,2020-05-08,2024-07-12,13386,1091,1,5,0.0011197623214684426
2024-08-08,688133,val,-0.045984585,-2.5086105e-05,2020-05-08,2024-07-12,13386,1091,1,5,0.0011197623214684426
2024-08-08,688147,val,-0.034854308,-0.0081240535,2020-05-08,2024-07-12,13386,1091,1,5,0.0011197623214684426
2024-08-08,688528,val,0.008098267,0.0018950999,2020-05-08,2024-07-12,13386,1091,1,5,0.0011197623214684426
2024-08-09,600025,val,0.047250584,0.0025915653,2020-05-08,2024-07-12,13386,1091,1,5,0.0011197623214684426
2024-08-09,600051,val,-0.0023916354,0.002460219,2020-05-08,2024-07-12,13386,1091,1,5,0.0011197623214684426
2024-08-09,600127,val,-0.026379006,0.0024150088,2020-05-08,2024-07-12,13386,1091,1,5,0.0011197623214684426
2024-08-09,600153,val,-0.027551133,0.0023443177,2020-05-08,2024-07-12,13386,1091,1,5,0.0011197623214684426
2024-08-09,600548,val,0.051013615,0.0014122725,2020-05-08,2024-07-12,13386,1091,1,5,0.0011197623214684426
2024-08-09,600865,val,-0.025235299,0.0036341473,2020-05-08,2024-07-12,13386,1091,1,5,0.0011197623214684426
2024-08-09,600967,val,-0.007369534,0.0043582246,2020-05-08,2024-07-12,13386,1091,1,5,0.0011197623214684426
2024-08-09,601222,val,0.013654241,0.0028801933,2020-05-08,2024-07-12,13386,1091,1,5,0.0011197623214684426
2024-08-09,603237,val,0.0054575964,0.007377051,2020-05-08,2024-07-12,13386,1091,1,5,0.0011197623214684426
2024-08-09,603335,val,-0.00650324,0.0023979694,2020-05-08,2024-07-12,13386,1091,1,5,0.0011197623214684426
2024-08-09,603341,val,0.11046044,-0.0024830177,2020-05-08,2024-07-12,13386,1091,1,5,0.0011197623214684426
2024-08-09,603658,val,-0.017748293,0.0038061738,2020-05-08,2024-07-12,13386,1091,1,5,0.0011197623214684426
2024-08-09,605090,val,-0.045605876,-0.0014773235,2020-05-08,2024-07-12,13386,1091,1,5,0.0011197623214684426
2024-08-09,605589,val,0.01003687,0.009195529,2020-05-08,2024-07-12,13386,1091,1,5,0.0011197623214684426
2024-08-09,688031,val,0.010928289,0.0011594892,2020-05-08,2024-07-12,13386,1091,1,5,0.0011197623214684426
2024-08-09,688045,val,-0.026287828,-0.0032745153,2020-05-08,2024-07-12,13386,1091,1,5,0.0011197623214684426
2024-08-09,688133,val,-0.031809624,0.004382983,2020-05-08,2024-07-12,13386,1091,1,5,0.0011197623214684426
2024-08-09,688147,val,-0.04514641,-0.008143317,2020-05-08,2024-07-12,13386,1091,1,5,0.0011197623214684426
2024-08-09,688528,val,0.01322624,0.0012797639,2020-05-08,2024-07-12,13386,1091,1,5,0.0011197623214684426
2024-08-12,600025,val,0.054491434,0.0017968565,2020-05-08,2024-07-12,13386,1091,1,5,0.0011197623214684426
2024-08-12,600051,val,0.0040471144,0.0027259812,2020-05-08,2024-07-12,13386,1091,1,5,0.0011197623214684426
2024-08-12,600127,val,-0.016978778,0.0030112863,2020-05-08,2024-07-12,13386,1091,1,5,0.0011197623214684426
2024-08-12,600153,val,-0.0070318948,0.0033535585,2020-05-08,2024-07-12,13386,1091,1,5,0.0011197623214684426
2024-08-12,600548,val,0.062065363,-0.0010322183,2020-05-08,2024-07-12,13386,1091,1,5,0.0011197623214684426
2024-08-12,600865,val,-0.014962599,0.0043552145,2020-05-08,2024-07-12,13386,1091,1,5,0.0011197623214684426
2024-08-12,600967,val,0.005229239,0.004408136,2020-05-08,2024-07-12,13386,1091,1,5,0.0011197623214684426
2024-08-12,601222,val,0.030069591,0.0032144114,2020-05-08,2024-07-12,13386,1091,1,5,0.0011197623214684426
2024-08-12,603237,val,-0.0049694437,0.00858137,2020-05-08,2024-07-12,13386,1091,1,5,0.0011197623214684426
2024-08-12,603335,val,0.0029256337,0.00053905696,2020-05-08,2024-07-12,13386,1091,1,5,0.0011197623214684426
2024-08-12,603341,val,0.105989136,-0.0022801086,2020-05-08,2024-07-12,13386,1091,1,5,0.0011197623214684426
2024-08-12,603658,val,-0.034855735,0.0018308833,2020-05-08,2024-07-12,13386,1091,1,5,0.0011197623214684426
2024-08-12,605090,val,-0.057113074,-0.0022547916,2020-05-08,2024-07-12,13386,1091,1,5,0.0011197623214684426
2024-08-12,605589,val,0.013273079,0.0048192367,2020-05-08,2024-07-12,13386,1091,1,5,0.0011197623214684426
2024-08-12,688031,val,-0.016224762,0.0012241006,2020-05-08,2024-07-12,13386,1091,1,5,0.0011197623214684426
2024-08-12,688045,val,-0.05834217,-0.0051115304,2020-05-08,2024-07-12,13386,1091,1,5,0.0011197623214684426
2024-08-12,688133,val,-0.035311397,0.004252143,2020-05-08,2024-07-12,13386,1091,1,5,0.0011197623214684426
2024-08-12,688147,val,-0.05581964,-0.005544968,2020-05-08,2024-07-12,13386,1091,1,5,0.0011197623214684426
2024-08-12,688528,val,0.023518901,0.001903221,2020-05-08,2024-07-12,13386,1091,1,5,0.0011197623214684426
2024-08-13,600025,val,0.066028655,0.0003727749,2020-05-08,2024-07-12,13386,1091,1,5,0.0011197623214684426
2024-08-13,600051,val,-0.005755897,0.0032156557,2020-05-08,2024-07-12,13386,1091,1,5,0.0011197623214684426
2024-08-13,600127,val,-0.011140594,0.0042433664,2020-05-08,2024-07-12,13386,1091,1,5,0.0011197623214684426
2024-08-13,600153,val,0.0063017495,0.0058949515,2020-05-08,2024-07-12,13386,1091,1,5,0.0011197623214684426
2024-08-13,600548,val,0.0702485,-0.0006952286,2020-05-08,2024-07-12,13386,1091,1,5,0.0011197623214684426
2024-08-13,600865,val,-0.011073816,0.0037932843,2020-05-08,2024-07-12,13386,1091,1,5,0.0011197623214684426
2024-08-13,600967,val,-0.004527583,0.003539428,2020-05-08,2024-07-12,13386,1091,1,5,0.0011197623214684426
2024-08-13,601222,val,0.028926184,0.003187932,2020-05-08,2024-07-12,13386,1091,1,5,0.0011197623214684426
2024-08-13,603237,val,-0.0001671855,0.010143556,2020-05-08,2024-07-12,13386,1091,1,5,0.0011197623214684426
2024-08-13,603335,val,0.0065381243,-0.00090025365,2020-05-08,2024-07-12,13386,1091,1,5,0.0011197623214684426
2024-08-13,603341,val,0.095476605,-0.0027967393,2020-05-08,2024-07-12,13386,1091,1,5,0.0011197623214684426
2024-08-13,603658,val,-0.018408146,0.003520839,2020-05-08,2024-07-12,13386,1091,1,5,0.0011197623214684426
2024-08-13,605090,val,-0.03904745,0.00029759854,2020-05-08,2024-07-12,13386,1091,1,5,0.0011197623214684426
2024-08-13,605589,val,0.026536698,0.0032825544,2020-05-08,2024-07-12,13386,1091,1,5,0.0011197623214684426
2024-08-13,688031,val,-0.028167833,4.835427e-06,2020-05-08,2024-07-12,13386,1091,1,5,0.0011197623214684426
2024-08-13,688045,val,-0.07334654,-0.010233603,2020-05-08,2024-07-12,13386,1091,1,5,0.0011197623214684426
2024-08-13,688133,val,-0.048988286,0.0028517693,2020-05-08,2024-07-12,13386,1091,1,5,0.0011197623214684426
2024-08-13,688147,val,-0.062116273,-0.0041632727,2020-05-08,2024-07-12,13386,1091,1,5,0.0011197623214684426
2024-08-13,688528,val,0.00268309,0.00029555708,2020-05-08,2024-07-12,13386,1091,1,5,0.0011197623214684426
2024-08-14,600025,val,0.039664812,-0.0020243153,2020-05-08,2024-07-12,13386,1091,1,5,0.0011197623214684426
2024-08-14,600051,val,-0.020780897,0.004470937,2020-05-08,2024-07-12,13386,1091,1,5,0.0011197623214684426
2024-08-14,600127,val,0.0039263535,0.0043952838,2020-05-08,2024-07-12,13386,1091,1,5,0.0011197623214684426
2024-08-14,600153,val,0.018386642,0.007130198,2020-05-08,2024-07-12,13386,1091,1,5,0.0011197623214684426
2024-08-14,600548,val,0.05116881,-0.00033723563,2020-05-08,2024-07-12,13386,1091,1,5,0.0011197623214684426
2024-08-14,600865,val,-0.0034327498,0.0022371933,2020-05-08,2024-07-12,13386,1091,1,5,0.0011197623214684426
2024-08-14,600967,val,0.018029114,0.0029580593,2020-05-08,2024-07-12,13386,1091,1,5,0.0011197623214684426
2024-08-14,601222,val,0.04448403,0.0039409846,2020-05-08,2024-07-12,13386,1091,1,5,0.0011197623214684426
2024-08-14,603237,val,-0.007512717,0.009289645,2020-05-08,2024-07-12,13386,1091,1,5,0.0011197623214684426
2024-08-14,603335,val,0.005131112,-0.0013407841,2020-05-08,2024-07-12,13386,1091,1,5,0.0011197623214684426
2024-08-14,603341,val,-0.015169061,-0.008391622,2020-05-08,2024-07-12,13386,1091,1,5,0.0011197623214684426
2024-08-14,603658,val,-0.007620101,0.004382156,2020-05-08,2024-07-12,13386,1091,1,5,0.0011197623214684426
2024-08-14,605090,val,-0.0034696665,0.001845412,2020-05-08,2024-07-12,13386,1091,1,5,0.0011197623214684426
2024-08-14,605589,val,0.04865934,0.0008153245,2020-05-08,2024-07-12,13386,1091,1,5,0.0011197623214684426
2024-08-14,688031,val,-0.0058511817,-0.0013014302,2020-05-08,2024-07-12,13386,1091,1,5,0.0011197623214684426
2024-08-14,688045,val,-0.06109673,-0.008622054,2020-05-08,2024-07-12,13386,1091,1,5,0.0011197623214684426
2024-08-14,688133,val,-0.06597147,0.0016292557,2020-05-08,2024-07-12,13386,1091,1,5,0.0011197623214684426
2024-08-14,688147,val,-0.043929234,-0.0027167872,2020-05-08,2024-07-12,13386,1091,1,5,0.0011197623214684426
2024-08-14,688528,val,0.0053836014,0.00010486692,2020-05-08,2024-07-12,13386,1091,1,5,0.0011197623214684426
2024-08-15,600025,val,0.07041216,-0.002366498,2020-05-08,2024-07-12,13386,1091,1,5,0.0011197623214684426
2024-08-15,600051,val,-0.0036519447,0.004614584,2020-05-08,2024-07-12,13386,1091,1,5,0.0011197623214684426
2024-08-15,600127,val,-0.0057721976,0.003457956,2020-05-08,2024-07-12,13386,1091,1,5,0.0011197623214684426
2024-08-15,600153,val,0.01581757,0.0067230463,2020-05-08,2024-07-12,13386,1091,1,5,0.0011197623214684426
2024-08-15,600548,val,0.06748537,0.0012168586,2020-05-08,2024-07-12,13386,1091,1,5,0.0011197623214684426
2024-08-15,600865,val,-0.0046341126,0.0017245933,2020-05-08,2024-07-12,13386,1091,1,5,0.0011197623214684426
2024-08-15,600967,val,-0.029045902,0.0025531203,2020-05-08,2024-07-12,13386,1091,1,5,0.0011197623214684426
2024-08-15,601222,val,0.049793907,0.003309004,2020-05-08,2024-07-12,13386,1091,1,5,0.0011197623214684426
2024-08-15,603237,val,-0.027818788,0.0073922276,2020-05-08,2024-07-12,13386,1091,1,5,0.0011197623214684426
2024-08-15,603335,val,-0.008848517,-0.0014529079,2020-05-08,2024-07-12,13386,1091,1,5,0.0011197623214684426
2024-08-15,603341,val,-0.0062016523,-0.011711389,2020-05-08,2024-07-12,13386,1091,1,5,0.0011197623214684426
2024-08-15,603658,val,0.009514019,0.003848344,2020-05-08,2024-07-12,13386,1091,1,5,0.0011197623214684426
2024-08-15,605090,val,0.004400994,0.002480179,2020-05-08,2024-07-12,13386,1091,1,5,0.0011197623214684426
2024-08-15,605589,val,0.04313168,-0.0018467233,2020-05-08,2024-07-12,13386,1091,1,5,0.0011197623214684426
2024-08-15,688031,val,-0.0124814445,-0.0018368661,2020-05-08,2024-07-12,13386,1091,1,5,0.0011197623214684426
2024-08-15,688045,val,-0.059357338,-0.005166106,2020-05-08,2024-07-12,13386,1091,1,5,0.0011197623214684426
2024-08-15,688133,val,-0.061589867,0.0008926615,2020-05-08,2024-07-12,13386,1091,1,5,0.0011197623214684426
2024-08-15,688147,val,-0.045664925,-0.00085955113,2020-05-08,2024-07-12,13386,1091,1,5,0.0011197623214684426
2024-08-15,688528,val,0.0045109913,-0.00079268217,2020-05-08,2024-07-12,13386,1091,1,5,0.0011197623214684426
2024-08-16,600025,val,0.034319043,-0.00046192855,2020-05-08,2024-07-12,13386,1091,1,5,0.0011197623214684426
2024-08-16,600051,val,-0.03009363,0.003718391,2020-05-08,2024-07-12,13386,1091,1,5,0.0011197623214684426
2024-08-16,600127,val,-0.010869899,0.0013717636,2020-05-08,2024-07-12,13386,1091,1,5,0.0011197623214684426
2024-08-16,600153,val,0.0039793747,0.0073111206,2020-05-08,2024-07-12,13386,1091,1,5,0.0011197623214684426
2024-08-16,600548,val,0.05222953,-0.0007087216,2020-05-08,2024-07-12,13386,1091,1,5,0.0011197623214684426
2024-08-16,600865,val,-0.0014471356,0.0008168444,2020-05-08,2024-07-12,13386,1091,1,5,0.0011197623214684426
2024-08-16,600967,val,-0.04388187,0.001984179,2020-05-08,2024-07-12,13386,1091,1,5,0.0011197623214684426
2024-08-16,601222,val,0.0690399,0.004633397,2020-05-08,2024-07-12,13386,1091,1,5,0.0011197623214684426
2024-08-16,603237,val,0.024427876,0.007779695,2020-05-08,2024-07-12,13386,1091,1,5,0.0011197623214684426
2024-08-16,603335,val,0.024487266,-0.0012395754,2020-05-08,2024-07-12,13386,1091,1,5,0.0011197623214684426
2024-08-16,603341,val,-0.025253642,-0.012303013,2020-05-08,2024-07-12,13386,1091,1,5,0.0011197623214684426
2024-08-16,603658,val,0.011751227,0.003496617,2020-05-08,2024-07-12,13386,1091,1,5,0.0011197623214684426
2024-08-16,605090,val,0.018024186,0.0040600672,2020-05-08,2024-07-12,13386,1091,1,5,0.0011197623214684426
2024-08-16,605589,val,0.053381186,-0.002649948,2020-05-08,2024-07-12,13386,1091,1,5,0.0011197623214684426
2024-08-16,688031,val,-0.028405719,-1.437217e-05,2020-05-08,2024-07-12,13386,1091,1,5,0.0011197623214684426
2024-08-16,688045,val,-0.04833482,-0.0021019578,2020-05-08,2024-07-12,13386,1091,1,5,0.0011197623214684426
2024-08-16,688133,val,-0.06691592,0.0006695613,2020-05-08,2024-07-12,13386,1091,1,5,0.0011197623214684426
2024-08-16,688147,val,-0.024376536,0.0010054782,2020-05-08,2024-07-12,13386,1091,1,5,0.0011197623214684426
2024-08-16,688528,val,-0.012060414,-0.00015769154,2020-05-08,2024-07-12,13386,1091,1,5,0.0011197623214684426
2024-08-19,600025,val,0.0067521804,0.0009412095,2020-05-08,2024-07-12,13386,1091,1,5,0.0011197623214684426
2024-08-19,600051,val,-0.014346248,0.003337331,2020-05-08,2024-07-12,13386,1091,1,5,0.0011197623214684426
2024-08-19,600127,val,0.028123407,-0.0010786578,2020-05-08,2024-07-12,13386,1091,1,5,0.0011197623214684426
2024-08-19,600153,val,-0.010238155,0.007849611,2020-05-08,2024-07-12,13386,1091,1,5,0.0011197623214684426
2024-08-19,600548,val,-0.07797951,-0.00039661676,2020-05-08,2024-07-12,13386,1091,1,5,0.0011197623214684426
2024-08-19,600865,val,-0.0049712476,-0.0016919151,2020-05-08,2024-07-12,13386,1091,1,5,0.0011197623214684426
2024-08-19,600967,val,-0.07850254,0.00048648566,2020-05-08,2024-07-12,13386,1091,1,5,0.0011197623214684426
2024-08-19,601222,val,0.05802738,0.0043224543,2020-05-08,2024-07-12,13386,1091,1,5,0.0011197623214684426
2024-08-19,603237,val,0.042610265,0.0066583604,2020-05-08,2024-07-12,13386,1091,1,5,0.0011197623214684426
2024-08-19,603335,val,0.0020462272,-0.0026025102,2020-05-08,2024-07-12,13386,1091,1,5,0.0011197623214684426
2024-08-19,603341,val,0.029358525,-0.007504672,2020-05-08,2024-07-12,13386,1091,1,5,0.0011197623214684426
2024-08-19,603658,val,0.005959829,0.0019927174,2020-05-08,2024-07-12,13386,1091,1,5,0.0011197623214684426
2024-08-19,605090,val,-0.0004416528,0.002840139,2020-05-08,2024-07-12,13386,1091,1,5,0.0011197623214684426
2024-08-19,605589,val,0.069527574,-0.0032135919,2020-05-08,2024-07-12,13386,1091,1,5,0.0011197623214684426
2024-08-19,688031,val,-0.004289761,0.0012935922,2020-05-08,2024-07-12,13386,1091,1,5,0.0011197623214684426
2024-08-19,688045,val,0.0014423967,0.003383793,2020-05-08,2024-07-12,13386,1091,1,5,0.0011197623214684426
2024-08-19,688133,val,-0.043090712,-0.00059206784,2020-05-08,2024-07-12,13386,1091,1,5,0.0011197623214684426
2024-08-19,688147,val,0.00016330137,0.0037088245,2020-05-08,2024-07-12,13386,1091,1,5,0.0011197623214684426
2024-08-19,688528,val,-0.010151251,0.00072334707,2020-05-08,2024-07-12,13386,1091,1,5,0.0011197623214684426
2024-08-20,600025,val,-0.01761336,0.00202889,2020-05-08,2024-07-12,13386,1091,1,5,0.0011197623214684426
2024-08-20,600051,val,0.0050414996,0.0017925054,2020-05-08,2024-07-12,13386,1091,1,5,0.0011197623214684426
2024-08-20,600127,val,0.053796165,-0.003174238,2020-05-08,2024-07-12,13386,1091,1,5,0.0011197623214684426
2024-08-20,600153,val,-0.021109901,0.008001395,2020-05-08,2024-07-12,13386,1091,1,5,0.0011197623214684426
2024-08-20,600548,val,-0.11664536,0.0017698929,2020-05-08,2024-07-12,13386,1091,1,5,0.0011197623214684426
2024-08-20,600865,val,-0.0018197778,-0.0017770007,2020-05-08,2024-07-12,13386,1091,1,5,0.0011197623214684426
2024-08-20,600967,val,-0.08343695,-0.0008149743,2020-05-08,2024-07-12,13386,1091,1,5,0.0011197623214684426
2024-08-20,601222,val,0.06772031,0.0034340546,2020-05-08,2024-07-12,13386,1091,1,5,0.0011197623214684426
2024-08-20,603237,val,0.15629579,0.0048580244,2020-05-08,2024-07-12,13386,1091,1,5,0.0011197623214684426
2024-08-20,603335,val,-0.014065324,-0.0021869317,2020-05-08,2024-07-12,13386,1091,1,5,0.0011197623214684426
2024-08-20,603341,val,-0.030577725,-0.0020976216,2020-05-08,2024-07-12,13386,1091,1,5,0.0011197623214684426
2024-08-20,603658,val,0.02005958,0.0017351285,2020-05-08,2024-07-12,13386,1091,1,5,0.0011197623214684426
2024-08-20,605090,val,-0.008731941,0.00043036044,2020-05-08,2024-07-12,13386,1091,1,5,0.0011197623214684426
2024-08-20,605589,val,0.081887804,-0.0034664422,2020-05-08,2024-07-12,13386,1091,1,5,0.0011197623214684426
2024-08-20,688031,val,-0.013256205,0.0016424507,2020-05-08,2024-07-12,13386,1091,1,5,0.0011197623214684426
2024-08-20,688045,val,-0.03834404,0.006861374,2020-05-08,2024-07-12,13386,1091,1,5,0.0011197623214684426
2024-08-20,688133,val,-0.028000422,-0.0016144812,2020-05-08,2024-07-12,13386,1091,1,5,0.0011197623214684426
2024-08-20,688147,val,0.005247297,0.004584439,2020-05-08,2024-07-12,13386,1091,1,5,0.0011197623214684426
2024-08-20,688528,val,-0.016447438,0.00014380366,2020-05-08,2024-07-12,13386,1091,1,5,0.0011197623214684426
2024-08-21,600025,val,-0.019265175,0.004877709,2020-05-08,2024-07-12,13386,1091,1,5,0.0011197623214684426
2024-08-21,600051,val,0.03478738,0.00068806857,2020-05-08,2024-07-12,13386,1091,1,5,0.0011197623214684426
2024-08-21,600127,val,0.08591687,-0.0034288242,2020-05-08,2024-07-12,13386,1091,1,5,0.0011197623214684426
2024-08-21,600153,val,-0.04158135,0.008627243,2020-05-08,2024-07-12,13386,1091,1,5,0.0011197623214684426
2024-08-21,600548,val,-0.12920174,0.0036763623,2020-05-08,2024-07-12,13386,1091,1,5,0.0011197623214684426
2024-08-21,600865,val,-0.030467905,-0.0029727072,2020-05-08,2024-07-12,13386,1091,1,5,0.0011197623214684426
2024-08-21,600967,val,-0.101061545,-0.0018703118,2020-05-08,2024-07-12,13386,1091,1,5,0.0011197623214684426
2024-08-21,601222,val,0.079494715,0.0012269393,2020-05-08,2024-07-12,13386,1091,1,5,0.0011197623214684426
2024-08-21,603237,val,0.19164678,0.004138671,2020-05-08,2024-07-12,13386,1091,1,5,0.0011197623214684426
2024-08-21,603335,val,0.0012300542,-0.0008418709,2020-05-08,2024-07-12,13386,1091,1,5,0.0011197623214684426
2024-08-21,603341,val,-0.03087849,0.0014910102,2020-05-08,2024-07-12,13386,1091,1,5,0.0011197623214684426
2024-08-21,603658,val,0.0150553305,0.0025272518,2020-05-08,2024-07-12,13386,1091,1,5,0.0011197623214684426
2024-08-21,605090,val,-0.01128953,0.00012985617,2020-05-08,2024-07-12,13386,1091,1,5,0.0011197623214684426
2024-08-21,605589,val,0.0641492,-0.0024015382,2020-05-08,2024-07-12,13386,1091,1,5,0.0011197623214684426
2024-08-21,688031,val,-0.025007963,0.002045013,2020-05-08,2024-07-12,13386,1091,1,5,0.0011197623214684426
2024-08-21,688045,val,-0.040927634,0.008590899,2020-05-08,2024-07-12,13386,1091,1,5,0.0011197623214684426
2024-08-21,688133,val,-0.009343934,-0.0011233091,2020-05-08,2024-07-12,13386,1091,1,5,0.0011197623214684426
2024-08-21,688147,val,-0.004126167,0.0059171915,2020-05-08,2024-07-12,13386,1091,1,5,0.0011197623214684426
2024-08-21,688528,val,-0.029128898,-0.00030450523,2020-05-08,2024-07-12,13386,1091,1,5,0.0011197623214684426
2024-08-22,600025,val,-0.10429364,0.0030965284,2020-05-08,2024-07-12,13386,1091,1,5,0.0011197623214684426
2024-08-22,600051,val,0.020927623,-0.0008422062,2020-05-08,2024-07-12,13386,1091,1,5,0.0011197623214684426
2024-08-22,600127,val,0.07304223,-0.0031700656,2020-05-08,2024-07-12,13386,1091,1,5,0.0011197623214684426
2024-08-22,600153,val,-0.0512787,0.009590328,2020-05-08,2024-07-12,13386,1091,1,5,0.0011197623214684426
2024-08-22,600548,val,-0.19031855,0.004400775,2020-05-08,2024-07-12,13386,1091,1,5,0.0011197623214684426
2024-08-22,600865,val,-0.038109045,-0.0038323924,2020-05-08,2024-07-12,13386,1091,1,5,0.0011197623214684426
2024-08-22,600967,val,-0.05933845,-0.0028454438,2020-05-08,2024-07-12,13386,1091,1,5,0.0011197623214684426
2024-08-22,601222,val,0.0755076,0.0021694377,2020-05-08,2024-07-12,13386,1091,1,5,0.0011197623214684426
2024-08-22,603237,val,0.1806873,0.0028737932,2020-05-08,2024-07-12,13386,1091,1,5,0.0011197623214684426
2024-08-22,603335,val,0.025327288,-0.00036426634,2020-05-08,2024-07-12,13386,1091,1,5,0.0011197623214684426
2024-08-22,603341,val,0.014493793,0.0012046024,2020-05-08,2024-07-12,13386,1091,1,5,0.0011197623214684426
2024-08-22,603658,val,0.0017391216,-3.2640994e-05,2020-05-08,2024-07-12,13386,1091,1,5,0.0011197623214684426
2024-08-22,605090,val,-0.008196436,-0.0005156547,2020-05-08,2024-07-12,13386,1091,1,5,0.0011197623214684426
2024-08-22,605589,val,0.0725752,0.001505889,2020-05-08,2024-07-12,13386,1091,1,5,0.0011197623214684426
2024-08-22,688031,val,-0.010911087,0.0036027208,2020-05-08,2024-07-12,13386,1091,1,5,0.0011197623214684426
2024-08-22,688045,val,-0.029742585,0.009324312,2020-05-08,2024-07-12,13386,1091,1,5,0.0011197623214684426
2024-08-22,688133,val,0.044986326,-0.00011692941,2020-05-08,2024-07-12,13386,1091,1,5,0.0011197623214684426
2024-08-22,688147,val,0.02543362,0.007212706,2020-05-08,2024-07-12,13386,1091,1,5,0.0011197623214684426
2024-08-22,688528,val,-0.042531606,-0.00080720335,2020-05-08,2024-07-12,13386,1091,1,5,0.0011197623214684426
2024-08-23,600025,val,-0.09515254,0.0037467554,2020-05-08,2024-07-12,13386,1091,1,5,0.0011197623214684426
2024-08-23,600051,val,0.046597943,-0.0013291463,2020-05-08,2024-07-12,13386,1091,1,5,0.0011197623214684426
2024-08-23,600127,val,0.079374835,-0.003183961,2020-05-08,2024-07-12,13386,1091,1,5,0.0011197623214684426
2024-08-23,600153,val,-0.01585552,0.009777591,2020-05-08,2024-07-12,13386,1091,1,5,0.0011197623214684426
2024-08-23,600548,val,-0.20222515,0.005140066,2020-05-08,2024-07-12,13386,1091,1,5,0.0011197623214684426
2024-08-23,600865,val,-0.025308091,-0.0047554746,2020-05-08,2024-07-12,13386,1091,1,5,0.0011197623214684426
2024-08-23,600967,val,-0.044833902,-0.0025074258,2020-05-08,2024-07-12,13386,1091,1,5,0.0011197623214684426
2024-08-23,601222,val,0.03881475,0.0037510246,2020-05-08,2024-07-12,13386,1091,1,5,0.0011197623214684426
2024-08-23,603237,val,0.111593686,-0.0019218028,2020-05-08,2024-07-12,13386,1091,1,5,0.0011197623214684426
2024-08-23,603335,val,-0.014176367,-0.0025853366,2020-05-08,2024-07-12,13386,1091,1,5,0.0011197623214684426
2024-08-23,603341,val,0.03555078,0.00043980777,2020-05-08,2024-07-12,13386,1091,1,5,0.0011197623214684426
2024-08-23,603658,val,0.011641084,-0.00027071685,2020-05-08,2024-07-12,13386,1091,1,5,0.0011197623214684426
2024-08-23,605090,val,-0.025318522,-0.0009276271,2020-05-08,2024-07-12,13386,1091,1,5,0.0011197623214684426
2024-08-23,605589,val,0.05694331,0.005123362,2020-05-08,2024-07-12,13386,1091,1,5,0.0011197623214684426
2024-08-23,688031,val,-0.0010662592,0.0054287836,2020-05-08,2024-07-12,13386,1091,1,5,0.0011197623214684426
2024-08-23,688045,val,-0.021184342,0.009481169,2020-05-08,2024-07-12,13386,1091,1,5,0.0011197623214684426
2024-08-23,688133,val,0.083041206,-0.0006261617,2020-05-08,2024-07-12,13386,1091,1,5,0.0011197623214684426
2024-08-23,688147,val,-0.0017693668,0.0077990144,2020-05-08,2024-07-12,13386,1091,1,5,0.0011197623214684426
2024-08-23,688528,val,-0.01666754,-0.00039105117,2020-05-08,2024-07-12,13386,1091,1,5,0.0011197623214684426
2024-08-26,600025,val,-0.06026167,0.005172424,2020-05-08,2024-07-12,13386,1091,1,5,0.0011197623214684426
2024-08-26,600051,val,0.040202904,-0.0021444112,2020-05-08,2024-07-12,13386,1091,1,5,0.0011197623214684426
2024-08-26,600127,val,0.056608003,-0.0059610605,2020-05-08,2024-07-12,13386,1091,1,5,0.0011197623214684426
2024-08-26,600153,val,-0.021835377,0.009134799,2020-05-08,2024-07-12,13386,1091,1,5,0.0011197623214684426
2024-08-26,600548,val,-0.06378088,0.0045431033,2020-05-08,2024-07-12,13386,1091,1,5,0.0011197623214684426
2024-08-26,600865,val,-0.014174378,-0.004160501,2020-05-08,2024-07-12,13386,1091,1,5,0.0011197623214684426
2024-08-26,600967,val,-0.025715025,-0.0011982098,2020-05-08,2024-07-12,13386,1091,1,5,0.0011197623214684426
2024-08-26,601222,val,0.06479758,0.0052410066,2020-05-08,2024-07-12,13386,1091,1,5,0.0011197623214684426
2024-08-26,603237,val,0.13815142,-0.0004883036,2020-05-08,2024-07-12,13386,1091,1,5,0.0011197623214684426
2024-08-26,603335,val,0.018683335,-0.002350852,2020-05-08,2024-07-12,13386,1091,1,5,0.0011197623214684426
2024-08-26,603341,val,0.012068051,-0.00079586357,2020-05-08,2024-07-12,13386,1091,1,5,0.0011197623214684426
2024-08-26,603658,val,0.009889134,0.00025500357,2020-05-08,2024-07-12,13386,1091,1,5,0.0011197623214684426
2024-08-26,605090,val,-0.017012885,-0.0005547777,2020-05-08,2024-07-12,13386,1091,1,5,0.0011197623214684426
2024-08-26,605589,val,0.008467142,0.0035320967,2020-05-08,2024-07-12,13386,1091,1,5,0.0011197623214684426
2024-08-26,688031,val,-0.060614545,0.0076038092,2020-05-08,2024-07-12,13386,1091,1,5,0.0011197623214684426
2024-08-26,688045,val,-0.06646647,0.0059687123,2020-05-08,2024-07-12,13386,1091,1,5,0.0011197623214684426
2024-08-26,688133,val,0.013180774,-0.0038753673,2020-05-08,2024-07-12,13386,1091,1,5,0.0011197623214684426
2024-08-26,688147,val,-0.001662998,0.007457249,2020-05-08,2024-07-12,13386,1091,1,5,0.0011197623214684426
2024-08-26,688528,val,-0.030524103,0.00021494925,2020-05-08,2024-07-12,13386,1091,1,5,0.0011197623214684426
2024-08-27,600025,val,-0.08395547,0.0063542053,2020-05-08,2024-07-12,13386,1091,1,5,0.0011197623214684426
2024-08-27,600051,val,0.02537954,-0.0023143515,2020-05-08,2024-07-12,13386,1091,1,5,0.0011197623214684426
2024-08-27,600127,val,0.054451086,-0.0059318766,2020-05-08,2024-07-12,13386,1091,1,5,0.0011197623214684426
2024-08-27,600153,val,-0.01314058,0.008876465,2020-05-08,2024-07-12,13386,1091,1,5,0.0011197623214684426
2024-08-27,600548,val,-0.05641299,0.00443729,2020-05-08,2024-07-12,13386,1091,1,5,0.0011197623214684426
2024-08-27,600865,val,-0.006449214,-0.003980495,2020-05-08,2024-07-12,13386,1091,1,5,0.0011197623214684426
2024-08-27,600967,val,-0.016551677,-0.0015858784,2020-05-08,2024-07-12,13386,1091,1,5,0.0011197623214684426
2024-08-27,601222,val,0.073311545,0.005943589,2020-05-08,2024-07-12,13386,1091,1,5,0.0011197623214684426
2024-08-27,603237,val,0.014360051,-0.0055372715,2020-05-08,2024-07-12,13386,1091,1,5,0.0011197623214684426
2024-08-27,603335,val,0.03934715,-0.0018216968,2020-05-08,2024-07-12,13386,1091,1,5,0.0011197623214684426
2024-08-27,603341,val,0.0654034,-0.0005071685,2020-05-08,2024-07-12,13386,1091,1,5,0.0011197623214684426
2024-08-27,603658,val,-0.0015866883,0.0016537979,2020-05-08,2024-07-12,13386,1091,1,5,0.0011197623214684426
2024-08-27,605090,val,-0.030555699,-0.00043482333,2020-05-08,2024-07-12,13386,1091,1,5,0.0011197623214684426
2024-08-27,605589,val,-0.008784799,0.0056609735,2020-05-08,2024-07-12,13386,1091,1,5,0.0011197623214684426
2024-08-27,688031,val,-0.009939,0.008424923,2020-05-08,2024-07-12,13386,1091,1,5,0.0011197623214684426
2024-08-27,688045,val,-0.035027254,0.0042464137,2020-05-08,2024-07-12,13386,1091,1,5,0.0011197623214684426
2024-08-27,688133,val,0.020154169,-0.0060467646,2020-05-08,2024-07-12,13386,1091,1,5,0.0011197623214684426
2024-08-27,688147,val,-8.822216e-07,0.0074904636,2020-05-08,2024-07-12,13386,1091,1,5,0.0011197623214684426
2024-08-27,688528,val,-0.030002695,0.00031754375,2020-05-08,2024-07-12,13386,1091,1,5,0.0011197623214684426
2024-08-28,600025,val,-0.0751186,0.006182052,2020-05-08,2024-07-12,13386,1091,1,5,0.0011197623214684426
2024-08-28,600051,val,0.00591599,-0.002142951,2020-05-08,2024-07-12,13386,1091,1,5,0.0011197623214684426
2024-08-28,600127,val,0.038930077,-0.0086923875,2020-05-08,2024-07-12,13386,1091,1,5,0.0011197623214684426
2024-08-28,600153,val,0.013538802,0.008881673,2020-05-08,2024-07-12,13386,1091,1,5,0.0011197623214684426
2024-08-28,600548,val,-0.0358052,0.0036396608,2020-05-08,2024-07-12,13386,1091,1,5,0.0011197623214684426
2024-08-28,600865,val,0.017314097,-0.0039249584,2020-05-08,2024-07-12,13386,1091,1,5,0.0011197623214684426
2024-08-28,600967,val,-0.0074842134,-0.0025225356,2020-05-08,2024-07-12,13386,1091,1,5,0.0011197623214684426
2024-08-28,601222,val,0.043639936,0.0035289153,2020-05-08,2024-07-12,13386,1091,1,5,0.0011197623214684426
2024-08-28,603237,val,-0.014791275,-0.009145409,2020-05-08,2024-07-12,13386,1091,1,5,0.0011197623214684426
2024-08-28,603335,val,0.019699309,-0.0034416392,2020-05-08,2024-07-12,13386,1091,1,5,0.0011197623214684426
2024-08-28,603341,val,0.06763401,-0.00026843697,2020-05-08,2024-07-12,13386,1091,1,5,0.0011197623214684426
2024-08-28,603658,val,0.015022643,0.0033893958,2020-05-08,2024-07-12,13386,1091,1,5,0.0011197623214684426
2024-08-28,605090,val,-0.025917811,0.0004627779,2020-05-08,2024-07-12,13386,1091,1,5,0.0011197623214684426
2024-08-28,605589,val,-0.013192136,0.008745991,2020-05-08,2024-07-12,13386,1091,1,5,0.0011197623214684426
2024-08-28,688031,val,-0.01226377,0.008281238,2020-05-08,2024-07-12,13386,1091,1,5,0.0011197623214684426
2024-08-28,688045,val,-0.036371063,0.003830798,2020-05-08,2024-07-12,13386,1091,1,5,0.0011197623214684426
2024-08-28,688133,val,0.041171752,-0.0066750087,2020-05-08,2024-07-12,13386,1091,1,5,0.0011197623214684426
2024-08-28,688147,val,0.0007838782,0.007839881,2020-05-08,2024-07-12,13386,1091,1,5,0.0011197623214684426
2024-08-28,688528,val,-0.042706423,-0.0004971847,2020-05-08,2024-07-12,13386,1091,1,5,0.0011197623214684426
2024-08-29,600025,val,-0.03192722,0.005568005,2020-05-08,2024-07-12,13386,1091,1,5,0.0011197623214684426
2024-08-29,600051,val,0.015207888,0.00030182302,2020-05-08,2024-07-12,13386,1091,1,5,0.0011197623214684426
2024-08-29,600127,val,0.034596756,-0.0039957166,2020-05-08,2024-07-12,13386,1091,1,5,0.0011197623214684426
2024-08-29,600153,val,0.04244666,0.008580752,2020-05-08,2024-07-12,13386,1091,1,5,0.0011197623214684426
2024-08-29,600548,val,0.005438379,0.0032296851,2020-05-08,2024-07-12,13386,1091,1,5,0.0011197623214684426
2024-08-29,600865,val,0.035246037,-0.0026771724,2020-05-08,2024-07-12,13386,1091,1,5,0.0011197623214684426
2024-08-29,600967,val,-0.003017207,-0.0026830658,2020-05-08,2024-07-12,13386,1091,1,5,0.0011197623214684426
2024-08-29,601222,val,0.022784045,0.002738513,2020-05-08,2024-07-12,13386,1091,1,5,0.0011197623214684426
2024-08-29,603237,val,0.009920313,-0.006439347,2020-05-08,2024-07-12,13386,1091,1,5,0.0011197623214684426
2024-08-29,603335,val,0.008007855,-0.0035083964,2020-05-08,2024-07-12,13386,1091,1,5,0.0011197623214684426
2024-08-29,603341,val,0.0071744467,-0.0024729744,2020-05-08,2024-07-12,13386,1091,1,5,0.0011197623214684426
2024-08-29,603658,val,0.0036250004,0.0021457523,2020-05-08,2024-07-12,13386,1091,1,5,0.0011197623214684426
2024-08-29,605090,val,-0.026190164,-0.0007797554,2020-05-08,2024-07-12,13386,1091,1,5,0.0011197623214684426
2024-08-29,605589,val,-0.035273556,0.0099659115,2020-05-08,2024-07-12,13386,1091,1,5,0.0011197623214684426
2024-08-29,688031,val,-0.019142851,0.007996924,2020-05-08,2024-07-12,13386,1091,1,5,0.0011197623214684426
2024-08-29,688045,val,-0.0356366,0.0039958954,2020-05-08,2024-07-12,13386,1091,1,5,0.0011197623214684426
2024-08-29,688133,val,0.022264965,-0.008376244,2020-05-08,2024-07-12,13386,1091,1,5,0.0011197623214684426
2024-08-29,688147,val,-0.028813215,0.006077014,2020-05-08,2024-07-12,13386,1091,1,5,0.0011197623214684426
2024-08-29,688528,val,-0.026711531,-0.00088296086,2020-05-08,2024-07-12,13386,1091,1,5,0.0011197623214684426
2024-08-30,600025,val,0.013662278,0.006577827,2020-05-08,2024-07-12,13386,1091,1,5,0.0011197623214684426
2024-08-30,600051,val,0.020046387,0.001723893,2020-05-08,2024-07-12,13386,1091,1,5,0.0011197623214684426
2024-08-30,600127,val,0.036661316,0.001565814,2020-05-08,2024-07-12,13386,1091,1,5,0.0011197623214684426
2024-08-30,600153,val,0.057997074,0.0038954392,2020-05-08,2024-07-12,13386,1091,1,5,0.0011197623214684426
2024-08-30,600548,val,0.05650144,0.0016440228,2020-05-08,2024-07-12,13386,1091,1,5,0.0011197623214684426
2024-08-30,600865,val,0.025244825,-0.0032001138,2020-05-08,2024-07-12,13386,1091,1,5,0.0011197623214684426
2024-08-30,600967,val,0.0098508205,-0.0030622259,2020-05-08,2024-07-12,13386,1091,1,5,0.0011197623214684426
2024-08-30,601222,val,0.05284849,0.003787823,2020-05-08,2024-07-12,13386,1091,1,5,0.0011197623214684426
2024-08-30,603237,val,0.0123181045,0.0013263151,2020-05-08,2024-07-12,13386,1091,1,5,0.0011197623214684426
2024-08-30,603335,val,0.019484444,-0.0013550594,2020-05-08,2024-07-12,13386,1091,1,5,0.0011197623214684426
2024-08-30,603341,val,-0.017023664,-0.0044768155,2020-05-08,2024-07-12,13386,1091,1,5,0.0011197623214684426
2024-08-30,603658,val,0.00078049453,0.0023412555,2020-05-08,2024-07-12,13386,1091,1,5,0.0011197623214684426
2024-08-30,605090,val,-0.008190729,-0.00049676,2020-05-08,2024-07-12,13386,1091,1,5,0.0011197623214684426
2024-08-30,605589,val,-0.020503478,0.011600636,2020-05-08,2024-07-12,13386,1091,1,5,0.0011197623214684426
2024-08-30,688031,val,-0.06606485,0.006529711,2020-05-08,2024-07-12,13386,1091,1,5,0.0011197623214684426
2024-08-30,688045,val,-0.07269055,0.0030552447,2020-05-08,2024-07-12,13386,1091,1,5,0.0011197623214684426
2024-08-30,688133,val,-0.01738128,-0.010473717,2020-05-08,2024-07-12,13386,1091,1,5,0.0011197623214684426
2024-08-30,688147,val,-0.055878285,0.0064510554,2020-05-08,2024-07-12,13386,1091,1,5,0.0011197623214684426
2024-08-30,688528,val,-0.047662847,-0.0014802888,2020-05-08,2024-07-12,13386,1091,1,5,0.0011197623214684426
2024-09-02,600025,val,-9.181403e-05,0.0052367076,2020-05-08,2024-07-12,13386,1091,1,5,0.0011197623214684426
2024-09-02,600051,val,0.015590843,0.0023565367,2020-05-08,2024-07-12,13386,1091,1,5,0.0011197623214684426
2024-09-02,600127,val,0.033190843,0.0025106743,2020-05-08,2024-07-12,13386,1091,1,5,0.0011197623214684426
2024-09-02,600153,val,0.05725751,0.0036594793,2020-05-08,2024-07-12,13386,1091,1,5,0.0011197623214684426
2024-09-02,600548,val,0.013418347,-0.00026435405,2020-05-08,2024-07-12,13386,1091,1,5,0.0011197623214684426
2024-09-02,600865,val,0.028598974,-0.0013476536,2020-05-08,2024-07-12,13386,1091,1,5,0.0011197623214684426
2024-09-02,600967,val,0.015590843,-0.0023678243,2020-05-08,2024-07-12,13386,1091,1,5,0.0011197623214684426
2024-09-02,601222,val,0.009561298,0.0020962805,2020-05-08,2024-07-12,13386,1091,1,5,0.0011197623214684426
2024-09-02,603237,val,-0.022870695,0.0029600784,2020-05-08,2024-07-12,13386,1091,1,5,0.0011197623214684426
2024-09-02,603335,val,0.013071951,1.8112361e-05,2020-05-08,2024-07-12,13386,1091,1,5,0.0011197623214684426
2024-09-02,603341,val,-0.014890441,-0.004784681,2020-05-08,2024-07-12,13386,1091,1,5,0.0011197623214684426
2024-09-02,603658,val,0.009395695,0.0036402121,2020-05-08,2024-07-12,13386,1091,1,5,0.0011197623214684426
2024-09-02,605090,val,-0.017076459,-0.0002798289,2020-05-08,2024-07-12,13386,1091,1,5,0.0011197623214684426
2024-09-02,605589,val,-0.013378517,0.0106104985,2020-05-08,2024-07-12,13386,1091,1,5,0.0011197623214684426
2024-09-02,688031,val,0.005170156,0.004832007,2020-05-08,2024-07-12,13386,1091,1,5,0.0011197623214684426
2024-09-02,688045,val,-0.04325759,0.0032013506,2020-05-08,2024-07-12,13386,1091,1,5,0.0011197623214684426
2024-09-02,688133,val,0.0033564577,-0.008995336,2020-05-08,2024-07-12,13386,1091,1,5,0.0011197623214684426
2024-09-02,688147,val,-0.06965257,0.0032970533,2020-05-08,2024-07-12,13386,1091,1,5,0.0011197623214684426
2024-09-02,688528,val,-0.022984825,-0.0017438829,2020-05-08,2024-07-12,13386,1091,1,5,0.0011197623214684426
2024-09-03,600025,val,0.020360395,0.0038074553,2020-05-08,2024-07-12,13386,1091,1,5,0.0011197623214684426
2024-09-03,600051,val,0.017482763,0.002564177,2020-05-08,2024-07-12,13386,1091,1,5,0.0011197623214684426
2024-09-03,600127,val,-0.014958001,-0.00042950362,2020-05-08,2024-07-12,13386,1091,1,5,0.0011197623214684426
2024-09-03,600153,val,0.03536596,0.0043191463,2020-05-08,2024-07-12,13386,1091,1,5,0.0011197623214684426
2024-09-03,600548,val,0.04265737,-0.0021869466,2020-05-08,2024-07-12,13386,1091,1,5,0.0011197623214684426
2024-09-03,600865,val,0.00973958,0.0005338639,2020-05-08,2024-07-12,13386,1091,1,5,0.0011197623214684426
2024-09-03,600967,val,0.005598482,-0.0022461861,2020-05-08,2024-07-12,13386,1091,1,5,0.0011197623214684426
2024-09-03,601222,val,-0.011311711,-0.00045742095,2020-05-08,2024-07-12,13386,1091,1,5,0.0011197623214684426
2024-09-03,603237,val,-0.020819688,0.0056298748,2020-05-08,2024-07-12,13386,1091,1,5,0.0011197623214684426
2024-09-03,603335,val,0.019417,0.0009625256,2020-05-08,2024-07-12,13386,1091,1,5,0.0011197623214684426
2024-09-03,603341,val,0.008071353,-0.00546477,2020-05-08,2024-07-12,13386,1091,1,5,0.0011197623214684426
2024-09-03,603658,val,-0.011072368,0.0030732006,2020-05-08,2024-07-12,13386,1091,1,5,0.0011197623214684426
2024-09-03,605090,val,-0.00033664034,0.0007603839,2020-05-08,2024-07-12,13386,1091,1,5,0.0011197623214684426
2024-09-03,605589,val,-0.016754398,0.009981655,2020-05-08,2024-07-12,13386,1091,1,5,0.0011197623214684426
2024-09-03,688031,val,0.0023736495,0.00470224,2020-05-08,2024-07-12,13386,1091,1,5,0.0011197623214684426
2024-09-03,688045,val,-0.014625554,0.0045332164,2020-05-08,2024-07-12,13386,1091,1,5,0.0011197623214684426
2024-09-03,688133,val,-0.000429352,-0.0074736327,2020-05-08,2024-07-12,13386,1091,1,5,0.0011197623214684426
2024-09-03,688147,val,-0.06495329,0.0025736168,2020-05-08,2024-07-12,13386,1091,1,5,0.0011197623214684426
2024-09-03,688528,val,-0.005805553,-0.0016674697,2020-05-08,2024-07-12,13386,1091,1,5,0.0011197623214684426
2024-09-04,600025,val,-0.020992426,0.0010417402,2020-05-08,2024-07-12,13386,1091,1,5,0.0011197623214684426
2024-09-04,600051,val,0.0155528765,0.0035027713,2020-05-08,2024-07-12,13386,1091,1,5,0.0011197623214684426
2024-09-04,600127,val,-0.038823083,-0.007099092,2020-05-08,2024-07-12,13386,1091,1,5,0.0011197623214684426
2024-09-04,600153,val,0.057675686,0.00521446,2020-05-08,2024-07-12,13386,1091,1,5,0.0011197623214684426
2024-09-04,600548,val,0.017260358,-0.004862398,2020-05-08,2024-07-12,13386,1091,1,5,0.0011197623214684426
2024-09-04,600865,val,-0.0065148994,0.002197601,2020-05-08,2024-07-12,13386,1091,1,5,0.0011197623214684426
2024-09-04,600967,val,0.00092058186,-0.0017004013,2020-05-08,2024-07-12,13386,1091,1,5,0.0011197623214684426
2024-09-04,601222,val,-0.0012081306,0.0005826354,2020-05-08,2024-07-12,13386,1091,1,5,0.0011197623214684426
2024-09-04,603237,val,-0.03768373,0.005000271,2020-05-08,2024-07-12,13386,1091,1,5,0.0011197623214684426
2024-09-04,603335,val,0.021959126,0.0018089041,2020-05-08,2024-07-12,13386,1091,1,5,0.0011197623214684426
2024-09-04,603341,val,-0.0077408734,-0.004715495,2020-05-08,2024-07-12,13386,1091,1,5,0.0011197623214684426
2024-09-04,603658,val,-0.008518286,0.003160648,2020-05-08,2024-07-12,13386,1091,1,5,0.0011197623214684426
2024-09-04,605090,val,-0.0067479373,0.0015279725,2020-05-08,2024-07-12,13386,1091,1,5,0.0011197623214684426
2024-09-04,605589,val,0.009346767,0.008343078,2020-05-08,2024-07-12,13386,1091,1,5,0.0011197623214684426
2024-09-04,688031,val,0.013471102,0.0052236393,2020-05-08,2024-07-12,13386,1091,1,5,0.0011197623214684426
2024-09-04,688045,val,-0.008055921,0.004888594,2020-05-08,2024-07-12,13386,1091,1,5,0.0011197623214684426
2024-09-04,688133,val,0.018825414,-0.0055902526,2020-05-08,2024-07-12,13386,1091,1,5,0.0011197623214684426
2024-09-04,688147,val,-0.03971247,0.002876319,2020-05-08,2024-07-12,13386,1091,1,5,0.0011197623214684426
2024-09-04,688528,val,0.020985844,-0.00092180073,2020-05-08,2024-07-12,13386,1091,1,5,0.0011197623214684426
2024-09-05,600025,val,-0.0067141834,-0.0006091893,2020-05-08,2024-07-12,13386,1091,1,5,0.0011197623214684426
2024-09-05,600051,val,0.020243071,0.0033994764,2020-05-08,2024-07-12,13386,1091,1,5,0.0011197623214684426
2024-09-05,600127,val,-0.004972023,-0.0028040186,2020-05-08,2024-07-12,13386,1091,1,5,0.0011197623214684426
2024-09-05,600153,val,0.037282936,0.002201207,2020-05-08,2024-07-12,13386,1091,1,5,0.0011197623214684426
2024-09-05,600548,val,0.062075924,-0.005234815,2020-05-08,2024-07-12,13386,1091,1,5,0.0011197623214684426
2024-09-05,600865,val,-0.021446776,0.0020691603,2020-05-08,2024-07-12,13386,1091,1,5,0.0011197623214684426
2024-09-05,600967,val,0.0049641486,-0.00027031451,2020-05-08,2024-07-12,13386,1091,1,5,0.0011197623214684426
2024-09-05,601222,val,0.01912452,0.0019929633,2020-05-08,2024-07-12,13386,1091,1,5,0.0011197623214684426
2024-09-05,603237,val,-0.057022825,0.004098177,2020-05-08,2024-07-12,13386,1091,1,5,0.0011197623214684426
2024-09-05,603335,val,0.020550841,0.00245744,2020-05-08,2024-07-12,13386,1091,1,5,0.0011197623214684426
2024-09-05,603341,val,-0.021614049,-0.0012998953,2020-05-08,2024-07-12,13386,1091,1,5,0.0011197623214684426
2024-09-05,603658,val,-0.02322203,0.0031426698,2020-05-08,2024-07-12,13386,1091,1,5,0.0011197623214684426
2024-09-05,605090,val,-0.01950836,0.00076632947,2020-05-08,2024-07-12,13386,1091,1,5,0.0011197623214684426
2024-09-05,605589,val,-0.0093564335,0.0062807724,2020-05-08,2024-07-12,13386,1091,1,5,0.0011197623214684426
2024-09-05,688031,val,0.005049044,0.002728939,2020-05-08,2024-07-12,13386,1091,1,5,0.0011197623214684426
2024-09-05,688045,val,-0.01263801,0.004229717,2020-05-08,2024-07-12,13386,1091,1,5,0.0011197623214684426
2024-09-05,688133,val,0.00063182577,-0.0043363646,2020-05-08,2024-07-12,13386,1091,1,5,0.0011197623214684426
2024-09-05,688147,val,-0.027464924,0.0031864122,2020-05-08,2024-07-12,13386,1091,1,5,0.0011197623214684426
2024-09-05,688528,val,0.034037307,-0.0006539002,2020-05-08,2024-07-12,13386,1091,1,5,0.0011197623214684426
2024-09-06,600025,val,-0.024720905,-0.0016511008,2020-05-08,2024-07-12,13386,1091,1,5,0.0011197623214684426
2024-09-06,600051,val,0.017151918,0.0036999583,2020-05-08,2024-07-12,13386,1091,1,5,0.0011197623214684426
2024-09-06,600127,val,0.029099168,0.0014261827,2020-05-08,2024-07-12,13386,1091,1,5,0.0011197623214684426
2024-09-06,600153,val,0.015031191,0.000102095306,2020-05-08,2024-07-12,13386,1091,1,5,0.0011197623214684426
2024-09-06,600548,val,0.05334543,-0.0058762655,2020-05-08,2024-07-12,13386,1091,1,5,0.0011197623214684426
2024-09-06,600865,val,-0.019314235,0.0010772869,2020-05-08,2024-07-12,13386,1091,1,5,0.0011197623214684426
2024-09-06,600967,val,-0.003530542,0.0005688295,2020-05-08,2024-07-12,13386,1091,1,5,0.0011197623214684426
2024-09-06,601222,val,0.021073487,0.0029896945,2020-05-08,2024-07-12,13386,1091,1,5,0.0011197623214684426
2024-09-06,603237,val,-0.06327859,0.0035705566,2020-05-08,2024-07-12,13386,1091,1,5,0.0011197623214684426
2024-09-06,603335,val,0.010972477,0.002466999,2020-05-08,2024-07-12,13386,1091,1,5,0.0011197623214684426
2024-09-06,603341,val,0.006887117,-0.0004944876,2020-05-08,2024-07-12,13386,1091,1,5,0.0011197623214684426
2024-09-06,603658,val,-0.021260018,0.0034999624,2020-05-08,2024-07-12,13386,1091,1,5,0.0011197623214684426
2024-09-06,605090,val,-0.01919332,0.00017099828,2020-05-08,2024-07-12,13386,1091,1,5,0.0011197623214684426
2024-09-06,605589,val,-0.021043759,0.0041950718,2020-05-08,2024-07-12,13386,1091,1,5,0.0011197623214684426
2024-09-06,688031,val,0.008612428,0.0012846962,2020-05-08,2024-07-12,13386,1091,1,5,0.0011197623214684426
2024-09-06,688045,val,-0.004625341,0.0057850853,2020-05-08,2024-07-12,13386,1091,1,5,0.0011197623214684426
2024-09-06,688133,val,-0.014800953,-0.0016658604,2020-05-08,2024-07-12,13386,1091,1,5,0.0011197623214684426
2024-09-06,688147,val,-0.007079666,0.0052581206,2020-05-08,2024-07-12,13386,1091,1,5,0.0011197623214684426
2024-09-06,688528,val,0.036674112,-0.0004678592,2020-05-08,2024-07-12,13386,1091,1,5,0.0011197623214684426
2024-09-09,600025,val,-0.019078368,-0.0028606541,2020-05-08,2024-09-06,14106,1131,1,5,0.0007778383791446686
2024-09-09,600051,val,0.00061574555,0.0022591203,2020-05-08,2024-09-06,14106,1131,1,5,0.0007778383791446686
2024-09-09,600127,val,-0.0055389665,0.000776466,2020-05-08,2024-09-06,14106,1131,1,5,0.0007778383791446686
2024-09-09,600153,val,0.06436911,-0.00693753,2020-05-08,2024-09-06,14106,1131,1,5,0.0007778383791446686
2024-09-09,600548,val,0.078161,-0.0038912222,2020-05-08,2024-09-06,14106,1131,1,5,0.0007778383791446686
2024-09-09,600865,val,-0.019036246,-0.006720528,2020-05-08,2024-09-06,14106,1131,1,5,0.0007778383791446686
2024-09-09,600967,val,0.008887614,-0.0005069971,2020-05-08,2024-09-06,14106,1131,1,5,0.0007778383791446686
2024-09-09,601222,val,0.042589407,0.004654359,2020-05-08,2024-09-06,14106,1131,1,5,0.0007778383791446686
2024-09-09,603237,val,-0.088553965,0.0053115822,2020-05-08,2024-09-06,14106,1131,1,5,0.0007778383791446686
2024-09-09,603335,val,0.01075606,0.00018849969,2020-05-08,2024-09-06,14106,1131,1,5,0.0007778383791446686
2024-09-09,603341,val,-0.0355927,-9.296462e-05,2020-05-08,2024-09-06,14106,1131,1,5,0.0007778383791446686
2024-09-09,603658,val,-0.014871647,-0.0005247146,2020-05-08,2024-09-06,14106,1131,1,5,0.0007778383791446686
2024-09-09,605090,val,0.0048010168,0.0008584969,2020-05-08,2024-09-06,14106,1131,1,5,0.0007778383791446686
2024-09-09,605589,val,-0.006794663,0.0019138791,2020-05-08,2024-09-06,14106,1131,1,5,0.0007778383791446686
2024-09-09,688031,val,0.0071868254,-0.008424554,2020-05-08,2024-09-06,14106,1131,1,5,0.0007778383791446686
2024-09-09,688045,val,-0.015028099,-0.0006040074,2020-05-08,2024-09-06,14106,1131,1,5,0.0007778383791446686
2024-09-09,688133,val,-0.029503116,0.0006949045,2020-05-08,2024-09-06,14106,1131,1,5,0.0007778383791446686
2024-09-09,688147,val,-0.0061901687,-0.00020700693,2020-05-08,2024-09-06,14106,1131,1,5,0.0007778383791446686
2024-09-09,688528,val,0.022821154,-0.0013253428,2020-05-08,2024-09-06,14106,1131,1,5,0.0007778383791446686
2024-09-10,600025,val,-0.03682916,-0.0032076016,2020-05-08,2024-09-06,14106,1131,1,5,0.0007778383791446686
2024-09-10,600051,val,0.009300717,0.003024526,2020-05-08,2024-09-06,14106,1131,1,5,0.0007778383791446686
2024-09-10,600127,val,0.06463676,0.0051685236,2020-05-08,2024-09-06,14106,1131,1,5,0.0007778383791446686
2024-09-10,600153,val,0.058334462,-0.003826376,2020-05-08,2024-09-06,14106,1131,1,5,0.0007778383791446686
2024-09-10,600548,val,0.0069125067,-0.003285639,2020-05-08,2024-09-06,14106,1131,1,5,0.0007778383791446686
2024-09-10,600865,val,0.004724044,-0.004916735,2020-05-08,2024-09-06,14106,1131,1,5,0.0007778383791446686
2024-09-10,600967,val,0.020580132,-0.00037964433,2020-05-08,2024-09-06,14106,1131,1,5,0.0007778383791446686
2024-09-10,601222,val,0.021806335,0.0052155964,2020-05-08,2024-09-06,14106,1131,1,5,0.0007778383791446686
2024-09-10,603237,val,-0.057811853,0.006786935,2020-05-08,2024-09-06,14106,1131,1,5,0.0007778383791446686
2024-09-10,603335,val,0.011238702,-0.00071095675,2020-05-08,2024-09-06,14106,1131,1,5,0.0007778383791446686
2024-09-10,603341,val,-0.061886463,-0.0059834793,2020-05-08,2024-09-06,14106,1131,1,5,0.0007778383791446686
2024-09-10,603658,val,0.0009321478,0.0012518987,2020-05-08,2024-09-06,14106,1131,1,5,0.0007778383791446686
2024-09-10,605090,val,-0.0063940436,0.00031181797,2020-05-08,2024-09-06,14106,1131,1,5,0.0007778383791446686
2024-09-10,605589,val,-0.011278619,0.0015942268,2020-05-08,2024-09-06,14106,1131,1,5,0.0007778383791446686
2024-09-10,688031,val,-0.0045924326,-0.007122703,2020-05-08,2024-09-06,14106,1131,1,5,0.0007778383791446686
2024-09-10,688045,val,-0.043827377,-0.00074598566,2020-05-08,2024-09-06,14106,1131,1,5,0.0007778383791446686
2024-09-10,688133,val,-0.014888013,0.002490241,2020-05-08,2024-09-06,14106,1131,1,5,0.0007778383791446686
2024-09-10,688147,val,-0.0011158746,-0.0011054277,2020-05-08,2024-09-06,14106,1131,1,5,0.0007778383791446686
2024-09-10,688528,val,0.040158033,-0.0036070012,2020-05-08,2024-09-06,14106,1131,1,5,0.0007778383791446686
2024-09-11,600025,val,-0.0042860294,-0.0023775473,2020-05-08,2024-09-06,14106,1131,1,5,0.0007778383791446686
2024-09-11,600051,val,0.02708652,0.0047119632,2020-05-08,2024-09-06,14106,1131,1,5,0.0007778383791446686
2024-09-11,600127,val,0.052116856,0.0068122335,2020-05-08,2024-09-06,14106,1131,1,5,0.0007778383791446686
2024-09-11,600153,val,0.02827141,-0.0031658076,2020-05-08,2024-09-06,14106,1131,1,5,0.0007778383791446686
2024-09-11,600548,val,0.02792735,-0.0010118559,2020-05-08,2024-09-06,14106,1131,1,5,0.0007778383791446686
2024-09-11,600865,val,0.021400245,-0.0014759898,2020-05-08,2024-09-06,14106,1131,1,5,0.0007778383791446686
2024-09-11,600967,val,0.025566781,0.0010392554,2020-05-08,2024-09-06,14106,1131,1,5,0.0007778383791446686
2024-09-11,601222,val,0.015922403,0.005515456,2020-05-08,2024-09-06,14106,1131,1,5,0.0007778383791446686
2024-09-11,603237,val,-0.04226137,0.005615417,2020-05-08,2024-09-06,14106,1131,1,5,0.0007778383791446686
2024-09-11,603335,val,0.016387776,0.00075289607,2020-05-08,2024-09-06,14106,1131,1,5,0.0007778383791446686
2024-09-11,603341,val,-0.020398,-0.0044998266,2020-05-08,2024-09-06,14106,1131,1,5,0.0007778383791446686
2024-09-11,603658,val,-0.00048251165,0.0016053207,2020-05-08,2024-09-06,14106,1131,1,5,0.0007778383791446686
2024-09-11,605090,val,0.0028566394,0.00024156272,2020-05-08,2024-09-06,14106,1131,1,5,0.0007778383791446686
2024-09-11,605589,val,-0.032300096,-0.0020213202,2020-05-08,2024-09-06,14106,1131,1,5,0.0007778383791446686
2024-09-11,688031,val,0.012153258,-0.007609315,2020-05-08,2024-09-06,14106,1131,1,5,0.0007778383791446686
2024-09-11,688045,val,-0.058449447,-0.0014201328,2020-05-08,2024-09-06,14106,1131,1,5,0.0007778383791446686
2024-09-11,688133,val,-0.06596184,-0.0011825785,2020-05-08,2024-09-06,14106,1131,1,5,0.0007778383791446686
2024-09-11,688147,val,-0.04591361,-0.0021275654,2020-05-08,2024-09-06,14106,1131,1,5,0.0007778383791446686
2024-09-11,688528,val,0.04036366,-0.0041928254,2020-05-08,2024-09-06,14106,1131,1,5,0.0007778383791446686
2024-09-12,600025,val,0.009114798,-0.00281341,2020-05-08,2024-09-06,14106,1131,1,5,0.0007778383791446686
2024-09-12,600051,val,0.01985224,0.0045646876,2020-05-08,2024-09-06,14106,1131,1,5,0.0007778383791446686
2024-09-12,600127,val,0.034437265,0.005861707,2020-05-08,2024-09-06,14106,1131,1,5,0.0007778383791446686
2024-09-12,600153,val,0.023890296,-0.0010977872,2020-05-08,2024-09-06,14106,1131,1,5,0.0007778383791446686
2024-09-12,600548,val,-0.017555315,-0.0021444224,2020-05-08,2024-09-06,14106,1131,1,5,0.0007778383791446686
2024-09-12,600865,val,0.028542992,0.00089916587,2020-05-08,2024-09-06,14106,1131,1,5,0.0007778383791446686
2024-09-12,600967,val,0.024230886,0.0015074611,2020-05-08,2024-09-06,14106,1131,1,5,0.0007778383791446686
2024-09-12,601222,val,-0.01974632,0.0041352995,2020-05-08,2024-09-06,14106,1131,1,5,0.0007778383791446686
2024-09-12,603237,val,-0.034747694,0.0031900257,2020-05-08,2024-09-06,14106,1131,1,5,0.0007778383791446686
2024-09-12,603335,val,0.022586616,0.0022159554,2020-05-08,2024-09-06,14106,1131,1,5,0.0007778383791446686
2024-09-12,603341,val,0.002143353,-0.0013367385,2020-05-08,2024-09-06,14106,1131,1,5,0.0007778383791446686
2024-09-12,603658,val,-0.003275223,0.0016202964,2020-05-08,2024-09-06,14106,1131,1,5,0.0007778383791446686
2024-09-12,605090,val,0.024704412,0.0017131828,2020-05-08,2024-09-06,14106,1131,1,5,0.0007778383791446686
2024-09-12,605589,val,0.0006803838,0.00034042448,2020-05-08,2024-09-06,14106,1131,1,5,0.0007778383791446686
2024-09-12,688031,val,0.0138744945,-0.008912813,2020-05-08,2024-09-06,14106,1131,1,5,0.0007778383791446686
2024-09-12,688045,val,-0.053221453,-0.0026305914,2020-05-08,2024-09-06,14106,1131,1,5,0.0007778383791446686
2024-09-12,688133,val,-0.065360956,-0.0014400035,2020-05-08,2024-09-06,14106,1131,1,5,0.0007778383791446686
2024-09-12,688147,val,-0.060777932,-0.0034838319,2020-05-08,2024-09-06,14106,1131,1,5,0.0007778383791446686
2024-09-12,688528,val,0.050627157,-0.0056721494,2020-05-08,2024-09-06,14106,1131,1,5,0.0007778383791446686
2024-09-13,600025,val,-0.014661047,-0.0026695803,2020-05-08,2024-09-06,14106,1131,1,5,0.0007778383791446686
2024-09-13,600051,val,0.0051589543,0.0053458437,2020-05-08,2024-09-06,14106,1131,1,5,0.0007778383791446686
2024-09-13,600127,val,-0.01819979,0.00015801564,2020-05-08,2024-09-06,14106,1131,1,5,0.0007778383791446686
2024-09-13,600153,val,-0.0010517057,0.0010953397,2020-05-08,2024-09-06,14106,1131,1,5,0.0007778383791446686
2024-09-13,600548,val,-0.06292716,-0.0053251497,2020-05-08,2024-09-06,14106,1131,1,5,0.0007778383791446686
2024-09-13,600865,val,0.0117869135,0.00022343174,2020-05-08,2024-09-06,14106,1131,1,5,0.0007778383791446686
2024-09-13,600967,val,0.0052110916,0.0014011748,2020-05-08,2024-09-06,14106,1131,1,5,0.0007778383791446686
2024-09-13,601222,val,-0.06751901,0.0042096376,2020-05-08,2024-09-06,14106,1131,1,5,0.0007778383791446686
2024-09-13,603237,val,-0.010709973,0.0045652427,2020-05-08,2024-09-06,14106,1131,1,5,0.0007778383791446686
2024-09-13,603335,val,0.09566996,0.0025591813,2020-05-08,2024-09-06,14106,1131,1,5,0.0007778383791446686
2024-09-13,603341,val,-0.015843606,-0.00038012117,2020-05-08,2024-09-06,14106,1131,1,5,0.0007778383791446686
2024-09-13,603658,val,-0.007853335,0.0011060946,2020-05-08,2024-09-06,14106,1131,1,5,0.0007778383791446686
2024-09-13,605090,val,0.016307581,0.00093582645,2020-05-08,2024-09-06,14106,1131,1,5,0.0007778383791446686
2024-09-13,605589,val,0.0030723165,0.0007790476,2020-05-08,2024-09-06,14106,1131,1,5,0.0007778383791446686
2024-09-13,688031,val,0.04111675,-0.00931558,2020-05-08,2024-09-06,14106,1131,1,5,0.0007778383791446686
2024-09-13,688045,val,-0.038383152,-0.0023622066,2020-05-08,2024-09-06,14106,1131,1,5,0.0007778383791446686
2024-09-13,688133,val,-0.008862549,0.00022410229,2020-05-08,2024-09-06,14106,1131,1,5,0.0007778383791446686
2024-09-13,688147,val,0.0053182095,-0.004586078,2020-05-08,2024-09-06,14106,1131,1,5,0.0007778383791446686
2024-09-13,688528,val,0.062369544,-0.004605878,2020-05-08,2024-09-06,14106,1131,1,5,0.0007778383791446686
2024-09-18,600025,val,-0.027809788,-0.002757974,2020-05-08,2024-09-06,14106,1131,1,5,0.0007778383791446686
2024-09-18,600051,val,0.022689803,0.0035989508,2020-05-08,2024-09-06,14106,1131,1,5,0.0007778383791446686
2024-09-18,600127,val,-0.014437242,0.0026585609,2020-05-08,2024-09-06,14106,1131,1,5,0.0007778383791446686
2024-09-18,600153,val,0.0020466442,0.0008572154,2020-05-08,2024-09-06,14106,1131,1,5,0.0007778383791446686
2024-09-18,600548,val,-0.07141498,-0.0069714263,2020-05-08,2024-09-06,14106,1131,1,5,0.0007778383791446686
2024-09-18,600865,val,0.010811039,-0.001985129,2020-05-08,2024-09-06,14106,1131,1,5,0.0007778383791446686
2024-09-18,600967,val,-0.0048983395,0.00072480366,2020-05-08,2024-09-06,14106,1131,1,5,0.0007778383791446686
2024-09-18,601222,val,-0.094463125,0.0049542673,2020-05-08,2024-09-06,14106,1131,1,5,0.0007778383791446686
2024-09-18,603237,val,0.008438944,0.005017448,2020-05-08,2024-09-06,14106,1131,1,5,0.0007778383791446686
2024-09-18,603335,val,0.06763069,0.000844609,2020-05-08,2024-09-06,14106,1131,1,5,0.0007778383791446686
2024-09-18,603341,val,0.018847942,0.0010223798,2020-05-08,2024-09-06,14106,1131,1,5,0.0007778383791446686
2024-09-18,603658,val,-0.02197959,5.889684e-06,2020-05-08,2024-09-06,14106,1131,1,5,0.0007778383791446686
2024-09-18,605090,val,0.0019776418,-0.0005596578,2020-05-08,2024-09-06,14106,1131,1,5,0.0007778383791446686
2024-09-18,605589,val,-0.023399513,-0.0003904663,2020-05-08,2024-09-06,14106,1131,1,5,0.0007778383791446686
2024-09-18,688031,val,0.044174656,-0.010117434,2020-05-08,2024-09-06,14106,1131,1,5,0.0007778383791446686
2024-09-18,688045,val,0.0062798457,-0.0027215295,2020-05-08,2024-09-06,14106,1131,1,5,0.0007778383791446686
2024-09-18,688133,val,0.031409424,0.0021851063,2020-05-08,2024-09-06,14106,1131,1,5,0.0007778383791446686
2024-09-18,688147,val,-0.016604522,-0.005322065,2020-05-08,2024-09-06,14106,1131,1,5,0.0007778383791446686
2024-09-18,688528,val,0.06070047,-0.0041863956,2020-05-08,2024-09-06,14106,1131,1,5,0.0007778383791446686
2024-09-19,600025,val,-0.03901182,-0.002305176,2020-05-08,2024-09-06,14106,1131,1,5,0.0007778383791446686
2024-09-19,600051,val,0.008570609,0.003442403,2020-05-08,2024-09-06,14106,1131,1,5,0.0007778383791446686
2024-09-19,600127,val,-0.082372375,-0.0034170337,2020-05-08,2024-09-06,14106,1131,1,5,0.0007778383791446686
2024-09-19,600153,val,0.11088353,0.0052880943,2020-05-08,2024-09-06,14106,1131,1,5,0.0007778383791446686
2024-09-19,600548,val,-0.035290614,-0.001552429,2020-05-08,2024-09-06,14106,1131,1,5,0.0007778383791446686
2024-09-19,600865,val,7.820302e-06,-0.003308002,2020-05-08,2024-09-06,14106,1131,1,5,0.0007778383791446686
2024-09-19,600967,val,-0.02681694,0.0005315542,2020-05-08,2024-09-06,14106,1131,1,5,0.0007778383791446686
2024-09-19,601222,val,-0.11391265,0.006698277,2020-05-08,2024-09-06,14106,1131,1,5,0.0007778383791446686
2024-09-19,603237,val,-0.018980347,0.00049138814,2020-05-08,2024-09-06,14106,1131,1,5,0.0007778383791446686
2024-09-19,603335,val,0.018182982,0.0006395653,2020-05-08,2024-09-06,14106,1131,1,5,0.0007778383791446686
2024-09-19,603341,val,-0.02833825,0.0009843409,2020-05-08,2024-09-06,14106,1131,1,5,0.0007778383791446686
2024-09-19,603658,val,-0.007875916,0.00027900934,2020-05-08,2024-09-06,14106,1131,1,5,0.0007778383791446686
2024-09-19,605090,val,-0.015865086,-0.0017715059,2020-05-08,2024-09-06,14106,1131,1,5,0.0007778383791446686
2024-09-19,605589,val,-0.018227343,-0.0013423264,2020-05-08,2024-09-06,14106,1131,1,5,0.0007778383791446686
2024-09-19,688031,val,0.009912951,-0.008310519,2020-05-08,2024-09-06,14106,1131,1,5,0.0007778383791446686
2024-09-19,688045,val,0.01171633,-0.0016206801,2020-05-08,2024-09-06,14106,1131,1,5,0.0007778383791446686
2024-09-19,688133,val,0.05031623,0.0023462214,2020-05-08,2024-09-06,14106,1131,1,5,0.0007778383791446686
2024-09-19,688147,val,-0.022843884,-0.005824223,2020-05-08,2024-09-06,14106,1131,1,5,0.0007778383791446686
2024-09-19,688528,val,0.19994476,-0.004521437,2020-05-08,2024-09-06,14106,1131,1,5,0.0007778383791446686
2024-09-20,600025,val,-0.0923548,-0.0014684722,2020-05-08,2024-09-06,14106,1131,1,5,0.0007778383791446686
2024-09-20,600051,val,-0.025821699,0.0026754737,2020-05-08,2024-09-06,14106,1131,1,5,0.0007778383791446686
2024-09-20,600127,val,-0.10232275,-0.001236923,2020-05-08,2024-09-06,14106,1131,1,5,0.0007778383791446686
2024-09-20,600153,val,0.12193886,0.0073870756,2020-05-08,2024-09-06,14106,1131,1,5,0.0007778383791446686
2024-09-20,600548,val,-0.09314612,0.0023970604,2020-05-08,2024-09-06,14106,1131,1,5,0.0007778383791446686
2024-09-20,600865,val,-0.03498362,-0.0027909875,2020-05-08,2024-09-06,14106,1131,1,5,0.0007778383791446686
2024-09-20,600967,val,-0.04845079,0.00095840916,2020-05-08,2024-09-06,14106,1131,1,5,0.0007778383791446686
2024-09-20,601222,val,-0.14509103,0.0061441474,2020-05-08,2024-09-06,14106,1131,1,5,0.0007778383791446686
2024-09-20,603237,val,-0.039684225,-0.0016422272,2020-05-08,2024-09-06,14106,1131,1,5,0.0007778383791446686
2024-09-20,603335,val,-0.023100793,0.00238242,2020-05-08,2024-09-06,14106,1131,1,5,0.0007778383791446686
2024-09-20,603341,val,-0.06876061,-0.0029666089,2020-05-08,2024-09-06,14106,1131,1,5,0.0007778383791446686
2024-09-20,603658,val,-0.01973613,-0.00071170926,2020-05-08,2024-09-06,14106,1131,1,5,0.0007778383791446686
2024-09-20,605090,val,-0.046795312,-0.0018811114,2020-05-08,2024-09-06,14106,1131,1,5,0.0007778383791446686
2024-09-20,605589,val,-0.03840147,-0.002876386,2020-05-08,2024-09-06,14106,1131,1,5,0.0007778383791446686
2024-09-20,688031,val,0.07653848,-0.0057036765,2020-05-08,2024-09-06,14106,1131,1,5,0.0007778383791446686
2024-09-20,688045,val,0.05440607,-0.0005731322,2020-05-08,2024-09-06,14106,1131,1,5,0.0007778383791446686
2024-09-20,688133,val,0.10888355,0.0018118434,2020-05-08,2024-09-06,14106,1131,1,5,0.0007778383791446686
2024-09-20,688147,val,0.03175599,-0.0070212334,2020-05-08,2024-09-06,14106,1131,1,5,0.0007778383791446686
2024-09-20,688528,val,0.38512638,-0.003910817,2020-05-08,2024-09-06,14106,1131,1,5,0.0007778383791446686
2024-09-23,600025,val,-0.17583716,-0.0028845854,2020-05-08,2024-09-06,14106,1131,1,5,0.0007778383791446686
2024-09-23,600051,val,-0.061354104,0.0042662397,2020-05-08,2024-09-06,14106,1131,1,5,0.0007778383791446686
2024-09-23,600127,val,-0.1404616,0.0014717914,2020-05-08,2024-09-06,14106,1131,1,5,0.0007778383791446686
2024-09-23,600153,val,0.12854925,0.009431586,2020-05-08,2024-09-06,14106,1131,1,5,0.0007778383791446686
2024-09-23,600548,val,-0.13997088,0.005854454,2020-05-08,2024-09-06,14106,1131,1,5,0.0007778383791446686
2024-09-23,600865,val,-0.077286854,-0.0029114075,2020-05-08,2024-09-06,14106,1131,1,5,0.0007778383791446686
2024-09-23,600967,val,-0.07846608,-0.00029870495,2020-05-08,2024-09-06,14106,1131,1,5,0.0007778383791446686
2024-09-23,601222,val,-0.16614664,0.005451869,2020-05-08,2024-09-06,14106,1131,1,5,0.0007778383791446686
2024-09-23,603237,val,-0.058834333,-0.0028940924,2020-05-08,2024-09-06,14106,1131,1,5,0.0007778383791446686
2024-09-23,603335,val,-0.07251536,0.0011500306,2020-05-08,2024-09-06,14106,1131,1,5,0.0007778383791446686
2024-09-23,603341,val,-0.075461805,-0.004415538,2020-05-08,2024-09-06,14106,1131,1,5,0.0007778383791446686
2024-09-23,603658,val,-0.009608576,-0.00020132586,2020-05-08,2024-09-06,14106,1131,1,5,0.0007778383791446686
2024-09-23,605090,val,-0.11466377,-0.003064189,2020-05-08,2024-09-06,14106,1131,1,5,0.0007778383791446686
2024-09-23,605589,val,-0.046094876,-0.0027751997,2020-05-08,2024-09-06,14106,1131,1,5,0.0007778383791446686
2024-09-23,688031,val,0.20498289,-0.004703082,2020-05-08,2024-09-06,14106,1131,1,5,0.0007778383791446686
2024-09-23,688045,val,0.13654558,0.00051594526,2020-05-08,2024-09-06,14106,1131,1,5,0.0007778383791446686
2024-09-23,688133,val,0.16406064,-0.00016856566,2020-05-08,2024-09-06,14106,1131,1,5,0.0007778383791446686
2024-09-23,688147,val,0.16407375,-0.0058379695,2020-05-08,2024-09-06,14106,1131,1,5,0.0007778383791446686
2024-09-23,688528,val,0.41848993,-0.0054189004,2020-05-08,2024-09-06,14106,1131,1,5,0.0007778383791446686
2024-09-24,600025,val,-0.26864722,-0.0013072416,2020-05-08,2024-09-06,14106,1131,1,5,0.0007778383791446686
2024-09-24,600051,val,-0.10763818,0.0051588155,2020-05-08,2024-09-06,14106,1131,1,5,0.0007778383791446686
2024-09-24,600127,val,-0.17443621,0.0046999976,2020-05-08,2024-09-06,14106,1131,1,5,0.0007778383791446686
2024-09-24,600153,val,0.054937966,0.009081677,2020-05-08,2024-09-06,14106,1131,1,5,0.0007778383791446686
2024-09-24,600548,val,-0.21329825,0.0066202916,2020-05-08,2024-09-06,14106,1131,1,5,0.0007778383791446686
2024-09-24,600865,val,-0.13549136,-0.0015792176,2020-05-08,2024-09-06,14106,1131,1,5,0.0007778383791446686
2024-09-24,600967,val,-0.075055405,7.695705e-05,2020-05-08,2024-09-06,14106,1131,1,5,0.0007778383791446686
2024-09-24,601222,val,-0.15935443,0.005141452,2020-05-08,2024-09-06,14106,1131,1,5,0.0007778383791446686
2024-09-24,603237,val,-0.12346659,-0.004251074,2020-05-08,2024-09-06,14106,1131,1,5,0.0007778383791446686
2024-09-24,603335,val,-0.1821181,-0.0059637167,2020-05-08,2024-09-06,14106,1131,1,5,0.0007778383791446686
2024-09-24,603341,val,-0.08784475,-0.005070079,2020-05-08,2024-09-06,14106,1131,1,5,0.0007778383791446686
2024-09-24,603658,val,-0.041796293,-0.00016974285,2020-05-08,2024-09-06,14106,1131,1,5,0.0007778383791446686
2024-09-24,605090,val,-0.16728209,-0.003296733,2020-05-08,2024-09-06,14106,1131,1,5,0.0007778383791446686
2024-09-24,605589,val,-0.026741656,-0.0037301742,2020-05-08,2024-09-06,14106,1131,1,5,0.0007778383791446686
2024-09-24,688031,val,0.40456104,-0.0023360103,2020-05-08,2024-09-06,14106,1131,1,5,0.0007778383791446686
2024-09-24,688045,val,0.33197573,0.001186017,2020-05-08,2024-09-06,14106,1131,1,5,0.0007778383791446686
2024-09-24,688133,val,0.26951772,-0.0035864785,2020-05-08,2024-09-06,14106,1131,1,5,0.0007778383791446686
2024-09-24,688147,val,0.2850116,-0.00500603,2020-05-08,2024-09-06,14106,1131,1,5,0.0007778383791446686
2024-09-24,688528,val,0.41716653,-0.0019368194,2020-05-08,2024-09-06,14106,1131,1,5,0.0007778383791446686
2024-09-25,600025,val,-0.19507532,0.00015904754,2020-05-08,2024-09-06,14106,1131,1,5,0.0007778383791446686
2024-09-25,600051,val,-0.096528485,0.0038753673,2020-05-08,2024-09-06,14106,1131,1,5,0.0007778383791446686
2024-09-25,600127,val,-0.16057648,0.0048459917,2020-05-08,2024-09-06,14106,1131,1,5,0.0007778383791446686
2024-09-25,600153,val,-0.018760137,0.0023382716,2020-05-08,2024-09-06,14106,1131,1,5,0.0007778383791446686
2024-09-25,600548,val,-0.17592199,0.004562702,2020-05-08,2024-09-06,14106,1131,1,5,0.0007778383791446686
2024-09-25,600865,val,-0.10549815,-0.0008085631,2020-05-08,2024-09-06,14106,1131,1,5,0.0007778383791446686
2024-09-25,600967,val,-0.038209695,0.00016881153,2020-05-08,2024-09-06,14106,1131,1,5,0.0007778383791446686
2024-09-25,601222,val,-0.10836633,0.002856072,2020-05-08,2024-09-06,14106,1131,1,5,0.0007778383791446686
2024-09-25,603237,val,-0.10089161,-0.0046957433,2020-05-08,2024-09-06,14106,1131,1,5,0.0007778383791446686
2024-09-25,603335,val,-0.027442515,-0.006664917,2020-05-08,2024-09-06,14106,1131,1,5,0.0007778383791446686
2024-09-25,603341,val,-0.08605024,-0.0043854415,2020-05-08,2024-09-06,14106,1131,1,5,0.0007778383791446686
2024-09-25,603658,val,0.026904356,0.0002052486,2020-05-08,2024-09-06,14106,1131,1,5,0.0007778383791446686
2024-09-25,605090,val,-0.1374267,-0.0024422742,2020-05-08,2024-09-06,14106,1131,1,5,0.0007778383791446686
2024-09-25,605589,val,-0.019586854,-0.0027403682,2020-05-08,2024-09-06,14106,1131,1,5,0.0007778383791446686
2024-09-25,688031,val,0.46626183,0.0005218573,2020-05-08,2024-09-06,14106,1131,1,5,0.0007778383791446686
2024-09-25,688045,val,0.19664747,0.0010667406,2020-05-08,2024-09-06,14106,1131,1,5,0.0007778383791446686
2024-09-25,688133,val,0.15645257,-0.0058701225,2020-05-08,2024-09-06,14106,1131,1,5,0.0007778383791446686
2024-09-25,688147,val,0.23372065,-0.006215073,2020-05-08,2024-09-06,14106,1131,1,5,0.0007778383791446686
2024-09-25,688528,val,0.19034763,0.0019560345,2020-05-08,2024-09-06,14106,1131,1,5,0.0007778383791446686
2024-09-26,600025,val,-0.12530807,0.001937028,2020-05-08,2024-09-06,14106,1131,1,5,0.0007778383791446686
2024-09-26,600051,val,-0.055571888,0.0041414946,2020-05-08,2024-09-06,14106,1131,1,5,0.0007778383791446686
2024-09-26,600127,val,-0.07470314,0.00534318,2020-05-08,2024-09-06,14106,1131,1,5,0.0007778383791446686
2024-09-26,600153,val,-0.05313826,-0.00444917,2020-05-08,2024-09-06,14106,1131,1,5,0.0007778383791446686
2024-09-26,600548,val,-0.11266796,0.004233975,2020-05-08,2024-09-06,14106,1131,1,5,0.0007778383791446686
2024-09-26,600865,val,-0.06639127,-6.939098e-05,2020-05-08,2024-09-06,14106,1131,1,5,0.0007778383791446686
2024-09-26,600967,val,0.0069772433,0.0012484193,2020-05-08,2024-09-06,14106,1131,1,5,0.0007778383791446686
2024-09-26,601222,val,-0.062227774,0.0032816157,2020-05-08,2024-09-06,14106,1131,1,5,0.0007778383791446686
2024-09-26,603237,val,-0.063741975,-0.0039146245,2020-05-08,2024-09-06,14106,1131,1,5,0.0007778383791446686
2024-09-26,603335,val,-0.06535799,-0.0022476986,2020-05-08,2024-09-06,14106,1131,1,5,0.0007778383791446686
2024-09-26,603341,val,-0.03172327,-0.0028396025,2020-05-08,2024-09-06,14106,1131,1,5,0.0007778383791446686
2024-09-26,603658,val,-0.027569937,-0.00041185692,2020-05-08,2024-09-06,14106,1131,1,5,0.0007778383791446686
2024-09-26,605090,val,-0.07833611,-1.20177865e-05,2020-05-08,2024-09-06,14106,1131,1,5,0.0007778383791446686
2024-09-26,605589,val,-0.008381085,-0.0019802116,2020-05-08,2024-09-06,14106,1131,1,5,0.0007778383791446686
2024-09-26,688031,val,0.43043914,0.0021170191,2020-05-08,2024-09-06,14106,1131,1,5,0.0007778383791446686
2024-09-26,688045,val,0.11592954,0.00042311102,2020-05-08,2024-09-06,14106,1131,1,5,0.0007778383791446686
2024-09-26,688133,val,0.1115555,-0.0069120675,2020-05-08,2024-09-06,14106,1131,1,5,0.0007778383791446686
2024-09-26,688147,val,0.16091584,-0.0063923635,2020-05-08,2024-09-06,14106,1131,1,5,0.0007778383791446686
2024-09-26,688528,val,-0.0006985341,-0.0037911609,2020-05-08,2024-09-06,14106,1131,1,5,0.0007778383791446686
2024-09-27,600025,val,-0.059442732,0.0029327124,2020-05-08,2024-09-06,14106,1131,1,5,0.0007778383791446686
2024-09-27,600051,val,-0.019547068,0.0042681284,2020-05-08,2024-09-06,14106,1131,1,5,0.0007778383791446686
2024-09-27,600127,val,-0.031862114,0.0037852228,2020-05-08,2024-09-06,14106,1131,1,5,0.0007778383791446686
2024-09-27,600153,val,-0.02178079,-0.0032213628,2020-05-08,2024-09-06,14106,1131,1,5,0.0007778383791446686
2024-09-27,600548,val,-0.029072506,0.004414566,2020-05-08,2024-09-06,14106,1131,1,5,0.0007778383791446686
2024-09-27,600865,val,0.0035105515,0.0011633597,2020-05-08,2024-09-06,14106,1131,1,5,0.0007778383791446686
2024-09-27,600967,val,0.023239039,0.002532892,2020-05-08,2024-09-06,14106,1131,1,5,0.0007778383791446686
2024-09-27,601222,val,-0.030374035,0.0022225156,2020-05-08,2024-09-06,14106,1131,1,5,0.0007778383791446686
2024-09-27,603237,val,-0.024751082,-0.0035781972,2020-05-08,2024-09-06,14106,1131,1,5,0.0007778383791446686
2024-09-27,603335,val,-0.038277324,0.0004203543,2020-05-08,2024-09-06,14106,1131,1,5,0.0007778383791446686
2024-09-27,603341,val,-0.029203532,-0.0018380433,2020-05-08,2024-09-06,14106,1131,1,5,0.0007778383791446686
2024-09-27,603658,val,-0.01544124,-0.00038252026,2020-05-08,2024-09-06,14106,1131,1,5,0.0007778383791446686
2024-09-27,605090,val,-0.001616827,0.0019058809,2020-05-08,2024-09-06,14106,1131,1,5,0.0007778383791446686
2024-09-27,605589,val,-0.018716006,-0.00081630796,2020-05-08,2024-09-06,14106,1131,1,5,0.0007778383791446686
2024-09-27,688031,val,0.18411529,0.0002760999,2020-05-08,2024-09-06,14106,1131,1,5,0.0007778383791446686
2024-09-27,688045,val,0.044125095,0.00026958436,2020-05-08,2024-09-06,14106,1131,1,5,0.0007778383791446686
2024-09-27,688133,val,0.03404322,-0.0077221766,2020-05-08,2024-09-06,14106,1131,1,5,0.0007778383791446686
2024-09-27,688147,val,0.08475177,-0.0062937364,2020-05-08,2024-09-06,14106,1131,1,5,0.0007778383791446686
2024-09-27,688528,val,-0.05369971,-0.013216574,2020-05-08,2024-09-06,14106,1131,1,5,0.0007778383791446686
2024-10-08,600025,val,0.048240528,0.0038573816,2020-05-08,2024-09-06,14106,1131,1,5,0.0007778383791446686
2024-10-08,600051,val,0.040550336,0.0040340386,2020-05-08,2024-09-06,14106,1131,1,5,0.0007778383791446686
2024-10-08,600127,val,0.09933237,0.0037252903,2020-05-08,2024-09-06,14106,1131,1,5,0.0007778383791446686
2024-10-08,600153,val,0.075788036,-0.0008699894,2020-05-08,2024-09-06,14106,1131,1,5,0.0007778383791446686
2024-10-08,600548,val,0.05753886,0.004591923,2020-05-08,2024-09-06,14106,1131,1,5,0.0007778383791446686
2024-10-08,600865,val,0.06152139,0.0032920614,2020-05-08,2024-09-06,14106,1131,1,5,0.0007778383791446686
2024-10-08,600967,val,0.055271506,0.0026295073,2020-05-08,2024-09-06,14106,1131,1,5,0.0007778383791446686
2024-10-08,601222,val,-0.01713423,0.0012894645,2020-05-08,2024-09-06,14106,1131,1,5,0.0007778383791446686
2024-10-08,603237,val,0.01136674,-0.0019643605,2020-05-08,2024-09-06,14106,1131,1,5,0.0007778383791446686
2024-10-08,603335,val,0.003580472,0.0020442829,2020-05-08,2024-09-06,14106,1131,1,5,0.0007778383791446686
2024-10-08,603341,val,-0.008445425,-0.00079985335,2020-05-08,2024-09-06,14106,1131,1,5,0.0007778383791446686
2024-10-08,603658,val,-0.025741706,0.0004336834,2020-05-08,2024-09-06,14106,1131,1,5,0.0007778383791446686
2024-10-08,605090,val,0.022241525,0.0032783225,2020-05-08,2024-09-06,14106,1131,1,5,0.0007778383791446686
2024-10-08,605589,val,-0.043598946,0.00014919043,2020-05-08,2024-09-06,14106,1131,1,5,0.0007778383791446686
2024-10-08,688031,val,-0.072588794,-0.0048718266,2020-05-08,2024-09-06,14106,1131,1,5,0.0007778383791446686
2024-10-08,688045,val,-0.10027429,-0.0014784113,2020-05-08,2024-09-06,14106,1131,1,5,0.0007778383791446686
2024-10-08,688133,val,-0.122331336,-0.008955374,2020-05-08,2024-09-06,14106,1131,1,5,0.0007778383791446686
2024-10-08,688147,val,-0.053548172,-0.0064593926,2020-05-08,2024-09-06,14106,1131,1,5,0.0007778383791446686
2024-10-08,688528,val,-0.031768847,-0.011185825,2020-05-08,2024-09-06,14106,1131,1,5,0.0007778383791446686
2024-10-09,600025,val,0.016645616,0.0034711733,2020-05-08,2024-09-06,14106,1131,1,5,0.0007778383791446686
2024-10-09,600051,val,0.040555194,0.0028422438,2020-05-08,2024-09-06,14106,1131,1,5,0.0007778383791446686
2024-10-09,600127,val,0.109122396,0.004487142,2020-05-08,2024-09-06,14106,1131,1,5,0.0007778383791446686
2024-10-09,600153,val,0.147971,0.00022484735,2020-05-08,2024-09-06,14106,1131,1,5,0.0007778383791446686
2024-10-09,600548,val,0.05751787,0.0043809935,2020-05-08,2024-09-06,14106,1131,1,5,0.0007778383791446686
2024-10-09,600865,val,0.043936796,0.0041010045,2020-05-08,2024-09-06,14106,1131,1,5,0.0007778383791446686
2024-10-09,600967,val,0.020889595,0.0015018657,2020-05-08,2024-09-06,14106,1131,1,5,0.0007778383791446686
2024-10-09,601222,val,-0.037464812,2.5592744e-06,2020-05-08,2024-09-06,14106,1131,1,5,0.0007778383791446686
2024-10-09,603237,val,0.017721009,-0.00017956644,2020-05-08,2024-09-06,14106,1131,1,5,0.0007778383791446686
2024-10-09,603335,val,-0.08531944,-0.00020360574,2020-05-08,2024-09-06,14106,1131,1,5,0.0007778383791446686
2024-10-09,603341,val,-0.014712934,0.00028266385,2020-05-08,2024-09-06,14106,1131,1,5,0.0007778383791446686
2024-10-09,603658,val,-0.075316414,-0.00020732358,2020-05-08,2024-09-06,14106,1131,1,5,0.0007778383791446686
2024-10-09,605090,val,0.0072411387,0.0032788962,2020-05-08,2024-09-06,14106,1131,1,5,0.0007778383791446686
2024-10-09,605589,val,-0.02718418,0.0006813854,2020-05-08,2024-09-06,14106,1131,1,5,0.0007778383791446686
2024-10-09,688031,val,-0.1637927,-0.008617282,2020-05-08,2024-09-06,14106,1131,1,5,0.0007778383791446686
2024-10-09,688045,val,-0.09062467,-0.0013538599,2020-05-08,2024-09-06,14106,1131,1,5,0.0007778383791446686
2024-10-09,688133,val,-0.10166873,-0.0056200884,2020-05-08,2024-09-06,14106,1131,1,5,0.0007778383791446686
2024-10-09,688147,val,-0.0581791,-0.005830683,2020-05-08,2024-09-06,14106,1131,1,5,0.0007778383791446686
2024-10-09,688528,val,0.19266234,-0.006834805,2020-05-08,2024-09-06,14106,1131,1,5,0.0007778383791446686
2024-10-10,600025,val,-0.011080929,0.002852749,2020-05-08,2024-09-06,14106,1131,1,5,0.0007778383791446686
2024-10-10,600051,val,0.018729154,0.0021935776,2020-05-08,2024-09-06,14106,1131,1,5,0.0007778383791446686
2024-10-10,600127,val,0.05507583,0.0021321103,2020-05-08,2024-09-06,14106,1131,1,5,0.0007778383791446686
2024-10-10,600153,val,0.058597907,0.0008464977,2020-05-08,2024-09-06,14106,1131,1,5,0.0007778383791446686
2024-10-10,600548,val,0.035356503,0.0034336187,2020-05-08,2024-09-06,14106,1131,1,5,0.0007778383791446686
2024-10-10,600865,val,0.019368155,0.0026627854,2020-05-08,2024-09-06,14106,1131,1,5,0.0007778383791446686
2024-10-10,600967,val,0.01020376,-0.00044006482,2020-05-08,2024-09-06,14106,1131,1,5,0.0007778383791446686
2024-10-10,601222,val,-0.034171518,-0.0002834648,2020-05-08,2024-09-06,14106,1131,1,5,0.0007778383791446686
2024-10-10,603237,val,-0.017600395,0.00013244525,2020-05-08,2024-09-06,14106,1131,1,5,0.0007778383791446686
2024-10-10,603335,val,-0.0155901,0.0015250593,2020-05-08,2024-09-06,14106,1131,1,5,0.0007778383791446686
2024-10-10,603341,val,0.00929783,0.0012114868,2020-05-08,2024-09-06,14106,1131,1,5,0.0007778383791446686
2024-10-10,603658,val,-0.032854248,0.00071612746,2020-05-08,2024-09-06,14106,1131,1,5,0.0007778383791446686
2024-10-10,605090,val,0.0070480523,0.0026482567,2020-05-08,2024-09-06,14106,1131,1,5,0.0007778383791446686
2024-10-10,605589,val,-0.011717976,0.0009852462,2020-05-08,2024-09-06,14106,1131,1,5,0.0007778383791446686
2024-10-10,688031,val,-0.13862129,-0.0085423775,2020-05-08,2024-09-06,14106,1131,1,5,0.0007778383791446686
2024-10-10,688045,val,-0.012036081,-0.00021388382,2020-05-08,2024-09-06,14106,1131,1,5,0.0007778383791446686
2024-10-10,688133,val,-0.089059934,-0.0038723014,2020-05-08,2024-09-06,14106,1131,1,5,0.0007778383791446686
2024-10-10,688147,val,-0.011534305,-0.0034095608,2020-05-08,2024-09-06,14106,1131,1,5,0.0007778383791446686
2024-10-10,688528,val,0.16058958,-0.0038678013,2020-05-08,2024-09-06,14106,1131,1,5,0.0007778383791446686
2024-10-11,600025,val,-0.038340304,0.0021271594,2020-05-08,2024-09-06,14106,1131,1,5,0.0007778383791446686
2024-10-11,600051,val,-0.007004858,0.0015207492,2020-05-08,2024-09-06,14106,1131,1,5,0.0007778383791446686
2024-10-11,600127,val,0.0153891295,0.00111017,2020-05-08,2024-09-06,14106,1131,1,5,0.0007778383791446686
2024-10-11,600153,val,0.01813276,0.0014493577,2020-05-08,2024-09-06,14106,1131,1,5,0.0007778383791446686
2024-10-11,600548,val,-0.036615103,0.0020473748,2020-05-08,2024-09-06,14106,1131,1,5,0.0007778383791446686
2024-10-11,600865,val,-0.029649733,-0.0010906272,2020-05-08,2024-09-06,14106,1131,1,5,0.0007778383791446686
2024-10-11,600967,val,-0.00039944585,-0.0009869747,2020-05-08,2024-09-06,14106,1131,1,5,0.0007778383791446686
2024-10-11,601222,val,-0.04595994,-0.0013490953,2020-05-08,2024-09-06,14106,1131,1,5,0.0007778383791446686
2024-10-11,603237,val,-0.047467217,0.00016239285,2020-05-08,2024-09-06,14106,1131,1,5,0.0007778383791446686
2024-10-11,603335,val,0.007484938,0.0020180233,2020-05-08,2024-09-06,14106,1131,1,5,0.0007778383791446686
2024-10-11,603341,val,0.039474465,0.0015264302,2020-05-08,2024-09-06,14106,1131,1,5,0.0007778383791446686
2024-10-11,603658,val,-0.042776257,0.0013014004,2020-05-08,2024-09-06,14106,1131,1,5,0.0007778383791446686
2024-10-11,605090,val,-0.031755164,0.00071778893,2020-05-08,2024-09-06,14106,1131,1,5,0.0007778383791446686
2024-10-11,605589,val,0.03140464,0.0012635589,2020-05-08,2024-09-06,14106,1131,1,5,0.0007778383791446686
2024-10-11,688031,val,-0.04716893,-0.004847463,2020-05-08,2024-09-06,14106,1131,1,5,0.0007778383791446686
2024-10-11,688045,val,0.08255847,0.0016754679,2020-05-08,2024-09-06,14106,1131,1,5,0.0007778383791446686
2024-10-11,688133,val,-0.035596725,-0.0019013509,2020-05-08,2024-09-06,14106,1131,1,5,0.0007778383791446686
2024-10-11,688147,val,0.074937135,0.0006494038,2020-05-08,2024-09-06,14106,1131,1,5,0.0007778383791446686
2024-10-11,688528,val,0.09335213,-0.00335351,2020-05-08,2024-09-06,14106,1131,1,5,0.0007778383791446686
2024-10-14,600025,val,-0.05115951,0.0024996474,2020-05-08,2024-09-06,14106,1131,1,5,0.0007778383791446686
2024-10-14,600051,val,-0.013018939,0.0013858229,2020-05-08,2024-09-06,14106,1131,1,5,0.0007778383791446686
2024-10-14,600127,val,-0.027367236,-0.0024526604,2020-05-08,2024-09-06,14106,1131,1,5,0.0007778383791446686
2024-10-14,600153,val,-0.049894698,-0.0039507337,2020-05-08,2024-09-06,14106,1131,1,5,0.0007778383791446686
2024-10-14,600548,val,-0.04292837,0.0018940046,2020-05-08,2024-09-06,14106,1131,1,5,0.0007778383791446686
2024-10-14,600865,val,-0.018964684,-0.0010849461,2020-05-08,2024-09-06,14106,1131,1,5,0.0007778383791446686
2024-10-14,600967,val,0.0008871668,-0.0016764626,2020-05-08,2024-09-06,14106,1131,1,5,0.0007778383791446686
2024-10-14,601222,val,-0.04434717,-0.0012924448,2020-05-08,2024-09-06,14106,1131,1,5,0.0007778383791446686
2024-10-14,603237,val,-0.034941327,0.0012584627,2020-05-08,2024-09-06,14106,1131,1,5,0.0007778383791446686
2024-10-14,603335,val,-0.008140961,0.0039094426,2020-05-08,2024-09-06,14106,1131,1,5,0.0007778383791446686
2024-10-14,603341,val,0.028842103,0.0008525029,2020-05-08,2024-09-06,14106,1131,1,5,0.0007778383791446686
2024-10-14,603658,val,-0.04158038,0.0029773228,2020-05-08,2024-09-06,14106,1131,1,5,0.0007778383791446686
2024-10-14,605090,val,-0.014308174,0.0016358607,2020-05-08,2024-09-06,14106,1131,1,5,0.0007778383791446686
2024-10-14,605589,val,0.0598268,0.0012656525,2020-05-08,2024-09-06,14106,1131,1,5,0.0007778383791446686
2024-10-14,688031,val,0.00019715818,-0.002585113,2020-05-08,2024-09-06,14106,1131,1,5,0.0007778383791446686
2024-10-14,688045,val,0.12051022,0.0015681908,2020-05-08,2024-09-06,14106,1131,1,5,0.0007778383791446686
2024-10-14,688133,val,0.030252641,-9.8489225e-05,2020-05-08,2024-09-06,14106,1131,1,5,0.0007778383791446686
2024-10-14,688147,val,0.027493205,-0.00019343197,2020-05-08,2024-09-06,14106,1131,1,5,0.0007778383791446686
2024-10-14,688528,val,0.07864215,-0.005134646,2020-05-08,2024-09-06,14106,1131,1,5,0.0007778383791446686
2024-10-15,600025,val,-0.03754426,0.0026041232,2020-05-08,2024-09-06,14106,1131,1,5,0.0007778383791446686
2024-10-15,600051,val,-0.021904359,0.0011616126,2020-05-08,2024-09-06,14106,1131,1,5,0.0007778383791446686
2024-10-15,600127,val,-0.046048723,-0.006280504,2020-05-08,2024-09-06,14106,1131,1,5,0.0007778383791446686
2024-10-15,600153,val,-0.06275716,-0.0029881783,2020-05-08,2024-09-06,14106,1131,1,5,0.0007778383791446686
2024-10-15,600548,val,-0.04871928,0.0018055215,2020-05-08,2024-09-06,14106,1131,1,5,0.0007778383791446686
2024-10-15,600865,val,-0.033301532,-0.001266107,2020-05-08,2024-09-06,14106,1131,1,5,0.0007778383791446686
2024-10-15,600967,val,-0.034002878,-0.0012485944,2020-05-08,2024-09-06,14106,1131,1,5,0.0007778383791446686
2024-10-15,601222,val,-0.00051004,-0.0009586178,2020-05-08,2024-09-06,14106,1131,1,5,0.0007778383791446686
2024-10-15,603237,val,-0.014313802,0.0018564314,2020-05-08,2024-09-06,14106,1131,1,5,0.0007778383791446686
2024-10-15,603335,val,0.010968699,0.004130371,2020-05-08,2024-09-06,14106,1131,1,5,0.0007778383791446686
2024-10-15,603341,val,0.023699412,-0.0005804524,2020-05-08,2024-09-06,14106,1131,1,5,0.0007778383791446686
2024-10-15,603658,val,-0.0057881437,0.0043986924,2020-05-08,2024-09-06,14106,1131,1,5,0.0007778383791446686
2024-10-15,605090,val,-0.013287233,0.0018533319,2020-05-08,2024-09-06,14106,1131,1,5,0.0007778383791446686
2024-10-15,605589,val,0.05751245,0.00021338835,2020-05-08,2024-09-06,14106,1131,1,5,0.0007778383791446686
2024-10-15,688031,val,-0.01823413,0.00012327358,2020-05-08,2024-09-06,14106,1131,1,5,0.0007778383791446686
2024-10-15,688045,val,0.17815255,0.00060429797,2020-05-08,2024-09-06,14106,1131,1,5,0.0007778383791446686
2024-10-15,688133,val,0.057910282,0.0038641542,2020-05-08,2024-09-06,14106,1131,1,5,0.0007778383791446686
2024-10-15,688147,val,-0.016563812,-0.0070354044,2020-05-08,2024-09-06,14106,1131,1,5,0.0007778383791446686
2024-10-15,688528,val,0.02473195,-0.009056665,2020-05-08,2024-09-06,14106,1131,1,5,0.0007778383791446686
2024-10-16,600025,val,-0.06556882,0.0026754215,2020-05-08,2024-09-06,14106,1131,1,5,0.0007778383791446686
2024-10-16,600051,val,0.018257525,0.0010714978,2020-05-08,2024-09-06,14106,1131,1,5,0.0007778383791446686
2024-10-16,600127,val,-0.060379952,-0.005495988,2020-05-08,2024-09-06,14106,1131,1,5,0.0007778383791446686
2024-10-16,600153,val,-0.11387627,-0.004111912,2020-05-08,2024-09-06,14106,1131,1,5,0.0007778383791446686
2024-10-16,600548,val,-0.07713762,0.0007975921,2020-05-08,2024-09-06,14106,1131,1,5,0.0007778383791446686
2024-10-16,600865,val,-0.034809206,1.8529594e-05,2020-05-08,2024-09-06,14106,1131,1,5,0.0007778383791446686
2024-10-16,600967,val,-0.020534169,-2.0433217e-05,2020-05-08,2024-09-06,14106,1131,1,5,0.0007778383791446686
2024-10-16,601222,val,-0.0059219375,-0.0011662468,2020-05-08,2024-09-06,14106,1131,1,5,0.0007778383791446686
2024-10-16,603237,val,-0.036825076,0.0022856072,2020-05-08,2024-09-06,14106,1131,1,5,0.0007778383791446686
2024-10-16,603335,val,0.0012384885,0.0026943944,2020-05-08,2024-09-06,14106,1131,1,5,0.0007778383791446686
2024-10-16,603341,val,0.003694048,-0.00061196834,2020-05-08,2024-09-06,14106,1131,1,5,0.0007778383791446686
2024-10-16,603658,val,-0.015944881,0.004349962,2020-05-08,2024-09-06,14106,1131,1,5,0.0007778383791446686
2024-10-16,605090,val,-0.0127986455,0.0026171282,2020-05-08,2024-09-06,14106,1131,1,5,0.0007778383791446686
2024-10-16,605589,val,0.06756603,-0.0006600544,2020-05-08,2024-09-06,14106,1131,1,5,0.0007778383791446686
2024-10-16,688031,val,0.033992592,0.0016758889,2020-05-08,2024-09-06,14106,1131,1,5,0.0007778383791446686
2024-10-16,688045,val,0.2717124,0.0001934953,2020-05-08,2024-09-06,14106,1131,1,5,0.0007778383791446686
2024-10-16,688133,val,0.058110178,0.0053525567,2020-05-08,2024-09-06,14106,1131,1,5,0.0007778383791446686
2024-10-16,688147,val,0.03430537,-0.0043707266,2020-05-08,2024-09-06,14106,1131,1,5,0.0007778383791446686
2024-10-16,688528,val,-0.045080036,-0.015544683,2020-05-08,2024-09-06,14106,1131,1,5,0.0007778383791446686
2024-10-17,600025,val,-0.046479657,0.002960492,2020-05-08,2024-09-06,14106,1131,1,5,0.0007778383791446686
2024-10-17,600051,val,-0.0049714637,0.00063642487,2020-05-08,2024-09-06,14106,1131,1,5,0.0007778383791446686
2024-10-17,600127,val,-0.057424933,-0.0025862157,2020-05-08,2024-09-06,14106,1131,1,5,0.0007778383791446686
2024-10-17,600153,val,-0.07002516,-4.1346997e-05,2020-05-08,2024-09-06,14106,1131,1,5,0.0007778383791446686
2024-10-17,600548,val,-0.06664058,0.00050373375,2020-05-08,2024-09-06,14106,1131,1,5,0.0007778383791446686
2024-10-17,600865,val,-0.006552839,0.000984285,2020-05-08,2024-09-06,14106,1131,1,5,0.0007778383791446686
2024-10-17,600967,val,-0.028297434,0.0009997338,2020-05-08,2024-09-06,14106,1131,1,5,0.0007778383791446686
2024-10-17,601222,val,-0.016888605,-0.0017134398,2020-05-08,2024-09-06,14106,1131,1,5,0.0007778383791446686
2024-10-17,603237,val,-0.02520684,0.0028242469,2020-05-08,2024-09-06,14106,1131,1,5,0.0007778383791446686
2024-10-17,603335,val,0.014323947,0.0011902861,2020-05-08,2024-09-06,14106,1131,1,5,0.0007778383791446686
2024-10-17,603341,val,-0.017158197,-0.002516251,2020-05-08,2024-09-06,14106,1131,1,5,0.0007778383791446686
2024-10-17,603658,val,-0.018776415,0.003494814,2020-05-08,2024-09-06,14106,1131,1,5,0.0007778383791446686
2024-10-17,605090,val,-0.034186814,0.0018373951,2020-05-08,2024-09-06,14106,1131,1,5,0.0007778383791446686
2024-10-17,605589,val,0.031776946,-0.0019430891,2020-05-08,2024-09-06,14106,1131,1,5,0.0007778383791446686
2024-10-17,688031,val,0.017520363,-0.00019546226,2020-05-08,2024-09-06,14106,1131,1,5,0.0007778383791446686
2024-10-17,688045,val,0.29093423,-0.0017215796,2020-05-08,2024-09-06,14106,1131,1,5,0.0007778383791446686
2024-10-17,688133,val,0.041151192,0.0039709024,2020-05-08,2024-09-06,14106,1131,1,5,0.0007778383791446686
2024-10-17,688147,val,0.006013597,-0.0017723255,2020-05-08,2024-09-06,14106,1131,1,5,0.0007778383791446686
2024-10-17,688528,val,-0.0091113495,-0.014277436,2020-05-08,2024-09-06,14106,1131,1,5,0.0007778383791446686
2024-10-18,600025,val,-0.08571924,0.0029596277,2020-05-08,2024-09-06,14106,1131,1,5,0.0007778383791446686
2024-10-18,600051,val,-0.00871656,0.00026716664,2020-05-08,2024-09-06,14106,1131,1,5,0.0007778383791446686
2024-10-18,600127,val,-0.057778396,0.00021565706,2020-05-08,2024-09-06,14106,1131,1,5,0.0007778383791446686
2024-10-18,600153,val,-0.08376174,0.003341727,2020-05-08,2024-09-06,14106,1131,1,5,0.0007778383791446686
2024-10-18,600548,val,-0.04834653,0.0020810924,2020-05-08,2024-09-06,14106,1131,1,5,0.0007778383791446686
2024-10-18,600865,val,0.043650176,0.0033543408,2020-05-08,2024-09-06,14106,1131,1,5,0.0007778383791446686
2024-10-18,600967,val,-0.04312058,0.0017945133,2020-05-08,2024-09-06,14106,1131,1,5,0.0007778383791446686
2024-10-18,601222,val,-0.0050371983,-0.0017033592,2020-05-08,2024-09-06,14106,1131,1,5,0.0007778383791446686
2024-10-18,603237,val,-0.028598934,0.0031386502,2020-05-08,2024-09-06,14106,1131,1,5,0.0007778383791446686
2024-10-18,603335,val,-0.017167894,-0.0010262169,2020-05-08,2024-09-06,14106,1131,1,5,0.0007778383791446686
2024-10-18,603341,val,-0.020769848,-0.0034914203,2020-05-08,2024-09-06,14106,1131,1,5,0.0007778383791446686
2024-10-18,603658,val,-0.029930003,0.0023858808,2020-05-08,2024-09-06,14106,1131,1,5,0.0007778383791446686
2024-10-18,605090,val,-0.064123176,0.0014371574,2020-05-08,2024-09-06,14106,1131,1,5,0.0007778383791446686
2024-10-18,605589,val,0.007579813,-0.0027830228,2020-05-08,2024-09-06,14106,1131,1,5,0.0007778383791446686
2024-10-18,688031,val,-0.025287552,-0.0020755455,2020-05-08,2024-09-06,14106,1131,1,5,0.0007778383791446686
2024-10-18,688045,val,0.3982053,-0.006362062,2020-05-08,2024-09-06,14106,1131,1,5,0.0007778383791446686
2024-10-18,688133,val,0.08458048,0.00027834252,2020-05-08,2024-09-06,14106,1131,1,5,0.0007778383791446686
2024-10-18,688147,val,-0.015862634,-0.004626032,2020-05-08,2024-09-06,14106,1131,1,5,0.0007778383791446686
2024-10-18,688528,val,0.00020450332,-0.010882091,2020-05-08,2024-09-06,14106,1131,1,5,0.0007778383791446686
2024-10-21,600025,val,-0.07693838,0.0030301623,2020-05-08,2024-09-06,14106,1131,1,5,0.0007778383791446686
2024-10-21,600051,val,0.053867277,0.0011239834,2020-05-08,2024-09-06,14106,1131,1,5,0.0007778383791446686
2024-10-21,600127,val,-0.044449225,0.002954755,2020-05-08,2024-09-06,14106,1131,1,5,0.0007778383791446686
2024-10-21,600153,val,-0.07781742,0.0044015795,2020-05-08,2024-09-06,14106,1131,1,5,0.0007778383791446686
2024-10-21,600548,val,-0.039125334,0.003571067,2020-05-08,2024-09-06,14106,1131,1,5,0.0007778383791446686
2024-10-21,600865,val,0.14873688,0.0034001917,2020-05-08,2024-09-06,14106,1131,1,5,0.0007778383791446686
2024-10-21,600967,val,-0.05021134,0.0024815053,2020-05-08,2024-09-06,14106,1131,1,5,0.0007778383791446686
2024-10-21,601222,val,-0.007981935,-0.0017732605,2020-05-08,2024-09-06,14106,1131,1,5,0.0007778383791446686
2024-10-21,603237,val,-0.006459205,0.0034177974,2020-05-08,2024-09-06,14106,1131,1,5,0.0007778383791446686
2024-10-21,603335,val,0.03028133,-0.00080156326,2020-05-08,2024-09-06,14106,1131,1,5,0.0007778383791446686
2024-10-21,603341,val,-0.045288604,-0.003514886,2020-05-08,2024-09-06,14106,1131,1,5,0.0007778383791446686
2024-10-21,603658,val,0.006086355,0.0018724911,2020-05-08,2024-09-06,14106,1131,1,5,0.0007778383791446686
2024-10-21,605090,val,-0.05571985,0.0016655736,2020-05-08,2024-09-06,14106,1131,1,5,0.0007778383791446686
2024-10-21,605589,val,-0.01740735,-0.0029676259,2020-05-08,2024-09-06,14106,1131,1,5,0.0007778383791446686
2024-10-21,688031,val,-0.082554065,-0.0039076023,2020-05-08,2024-09-06,14106,1131,1,5,0.0007778383791446686
2024-10-21,688045,val,0.1696501,-0.013299793,2020-05-08,2024-09-06,14106,1131,1,5,0.0007778383791446686
2024-10-21,688133,val,0.09096479,-0.005018998,2020-05-08,2024-09-06,14106,1131,1,5,0.0007778383791446686
2024-10-21,688147,val,-0.05894647,-0.0048878454,2020-05-08,2024-09-06,14106,1131,1,5,0.0007778383791446686
2024-10-21,688528,val,0.06331246,-0.007273983,2020-05-08,2024-09-06,14106,1131,1,5,0.0007778383791446686
2024-10-22,600025,val,-0.0774422,0.002595406,2020-05-08,2024-09-06,14106,1131,1,5,0.0007778383791446686
2024-10-22,600051,val,0.037262868,0.0020163842,2020-05-08,2024-09-06,14106,1131,1,5,0.0007778383791446686
2024-10-22,600127,val,-0.047154207,0.002574984,2020-05-08,2024-09-06,14106,1131,1,5,0.0007778383791446686
2024-10-22,600153,val,-0.07153256,0.0043113083,2020-05-08,2024-09-06,14106,1131,1,5,0.0007778383791446686
2024-10-22,600548,val,-0.029061798,0.004109662,2020-05-08,2024-09-06,14106,1131,1,5,0.0007778383791446686
2024-10-22,600865,val,0.29501832,0.0036704205,2020-05-08,2024-09-06,14106,1131,1,5,0.0007778383791446686
2024-10-22,600967,val,-0.036075838,0.002931878,2020-05-08,2024-09-06,14106,1131,1,5,0.0007778383791446686
2024-10-22,601222,val,-0.03145034,-0.0032507665,2020-05-08,2024-09-06,14106,1131,1,5,0.0007778383791446686
2024-10-22,603237,val,-0.0284672,0.0019433312,2020-05-08,2024-09-06,14106,1131,1,5,0.0007778383791446686
2024-10-22,603335,val,0.00093387446,-0.001697585,2020-05-08,2024-09-06,14106,1131,1,5,0.0007778383791446686
2024-10-22,603341,val,0.077473156,-0.0019961372,2020-05-08,2024-09-06,14106,1131,1,5,0.0007778383791446686
2024-10-22,603658,val,-0.027188234,0.00024106726,2020-05-08,2024-09-06,14106,1131,1,5,0.0007778383791446686
2024-10-22,605090,val,-0.056167252,0.0013834946,2020-05-08,2024-09-06,14106,1131,1,5,0.0007778383791446686
2024-10-22,605589,val,-0.032565534,-0.0021450706,2020-05-08,2024-09-06,14106,1131,1,5,0.0007778383791446686
2024-10-22,688031,val,-0.055289734,-0.004236553,2020-05-08,2024-09-06,14106,1131,1,5,0.0007778383791446686
2024-10-22,688045,val,0.047047768,-0.016341157,2020-05-08,2024-09-06,14106,1131,1,5,0.0007778383791446686
2024-10-22,688133,val,0.080941744,-0.0062357374,2020-05-08,2024-09-06,14106,1131,1,5,0.0007778383791446686
2024-10-22,688147,val,-0.06925601,-0.003597699,2020-05-08,2024-09-06,14106,1131,1,5,0.0007778383791446686
2024-10-22,688528,val,0.02297318,-0.0037779436,2020-05-08,2024-09-06,14106,1131,1,5,0.0007778383791446686
2024-10-23,600025,val,-0.072259896,0.002152063,2020-05-08,2024-09-06,14106,1131,1,5,0.0007778383791446686
2024-10-23,600051,val,-0.01951629,-0.0022318996,2020-05-08,2024-09-06,14106,1131,1,5,0.0007778383791446686
2024-10-23,600127,val,-0.036615513,0.0037415922,2020-05-08,2024-09-06,14106,1131,1,5,0.0007778383791446686
2024-10-23,600153,val,-0.059759106,0.0026674308,2020-05-08,2024-09-06,14106,1131,1,5,0.0007778383791446686
2024-10-23,600548,val,-0.022111207,0.0044955015,2020-05-08,2024-09-06,14106,1131,1,5,0.0007778383791446686
2024-10-23,600865,val,0.4261786,0.0029326342,2020-05-08,2024-09-06,14106,1131,1,5,0.0007778383791446686
2024-10-23,600967,val,-0.026159445,0.0031414218,2020-05-08,2024-09-06,14106,1131,1,5,0.0007778383791446686
2024-10-23,601222,val,-0.007870689,-0.0033993423,2020-05-08,2024-09-06,14106,1131,1,5,0.0007778383791446686
2024-10-23,603237,val,-0.028839983,0.0020792037,2020-05-08,2024-09-06,14106,1131,1,5,0.0007778383791446686
2024-10-23,603335,val,0.006289631,-0.0017871931,2020-05-08,2024-09-06,14106,1131,1,5,0.0007778383791446686
2024-10-23,603341,val,0.0630517,0.0008138977,2020-05-08,2024-09-06,14106,1131,1,5,0.0007778383791446686
2024-10-23,603658,val,-0.02107879,0.00028101355,2020-05-08,2024-09-06,14106,1131,1,5,0.0007778383791446686
2024-10-23,605090,val,-0.061826225,0.0014390089,2020-05-08,2024-09-06,14106,1131,1,5,0.0007778383791446686
2024-10-23,605589,val,-0.053112216,-0.0023308583,2020-05-08,2024-09-06,14106,1131,1,5,0.0007778383791446686
2024-10-23,688031,val,-0.08555476,-0.0057236664,2020-05-08,2024-09-06,14106,1131,1,5,0.0007778383791446686
2024-10-23,688045,val,0.0029649262,-0.016982805,2020-05-08,2024-09-06,14106,1131,1,5,0.0007778383791446686
2024-10-23,688133,val,0.07515961,-0.005651109,2020-05-08,2024-09-06,14106,1131,1,5,0.0007778383791446686
2024-10-23,688147,val,-0.077553324,-0.0029281937,2020-05-08,2024-09-06,14106,1131,1,5,0.0007778383791446686
2024-10-23,688528,val,-0.0013870089,-0.00381108,2020-05-08,2024-09-06,14106,1131,1,5,0.0007778383791446686
2024-10-24,600025,val,-0.10853726,0.0015612505,2020-05-08,2024-09-06,14106,1131,1,5,0.0007778383791446686
2024-10-24,600051,val,-0.015982762,-0.0022755377,2020-05-08,2024-09-06,14106,1131,1,5,0.0007778383791446686
2024-10-24,600127,val,-0.04796205,0.0042811595,2020-05-08,2024-09-06,14106,1131,1,5,0.0007778383791446686
2024-10-24,600153,val,-0.07205143,0.0023419224,2020-05-08,2024-09-06,14106,1131,1,5,0.0007778383791446686
2024-10-24,600548,val,-0.05789772,0.0039444864,2020-05-08,2024-09-06,14106,1131,1,5,0.0007778383791446686
2024-10-24,600865,val,0.52193534,-0.000920251,2020-05-08,2024-09-06,14106,1131,1,5,0.0007778383791446686
2024-10-24,600967,val,-0.03109133,0.0036919229,2020-05-08,2024-09-06,14106,1131,1,5,0.0007778383791446686
2024-10-24,601222,val,0.004414576,-0.0028118975,2020-05-08,2024-09-06,14106,1131,1,5,0.0007778383791446686
2024-10-24,603237,val,-0.051331308,0.0013513267,2020-05-08,2024-09-06,14106,1131,1,5,0.0007778383791446686
2024-10-24,603335,val,0.00786392,-0.0024020337,2020-05-08,2024-09-06,14106,1131,1,5,0.0007778383791446686
2024-10-24,603341,val,0.03754359,0.0014390275,2020-05-08,2024-09-06,14106,1131,1,5,0.0007778383791446686
2024-10-24,603658,val,-0.023126625,0.00032478943,2020-05-08,2024-09-06,14106,1131,1,5,0.0007778383791446686
2024-10-24,605090,val,-0.07616834,0.002058018,2020-05-08,2024-09-06,14106,1131,1,5,0.0007778383791446686
2024-10-24,605589,val,-0.044613678,-0.0008868724,2020-05-08,2024-09-06,14106,1131,1,5,0.0007778383791446686
2024-10-24,688031,val,-0.06459554,-0.003987137,2020-05-08,2024-09-06,14106,1131,1,5,0.0007778383791446686
2024-10-24,688045,val,-0.012028182,-0.015372101,2020-05-08,2024-09-06,14106,1131,1,5,0.0007778383791446686
2024-10-24,688133,val,0.09205486,-0.0038325824,2020-05-08,2024-09-06,14106,1131,1,5,0.0007778383791446686
2024-10-24,688147,val,-0.01972277,0.0003237985,2020-05-08,2024-09-06,14106,1131,1,5,0.0007778383791446686
2024-10-24,688528,val,-0.0387033,-0.005793646,2020-05-08,2024-09-06,14106,1131,1,5,0.0007778383791446686
2024-10-25,600025,val,-0.012684108,0.0014745966,2020-05-08,2024-09-06,14106,1131,1,5,0.0007778383791446686
2024-10-25,600051,val,0.01224822,-0.0010420978,2020-05-08,2024-09-06,14106,1131,1,5,0.0007778383791446686
2024-10-25,600127,val,0.017162705,0.0052385107,2020-05-08,2024-09-06,14106,1131,1,5,0.0007778383791446686
2024-10-25,600153,val,0.020909565,0.0027635805,2020-05-08,2024-09-06,14106,1131,1,5,0.0007778383791446686
2024-10-25,600548,val,-0.00495367,0.0035287105,2020-05-08,2024-09-06,14106,1131,1,5,0.0007778383791446686
2024-10-25,600865,val,0.34542033,-0.0042170286,2020-05-08,2024-09-06,14106,1131,1,5,0.0007778383791446686
2024-10-25,600967,val,0.018597426,0.004851885,2020-05-08,2024-09-06,14106,1131,1,5,0.0007778383791446686
2024-10-25,601222,val,0.015708921,-0.0026440024,2020-05-08,2024-09-06,14106,1131,1,5,0.0007778383791446686
2024-10-25,603237,val,0.009118753,0.0013741888,2020-05-08,2024-09-06,14106,1131,1,5,0.0007778383791446686
2024-10-25,603335,val,-0.0020211309,-0.00084514543,2020-05-08,2024-09-06,14106,1131,1,5,0.0007778383791446686
2024-10-25,603341,val,-0.030350316,0.00043106452,2020-05-08,2024-09-06,14106,1131,1,5,0.0007778383791446686
2024-10-25,603658,val,0.034251202,0.0006690398,2020-05-08,2024-09-06,14106,1131,1,5,0.0007778383791446686
2024-10-25,605090,val,-0.002124527,0.0028650388,2020-05-08,2024-09-06,14106,1131,1,5,0.0007778383791446686
2024-10-25,605589,val,-0.031940714,0.00065696985,2020-05-08,2024-09-06,14106,1131,1,5,0.0007778383791446686
2024-10-25,688031,val,-0.09412078,-0.0028831773,2020-05-08,2024-09-06,14106,1131,1,5,0.0007778383791446686
2024-10-25,688045,val,-0.1926222,-0.01519971,2020-05-08,2024-09-06,14106,1131,1,5,0.0007778383791446686
2024-10-25,688133,val,0.052096747,-0.006837953,2020-05-08,2024-09-06,14106,1131,1,5,0.0007778383791446686
2024-10-25,688147,val,-0.06886613,-0.0005580373,2020-05-08,2024-09-06,14106,1131,1,5,0.0007778383791446686
2024-10-25,688528,val,-0.08583031,-0.004934322,2020-05-08,2024-09-06,14106,1131,1,5,0.0007778383791446686
2024-10-28,600025,val,-0.0061177392,0.0015605316,2020-05-08,2024-09-06,14106,1131,1,5,0.0007778383791446686
2024-10-28,600051,val,-0.03415144,-0.0016291104,2020-05-08,2024-09-06,14106,1131,1,5,0.0007778383791446686
2024-10-28,600127,val,-0.004055096,0.0044277087,2020-05-08,2024-09-06,14106,1131,1,5,0.0007778383791446686
2024-10-28,600153,val,0.043145727,0.0032491125,2020-05-08,2024-09-06,14106,1131,1,5,0.0007778383791446686
2024-10-28,600548,val,0.016087078,0.0033407956,2020-05-08,2024-09-06,14106,1131,1,5,0.0007778383791446686
2024-10-28,600865,val,0.24429548,-0.0057058185,2020-05-08,2024-09-06,14106,1131,1,5,0.0007778383791446686
2024-10-28,600967,val,0.017368544,0.0046673752,2020-05-08,2024-09-06,14106,1131,1,5,0.0007778383791446686
2024-10-28,601222,val,0.042881522,-0.0013892129,2020-05-08,2024-09-06,14106,1131,1,5,0.0007778383791446686
2024-10-28,603237,val,-0.013367452,0.00038882717,2020-05-08,2024-09-06,14106,1131,1,5,0.0007778383791446686
2024-10-28,603335,val,-0.016543426,-0.00092545524,2020-05-08,2024-09-06,14106,1131,1,5,0.0007778383791446686
2024-10-28,603341,val,0.012575388,0.0015971139,2020-05-08,2024-09-06,14106,1131,1,5,0.0007778383791446686
2024-10-28,603658,val,0.010236984,-0.00018847361,2020-05-08,2024-09-06,14106,1131,1,5,0.0007778383791446686
2024-10-28,605090,val,0.023435548,0.0031185858,2020-05-08,2024-09-06,14106,1131,1,5,0.0007778383791446686
2024-10-28,605589,val,-0.022908092,0.0014319308,2020-05-08,2024-09-06,14106,1131,1,5,0.0007778383791446686
2024-10-28,688031,val,-0.074356236,-0.0019331351,2020-05-08,2024-09-06,14106,1131,1,5,0.0007778383791446686
2024-10-28,688045,val,-0.08848206,-0.007289991,2020-05-08,2024-09-06,14106,1131,1,5,0.0007778383791446686
2024-10-28,688133,val,0.0054836622,-0.01104293,2020-05-08,2024-09-06,14106,1131,1,5,0.0007778383791446686
2024-10-28,688147,val,-0.00963003,0.00081564113,2020-05-08,2024-09-06,14106,1131,1,5,0.0007778383791446686
2024-10-28,688528,val,-0.14589837,-0.0066431016,2020-05-08,2024-09-06,14106,1131,1,5,0.0007778383791446686
2024-10-29,600025,val,-0.036593724,0.0019231737,2020-05-08,2024-09-06,14106,1131,1,5,0.0007778383791446686
2024-10-29,600051,val,-0.027029594,-0.00015738606,2020-05-08,2024-09-06,14106,1131,1,5,0.0007778383791446686
2024-10-29,600127,val,-0.014814697,0.0036433563,2020-05-08,2024-09-06,14106,1131,1,5,0.0007778383791446686
2024-10-29,600153,val,0.034480423,0.002687797,2020-05-08,2024-09-06,14106,1131,1,5,0.0007778383791446686
2024-10-29,600548,val,-0.0028471344,0.003080979,2020-05-08,2024-09-06,14106,1131,1,5,0.0007778383791446686
2024-10-29,600865,val,0.049083367,-0.009617023,2020-05-08,2024-09-06,14106,1131,1,5,0.0007778383791446686
2024-10-29,600967,val,0.03266005,0.0044435784,2020-05-08,2024-09-06,14106,1131,1,5,0.0007778383791446686
2024-10-29,601222,val,0.04256182,-0.00074093416,2020-05-08,2024-09-06,14106,1131,1,5,0.0007778383791446686
2024-10-29,603237,val,-0.020342352,0.00057284907,2020-05-08,2024-09-06,14106,1131,1,5,0.0007778383791446686
2024-10-29,603335,val,-0.012128766,0.00035370514,2020-05-08,2024-09-06,14106,1131,1,5,0.0007778383791446686
2024-10-29,603341,val,-0.05106807,-0.0022013523,2020-05-08,2024-09-06,14106,1131,1,5,0.0007778383791446686
2024-10-29,603658,val,0.005521958,0.0002406463,2020-05-08,2024-09-06,14106,1131,1,5,0.0007778383791446686
2024-10-29,605090,val,0.030704118,0.0029941052,2020-05-08,2024-09-06,14106,1131,1,5,0.0007778383791446686
2024-10-29,605589,val,-0.013361797,0.0026066042,2020-05-08,2024-09-06,14106,1131,1,5,0.0007778383791446686
2024-10-29,688031,val,0.01349908,-0.0016418211,2020-05-08,2024-09-06,14106,1131,1,5,0.0007778383791446686
2024-10-29,688045,val,-0.0018522957,-0.0020268,2020-05-08,2024-09-06,14106,1131,1,5,0.0007778383791446686
2024-10-29,688133,val,0.028178621,-0.009136245,2020-05-08,2024-09-06,14106,1131,1,5,0.0007778383791446686
2024-10-29,688147,val,0.03740039,0.001204364,2020-05-08,2024-09-06,14106,1131,1,5,0.0007778383791446686
2024-10-29,688528,val,-0.09405139,-0.0057691596,2020-05-08,2024-09-06,14106,1131,1,5,0.0007778383791446686
2024-10-30,600025,val,-0.0361653,0.003357187,2020-05-08,2024-09-06,14106,1131,1,5,0.0007778383791446686
2024-10-30,600051,val,-0.02111976,0.0020102821,2020-05-08,2024-09-06,14106,1131,1,5,0.0007778383791446686
2024-10-30,600127,val,0.05336035,0.003987804,2020-05-08,2024-09-06,14106,1131,1,5,0.0007778383791446686
2024-10-30,600153,val,0.05069296,0.0021973215,2020-05-08,2024-09-06,14106,1131,1,5,0.0007778383791446686
2024-10-30,600548,val,0.01349215,0.0030432045,2020-05-08,2024-09-06,14106,1131,1,5,0.0007778383791446686
2024-10-30,600865,val,-0.078073405,-0.010580029,2020-05-08,2024-09-06,14106,1131,1,5,0.0007778383791446686
2024-10-30,600967,val,0.01689633,0.0036661625,2020-05-08,2024-09-06,14106,1131,1,5,0.0007778383791446686
2024-10-30,601222,val,0.048293527,-0.0013045818,2020-05-08,2024-09-06,14106,1131,1,5,0.0007778383791446686
2024-10-30,603237,val,0.012819576,0.0009621866,2020-05-08,2024-09-06,14106,1131,1,5,0.0007778383791446686
2024-10-30,603335,val,-0.01038474,0.0011911876,2020-05-08,2024-09-06,14106,1131,1,5,0.0007778383791446686
2024-10-30,603341,val,-0.03602824,-0.0026814379,2020-05-08,2024-09-06,14106,1131,1,5,0.0007778383791446686
2024-10-30,603658,val,-0.00042153295,0.00055377185,2020-05-08,2024-09-06,14106,1131,1,5,0.0007778383791446686
2024-10-30,605090,val,0.028135365,0.002598025,2020-05-08,2024-09-06,14106,1131,1,5,0.0007778383791446686
2024-10-30,605589,val,-0.03323138,0.0025811084,2020-05-08,2024-09-06,14106,1131,1,5,0.0007778383791446686
2024-10-30,688031,val,0.01643673,-0.0012214519,2020-05-08,2024-09-06,14106,1131,1,5,0.0007778383791446686
2024-10-30,688045,val,-0.048293483,0.0010269359,2020-05-08,2024-09-06,14106,1131,1,5,0.0007778383791446686
2024-10-30,688133,val,0.0985323,-0.0060057156,2020-05-08,2024-09-06,14106,1131,1,5,0.0007778383791446686
2024-10-30,688147,val,0.032541063,0.00024370104,2020-05-08,2024-09-06,14106,1131,1,5,0.0007778383791446686
2024-10-30,688528,val,-0.10748251,-0.006872926,2020-05-08,2024-09-06,14106,1131,1,5,0.0007778383791446686
2024-10-31,600025,val,-0.028458567,0.0037482232,2020-05-08,2024-09-06,14106,1131,1,5,0.0007778383791446686
2024-10-31,600051,val,0.0006162149,0.0029673465,2020-05-08,2024-09-06,14106,1131,1,5,0.0007778383791446686
2024-10-31,600127,val,0.030857252,0.004264571,2020-05-08,2024-09-06,14106,1131,1,5,0.0007778383791446686
2024-10-31,600153,val,0.056771033,0.0024544187,2020-05-08,2024-09-06,14106,1131,1,5,0.0007778383791446686
2024-10-31,600548,val,0.030062351,0.0029819831,2020-05-08,2024-09-06,14106,1131,1,5,0.0007778383791446686
2024-10-31,600865,val,-0.14305261,-0.013252061,2020-05-08,2024-09-06,14106,1131,1,5,0.0007778383791446686
2024-10-31,600967,val,-0.0032984684,0.0031404532,2020-05-08,2024-09-06,14106,1131,1,5,0.0007778383791446686
2024-10-31,601222,val,0.019046482,-0.0020283684,2020-05-08,2024-09-06,14106,1131,1,5,0.0007778383791446686
2024-10-31,603237,val,0.038068064,0.0010414757,2020-05-08,2024-09-06,14106,1131,1,5,0.0007778383791446686
2024-10-31,603335,val,-0.021800397,0.00050669163,2020-05-08,2024-09-06,14106,1131,1,5,0.0007778383791446686
2024-10-31,603341,val,-0.04985253,-0.0012896173,2020-05-08,2024-09-06,14106,1131,1,5,0.0007778383791446686
2024-10-31,603658,val,0.0028829966,0.0005443059,2020-05-08,2024-09-06,14106,1131,1,5,0.0007778383791446686
2024-10-31,605090,val,0.09164531,0.0024499819,2020-05-08,2024-09-06,14106,1131,1,5,0.0007778383791446686
2024-10-31,605589,val,0.013139966,0.0027741902,2020-05-08,2024-09-06,14106,1131,1,5,0.0007778383791446686
2024-10-31,688031,val,0.006978957,-0.002359353,2020-05-08,2024-09-06,14106,1131,1,5,0.0007778383791446686
2024-10-31,688045,val,-0.055421807,0.0013359636,2020-05-08,2024-09-06,14106,1131,1,5,0.0007778383791446686
2024-10-31,688133,val,0.10596209,-0.002791252,2020-05-08,2024-09-06,14106,1131,1,5,0.0007778383791446686
2024-10-31,688147,val,-0.013849297,-0.0025064722,2020-05-08,2024-09-06,14106,1131,1,5,0.0007778383791446686
2024-10-31,688528,val,-0.080297045,-0.0051648133,2020-05-08,2024-09-06,14106,1131,1,5,0.0007778383791446686
2024-11-01,600025,val,-0.07073311,0.0038886778,2020-05-08,2024-09-06,14106,1131,1,5,0.0007778383791446686
2024-11-01,600051,val,-0.026560452,0.0030373745,2020-05-08,2024-09-06,14106,1131,1,5,0.0007778383791446686
2024-11-01,600127,val,-0.02371443,0.0028019175,2020-05-08,2024-09-06,14106,1131,1,5,0.0007778383791446686
2024-11-01,600153,val,-0.042009782,-0.0009113103,2020-05-08,2024-09-06,14106,1131,1,5,0.0007778383791446686
2024-11-01,600548,val,0.006860571,0.0025792979,2020-05-08,2024-09-06,14106,1131,1,5,0.0007778383791446686
2024-11-01,600865,val,-0.10305749,-0.008642927,2020-05-08,2024-09-06,14106,1131,1,5,0.0007778383791446686
2024-11-01,600967,val,-0.019646531,0.0016802996,2020-05-08,2024-09-06,14106,1131,1,5,0.0007778383791446686
2024-11-01,601222,val,-0.0117540145,-0.0016650558,2020-05-08,2024-09-06,14106,1131,1,5,0.0007778383791446686
2024-11-01,603237,val,-0.019452209,-0.00032699108,2020-05-08,2024-09-06,14106,1131,1,5,0.0007778383791446686
2024-11-01,603335,val,0.027150663,0.0016499162,2020-05-08,2024-09-06,14106,1131,1,5,0.0007778383791446686
2024-11-01,603341,val,0.042441826,0.002334237,2020-05-08,2024-09-06,14106,1131,1,5,0.0007778383791446686
2024-11-01,603658,val,-0.05133242,-0.00040601566,2020-05-08,2024-09-06,14106,1131,1,5,0.0007778383791446686
2024-11-01,605090,val,0.052960727,0.0010271072,2020-05-08,2024-09-06,14106,1131,1,5,0.0007778383791446686
2024-11-01,605589,val,0.030850697,0.0026905015,2020-05-08,2024-09-06,14106,1131,1,5,0.0007778383791446686
2024-11-01,688031,val,0.08207922,-0.0007853359,2020-05-08,2024-09-06,14106,1131,1,5,0.0007778383791446686
2024-11-01,688045,val,0.030222178,0.0036340281,2020-05-08,2024-09-06,14106,1131,1,5,0.0007778383791446686
2024-11-01,688133,val,0.060400542,-0.0022474453,2020-05-08,2024-09-06,14106,1131,1,5,0.0007778383791446686
2024-11-01,688147,val,0.028492926,-0.002928879,2020-05-08,2024-09-06,14106,1131,1,5,0.0007778383791446686
2024-11-01,688528,val,0.006801095,-0.0040571913,2020-05-08,2024-09-06,14106,1131,1,5,0.0007778383791446686
2024-11-04,600025,val,-0.10055945,0.0042501986,2020-05-08,2024-09-06,14106,1131,1,5,0.0007778383791446686
2024-11-04,600051,val,-0.04325074,0.002515722,2020-05-08,2024-09-06,14106,1131,1,5,0.0007778383791446686
2024-11-04,600127,val,-0.037412677,0.0038378425,2020-05-08,2024-09-06,14106,1131,1,5,0.0007778383791446686
2024-11-04,600153,val,-0.0823418,-0.0029165894,2020-05-08,2024-09-06,14106,1131,1,5,0.0007778383791446686
2024-11-04,600548,val,-0.020880906,0.0005612895,2020-05-08,2024-09-06,14106,1131,1,5,0.0007778383791446686
2024-11-04,600865,val,-0.17118315,-0.0068155415,2020-05-08,2024-09-06,14106,1131,1,5,0.0007778383791446686
2024-11-04,600967,val,-0.042259835,0.0011421628,2020-05-08,2024-09-06,14106,1131,1,5,0.0007778383791446686
2024-11-04,601222,val,-0.06078411,-0.0024493858,2020-05-08,2024-09-06,14106,1131,1,5,0.0007778383791446686
2024-11-04,603237,val,-0.046824537,3.100559e-05,2020-05-08,2024-09-06,14106,1131,1,5,0.0007778383791446686
2024-11-04,603335,val,0.013955968,0.0020131469,2020-05-08,2024-09-06,14106,1131,1,5,0.0007778383791446686
2024-11-04,603341,val,0.063026644,0.0017096438,2020-05-08,2024-09-06,14106,1131,1,5,0.0007778383791446686
2024-11-04,603658,val,-0.072466396,0.00022686645,2020-05-08,2024-09-06,14106,1131,1,5,0.0007778383791446686
2024-11-04,605090,val,0.009462617,-0.0029179975,2020-05-08,2024-09-06,14106,1131,1,5,0.0007778383791446686
2024-11-04,605589,val,0.07777245,0.0023398958,2020-05-08,2024-09-06,14106,1131,1,5,0.0007778383791446686
2024-11-04,688031,val,0.12950118,-0.00097152963,2020-05-08,2024-09-06,14106,1131,1,5,0.0007778383791446686
2024-11-04,688045,val,0.035687476,0.0024166629,2020-05-08,2024-09-06,14106,1131,1,5,0.0007778383791446686
2024-11-04,688133,val,0.082119636,-0.0014710836,2020-05-08,2024-09-06,14106,1131,1,5,0.0007778383791446686
2024-11-04,688147,val,0.19030052,-0.0043376386,2020-05-08,2024-09-06,14106,1131,1,5,0.0007778383791446686
2024-11-04,688528,val,0.076137096,0.0009760447,2020-05-08,2024-09-06,14106,1131,1,5,0.0007778383791446686
2024-11-05,600025,val,-0.07323363,0.0041138306,2020-05-08,2024-09-06,14106,1131,1,5,0.0007778383791446686
2024-11-05,600051,val,-0.021764537,0.0024368055,2020-05-08,2024-09-06,14106,1131,1,5,0.0007778383791446686
2024-11-05,600127,val,-0.03136035,0.003488481,2020-05-08,2024-09-06,14106,1131,1,5,0.0007778383791446686
2024-11-05,600153,val,-0.049407933,-0.0026926212,2020-05-08,2024-09-06,14106,1131,1,5,0.0007778383791446686
2024-11-05,600548,val,-0.011722527,0.0006012544,2020-05-08,2024-09-06,14106,1131,1,5,0.0007778383791446686
2024-11-05,600865,val,-0.07542127,-0.0011057407,2020-05-08,2024-09-06,14106,1131,1,5,0.0007778383791446686
2024-11-05,600967,val,-0.05564485,-0.0007886924,2020-05-08,2024-09-06,14106,1131,1,5,0.0007778383791446686
2024-11-05,601222,val,-0.04273313,-0.0032128133,2020-05-08,2024-09-06,14106,1131,1,5,0.0007778383791446686
2024-11-05,603237,val,-0.006372966,7.99261e-05,2020-05-08,2024-09-06,14106,1131,1,5,0.0007778383791446686
2024-11-05,603335,val,0.055796035,0.002622649,2020-05-08,2024-09-06,14106,1131,1,5,0.0007778383791446686
2024-11-05,603341,val,-0.0018730427,-0.0025141798,2020-05-08,2024-09-06,14106,1131,1,5,0.0007778383791446686
2024-11-05,603658,val,-0.030136371,0.0008890256,2020-05-08,2024-09-06,14106,1131,1,5,0.0007778383791446686
2024-11-05,605090,val,0.00065101974,-0.003996756,2020-05-08,2024-09-06,14106,1131,1,5,0.0007778383791446686
2024-11-05,605589,val,0.094571546,0.0018796586,2020-05-08,2024-09-06,14106,1131,1,5,0.0007778383791446686
2024-11-05,688031,val,0.019073226,-0.003796745,2020-05-08,2024-09-06,14106,1131,1,5,0.0007778383791446686
2024-11-05,688045,val,-0.034649234,-0.0015207492,2020-05-08,2024-09-06,14106,1131,1,5,0.0007778383791446686
2024-11-05,688133,val,0.08260227,-0.0007860176,2020-05-08,2024-09-06,14106,1131,1,5,0.0007778383791446686
2024-11-05,688147,val,0.16366816,-0.0045968965,2020-05-08,2024-09-06,14106,1131,1,5,0.0007778383791446686
2024-11-05,688528,val,0.017957596,0.002801828,2020-05-08,2024-09-06,14106,1131,1,5,0.0007778383791446686
2024-11-06,600025,val,-0.036411494,0.003984742,2020-05-08,2024-09-06,14106,1131,1,5,0.0007778383791446686
2024-11-06,600051,val,-0.023056148,0.0021711774,2020-05-08,2024-09-06,14106,1131,1,5,0.0007778383791446686
2024-11-06,600127,val,-0.0933116,-0.0019495673,2020-05-08,2024-09-06,14106,1131,1,5,0.0007778383791446686
2024-11-06,600153,val,-0.07443912,-0.0037459433,2020-05-08,2024-09-06,14106,1131,1,5,0.0007778383791446686
2024-11-06,600548,val,-0.020050878,-0.00048014522,2020-05-08,2024-09-06,14106,1131,1,5,0.0007778383791446686
2024-11-06,600865,val,-0.061352752,0.0015924275,2020-05-08,2024-09-06,14106,1131,1,5,0.0007778383791446686
2024-11-06,600967,val,-0.057802655,-0.00070649385,2020-05-08,2024-09-06,14106,1131,1,5,0.0007778383791446686
2024-11-06,601222,val,-0.05338806,-0.003229417,2020-05-08,2024-09-06,14106,1131,1,5,0.0007778383791446686
2024-11-06,603237,val,-0.03054654,-0.0003307648,2020-05-08,2024-09-06,14106,1131,1,5,0.0007778383791446686
2024-11-06,603335,val,0.037041977,0.0023710616,2020-05-08,2024-09-06,14106,1131,1,5,0.0007778383791446686
2024-11-06,603341,val,0.027921757,-0.0024457574,2020-05-08,2024-09-06,14106,1131,1,5,0.0007778383791446686
2024-11-06,603658,val,-0.023482917,0.0030988455,2020-05-08,2024-09-06,14106,1131,1,5,0.0007778383791446686
2024-11-06,605090,val,0.0041575646,-0.0019934773,2020-05-08,2024-09-06,14106,1131,1,5,0.0007778383791446686
2024-11-06,605589,val,0.14639886,0.0031240135,2020-05-08,2024-09-06,14106,1131,1,5,0.0007778383791446686
2024-11-06,688031,val,0.053430185,-0.004783213,2020-05-08,2024-09-06,14106,1131,1,5,0.0007778383791446686
2024-11-06,688045,val,0.014453278,-0.0031084307,2020-05-08,2024-09-06,14106,1131,1,5,0.0007778383791446686
2024-11-06,688133,val,0.03588501,-0.004737448,2020-05-08,2024-09-06,14106,1131,1,5,0.0007778383791446686
2024-11-06,688147,val,0.13097218,-0.0041216463,2020-05-08,2024-09-06,14106,1131,1,5,0.0007778383791446686
2024-11-06,688528,val,0.023581367,0.001449421,2020-05-08,2024-09-06,14106,1131,1,5,0.0007778383791446686
2024-11-07,600025,val,0.008644316,0.0038561337,2020-05-08,2024-09-06,14106,1131,1,5,0.0007778383791446686
2024-11-07,600051,val,-0.017576097,0.00034978986,2020-05-08,2024-09-06,14106,1131,1,5,0.0007778383791446686
2024-11-07,600127,val,-0.04061318,-0.0012843348,2020-05-08,2024-09-06,14106,1131,1,5,0.0007778383791446686
2024-11-07,600153,val,-0.054578736,-0.0017121434,2020-05-08,2024-09-06,14106,1131,1,5,0.0007778383791446686
2024-11-07,600548,val,0.029158834,0.0002606511,2020-05-08,2024-09-06,14106,1131,1,5,0.0007778383791446686
2024-11-07,600865,val,-0.08651267,0.0020077042,2020-05-08,2024-09-06,14106,1131,1,5,0.0007778383791446686
2024-11-07,600967,val,-0.025411889,0.0018745251,2020-05-08,2024-09-06,14106,1131,1,5,0.0007778383791446686
2024-11-07,601222,val,-0.025946075,-0.00034906343,2020-05-08,2024-09-06,14106,1131,1,5,0.0007778383791446686
2024-11-07,603237,val,-0.026082646,-0.0013369396,2020-05-08,2024-09-06,14106,1131,1,5,0.0007778383791446686
2024-11-07,603335,val,0.014399771,0.000692375,2020-05-08,2024-09-06,14106,1131,1,5,0.0007778383791446686
2024-11-07,603341,val,0.05810541,-0.0017708167,2020-05-08,2024-09-06,14106,1131,1,5,0.0007778383791446686
2024-11-07,603658,val,-0.012856559,0.0040458143,2020-05-08,2024-09-06,14106,1131,1,5,0.0007778383791446686
2024-11-07,605090,val,-0.03856253,-0.004448969,2020-05-08,2024-09-06,14106,1131,1,5,0.0007778383791446686
2024-11-07,605589,val,0.058154806,-0.00035550445,2020-05-08,2024-09-06,14106,1131,1,5,0.0007778383791446686
2024-11-07,688031,val,0.07055066,-0.005159475,2020-05-08,2024-09-06,14106,1131,1,5,0.0007778383791446686
2024-11-07,688045,val,0.0031211157,-0.004709527,2020-05-08,2024-09-06,14106,1131,1,5,0.0007778383791446686
2024-11-07,688133,val,-0.04146488,-0.004785754,2020-05-08,2024-09-06,14106,1131,1,5,0.0007778383791446686
2024-11-07,688147,val,0.10462413,-0.0028494745,2020-05-08,2024-09-06,14106,1131,1,5,0.0007778383791446686
2024-11-07,688528,val,0.022846226,-0.0006513633,2020-05-08,2024-09-06,14106,1131,1,5,0.0007778383791446686
2024-11-08,600025,val,0.0050880313,0.004426658,2020-05-08,2024-09-06,14106,1131,1,5,0.0007778383791446686
2024-11-08,600051,val,0.003460826,0.0017724559,2020-05-08,2024-09-06,14106,1131,1,5,0.0007778383791446686
2024-11-08,600127,val,-0.013561202,2.759695e-05,2020-05-08,2024-09-06,14106,1131,1,5,0.0007778383791446686
2024-11-08,600153,val,-0.015503705,0.002161283,2020-05-08,2024-09-06,14106,1131,1,5,0.0007778383791446686
2024-11-08,600548,val,0.047304388,0.001388777,2020-05-08,2024-09-06,14106,1131,1,5,0.0007778383791446686
2024-11-08,600865,val,-0.069515906,0.00499684,2020-05-08,2024-09-06,14106,1131,1,5,0.0007778383791446686
2024-11-08,600967,val,-0.023981493,0.0024865195,2020-05-08,2024-09-06,14106,1131,1,5,0.0007778383791446686
2024-11-08,601222,val,-0.014803936,0.0017726012,2020-05-08,2024-09-06,14106,1131,1,5,0.0007778383791446686
2024-11-08,603237,val,0.0015518165,-0.00013979897,2020-05-08,2024-09-06,14106,1131,1,5,0.0007778383791446686
2024-11-08,603335,val,-0.015406766,-0.002202686,2020-05-08,2024-09-06,14106,1131,1,5,0.0007778383791446686
2024-11-08,603341,val,0.089286655,-0.002583947,2020-05-08,2024-09-06,14106,1131,1,5,0.0007778383791446686
2024-11-08,603658,val,0.014439619,0.005464107,2020-05-08,2024-09-06,14106,1131,1,5,0.0007778383791446686
2024-11-08,605090,val,-0.043164108,-0.0062409937,2020-05-08,2024-09-06,14106,1131,1,5,0.0007778383791446686
2024-11-08,605589,val,0.040574316,-0.002904214,2020-05-08,2024-09-06,14106,1131,1,5,0.0007778383791446686
2024-11-08,688031,val,0.06052747,-0.0056527033,2020-05-08,2024-09-06,14106,1131,1,5,0.0007778383791446686
2024-11-08,688045,val,-0.053633697,-0.0060955733,2020-05-08,2024-09-06,14106,1131,1,5,0.0007778383791446686
2024-11-08,688133,val,-0.06851052,-0.0025183745,2020-05-08,2024-09-06,14106,1131,1,5,0.0007778383791446686
2024-11-08,688147,val,0.09940541,-0.003595855,2020-05-08,2024-09-06,14106,1131,1,5,0.0007778383791446686
2024-11-08,688528,val,-0.043557204,-0.0056159757,2020-05-08,2024-09-06,14106,1131,1,5,0.0007778383791446686
2024-11-11,600025,val,0.059447408,0.0045550317,2020-05-08,2024-09-06,14106,1131,1,5,0.0007778383791446686
2024-11-11,600051,val,0.06016093,0.003042534,2020-05-08,2024-09-06,14106,1131,1,5,0.0007778383791446686
2024-11-11,600127,val,0.00732246,0.00063962117,2020-05-08,2024-09-06,14106,1131,1,5,0.0007778383791446686
2024-11-11,600153,val,0.1175679,0.003858041,2020-05-08,2024-09-06,14106,1131,1,5,0.0007778383791446686
2024-11-11,600548,val,0.09235543,0.0023984984,2020-05-08,2024-09-06,14106,1131,1,5,0.0007778383791446686
2024-11-11,600865,val,-0.007855696,0.0057928897,2020-05-08,2024-09-06,14106,1131,1,5,0.0007778383791446686
2024-11-11,600967,val,0.009029656,0.0035115331,2020-05-08,2024-09-06,14106,1131,1,5,0.0007778383791446686
2024-11-11,601222,val,0.038507063,0.0044457763,2020-05-08,2024-09-06,14106,1131,1,5,0.0007778383791446686
2024-11-11,603237,val,0.032109458,0.0021159537,2020-05-08,2024-09-06,14106,1131,1,5,0.0007778383791446686
2024-11-11,603335,val,-0.03436591,-0.0021268837,2020-05-08,2024-09-06,14106,1131,1,5,0.0007778383791446686
2024-11-11,603341,val,0.0023168677,-0.004971653,2020-05-08,2024-09-06,14106,1131,1,5,0.0007778383791446686
2024-11-11,603658,val,0.05517148,0.0059332103,2020-05-08,2024-09-06,14106,1131,1,5,0.0007778383791446686
2024-11-11,605090,val,-0.022289071,-0.0035896637,2020-05-08,2024-09-06,14106,1131,1,5,0.0007778383791446686
2024-11-11,605589,val,0.023119468,-0.00626434,2020-05-08,2024-09-06,14106,1131,1,5,0.0007778383791446686
2024-11-11,688031,val,-0.0669747,-0.0069983266,2020-05-08,2024-09-06,14106,1131,1,5,0.0007778383791446686
2024-11-11,688045,val,-0.066017814,-0.008911114,2020-05-08,2024-09-06,14106,1131,1,5,0.0007778383791446686
2024-11-11,688133,val,-0.0991506,-0.0016105995,2020-05-08,2024-09-06,14106,1131,1,5,0.0007778383791446686
2024-11-11,688147,val,-0.1002136,-0.010474715,2020-05-08,2024-09-06,14106,1131,1,5,0.0007778383791446686
2024-11-11,688528,val,-0.10024073,-0.009950489,2020-05-08,2024-09-06,14106,1131,1,5,0.0007778383791446686
2024-11-12,600025,val,0.037390094,0.005048882,2020-05-08,2024-09-06,14106,1131,1,5,0.0007778383791446686
2024-11-12,600051,val,0.059574008,0.0024793968,2020-05-08,2024-09-06,14106,1131,1,5,0.0007778383791446686
2024-11-12,600127,val,-0.0021900914,0.0010950528,2020-05-08,2024-09-06,14106,1131,1,5,0.0007778383791446686
2024-11-12,600153,val,0.043123066,0.0027090944,2020-05-08,2024-09-06,14106,1131,1,5,0.0007778383791446686
2024-11-12,600548,val,0.097966105,0.003205873,2020-05-08,2024-09-06,14106,1131,1,5,0.0007778383791446686
2024-11-12,600865,val,-0.03912227,0.0032598637,2020-05-08,2024-09-06,14106,1131,1,5,0.0007778383791446686
2024-11-12,600967,val,0.004367004,0.0046170913,2020-05-08,2024-09-06,14106,1131,1,5,0.0007778383791446686
2024-11-12,601222,val,0.028355634,0.0045886636,2020-05-08,2024-09-06,14106,1131,1,5,0.0007778383791446686
2024-11-12,603237,val,0.0063627134,0.0010643825,2020-05-08,2024-09-06,14106,1131,1,5,0.0007778383791446686
2024-11-12,603335,val,-0.04422454,-0.0035524927,2020-05-08,2024-09-06,14106,1131,1,5,0.0007778383791446686
2024-11-12,603341,val,0.05754202,-0.0042144507,2020-05-08,2024-09-06,14106,1131,1,5,0.0007778383791446686
2024-11-12,603658,val,0.026014939,0.0043831766,2020-05-08,2024-09-06,14106,1131,1,5,0.0007778383791446686
2024-11-12,605090,val,-0.013176324,-0.00067736953,2020-05-08,2024-09-06,14106,1131,1,5,0.0007778383791446686
2024-11-12,605589,val,0.014424564,-0.0038726032,2020-05-08,2024-09-06,14106,1131,1,5,0.0007778383791446686
2024-11-12,688031,val,-0.040898684,-0.004720997,2020-05-08,2024-09-06,14106,1131,1,5,0.0007778383791446686
2024-11-12,688045,val,-0.016707283,-0.006918341,2020-05-08,2024-09-06,14106,1131,1,5,0.0007778383791446686
2024-11-12,688133,val,-0.094119176,-0.0025451742,2020-05-08,2024-09-06,14106,1131,1,5,0.0007778383791446686
2024-11-12,688147,val,-0.074833296,-0.013741411,2020-05-08,2024-09-06,14106,1131,1,5,0.0007778383791446686
2024-11-12,688528,val,-0.049848486,-0.00865848,2020-05-08,2024-09-06,14106,1131,1,5,0.0007778383791446686
2024-11-13,600025,val,0.010415178,0.005169399,2020-05-08,2024-09-06,14106,1131,1,5,0.0007778383791446686
2024-11-13,600051,val,0.056962077,0.0023865327,2020-05-08,2024-09-06,14106,1131,1,5,0.0007778383791446686
2024-11-13,600127,val,0.008533622,0.0016066618,2020-05-08,2024-09-06,14106,1131,1,5,0.0007778383791446686
2024-11-13,600153,val,0.032616705,0.0021989495,2020-05-08,2024-09-06,14106,1131,1,5,0.0007778383791446686
2024-11-13,600548,val,0.09115675,0.0033835433,2020-05-08,2024-09-06,14106,1131,1,5,0.0007778383791446686
2024-11-13,600865,val,-0.027179208,0.0001819171,2020-05-08,2024-09-06,14106,1131,1,5,0.0007778383791446686
2024-11-13,600967,val,0.010723431,0.004818838,2020-05-08,2024-09-06,14106,1131,1,5,0.0007778383791446686
2024-11-13,601222,val,0.0076896325,0.0028476715,2020-05-08,2024-09-06,14106,1131,1,5,0.0007778383791446686
2024-11-13,603237,val,0.014380242,0.0017765798,2020-05-08,2024-09-06,14106,1131,1,5,0.0007778383791446686
2024-11-13,603335,val,-0.012958081,-0.0013101883,2020-05-08,2024-09-06,14106,1131,1,5,0.0007778383791446686
2024-11-13,603341,val,0.044710737,-0.0039419234,2020-05-08,2024-09-06,14106,1131,1,5,0.0007778383791446686
2024-11-13,603658,val,0.041591235,0.0038949847,2020-05-08,2024-09-06,14106,1131,1,5,0.0007778383791446686
2024-11-13,605090,val,7.882989e-05,0.0014082156,2020-05-08,2024-09-06,14106,1131,1,5,0.0007778383791446686
2024-11-13,605589,val,-0.02304967,-0.00448652,2020-05-08,2024-09-06,14106,1131,1,5,0.0007778383791446686
2024-11-13,688031,val,-0.048407145,-0.005435005,2020-05-08,2024-09-06,14106,1131,1,5,0.0007778383791446686
2024-11-13,688045,val,-0.037634954,-0.009155288,2020-05-08,2024-09-06,14106,1131,1,5,0.0007778383791446686
2024-11-13,688133,val,-0.07349013,-0.00297435,2020-05-08,2024-09-06,14106,1131,1,5,0.0007778383791446686
2024-11-13,688147,val,-0.05230814,-0.009462714,2020-05-08,2024-09-06,14106,1131,1,5,0.0007778383791446686
2024-11-13,688528,val,-0.043831114,-0.006404821,2020-05-08,2024-09-06,14106,1131,1,5,0.0007778383791446686
2024-11-14,600025,val,-0.02898772,0.0016487241,2020-05-08,2024-11-13,14857,1140,1,5,0.0029585906770080326
2024-11-14,600051,val,0.029376201,0.0022105724,2020-05-08,2024-11-13,14857,1140,1,5,0.0029585906770080326
2024-11-14,600127,val,-0.026761472,-0.00047557056,2020-05-08,2024-11-13,14857,1140,1,5,0.0029585906770080326
2024-11-14,600153,val,0.011298131,-0.00047931075,2020-05-08,2024-11-13,14857,1140,1,5,0.0029585906770080326
2024-11-14,600548,val,0.053744797,0.005437687,2020-05-08,2024-11-13,14857,1140,1,5,0.0029585906770080326
2024-11-14,600865,val,-0.027454788,-0.002831608,2020-05-08,2024-11-13,14857,1140,1,5,0.0029585906770080326
2024-11-14,600967,val,-0.012905727,0.002420187,2020-05-08,2024-11-13,14857,1140,1,5,0.0029585906770080326
2024-11-14,601222,val,-0.012646503,0.003721118,2020-05-08,2024-11-13,14857,1140,1,5,0.0029585906770080326
2024-11-14,603237,val,0.016549291,0.004601106,2020-05-08,2024-11-13,14857,1140,1,5,0.0029585906770080326
2024-11-14,603335,val,0.005954724,-0.0088826865,2020-05-08,2024-11-13,14857,1140,1,5,0.0029585906770080326
2024-11-14,603341,val,0.05775685,-0.0065369606,2020-05-08,2024-11-13,14857,1140,1,5,0.0029585906770080326
2024-11-14,603658,val,0.002101752,0.0030574352,2020-05-08,2024-11-13,14857,1140,1,5,0.0029585906770080326
2024-11-14,605090,val,-0.024305634,0.002371505,2020-05-08,2024-11-13,14857,1140,1,5,0.0029585906770080326
2024-11-14,605589,val,0.00365946,-0.010093361,2020-05-08,2024-11-13,14857,1140,1,5,0.0029585906770080326
2024-11-14,688031,val,0.099929556,-0.023015752,2020-05-08,2024-11-13,14857,1140,1,5,0.0029585906770080326
2024-11-14,688045,val,-0.05920103,-0.021400176,2020-05-08,2024-11-13,14857,1140,1,5,0.0029585906770080326
2024-11-14,688133,val,-0.02351708,-0.005163163,2020-05-08,2024-11-13,14857,1140,1,5,0.0029585906770080326
2024-11-14,688147,val,-0.017087767,-0.017209515,2020-05-08,2024-11-13,14857,1140,1,5,0.0029585906770080326
2024-11-14,688528,val,-0.047503043,-0.008607775,2020-05-08,2024-11-13,14857,1140,1,5,0.0029585906770080326
2024-11-15,600025,val,-0.018924199,0.0026446283,2020-05-08,2024-11-13,14857,1140,1,5,0.0029585906770080326
2024-11-15,600051,val,0.039348368,0.0027910322,2020-05-08,2024-11-13,14857,1140,1,5,0.0029585906770080326
2024-11-15,600127,val,0.010224737,-0.00016631186,2020-05-08,2024-11-13,14857,1140,1,5,0.0029585906770080326
2024-11-15,600153,val,-0.0032840348,-0.00030860305,2020-05-08,2024-11-13,14857,1140,1,5,0.0029585906770080326
2024-11-15,600548,val,0.022137847,0.003976837,2020-05-08,2024-11-13,14857,1140,1,5,0.0029585906770080326
2024-11-15,600865,val,0.033857025,-0.003187552,2020-05-08,2024-11-13,14857,1140,1,5,0.0029585906770080326
2024-11-15,600967,val,-0.015193482,0.001540497,2020-05-08,2024-11-13,14857,1140,1,5,0.0029585906770080326
2024-11-15,601222,val,-0.025438223,0.004420474,2020-05-08,2024-11-13,14857,1140,1,5,0.0029585906770080326
2024-11-15,603237,val,-0.0038568955,0.0049447566,2020-05-08,2024-11-13,14857,1140,1,5,0.0029585906770080326
2024-11-15,603335,val,0.004224737,-0.0060058236,2020-05-08,2024-11-13,14857,1140,1,5,0.0029585906770080326
2024-11-15,603341,val,0.002955256,-0.014010757,2020-05-08,2024-11-13,14857,1140,1,5,0.0029585906770080326
2024-11-15,603658,val,-0.033963297,0.003527388,2020-05-08,2024-11-13,14857,1140,1,5,0.0029585906770080326
2024-11-15,605090,val,-0.027116783,0.0017432421,2020-05-08,2024-11-13,14857,1140,1,5,0.0029585906770080326
2024-11-15,605589,val,0.009924914,-0.006063208,2020-05-08,2024-11-13,14857,1140,1,5,0.0029585906770080326
2024-11-15,688031,val,0.1830711,-0.023455754,2020-05-08,2024-11-13,14857,1140,1,5,0.0029585906770080326
2024-11-15,688045,val,-0.029320717,-0.018737175,2020-05-08,2024-11-13,14857,1140,1,5,0.0029585906770080326
2024-11-15,688133,val,-0.043811176,-0.006770447,2020-05-08,2024-11-13,14857,1140,1,5,0.0029585906770080326
2024-11-15,688147,val,-0.058548294,-0.015163407,2020-05-08,2024-11-13,14857,1140,1,5,0.0029585906770080326
2024-11-15,688528,val,-0.046286892,-0.007185757,2020-05-08,2024-11-13,14857,1140,1,5,0.0029585906770080326
2024-11-18,600025,val,-0.05388468,0.0044433624,2020-05-08,2024-11-13,14857,1140,1,5,0.0029585906770080326
2024-11-18,600051,val,0.007982421,0.0019186139,2020-05-08,2024-11-13,14857,1140,1,5,0.0029585906770080326
2024-11-18,600127,val,0.018519402,0.0010671467,2020-05-08,2024-11-13,14857,1140,1,5,0.0029585906770080326
2024-11-18,600153,val,-0.1056259,-0.0022283643,2020-05-08,2024-11-13,14857,1140,1,5,0.0029585906770080326
2024-11-18,600548,val,-0.0046060625,0.0048414916,2020-05-08,2024-11-13,14857,1140,1,5,0.0029585906770080326
2024-11-18,600865,val,0.011263166,-0.004943967,2020-05-08,2024-11-13,14857,1140,1,5,0.0029585906770080326
2024-11-18,600967,val,-0.03788198,0.001436621,2020-05-08,2024-11-13,14857,1140,1,5,0.0029585906770080326
2024-11-18,601222,val,-0.033217102,0.004928604,2020-05-08,2024-11-13,14857,1140,1,5,0.0029585906770080326
2024-11-18,603237,val,0.0017345315,0.005638078,2020-05-08,2024-11-13,14857,1140,1,5,0.0029585906770080326
2024-11-18,603335,val,0.057800177,-0.00330545,2020-05-08,2024-11-13,14857,1140,1,5,0.0029585906770080326
2024-11-18,603341,val,0.01945398,-0.012229413,2020-05-08,2024-11-13,14857,1140,1,5,0.0029585906770080326
2024-11-18,603658,val,-0.044344135,0.0038237274,2020-05-08,2024-11-13,14857,1140,1,5,0.0029585906770080326
2024-11-18,605090,val,-0.020485155,0.002330318,2020-05-08,2024-11-13,14857,1140,1,5,0.0029585906770080326
2024-11-18,605589,val,-0.031299833,-0.0029177219,2020-05-08,2024-11-13,14857,1140,1,5,0.0029585906770080326
2024-11-18,688031,val,0.22932364,-0.0161933,2020-05-08,2024-11-13,14857,1140,1,5,0.0029585906770080326
2024-11-18,688045,val,-0.027752401,-0.014887735,2020-05-08,2024-11-13,14857,1140,1,5,0.0029585906770080326
2024-11-18,688133,val,-0.02184381,-0.005423829,2020-05-08,2024-11-13,14857,1140,1,5,0.0029585906770080326
2024-11-18,688147,val,0.031547904,-0.01151441,2020-05-08,2024-11-13,14857,1140,1,5,0.0029585906770080326
2024-11-18,688528,val,0.0033158392,-0.004881561,2020-05-08,2024-11-13,14857,1140,1,5,0.0029585906770080326
2024-11-19,600025,val,-0.027491113,0.005400613,2020-05-08,2024-11-13,14857,1140,1,5,0.0029585906770080326
2024-11-19,600051,val,0.03560946,-0.00088731945,2020-05-08,2024-11-13,14857,1140,1,5,0.0029585906770080326
2024-11-19,600127,val,0.02627981,0.0017762333,2020-05-08,2024-11-13,14857,1140,1,5,0.0029585906770080326
2024-11-19,600153,val,-0.029378017,0.00028051436,2020-05-08,2024-11-13,14857,1140,1,5,0.0029585906770080326
2024-11-19,600548,val,0.023856575,0.008097336,2020-05-08,2024-11-13,14857,1140,1,5,0.0029585906770080326
2024-11-19,600865,val,0.03419202,-0.0070266426,2020-05-08,2024-11-13,14857,1140,1,5,0.0029585906770080326
2024-11-19,600967,val,-0.02127999,0.0014884025,2020-05-08,2024-11-13,14857,1140,1,5,0.0029585906770080326
2024-11-19,601222,val,-0.035391018,0.0045953244,2020-05-08,2024-11-13,14857,1140,1,5,0.0029585906770080326
2024-11-19,603237,val,0.055627882,0.0070467144,2020-05-08,2024-11-13,14857,1140,1,5,0.0029585906770080326
2024-11-19,603335,val,0.02994288,-0.0021895915,2020-05-08,2024-11-13,14857,1140,1,5,0.0029585906770080326
2024-11-19,603341,val,-0.029210946,-0.013431467,2020-05-08,2024-11-13,14857,1140,1,5,0.0029585906770080326
2024-11-19,603658,val,-0.012118748,0.0026059896,2020-05-08,2024-11-13,14857,1140,1,5,0.0029585906770080326
2024-11-19,605090,val,-0.0034741124,0.001966551,2020-05-08,2024-11-13,14857,1140,1,5,0.0029585906770080326
2024-11-19,605589,val,-0.049406007,-0.0013180971,2020-05-08,2024-11-13,14857,1140,1,5,0.0029585906770080326
2024-11-19,688031,val,0.13410993,-0.011999235,2020-05-08,2024-11-13,14857,1140,1,5,0.0029585906770080326
2024-11-19,688045,val,-0.040438816,-0.013306245,2020-05-08,2024-11-13,14857,1140,1,5,0.0029585906770080326
2024-11-19,688133,val,-0.049941435,-0.008263692,2020-05-08,2024-11-13,14857,1140,1,5,0.0029585906770080326
2024-11-19,688147,val,-0.028242672,-0.0069196075,2020-05-08,2024-11-13,14857,1140,1,5,0.0029585906770080326
2024-11-19,688528,val,-0.01324569,-0.0032551885,2020-05-08,2024-11-13,14857,1140,1,5,0.0029585906770080326
2024-11-20,600025,val,-0.016688926,0.0057285726,2020-05-08,2024-11-13,14857,1140,1,5,0.0029585906770080326
2024-11-20,600051,val,0.019885441,-0.0007892996,2020-05-08,2024-11-13,14857,1140,1,5,0.0029585906770080326
2024-11-20,600127,val,0.00089349196,0.001920864,2020-05-08,2024-11-13,14857,1140,1,5,0.0029585906770080326
2024-11-20,600153,val,-0.012574229,0.0014832765,2020-05-08,2024-11-13,14857,1140,1,5,0.0029585906770080326
2024-11-20,600548,val,0.02302085,0.00888598,2020-05-08,2024-11-13,14857,1140,1,5,0.0029585906770080326
2024-11-20,600865,val,0.0275628,-0.009240925,2020-05-08,2024-11-13,14857,1140,1,5,0.0029585906770080326
2024-11-20,600967,val,-0.028748652,0.0012655556,2020-05-08,2024-11-13,14857,1140,1,5,0.0029585906770080326
2024-11-20,601222,val,-0.028111445,0.0053685755,2020-05-08,2024-11-13,14857,1140,1,5,0.0029585906770080326
2024-11-20,603237,val,0.072022885,0.0060540587,2020-05-08,2024-11-13,14857,1140,1,5,0.0029585906770080326
2024-11-20,603335,val,-0.0070271795,-0.008437455,2020-05-08,2024-11-13,14857,1140,1,5,0.0029585906770080326
2024-11-20,603341,val,-0.019404309,-0.0070074648,2020-05-08,2024-11-13,14857,1140,1,5,0.0029585906770080326
2024-11-20,603658,val,-0.0062962263,0.00097358227,2020-05-08,2024-11-13,14857,1140,1,5,0.0029585906770080326
2024-11-20,605090,val,0.03245103,-0.00061810017,2020-05-08,2024-11-13,14857,1140,1,5,0.0029585906770080326
2024-11-20,605589,val,-0.02890893,0.0014363378,2020-05-08,2024-11-13,14857,1140,1,5,0.0029585906770080326
2024-11-20,688031,val,0.12693389,-0.008770153,2020-05-08,2024-11-13,14857,1140,1,5,0.0029585906770080326
2024-11-20,688045,val,-0.036718845,-0.012843572,2020-05-08,2024-11-13,14857,1140,1,5,0.0029585906770080326
2024-11-20,688133,val,-0.07504115,-0.015365988,2020-05-08,2024-11-13,14857,1140,1,5,0.0029585906770080326
2024-11-20,688147,val,-0.019399187,-0.0047328174,2020-05-08,2024-11-13,14857,1140,1,5,0.0029585906770080326
2024-11-20,688528,val,-0.023851307,-0.00027520955,2020-05-08,2024-11-13,14857,1140,1,5,0.0029585906770080326
2024-11-21,600025,val,-0.023089258,0.0072945952,2020-05-08,2024-11-13,14857,1140,1,5,0.0029585906770080326
2024-11-21,600051,val,0.06416542,-0.000751853,2020-05-08,2024-11-13,14857,1140,1,5,0.0029585906770080326
2024-11-21,600127,val,0.029606327,0.0029749125,2020-05-08,2024-11-13,14857,1140,1,5,0.0029585906770080326
2024-11-21,600153,val,-0.000852977,0.000114649534,2020-05-08,2024-11-13,14857,1140,1,5,0.0029585906770080326
2024-11-21,600548,val,0.03454186,0.009592041,2020-05-08,2024-11-13,14857,1140,1,5,0.0029585906770080326
2024-11-21,600865,val,0.08569276,-0.010784298,2020-05-08,2024-11-13,14857,1140,1,5,0.0029585906770080326
2024-11-21,600967,val,-0.022871858,0.0013926923,2020-05-08,2024-11-13,14857,1140,1,5,0.0029585906770080326
2024-11-21,601222,val,-0.01823541,0.0059609264,2020-05-08,2024-11-13,14857,1140,1,5,0.0029585906770080326
2024-11-21,603237,val,0.07813112,0.0022381246,2020-05-08,2024-11-13,14857,1140,1,5,0.0029585906770080326
2024-11-21,603335,val,-0.020416154,-0.008735836,2020-05-08,2024-11-13,14857,1140,1,5,0.0029585906770080326
2024-11-21,603341,val,-0.033856783,-0.0027610809,2020-05-08,2024-11-13,14857,1140,1,5,0.0029585906770080326
2024-11-21,603658,val,0.0014883969,0.0010697693,2020-05-08,2024-11-13,14857,1140,1,5,0.0029585906770080326
2024-11-21,605090,val,0.043665472,-0.0007149726,2020-05-08,2024-11-13,14857,1140,1,5,0.0029585906770080326
2024-11-21,605589,val,0.004921967,0.00022245944,2020-05-08,2024-11-13,14857,1140,1,5,0.0029585906770080326
2024-11-21,688031,val,-0.07970996,-0.0173098,2020-05-08,2024-11-13,14857,1140,1,5,0.0029585906770080326
2024-11-21,688045,val,-0.035492614,-0.008272365,2020-05-08,2024-11-13,14857,1140,1,5,0.0029585906770080326
2024-11-21,688133,val,-0.058953874,-0.015830263,2020-05-08,2024-11-13,14857,1140,1,5,0.0029585906770080326
2024-11-21,688147,val,-0.037764985,-0.005181402,2020-05-08,2024-11-13,14857,1140,1,5,0.0029585906770080326
2024-11-21,688528,val,-0.010969447,0.0009588599,2020-05-08,2024-11-13,14857,1140,1,5,0.0029585906770080326
2024-11-22,600025,val,-0.042236973,0.0073726475,2020-05-08,2024-11-13,14857,1140,1,5,0.0029585906770080326
2024-11-22,600051,val,0.032525197,0.0004107505,2020-05-08,2024-11-13,14857,1140,1,5,0.0029585906770080326
2024-11-22,600127,val,-0.02497851,0.0027646571,2020-05-08,2024-11-13,14857,1140,1,5,0.0029585906770080326
2024-11-22,600153,val,0.0153791495,-0.0012511164,2020-05-08,2024-11-13,14857,1140,1,5,0.0029585906770080326
2024-11-22,600548,val,0.016461596,0.010511562,2020-05-08,2024-11-13,14857,1140,1,5,0.0029585906770080326
2024-11-22,600865,val,0.03910793,-0.012311801,2020-05-08,2024-11-13,14857,1140,1,5,0.0029585906770080326
2024-11-22,600967,val,-0.02922179,0.0020926148,2020-05-08,2024-11-13,14857,1140,1,5,0.0029585906770080326
2024-11-22,601222,val,0.008823279,0.0052886903,2020-05-08,2024-11-13,14857,1140,1,5,0.0029585906770080326
2024-11-22,603237,val,0.06562599,0.00044621527,2020-05-08,2024-11-13,14857,1140,1,5,0.0029585906770080326
2024-11-22,603335,val,-0.013285534,-0.0057101995,2020-05-08,2024-11-13,14857,1140,1,5,0.0029585906770080326
2024-11-22,603341,val,-0.045141354,-0.00053463876,2020-05-08,2024-11-13,14857,1140,1,5,0.0029585906770080326
2024-11-22,603658,val,0.023642672,0.0019276142,2020-05-08,2024-11-13,14857,1140,1,5,0.0029585906770080326
2024-11-22,605090,val,0.05164286,5.4180622e-05,2020-05-08,2024-11-13,14857,1140,1,5,0.0029585906770080326
2024-11-22,605589,val,0.0013458958,0.0016583353,2020-05-08,2024-11-13,14857,1140,1,5,0.0029585906770080326
2024-11-22,688031,val,-0.1298194,-0.033053413,2020-05-08,2024-11-13,14857,1140,1,5,0.0029585906770080326
2024-11-22,688045,val,-0.014584787,-0.0047447234,2020-05-08,2024-11-13,14857,1140,1,5,0.0029585906770080326
2024-11-22,688133,val,0.0150537025,-0.012012795,2020-05-08,2024-11-13,14857,1140,1,5,0.0029585906770080326
2024-11-22,688147,val,0.014979431,-0.0038344562,2020-05-08,2024-11-13,14857,1140,1,5,0.0029585906770080326
2024-11-22,688528,val,0.014680649,0.0018477291,2020-05-08,2024-11-13,14857,1140,1,5,0.0029585906770080326
2024-11-25,600025,val,-0.028639715,0.0055728406,2020-05-08,2024-11-13,14857,1140,1,5,0.0029585906770080326
2024-11-25,600051,val,0.0034619125,0.0017935038,2020-05-08,2024-11-13,14857,1140,1,5,0.0029585906770080326
2024-11-25,600127,val,-0.019993383,0.002983734,2020-05-08,2024-11-13,14857,1140,1,5,0.0029585906770080326
2024-11-25,600153,val,0.033226736,-0.0032292455,2020-05-08,2024-11-13,14857,1140,1,5,0.0029585906770080326
2024-11-25,600548,val,-0.046059005,0.008717015,2020-05-08,2024-11-13,14857,1140,1,5,0.0029585906770080326
2024-11-25,600865,val,0.034404423,-0.014145926,2020-05-08,2024-11-13,14857,1140,1,5,0.0029585906770080326
2024-11-25,600967,val,-0.023886893,0.0027491748,2020-05-08,2024-11-13,14857,1140,1,5,0.0029585906770080326
2024-11-25,601222,val,-0.015111853,0.0040903836,2020-05-08,2024-11-13,14857,1140,1,5,0.0029585906770080326
2024-11-25,603237,val,0.11037128,0.002076313,2020-05-08,2024-11-13,14857,1140,1,5,0.0029585906770080326
2024-11-25,603335,val,-0.026089074,-0.0060438663,2020-05-08,2024-11-13,14857,1140,1,5,0.0029585906770080326
2024-11-25,603341,val,0.018891066,0.0022455305,2020-05-08,2024-11-13,14857,1140,1,5,0.0029585906770080326
2024-11-25,603658,val,-0.0013622442,0.0023468435,2020-05-08,2024-11-13,14857,1140,1,5,0.0029585906770080326
2024-11-25,605090,val,0.010942923,0.0008392781,2020-05-08,2024-11-13,14857,1140,1,5,0.0029585906770080326
2024-11-25,605589,val,0.029625796,0.0010320395,2020-05-08,2024-11-13,14857,1140,1,5,0.0029585906770080326
2024-11-25,688031,val,-0.01931459,-0.031761423,2020-05-08,2024-11-13,14857,1140,1,5,0.0029585906770080326
2024-11-25,688045,val,-0.0151603315,-0.0042965263,2020-05-08,2024-11-13,14857,1140,1,5,0.0029585906770080326
2024-11-25,688133,val,0.0099287955,-0.00841555,2020-05-08,2024-11-13,14857,1140,1,5,0.0029585906770080326
2024-11-25,688147,val,-0.027790805,-0.012393713,2020-05-08,2024-11-13,14857,1140,1,5,0.0029585906770080326
2024-11-25,688528,val,-0.027445033,-0.00094746053,2020-05-08,2024-11-13,14857,1140,1,5,0.0029585906770080326
2024-11-26,600025,val,-0.009079061,0.005655408,2020-05-08,2024-11-13,14857,1140,1,5,0.0029585906770080326
2024-11-26,600051,val,-0.033345997,0.0001193136,2020-05-08,2024-11-13,14857,1140,1,5,0.0029585906770080326
2024-11-26,600127,val,-0.026531933,0.0022573024,2020-05-08,2024-11-13,14857,1140,1,5,0.0029585906770080326
2024-11-26,600153,val,0.031231016,-0.0030222833,2020-05-08,2024-11-13,14857,1140,1,5,0.0029585906770080326
2024-11-26,600548,val,-0.05057199,0.009884864,2020-05-08,2024-11-13,14857,1140,1,5,0.0029585906770080326
2024-11-26,600865,val,-0.004170629,-0.016888306,2020-05-08,2024-11-13,14857,1140,1,5,0.0029585906770080326
2024-11-26,600967,val,-0.028057663,0.0029815733,2020-05-08,2024-11-13,14857,1140,1,5,0.0029585906770080326
2024-11-26,601222,val,-0.0099046985,0.0033458322,2020-05-08,2024-11-13,14857,1140,1,5,0.0029585906770080326
2024-11-26,603237,val,0.12432447,-0.0012811422,2020-05-08,2024-11-13,14857,1140,1,5,0.0029585906770080326
2024-11-26,603335,val,-0.012335793,-0.0057560354,2020-05-08,2024-11-13,14857,1140,1,5,0.0029585906770080326
2024-11-26,603341,val,-0.008494489,0.0004145801,2020-05-08,2024-11-13,14857,1140,1,5,0.0029585906770080326
2024-11-26,603658,val,-0.030087272,0.0019961447,2020-05-08,2024-11-13,14857,1140,1,5,0.0029585906770080326
2024-11-26,605090,val,-0.008689127,0.001411289,2020-05-08,2024-11-13,14857,1140,1,5,0.0029585906770080326
2024-11-26,605589,val,0.0437297,0.00059463084,2020-05-08,2024-11-13,14857,1140,1,5,0.0029585906770080326
2024-11-26,688031,val,0.05925507,-0.02188389,2020-05-08,2024-11-13,14857,1140,1,5,0.0029585906770080326
2024-11-26,688045,val,-0.03609477,-0.0034275502,2020-05-08,2024-11-13,14857,1140,1,5,0.0029585906770080326
2024-11-26,688133,val,0.0067641367,-0.006518051,2020-05-08,2024-11-13,14857,1140,1,5,0.0029585906770080326
2024-11-26,688147,val,-0.0011327533,-0.013236806,2020-05-08,2024-11-13,14857,1140,1,5,0.0029585906770080326
2024-11-26,688528,val,-0.006808217,-0.0002952963,2020-05-08,2024-11-13,14857,1140,1,5,0.0029585906770080326
2024-11-27,600025,val,-0.000640268,0.004024878,2020-05-08,2024-11-13,14857,1140,1,5,0.0029585906770080326
2024-11-27,600051,val,-0.0058994526,0.003676474,2020-05-08,2024-11-13,14857,1140,1,5,0.0029585906770080326
2024-11-27,600127,val,0.038212422,0.0039215237,2020-05-08,2024-11-13,14857,1140,1,5,0.0029585906770080326
2024-11-27,600153,val,0.0294814,-0.0015307665,2020-05-08,2024-11-13,14857,1140,1,5,0.0029585906770080326
2024-11-27,600548,val,-0.004534405,0.011354268,2020-05-08,2024-11-13,14857,1140,1,5,0.0029585906770080326
2024-11-27,600865,val,0.0068781064,-0.018379495,2020-05-08,2024-11-13,14857,1140,1,5,0.0029585906770080326
2024-11-27,600967,val,-0.019467004,0.0036577135,2020-05-08,2024-11-13,14857,1140,1,5,0.0029585906770080326
2024-11-27,601222,val,-0.011887994,0.0019204319,2020-05-08,2024-11-13,14857,1140,1,5,0.0029585906770080326
2024-11-27,603237,val,0.014651314,-0.003918618,2020-05-08,2024-11-13,14857,1140,1,5,0.0029585906770080326
2024-11-27,603335,val,-0.009585458,-0.0027889758,2020-05-08,2024-11-13,14857,1140,1,5,0.0029585906770080326
2024-11-27,603341,val,-0.033293154,-0.001132682,2020-05-08,2024-11-13,14857,1140,1,5,0.0029585906770080326
2024-11-27,603658,val,-0.046406105,0.00072555244,2020-05-08,2024-11-13,14857,1140,1,5,0.0029585906770080326
2024-11-27,605090,val,-0.043198194,-0.0032481551,2020-05-08,2024-11-13,14857,1140,1,5,0.0029585906770080326
2024-11-27,605589,val,0.020510275,-0.0014073849,2020-05-08,2024-11-13,14857,1140,1,5,0.0029585906770080326
2024-11-27,688031,val,0.13121457,-0.01643981,2020-05-08,2024-11-13,14857,1140,1,5,0.0029585906770080326
2024-11-27,688045,val,-0.03088928,-0.004507616,2020-05-08,2024-11-13,14857,1140,1,5,0.0029585906770080326
2024-11-27,688133,val,-0.024725497,-0.007942811,2020-05-08,2024-11-13,14857,1140,1,5,0.0029585906770080326
2024-11-27,688147,val,-0.0022527128,-0.011218153,2020-05-08,2024-11-13,14857,1140,1,5,0.0029585906770080326
2024-11-27,688528,val,-0.008168567,0.0014532208,2020-05-08,2024-11-13,14857,1140,1,5,0.0029585906770080326
2024-11-28,600025,val,-0.024479564,0.005612567,2020-05-08,2024-11-13,14857,1140,1,5,0.0029585906770080326
2024-11-28,600051,val,-0.04561559,0.002919212,2020-05-08,2024-11-13,14857,1140,1,5,0.0029585906770080326
2024-11-28,600127,val,-0.0033620691,0.0020058155,2020-05-08,2024-11-13,14857,1140,1,5,0.0029585906770080326
2024-11-28,600153,val,0.011629026,-0.0018116087,2020-05-08,2024-11-13,14857,1140,1,5,0.0029585906770080326
2024-11-28,600548,val,-0.004407865,0.009962037,2020-05-08,2024-11-13,14857,1140,1,5,0.0029585906770080326
2024-11-28,600865,val,-0.049811903,-0.018285021,2020-05-08,2024-11-13,14857,1140,1,5,0.0029585906770080326
2024-11-28,600967,val,-0.01461893,0.0037260354,2020-05-08,2024-11-13,14857,1140,1,5,0.0029585906770080326
2024-11-28,601222,val,-0.034347985,0.0021873713,2020-05-08,2024-11-13,14857,1140,1,5,0.0029585906770080326
2024-11-28,603237,val,-0.022695443,-0.00751625,2020-05-08,2024-11-13,14857,1140,1,5,0.0029585906770080326
2024-11-28,603335,val,-0.020541279,0.00032116473,2020-05-08,2024-11-13,14857,1140,1,5,0.0029585906770080326
2024-11-28,603341,val,-0.026819484,-0.0013024509,2020-05-08,2024-11-13,14857,1140,1,5,0.0029585906770080326
2024-11-28,603658,val,-0.05091391,0.0015324652,2020-05-08,2024-11-13,14857,1140,1,5,0.0029585906770080326
2024-11-28,605090,val,-0.062920116,-0.0029225498,2020-05-08,2024-11-13,14857,1140,1,5,0.0029585906770080326
2024-11-28,605589,val,-0.013711699,-0.007561043,2020-05-08,2024-11-13,14857,1140,1,5,0.0029585906770080326
2024-11-28,688031,val,0.39296684,-0.010743991,2020-05-08,2024-11-13,14857,1140,1,5,0.0029585906770080326
2024-11-28,688045,val,-0.0118859075,-0.0024149716,2020-05-08,2024-11-13,14857,1140,1,5,0.0029585906770080326
2024-11-28,688133,val,-0.010653382,-0.006385371,2020-05-08,2024-11-13,14857,1140,1,5,0.0029585906770080326
2024-11-28,688147,val,0.0048391423,-0.008779034,2020-05-08,2024-11-13,14857,1140,1,5,0.0029585906770080326
2024-11-28,688528,val,-0.012649871,0.002164632,2020-05-08,2024-11-13,14857,1140,1,5,0.0029585906770080326
2024-11-29,600025,val,-0.018246435,0.0057723373,2020-05-08,2024-11-13,14857,1140,1,5,0.0029585906770080326
2024-11-29,600051,val,-0.022603072,0.003205046,2020-05-08,2024-11-13,14857,1140,1,5,0.0029585906770080326
2024-11-29,600127,val,0.002679118,0.0031831115,2020-05-08,2024-11-13,14857,1140,1,5,0.0029585906770080326
2024-11-29,600153,val,-0.0033186665,-0.0058625787,2020-05-08,2024-11-13,14857,1140,1,5,0.0029585906770080326
2024-11-29,600548,val,0.028987108,0.008813098,2020-05-08,2024-11-13,14857,1140,1,5,0.0029585906770080326
2024-11-29,600865,val,-0.0152732665,-0.019749746,2020-05-08,2024-11-13,14857,1140,1,5,0.0029585906770080326
2024-11-29,600967,val,-0.010347627,0.0036160052,2020-05-08,2024-11-13,14857,1140,1,5,0.0029585906770080326
2024-11-29,601222,val,-0.04662857,-0.00025619566,2020-05-08,2024-11-13,14857,1140,1,5,0.0029585906770080326
2024-11-29,603237,val,-0.020232685,-0.00285995,2020-05-08,2024-11-13,14857,1140,1,5,0.0029585906770080326
2024-11-29,603335,val,-0.030571366,-0.00097586215,2020-05-08,2024-11-13,14857,1140,1,5,0.0029585906770080326
2024-11-29,603341,val,-0.042323552,0.0003246963,2020-05-08,2024-11-13,14857,1140,1,5,0.0029585906770080326
2024-11-29,603658,val,-0.05089092,0.002137497,2020-05-08,2024-11-13,14857,1140,1,5,0.0029585906770080326
2024-11-29,605090,val,-0.06744571,-0.0027443916,2020-05-08,2024-11-13,14857,1140,1,5,0.0029585906770080326
2024-11-29,605589,val,-0.033803336,-0.008291304,2020-05-08,2024-11-13,14857,1140,1,5,0.0029585906770080326
2024-11-29,688031,val,0.35617217,-0.009760335,2020-05-08,2024-11-13,14857,1140,1,5,0.0029585906770080326
2024-11-29,688045,val,-0.009450788,-0.0018863678,2020-05-08,2024-11-13,14857,1140,1,5,0.0029585906770080326
2024-11-29,688133,val,0.0068682786,-0.0053546876,2020-05-08,2024-11-13,14857,1140,1,5,0.0029585906770080326
2024-11-29,688147,val,-0.0059918016,-0.012175724,2020-05-08,2024-11-13,14857,1140,1,5,0.0029585906770080326
2024-11-29,688528,val,-0.01757888,0.0012674779,2020-05-08,2024-11-13,14857,1140,1,5,0.0029585906770080326
2024-12-02,600025,val,0.0001343474,0.0052207857,2020-05-08,2024-11-13,14857,1140,1,5,0.0029585906770080326
2024-12-02,600051,val,0.04249778,0.0039779693,2020-05-08,2024-11-13,14857,1140,1,5,0.0029585906770080326
2024-12-02,600127,val,-0.022980299,0.0022396743,2020-05-08,2024-11-13,14857,1140,1,5,0.0029585906770080326
2024-12-02,600153,val,-0.027081234,-0.0069120377,2020-05-08,2024-11-13,14857,1140,1,5,0.0029585906770080326
2024-12-02,600548,val,0.10228575,0.0045246035,2020-05-08,2024-11-13,14857,1140,1,5,0.0029585906770080326
2024-12-02,600865,val,-0.02263359,-0.015893728,2020-05-08,2024-11-13,14857,1140,1,5,0.0029585906770080326
2024-12-02,600967,val,0.093337744,0.0036177933,2020-05-08,2024-11-13,14857,1140,1,5,0.0029585906770080326
2024-12-02,601222,val,-0.039904334,0.0011164397,2020-05-08,2024-11-13,14857,1140,1,5,0.0029585906770080326
2024-12-02,603237,val,-0.07923876,-0.0046360344,2020-05-08,2024-11-13,14857,1140,1,5,0.0029585906770080326
2024-12-02,603335,val,0.050914302,-0.0008314401,2020-05-08,2024-11-13,14857,1140,1,5,0.0029585906770080326
2024-12-02,603341,val,-0.07262104,-0.0040429384,2020-05-08,2024-11-13,14857,1140,1,5,0.0029585906770080326
2024-12-02,603658,val,-0.04758169,0.0023041666,2020-05-08,2024-11-13,14857,1140,1,5,0.0029585906770080326
2024-12-02,605090,val,-0.055626612,-0.0011682361,2020-05-08,2024-11-13,14857,1140,1,5,0.0029585906770080326
2024-12-02,605589,val,-0.04016914,-0.011491843,2020-05-08,2024-11-13,14857,1140,1,5,0.0029585906770080326
2024-12-02,688031,val,0.20971705,-0.012494661,2020-05-08,2024-11-13,14857,1140,1,5,0.0029585906770080326
2024-12-02,688045,val,-0.039233442,-0.0015537143,2020-05-08,2024-11-13,14857,1140,1,5,0.0029585906770080326
2024-12-02,688133,val,-0.016967347,-0.006928742,2020-05-08,2024-11-13,14857,1140,1,5,0.0029585906770080326
2024-12-02,688147,val,-0.025281746,-0.0104672685,2020-05-08,2024-11-13,14857,1140,1,5,0.0029585906770080326
2024-12-02,688528,val,-0.009567746,0.0014838576,2020-05-08,2024-11-13,14857,1140,1,5,0.0029585906770080326
2024-12-03,600025,val,-0.034341283,0.0011446625,2020-05-08,2024-11-13,14857,1140,1,5,0.0029585906770080326
2024-12-03,600051,val,0.025637394,0.00601162,2020-05-08,2024-11-13,14857,1140,1,5,0.0029585906770080326
2024-12-03,600127,val,-0.021731967,0.0029856265,2020-05-08,2024-11-13,14857,1140,1,5,0.0029585906770080326
2024-12-03,600153,val,-0.049473442,-0.0064617693,2020-05-08,2024-11-13,14857,1140,1,5,0.0029585906770080326
2024-12-03,600548,val,0.060367107,0.0006855875,2020-05-08,2024-11-13,14857,1140,1,5,0.0029585906770080326
2024-12-03,600865,val,0.0023498868,-0.011832729,2020-05-08,2024-11-13,14857,1140,1,5,0.0029585906770080326
2024-12-03,600967,val,0.09277323,0.0037238896,2020-05-08,2024-11-13,14857,1140,1,5,0.0029585906770080326
2024-12-03,601222,val,-0.05819047,0.0016362965,2020-05-08,2024-11-13,14857,1140,1,5,0.0029585906770080326
2024-12-03,603237,val,-0.1159138,-0.011252359,2020-05-08,2024-11-13,14857,1140,1,5,0.0029585906770080326
2024-12-03,603335,val,0.044208825,-0.0016874522,2020-05-08,2024-11-13,14857,1140,1,5,0.0029585906770080326
2024-12-03,603341,val,-0.025029574,-0.0027256757,2020-05-08,2024-11-13,14857,1140,1,5,0.0029585906770080326
2024-12-03,603658,val,-0.048413206,0.0024888963,2020-05-08,2024-11-13,14857,1140,1,5,0.0029585906770080326
2024-12-03,605090,val,-0.052023303,-0.00015221536,2020-05-08,2024-11-13,14857,1140,1,5,0.0029585906770080326
2024-12-03,605589,val,-0.048764598,-0.009333953,2020-05-08,2024-11-13,14857,1140,1,5,0.0029585906770080326
2024-12-03,688031,val,0.27438778,-0.0152722895,2020-05-08,2024-11-13,14857,1140,1,5,0.0029585906770080326
2024-12-03,688045,val,-0.013535975,-0.0015622228,2020-05-08,2024-11-13,14857,1140,1,5,0.0029585906770080326
2024-12-03,688133,val,0.014852505,-0.006650135,2020-05-08,2024-11-13,14857,1140,1,5,0.0029585906770080326
2024-12-03,688147,val,-0.017998787,-0.012207016,2020-05-08,2024-11-13,14857,1140,1,5,0.0029585906770080326
2024-12-03,688528,val,-0.0291603,-0.00048834085,2020-05-08,2024-11-13,14857,1140,1,5,0.0029585906770080326
2024-12-04,600025,val,-0.05357684,0.0011010021,2020-05-08,2024-11-13,14857,1140,1,5,0.0029585906770080326
2024-12-04,600051,val,0.005041003,0.0057307035,2020-05-08,2024-11-13,14857,1140,1,5,0.0029585906770080326
2024-12-04,600127,val,-0.054548956,-0.0016184151,2020-05-08,2024-11-13,14857,1140,1,5,0.0029585906770080326
2024-12-04,600153,val,-0.030910123,-0.0029335618,2020-05-08,2024-11-13,14857,1140,1,5,0.0029585906770080326
2024-12-04,600548,val,0.0016102345,-0.0032982677,2020-05-08,2024-11-13,14857,1140,1,5,0.0029585906770080326
2024-12-04,600865,val,0.07661862,-0.009132385,2020-05-08,2024-11-13,14857,1140,1,5,0.0029585906770080326
2024-12-04,600967,val,0.119109906,0.004207447,2020-05-08,2024-11-13,14857,1140,1,5,0.0029585906770080326
2024-12-04,601222,val,-0.062162258,0.002086237,2020-05-08,2024-11-13,14857,1140,1,5,0.0029585906770080326
2024-12-04,603237,val,-0.014212211,-0.0029163212,2020-05-08,2024-11-13,14857,1140,1,5,0.0029585906770080326
2024-12-04,603335,val,0.063847154,-0.0008597523,2020-05-08,2024-11-13,14857,1140,1,5,0.0029585906770080326
2024-12-04,603341,val,0.023375997,-0.0028322637,2020-05-08,2024-11-13,14857,1140,1,5,0.0029585906770080326
2024-12-04,603658,val,-0.049858775,0.0028333068,2020-05-08,2024-11-13,14857,1140,1,5,0.0029585906770080326
2024-12-04,605090,val,-0.061634637,0.0005939007,2020-05-08,2024-11-13,14857,1140,1,5,0.0029585906770080326
2024-12-04,605589,val,-0.054023247,-0.007061854,2020-05-08,2024-11-13,14857,1140,1,5,0.0029585906770080326
2024-12-04,688031,val,0.09697637,-0.02242057,2020-05-08,2024-11-13,14857,1140,1,5,0.0029585906770080326
2024-12-04,688045,val,-0.006461938,-0.002398312,2020-05-08,2024-11-13,14857,1140,1,5,0.0029585906770080326
2024-12-04,688133,val,0.03010913,-0.006471649,2020-05-08,2024-11-13,14857,1140,1,5,0.0029585906770080326
2024-12-04,688147,val,-0.021685444,-0.011982992,2020-05-08,2024-11-13,14857,1140,1,5,0.0029585906770080326
2024-12-04,688528,val,-0.0076139783,-0.00010506809,2020-05-08,2024-11-13,14857,1140,1,5,0.0029585906770080326
2024-12-05,600025,val,-0.015526906,-0.00030578673,2020-05-08,2024-11-13,14857,1140,1,5,0.0029585906770080326
2024-12-05,600051,val,0.06308052,0.005063668,2020-05-08,2024-11-13,14857,1140,1,5,0.0029585906770080326
2024-12-05,600127,val,-0.013702446,-0.0016961247,2020-05-08,2024-11-13,14857,1140,1,5,0.0029585906770080326
2024-12-05,600153,val,-0.016284563,-8.98093e-05,2020-05-08,2024-11-13,14857,1140,1,5,0.0029585906770080326
2024-12-05,600548,val,-0.00870237,-0.006025821,2020-05-08,2024-11-13,14857,1140,1,5,0.0029585906770080326
2024-12-05,600865,val,0.12587641,-0.005979404,2020-05-08,2024-11-13,14857,1140,1,5,0.0029585906770080326
2024-12-05,600967,val,0.116181,0.003979668,2020-05-08,2024-11-13,14857,1140,1,5,0.0029585906770080326
2024-12-05,601222,val,-0.04375709,0.0016953051,2020-05-08,2024-11-13,14857,1140,1,5,0.0029585906770080326
2024-12-05,603237,val,0.016975895,0.00043179095,2020-05-08,2024-11-13,14857,1140,1,5,0.0029585906770080326
2024-12-05,603335,val,0.045737073,-0.00073340535,2020-05-08,2024-11-13,14857,1140,1,5,0.0029585906770080326
2024-12-05,603341,val,-0.010238729,-0.0034246892,2020-05-08,2024-11-13,14857,1140,1,5,0.0029585906770080326
2024-12-05,603658,val,-0.036245137,0.0033753216,2020-05-08,2024-11-13,14857,1140,1,5,0.0029585906770080326
2024-12-05,605090,val,-0.03147085,-0.00033712387,2020-05-08,2024-11-13,14857,1140,1,5,0.0029585906770080326
2024-12-05,605589,val,-0.06102752,-0.0040652007,2020-05-08,2024-11-13,14857,1140,1,5,0.0029585906770080326
2024-12-05,688031,val,-0.09500588,-0.03182941,2020-05-08,2024-11-13,14857,1140,1,5,0.0029585906770080326
2024-12-05,688045,val,-0.002387618,-0.0016916692,2020-05-08,2024-11-13,14857,1140,1,5,0.0029585906770080326
2024-12-05,688133,val,0.027824564,-0.0071668327,2020-05-08,2024-11-13,14857,1140,1,5,0.0029585906770080326
2024-12-05,688147,val,-0.043423377,-0.011637285,2020-05-08,2024-11-13,14857,1140,1,5,0.0029585906770080326
2024-12-05,688528,val,-0.017902981,0.00017021596,2020-05-08,2024-11-13,14857,1140,1,5,0.0029585906770080326
2024-12-06,600025,val,0.014742447,0.00047807395,2020-05-08,2024-11-13,14857,1140,1,5,0.0029585906770080326
2024-12-06,600051,val,0.030674253,0.003794402,2020-05-08,2024-11-13,14857,1140,1,5,0.0029585906770080326
2024-12-06,600127,val,-0.00040042528,0.0002953261,2020-05-08,2024-11-13,14857,1140,1,5,0.0029585906770080326
2024-12-06,600153,val,-0.010209414,0.0019106716,2020-05-08,2024-11-13,14857,1140,1,5,0.0029585906770080326
2024-12-06,600548,val,-0.010042165,-0.006481141,2020-05-08,2024-11-13,14857,1140,1,5,0.0029585906770080326
2024-12-06,600865,val,0.043059595,-0.012921192,2020-05-08,2024-11-13,14857,1140,1,5,0.0029585906770080326
2024-12-06,600967,val,0.10777926,0.003846407,2020-05-08,2024-11-13,14857,1140,1,5,0.0029585906770080326
2024-12-06,601222,val,-0.03014915,0.0015330166,2020-05-08,2024-11-13,14857,1140,1,5,0.0029585906770080326
2024-12-06,603237,val,0.024796596,0.00057837367,2020-05-08,2024-11-13,14857,1140,1,5,0.0029585906770080326
2024-12-06,603335,val,0.1311437,0.00028717518,2020-05-08,2024-11-13,14857,1140,1,5,0.0029585906770080326
2024-12-06,603341,val,0.028766168,-0.004500836,2020-05-08,2024-11-13,14857,1140,1,5,0.0029585906770080326
2024-12-06,603658,val,-0.016207632,0.0022748262,2020-05-08,2024-11-13,14857,1140,1,5,0.0029585906770080326
2024-12-06,605090,val,-0.039435178,-0.00022183359,2020-05-08,2024-11-13,14857,1140,1,5,0.0029585906770080326
2024-12-06,605589,val,-0.036814176,-0.0022930205,2020-05-08,2024-11-13,14857,1140,1,5,0.0029585906770080326
2024-12-06,688031,val,-0.13183941,-0.041180335,2020-05-08,2024-11-13,14857,1140,1,5,0.0029585906770080326
2024-12-06,688045,val,0.0009255874,-0.0014915764,2020-05-08,2024-11-13,14857,1140,1,5,0.0029585906770080326
2024-12-06,688133,val,-0.028092293,-0.008518919,2020-05-08,2024-11-13,14857,1140,1,5,0.0029585906770080326
2024-12-06,688147,val,-0.061805423,-0.01184687,2020-05-08,2024-11-13,14857,1140,1,5,0.0029585906770080326
2024-12-06,688528,val,-0.016892325,0.00086404383,2020-05-08,2024-11-13,14857,1140,1,5,0.0029585906770080326
2024-12-09,600025,val,0.029168509,-0.0007401854,2020-05-08,2024-11-13,14857,1140,1,5,0.0029585906770080326
2024-12-09,600051,val,0.0068280837,0.0008031428,2020-05-08,2024-11-13,14857,1140,1,5,0.0029585906770080326
2024-12-09,600127,val,0.045395575,0.0018705875,2020-05-08,2024-11-13,14857,1140,1,5,0.0029585906770080326
2024-12-09,600153,val,0.01123337,0.0039241165,2020-05-08,2024-11-13,14857,1140,1,5,0.0029585906770080326
2024-12-09,600548,val,0.014231835,-0.004908964,2020-05-08,2024-11-13,14857,1140,1,5,0.0029585906770080326
2024-12-09,600865,val,0.09436671,-0.0128560215,2020-05-08,2024-11-13,14857,1140,1,5,0.0029585906770080326
2024-12-09,600967,val,-0.008230413,0.00027108192,2020-05-08,2024-11-13,14857,1140,1,5,0.0029585906770080326
2024-12-09,601222,val,-0.021849863,0.0025562346,2020-05-08,2024-11-13,14857,1140,1,5,0.0029585906770080326
2024-12-09,603237,val,0.028823791,-0.0017950386,2020-05-08,2024-11-13,14857,1140,1,5,0.0029585906770080326
2024-12-09,603335,val,0.012166162,-0.0034193695,2020-05-08,2024-11-13,14857,1140,1,5,0.0029585906770080326
2024-12-09,603341,val,-0.02080096,-0.0045760125,2020-05-08,2024-11-13,14857,1140,1,5,0.0029585906770080326
2024-12-09,603658,val,0.009563438,0.0022709519,2020-05-08,2024-11-13,14857,1140,1,5,0.0029585906770080326
2024-12-09,605090,val,-0.008908548,0.00041414797,2020-05-08,2024-11-13,14857,1140,1,5,0.0029585906770080326
2024-12-09,605589,val,-0.038989488,-0.0019609183,2020-05-08,2024-11-13,14857,1140,1,5,0.0029585906770080326
2024-12-09,688031,val,-0.07301856,-0.039634258,2020-05-08,2024-11-13,14857,1140,1,5,0.0029585906770080326
2024-12-09,688045,val,0.0039337277,-0.0008468628,2020-05-08,2024-11-13,14857,1140,1,5,0.0029585906770080326
2024-12-09,688133,val,-0.014153872,-0.007037893,2020-05-08,2024-11-13,14857,1140,1,5,0.0029585906770080326
2024-12-09,688147,val,-0.051884927,-0.009586126,2020-05-08,2024-11-13,14857,1140,1,5,0.0029585906770080326
2024-12-09,688528,val,-0.01787457,0.00013360381,2020-05-08,2024-11-13,14857,1140,1,5,0.0029585906770080326
2024-12-10,600025,val,0.06592953,0.001476109,2020-05-08,2024-11-13,14857,1140,1,5,0.0029585906770080326
2024-12-10,600051,val,-0.0074696187,0.0012621433,2020-05-08,2024-11-13,14857,1140,1,5,0.0029585906770080326
2024-12-10,600127,val,0.07286448,0.0027209818,2020-05-08,2024-11-13,14857,1140,1,5,0.0029585906770080326
2024-12-10,600153,val,0.0664378,0.003235221,2020-05-08,2024-11-13,14857,1140,1,5,0.0029585906770080326
2024-12-10,600548,val,0.08016965,-0.00021518767,2020-05-08,2024-11-13,14857,1140,1,5,0.0029585906770080326
2024-12-10,600865,val,0.032473184,-0.012277842,2020-05-08,2024-11-13,14857,1140,1,5,0.0029585906770080326
2024-12-10,600967,val,0.010955634,-0.004494846,2020-05-08,2024-11-13,14857,1140,1,5,0.0029585906770080326
2024-12-10,601222,val,0.024962468,0.0028584749,2020-05-08,2024-11-13,14857,1140,1,5,0.0029585906770080326
2024-12-10,603237,val,-0.0044639637,-0.004453182,2020-05-08,2024-11-13,14857,1140,1,5,0.0029585906770080326
2024-12-10,603335,val,-0.020718306,-0.009726435,2020-05-08,2024-11-13,14857,1140,1,5,0.0029585906770080326
2024-12-10,603341,val,-0.037251186,-0.007141009,2020-05-08,2024-11-13,14857,1140,1,5,0.0029585906770080326
2024-12-10,603658,val,0.043240722,0.0036924332,2020-05-08,2024-11-13,14857,1140,1,5,0.0029585906770080326
2024-12-10,605090,val,0.034316204,0.0009404272,2020-05-08,2024-11-13,14857,1140,1,5,0.0029585906770080326
2024-12-10,605589,val,-0.0053948956,-0.0009666383,2020-05-08,2024-11-13,14857,1140,1,5,0.0029585906770080326
2024-12-10,688031,val,-0.15140928,-0.03622316,2020-05-08,2024-11-13,14857,1140,1,5,0.0029585906770080326
2024-12-10,688045,val,-0.0030141296,-0.0008277744,2020-05-08,2024-11-13,14857,1140,1,5,0.0029585906770080326
2024-12-10,688133,val,-0.04507051,-0.005966887,2020-05-08,2024-11-13,14857,1140,1,5,0.0029585906770080326
2024-12-10,688147,val,-0.036548678,-0.007899895,2020-05-08,2024-11-13,14857,1140,1,5,0.0029585906770080326
2024-12-10,688528,val,-0.12000909,0.00070481,2020-05-08,2024-11-13,14857,1140,1,5,0.0029585906770080326
2024-12-11,600025,val,0.0663523,0.0035049468,2020-05-08,2024-11-13,14857,1140,1,5,0.0029585906770080326
2024-12-11,600051,val,0.0012134284,0.0008714795,2020-05-08,2024-11-13,14857,1140,1,5,0.0029585906770080326
2024-12-11,600127,val,0.043514673,0.0031765103,2020-05-08,2024-11-13,14857,1140,1,5,0.0029585906770080326
2024-12-11,600153,val,0.07077876,0.0032616705,2020-05-08,2024-11-13,14857,1140,1,5,0.0029585906770080326
2024-12-11,600548,val,0.079797864,0.0010648519,2020-05-08,2024-11-13,14857,1140,1,5,0.0029585906770080326
2024-12-11,600865,val,-0.050702337,-0.021432467,2020-05-08,2024-11-13,14857,1140,1,5,0.0029585906770080326
2024-12-11,600967,val,-0.00900391,-0.008716717,2020-05-08,2024-11-13,14857,1140,1,5,0.0029585906770080326
2024-12-11,601222,val,0.028631551,0.0031905472,2020-05-08,2024-11-13,14857,1140,1,5,0.0029585906770080326
2024-12-11,603237,val,-0.039058812,-0.009061649,2020-05-08,2024-11-13,14857,1140,1,5,0.0029585906770080326
2024-12-11,603335,val,-0.030375093,-0.010634847,2020-05-08,2024-11-13,14857,1140,1,5,0.0029585906770080326
2024-12-11,603341,val,-0.04102634,-0.008799031,2020-05-08,2024-11-13,14857,1140,1,5,0.0029585906770080326
2024-12-11,603658,val,0.071264304,0.003541708,2020-05-08,2024-11-13,14857,1140,1,5,0.0029585906770080326
2024-12-11,605090,val,0.029407192,0.0017154217,2020-05-08,2024-11-13,14857,1140,1,5,0.0029585906770080326
2024-12-11,605589,val,0.016464682,-0.0009765178,2020-05-08,2024-11-13,14857,1140,1,5,0.0029585906770080326
2024-12-11,688031,val,-0.05226366,-0.027060896,2020-05-08,2024-11-13,14857,1140,1,5,0.0029585906770080326
2024-12-11,688045,val,0.002494494,-0.002419293,2020-05-08,2024-11-13,14857,1140,1,5,0.0029585906770080326
2024-12-11,688133,val,-0.03162698,-0.006393075,2020-05-08,2024-11-13,14857,1140,1,5,0.0029585906770080326
2024-12-11,688147,val,-0.024616964,-0.0060897022,2020-05-08,2024-11-13,14857,1140,1,5,0.0029585906770080326
2024-12-11,688528,val,-0.13124515,0.0014072359,2020-05-08,2024-11-13,14857,1140,1,5,0.0029585906770080326
2024-12-12,600025,val,0.056566965,0.0011088848,2020-05-08,2024-11-13,14857,1140,1,5,0.0029585906770080326
2024-12-12,600051,val,-0.051046457,-0.004939154,2020-05-08,2024-11-13,14857,1140,1,5,0.0029585906770080326
2024-12-12,600127,val,-0.0028948553,0.000724718,2020-05-08,2024-11-13,14857,1140,1,5,0.0029585906770080326
2024-12-12,600153,val,0.09601719,0.004284516,2020-05-08,2024-11-13,14857,1140,1,5,0.0029585906770080326
2024-12-12,600548,val,0.07433103,0.0011974126,2020-05-08,2024-11-13,14857,1140,1,5,0.0029585906770080326
2024-12-12,600865,val,-0.10313256,-0.026580438,2020-05-08,2024-11-13,14857,1140,1,5,0.0029585906770080326
2024-12-12,600967,val,-0.002871849,-0.009371594,2020-05-08,2024-11-13,14857,1140,1,5,0.0029585906770080326
2024-12-12,601222,val,0.045880295,0.0030193776,2020-05-08,2024-11-13,14857,1140,1,5,0.0029585906770080326
2024-12-12,603237,val,-0.044985607,-0.01154267,2020-05-08,2024-11-13,14857,1140,1,5,0.0029585906770080326
2024-12-12,603335,val,0.09464209,-0.0068761855,2020-05-08,2024-11-13,14857,1140,1,5,0.0029585906770080326
2024-12-12,603341,val,-0.0035430545,-0.008362874,2020-05-08,2024-11-13,14857,1140,1,5,0.0029585906770080326
2024-12-12,603658,val,0.044606585,0.0032278895,2020-05-08,2024-11-13,14857,1140,1,5,0.0029585906770080326
2024-12-12,605090,val,0.024878018,0.0013502985,2020-05-08,2024-11-13,14857,1140,1,5,0.0029585906770080326
2024-12-12,605589,val,0.036495008,-0.0005989224,2020-05-08,2024-11-13,14857,1140,1,5,0.0029585906770080326
2024-12-12,688031,val,-0.04623703,-0.0174388,2020-05-08,2024-11-13,14857,1140,1,5,0.0029585906770080326
2024-12-12,688045,val,-0.0059841326,-0.0025037527,2020-05-08,2024-11-13,14857,1140,1,5,0.0029585906770080326
2024-12-12,688133,val,-0.06592934,-0.014223307,2020-05-08,2024-11-13,14857,1140,1,5,0.0029585906770080326
2024-12-12,688147,val,-0.037345406,-0.0030197054,2020-05-08,2024-11-13,14857,1140,1,5,0.0029585906770080326
2024-12-12,688528,val,-0.10944689,0.0028225034,2020-05-08,2024-11-13,14857,1140,1,5,0.0029585906770080326
2024-12-13,600025,val,0.018159833,0.0014060587,2020-05-08,2024-11-13,14857,1140,1,5,0.0029585906770080326
2024-12-13,600051,val,-0.043040175,-0.007551849,2020-05-08,2024-11-13,14857,1140,1,5,0.0029585906770080326
2024-12-13,600127,val,-0.026704835,0.0005957037,2020-05-08,2024-11-13,14857,1140,1,5,0.0029585906770080326
2024-12-13,600153,val,0.06715274,0.003980458,2020-05-08,2024-11-13,14857,1140,1,5,0.0029585906770080326
2024-12-13,600548,val,0.054922644,0.00061123073,2020-05-08,2024-11-13,14857,1140,1,5,0.0029585906770080326
2024-12-13,600865,val,-0.09301323,-0.019379847,2020-05-08,2024-11-13,14857,1140,1,5,0.0029585906770080326
2024-12-13,600967,val,-0.010201871,-0.0039894134,2020-05-08,2024-11-13,14857,1140,1,5,0.0029585906770080326
2024-12-13,601222,val,0.0141213825,0.0021744817,2020-05-08,2024-11-13,14857,1140,1,5,0.0029585906770080326
2024-12-13,603237,val,-0.030681144,-0.010181531,2020-05-08,2024-11-13,14857,1140,1,5,0.0029585906770080326
2024-12-13,603335,val,0.023612034,-0.012136757,2020-05-08,2024-11-13,14857,1140,1,5,0.0029585906770080326
2024-12-13,603341,val,0.026074527,-0.01184617,2020-05-08,2024-11-13,14857,1140,1,5,0.0029585906770080326
2024-12-13,603658,val,0.024449497,0.0025224686,2020-05-08,2024-11-13,14857,1140,1,5,0.0029585906770080326
2024-12-13,605090,val,0.036415163,0.00069229305,2020-05-08,2024-11-13,14857,1140,1,5,0.0029585906770080326
2024-12-13,605589,val,0.033591658,-0.0016555935,2020-05-08,2024-11-13,14857,1140,1,5,0.0029585906770080326
2024-12-13,688031,val,0.050855838,-0.013901971,2020-05-08,2024-11-13,14857,1140,1,5,0.0029585906770080326
2024-12-13,688045,val,0.028775545,-0.0024616122,2020-05-08,2024-11-13,14857,1140,1,5,0.0029585906770080326
2024-12-13,688133,val,-0.059720032,-0.011420533,2020-05-08,2024-11-13,14857,1140,1,5,0.0029585906770080326
2024-12-13,688147,val,-0.010397998,-0.0016716272,2020-05-08,2024-11-13,14857,1140,1,5,0.0029585906770080326
2024-12-13,688528,val,-0.10437157,0.0031796098,2020-05-08,2024-11-13,14857,1140,1,5,0.0029585906770080326
2024-12-16,600025,val,0.03602692,-0.0020215958,2020-05-08,2024-11-13,14857,1140,1,5,0.0029585906770080326
2024-12-16,600051,val,-0.07851519,-0.006400451,2020-05-08,2024-11-13,14857,1140,1,5,0.0029585906770080326
2024-12-16,600127,val,-0.04811951,-0.0010520369,2020-05-08,2024-11-13,14857,1140,1,5,0.0029585906770080326
2024-12-16,600153,val,0.07899203,0.0039981753,2020-05-08,2024-11-13,14857,1140,1,5,0.0029585906770080326
2024-12-16,600548,val,0.050226465,-0.0031113476,2020-05-08,2024-11-13,14857,1140,1,5,0.0029585906770080326
2024-12-16,600865,val,-0.11020254,-0.018395267,2020-05-08,2024-11-13,14857,1140,1,5,0.0029585906770080326
2024-12-16,600967,val,0.029155133,0.00072948635,2020-05-08,2024-11-13,14857,1140,1,5,0.0029585906770080326
2024-12-16,601222,val,0.04381885,0.0023718476,2020-05-08,2024-11-13,14857,1140,1,5,0.0029585906770080326
2024-12-16,603237,val,-0.040762074,-0.009852454,2020-05-08,2024-11-13,14857,1140,1,5,0.0029585906770080326
2024-12-16,603335,val,0.054446157,-0.01232931,2020-05-08,2024-11-13,14857,1140,1,5,0.0029585906770080326
2024-12-16,603341,val,0.043865673,-0.0087771565,2020-05-08,2024-11-13,14857,1140,1,5,0.0029585906770080326
2024-12-16,603658,val,0.024260696,0.002805367,2020-05-08,2024-11-13,14857,1140,1,5,0.0029585906770080326
2024-12-16,605090,val,0.042017423,0.00045318902,2020-05-08,2024-11-13,14857,1140,1,5,0.0029585906770080326
2024-12-16,605589,val,0.059724703,-0.0017393976,2020-05-08,2024-11-13,14857,1140,1,5,0.0029585906770080326
2024-12-16,688031,val,-0.014352742,-0.010374263,2020-05-08,2024-11-13,14857,1140,1,5,0.0029585906770080326
2024-12-16,688045,val,0.028002804,-0.0030257404,2020-05-08,2024-11-13,14857,1140,1,5,0.0029585906770080326
2024-12-16,688133,val,-0.08448621,-0.0073193163,2020-05-08,2024-11-13,14857,1140,1,5,0.0029585906770080326
2024-12-16,688147,val,0.012399655,0.00019824505,2020-05-08,2024-11-13,14857,1140,1,5,0.0029585906770080326
2024-12-16,688528,val,-0.12649824,0.0027609766,2020-05-08,2024-11-13,14857,1140,1,5,0.0029585906770080326
2024-12-17,600025,val,0.013805514,-0.0021400452,2020-05-08,2024-11-13,14857,1140,1,5,0.0029585906770080326
2024-12-17,600051,val,-0.06469799,-0.008808821,2020-05-08,2024-11-13,14857,1140,1,5,0.0029585906770080326
2024-12-17,600127,val,-0.07793118,-0.0020166785,2020-05-08,2024-11-13,14857,1140,1,5,0.0029585906770080326
2024-12-17,600153,val,0.022643533,0.0031542927,2020-05-08,2024-11-13,14857,1140,1,5,0.0029585906770080326
2024-12-17,600548,val,0.026478676,-0.0035526305,2020-05-08,2024-11-13,14857,1140,1,5,0.0029585906770080326
2024-12-17,600865,val,-0.07167904,-0.014127925,2020-05-08,2024-11-13,14857,1140,1,5,0.0029585906770080326
2024-12-17,600967,val,0.03526003,0.0045752823,2020-05-08,2024-11-13,14857,1140,1,5,0.0029585906770080326
2024-12-17,601222,val,0.011315813,0.0023880452,2020-05-08,2024-11-13,14857,1140,1,5,0.0029585906770080326
2024-12-17,603237,val,-0.02703325,-0.009825721,2020-05-08,2024-11-13,14857,1140,1,5,0.0029585906770080326
2024-12-17,603335,val,0.09475576,-0.010697335,2020-05-08,2024-11-13,14857,1140,1,5,0.0029585906770080326
2024-12-17,603341,val,0.05565341,-0.008900553,2020-05-08,2024-11-13,14857,1140,1,5,0.0029585906770080326
2024-12-17,603658,val,-0.008540705,0.0033884048,2020-05-08,2024-11-13,14857,1140,1,5,0.0029585906770080326
2024-12-17,605090,val,0.0023729189,0.00054718554,2020-05-08,2024-11-13,14857,1140,1,5,0.0029585906770080326
2024-12-17,605589,val,0.04915215,-0.0009200722,2020-05-08,2024-11-13,14857,1140,1,5,0.0029585906770080326
2024-12-17,688031,val,0.023777967,-0.0118343085,2020-05-08,2024-11-13,14857,1140,1,5,0.0029585906770080326
2024-12-17,688045,val,0.014413868,-0.0029011816,2020-05-08,2024-11-13,14857,1140,1,5,0.0029585906770080326
2024-12-17,688133,val,-0.09513888,-0.0066969097,2020-05-08,2024-11-13,14857,1140,1,5,0.0029585906770080326
2024-12-17,688147,val,0.0075716637,0.0014434457,2020-05-08,2024-11-13,14857,1140,1,5,0.0029585906770080326
2024-12-17,688528,val,-0.012180265,0.003259167,2020-05-08,2024-11-13,14857,1140,1,5,0.0029585906770080326
2024-12-18,600025,val,0.033223346,-0.0012078434,2020-05-08,2024-11-13,14857,1140,1,5,0.0029585906770080326
2024-12-18,600051,val,-0.06461371,-0.007937834,2020-05-08,2024-11-13,14857,1140,1,5,0.0029585906770080326
2024-12-18,600127,val,-0.0734956,0.0016135722,2020-05-08,2024-11-13,14857,1140,1,5,0.0029585906770080326
2024-12-18,600153,val,0.024844425,-0.0045511574,2020-05-08,2024-11-13,14857,1140,1,5,0.0029585906770080326
2024-12-18,600548,val,0.05601028,-0.000298962,2020-05-08,2024-11-13,14857,1140,1,5,0.0029585906770080326
2024-12-18,600865,val,0.044472802,-0.0111755505,2020-05-08,2024-11-13,14857,1140,1,5,0.0029585906770080326
2024-12-18,600967,val,0.019056106,0.004566714,2020-05-08,2024-11-13,14857,1140,1,5,0.0029585906770080326
2024-12-18,601222,val,0.020209562,0.0029132515,2020-05-08,2024-11-13,14857,1140,1,5,0.0029585906770080326
2024-12-18,603237,val,-0.0057821795,-0.006828174,2020-05-08,2024-11-13,14857,1140,1,5,0.0029585906770080326
2024-12-18,603335,val,0.056280635,-0.006769374,2020-05-08,2024-11-13,14857,1140,1,5,0.0029585906770080326
2024-12-18,603341,val,0.05930262,-0.009114265,2020-05-08,2024-11-13,14857,1140,1,5,0.0029585906770080326
2024-12-18,603658,val,-0.0062123463,0.0016792566,2020-05-08,2024-11-13,14857,1140,1,5,0.0029585906770080326
2024-12-18,605090,val,0.029176105,0.0006778538,2020-05-08,2024-11-13,14857,1140,1,5,0.0029585906770080326
2024-12-18,605589,val,0.04757008,-0.00057943165,2020-05-08,2024-11-13,14857,1140,1,5,0.0029585906770080326
2024-12-18,688031,val,-0.047230873,-0.016501665,2020-05-08,2024-11-13,14857,1140,1,5,0.0029585906770080326
2024-12-18,688045,val,-0.019781655,-0.0046602637,2020-05-08,2024-11-13,14857,1140,1,5,0.0029585906770080326
2024-12-18,688133,val,-0.11825594,-0.0034684688,2020-05-08,2024-11-13,14857,1140,1,5,0.0029585906770080326
2024-12-18,688147,val,-0.019400686,0.0002719015,2020-05-08,2024-11-13,14857,1140,1,5,0.0029585906770080326
2024-12-18,688528,val,-0.035372972,0.004200265,2020-05-08,2024-11-13,14857,1140,1,5,0.0029585906770080326
2024-12-19,600025,val,-0.0020553954,0.0006725937,2020-05-08,2024-11-13,14857,1140,1,5,0.0029585906770080326
2024-12-19,600051,val,-0.06014686,-0.00858748,2020-05-08,2024-11-13,14857,1140,1,5,0.0029585906770080326
2024-12-19,600127,val,-0.033376202,0.0006119907,2020-05-08,2024-11-13,14857,1140,1,5,0.0029585906770080326
2024-12-19,600153,val,-0.022006817,-0.005235046,2020-05-08,2024-11-13,14857,1140,1,5,0.0029585906770080326
2024-12-19,600548,val,0.028740741,0.004002467,2020-05-08,2024-11-13,14857,1140,1,5,0.0029585906770080326
2024-12-19,600865,val,0.16506237,-0.005951494,2020-05-08,2024-11-13,14857,1140,1,5,0.0029585906770080326
2024-12-19,600967,val,-0.0061652143,0.0051428825,2020-05-08,2024-11-13,14857,1140,1,5,0.0029585906770080326
2024-12-19,601222,val,-0.009112293,0.0030080378,2020-05-08,2024-11-13,14857,1140,1,5,0.0029585906770080326
2024-12-19,603237,val,-0.027241593,-0.005647227,2020-05-08,2024-11-13,14857,1140,1,5,0.0029585906770080326
2024-12-19,603335,val,0.032818597,-0.007660046,2020-05-08,2024-11-13,14857,1140,1,5,0.0029585906770080326
2024-12-19,603341,val,0.13040161,-0.007383004,2020-05-08,2024-11-13,14857,1140,1,5,0.0029585906770080326
2024-12-19,603658,val,-0.014509371,-1.1518598e-05,2020-05-08,2024-11-13,14857,1140,1,5,0.0029585906770080326
2024-12-19,605090,val,0.014732936,0.0012712628,2020-05-08,2024-11-13,14857,1140,1,5,0.0029585906770080326
2024-12-19,605589,val,0.027401686,0.00014308095,2020-05-08,2024-11-13,14857,1140,1,5,0.0029585906770080326
2024-12-19,688031,val,-0.057377942,-0.016564272,2020-05-08,2024-11-13,14857,1140,1,5,0.0029585906770080326
2024-12-19,688045,val,-0.0070412215,-0.0036691278,2020-05-08,2024-11-13,14857,1140,1,5,0.0029585906770080326
2024-12-19,688133,val,-0.11980077,-0.0025616735,2020-05-08,2024-11-13,14857,1140,1,5,0.0029585906770080326
2024-12-19,688147,val,-0.004630913,-0.0020830035,2020-05-08,2024-11-13,14857,1140,1,5,0.0029585906770080326
2024-12-19,688528,val,-0.03569335,0.004141316,2020-05-08,2024-11-13,14857,1140,1,5,0.0029585906770080326
2024-12-20,600025,val,0.018939348,-0.00017155707,2020-05-08,2024-11-13,14857,1140,1,5,0.0029585906770080326
2024-12-20,600051,val,-0.033176813,-0.006758064,2020-05-08,2024-11-13,14857,1140,1,5,0.0029585906770080326
2024-12-20,600127,val,0.006076109,0.0012777895,2020-05-08,2024-11-13,14857,1140,1,5,0.0029585906770080326
2024-12-20,600153,val,-0.00040794705,-0.0020111203,2020-05-08,2024-11-13,14857,1140,1,5,0.0029585906770080326
2024-12-20,600548,val,0.054195557,0.0065905005,2020-05-08,2024-11-13,14857,1140,1,5,0.0029585906770080326
2024-12-20,600865,val,0.13507491,-0.0034528822,2020-05-08,2024-11-13,14857,1140,1,5,0.0029585906770080326
2024-12-20,600967,val,0.04483787,0.0053540915,2020-05-08,2024-11-13,14857,1140,1,5,0.0029585906770080326
2024-12-20,601222,val,0.0078905905,0.0033882558,2020-05-08,2024-11-13,14857,1140,1,5,0.0029585906770080326
2024-12-20,603237,val,-0.011239226,-0.0047065914,2020-05-08,2024-11-13,14857,1140,1,5,0.0029585906770080326
2024-12-20,603335,val,0.011320951,-0.009575903,2020-05-08,2024-11-13,14857,1140,1,5,0.0029585906770080326
2024-12-20,603341,val,0.028521787,-0.009857938,2020-05-08,2024-11-13,14857,1140,1,5,0.0029585906770080326
2024-12-20,603658,val,-0.009608834,-0.00046655536,2020-05-08,2024-11-13,14857,1140,1,5,0.0029585906770080326
2024-12-20,605090,val,0.016434362,0.0008188784,2020-05-08,2024-11-13,14857,1140,1,5,0.0029585906770080326
2024-12-20,605589,val,0.018395154,7.5683e-05,2020-05-08,2024-11-13,14857,1140,1,5,0.0029585906770080326
2024-12-20,688031,val,-0.15409996,-0.02570419,2020-05-08,2024-11-13,14857,1140,1,5,0.0029585906770080326
2024-12-20,688045,val,-0.041455455,-0.005403608,2020-05-08,2024-11-13,14857,1140,1,5,0.0029585906770080326
2024-12-20,688133,val,-0.10607975,0.0002425909,2020-05-08,2024-11-13,14857,1140,1,5,0.0029585906770080326
2024-12-20,688147,val,0.05556931,-0.0022403002,2020-05-08,2024-11-13,14857,1140,1,5,0.0029585906770080326
2024-12-20,688528,val,-0.04118798,0.0024066567,2020-05-08,2024-11-13,14857,1140,1,5,0.0029585906770080326
2024-12-23,600025,val,-0.0521283,0.00033424795,2020-05-08,2024-11-13,14857,1140,1,5,0.0029585906770080326
2024-12-23,600051,val,-0.025469461,-0.0077841133,2020-05-08,2024-11-13,14857,1140,1,5,0.0029585906770080326
2024-12-23,600127,val,-0.028880654,-0.00061812997,2020-05-08,2024-11-13,14857,1140,1,5,0.0029585906770080326
2024-12-23,600153,val,-0.004204003,0.002902165,2020-05-08,2024-11-13,14857,1140,1,5,0.0029585906770080326
2024-12-23,600548,val,0.020228015,0.008060709,2020-05-08,2024-11-13,14857,1140,1,5,0.0029585906770080326
2024-12-23,600865,val,0.27256826,-0.0037475973,2020-05-08,2024-11-13,14857,1140,1,5,0.0029585906770080326
2024-12-23,600967,val,0.00914999,0.005218774,2020-05-08,2024-11-13,14857,1140,1,5,0.0029585906770080326
2024-12-23,601222,val,-0.01987161,0.0038702637,2020-05-08,2024-11-13,14857,1140,1,5,0.0029585906770080326
2024-12-23,603237,val,0.029755138,-0.0052395314,2020-05-08,2024-11-13,14857,1140,1,5,0.0029585906770080326
2024-12-23,603335,val,-0.03802207,-0.007761523,2020-05-08,2024-11-13,14857,1140,1,5,0.0029585906770080326
2024-12-23,603341,val,0.106855825,-0.008663401,2020-05-08,2024-11-13,14857,1140,1,5,0.0029585906770080326
2024-12-23,603658,val,-0.025726506,0.00053040683,2020-05-08,2024-11-13,14857,1140,1,5,0.0029585906770080326
2024-12-23,605090,val,-0.012014559,0.0015961975,2020-05-08,2024-11-13,14857,1140,1,5,0.0029585906770080326
2024-12-23,605589,val,-0.0051966677,0.0005786568,2020-05-08,2024-11-13,14857,1140,1,5,0.0029585906770080326
2024-12-23,688031,val,-0.11004169,-0.023643076,2020-05-08,2024-11-13,14857,1140,1,5,0.0029585906770080326
2024-12-23,688045,val,-0.027921952,-0.005422294,2020-05-08,2024-11-13,14857,1140,1,5,0.0029585906770080326
2024-12-23,688133,val,-0.09884843,0.00112845,2020-05-08,2024-11-13,14857,1140,1,5,0.0029585906770080326
2024-12-23,688147,val,0.023166835,-0.0010980964,2020-05-08,2024-11-13,14857,1140,1,5,0.0029585906770080326
2024-12-23,688528,val,-0.0133981425,0.0018684715,2020-05-08,2024-11-13,14857,1140,1,5,0.0029585906770080326
2024-12-24,600025,val,-0.028514337,0.001539886,2020-05-08,2024-11-13,14857,1140,1,5,0.0029585906770080326
2024-12-24,600051,val,-0.010613696,-0.00705643,2020-05-08,2024-11-13,14857,1140,1,5,0.0029585906770080326
2024-12-24,600127,val,-0.011502484,0.00046420097,2020-05-08,2024-11-13,14857,1140,1,5,0.0029585906770080326
2024-12-24,600153,val,0.020761793,0.005583808,2020-05-08,2024-11-13,14857,1140,1,5,0.0029585906770080326
2024-12-24,600548,val,0.05250378,0.0052319914,2020-05-08,2024-11-13,14857,1140,1,5,0.0029585906770080326
2024-12-24,600865,val,0.2923399,-0.0027690977,2020-05-08,2024-11-13,14857,1140,1,5,0.0029585906770080326
2024-12-24,600967,val,-0.020688005,-0.002194345,2020-05-08,2024-11-13,14857,1140,1,5,0.0029585906770080326
2024-12-24,601222,val,-0.011533516,0.0042713434,2020-05-08,2024-11-13,14857,1140,1,5,0.0029585906770080326
2024-12-24,603237,val,0.01873945,-0.0053084046,2020-05-08,2024-11-13,14857,1140,1,5,0.0029585906770080326
2024-12-24,603335,val,-0.029719615,-0.0094548315,2020-05-08,2024-11-13,14857,1140,1,5,0.0029585906770080326
2024-12-24,603341,val,0.0075661154,-0.007927269,2020-05-08,2024-11-13,14857,1140,1,5,0.0029585906770080326
2024-12-24,603658,val,-0.015923064,0.0023834258,2020-05-08,2024-11-13,14857,1140,1,5,0.0029585906770080326
2024-12-24,605090,val,0.038535055,0.002871558,2020-05-08,2024-11-13,14857,1140,1,5,0.0029585906770080326
2024-12-24,605589,val,-0.013276063,-0.00042305887,2020-05-08,2024-11-13,14857,1140,1,5,0.0029585906770080326
2024-12-24,688031,val,-0.10327302,-0.01806049,2020-05-08,2024-11-13,14857,1140,1,5,0.0029585906770080326
2024-12-24,688045,val,-0.048618596,-0.0054501593,2020-05-08,2024-11-13,14857,1140,1,5,0.0029585906770080326
2024-12-24,688133,val,-0.08752906,0.004652679,2020-05-08,2024-11-13,14857,1140,1,5,0.0029585906770080326
2024-12-24,688147,val,-0.029695814,-0.0028534383,2020-05-08,2024-11-13,14857,1140,1,5,0.0029585906770080326
2024-12-24,688528,val,-0.0195588,0.00073097646,2020-05-08,2024-11-13,14857,1140,1,5,0.0029585906770080326
2024-12-25,600025,val,-0.047388136,0.0036018044,2020-05-08,2024-11-13,14857,1140,1,5,0.0029585906770080326
2024-12-25,600051,val,0.010871173,-0.006530151,2020-05-08,2024-11-13,14857,1140,1,5,0.0029585906770080326
2024-12-25,600127,val,0.0141480565,0.00047248602,2020-05-08,2024-11-13,14857,1140,1,5,0.0029585906770080326
2024-12-25,600153,val,-0.027269684,0.006840214,2020-05-08,2024-11-13,14857,1140,1,5,0.0029585906770080326
2024-12-25,600548,val,0.06105883,0.0051991045,2020-05-08,2024-11-13,14857,1140,1,5,0.0029585906770080326
2024-12-25,600865,val,0.25199267,-0.011954203,2020-05-08,2024-11-13,14857,1140,1,5,0.0029585906770080326
2024-12-25,600967,val,-0.031441342,-0.0025930107,2020-05-08,2024-11-13,14857,1140,1,5,0.0029585906770080326
2024-12-25,601222,val,-0.021023205,0.004877284,2020-05-08,2024-11-13,14857,1140,1,5,0.0029585906770080326
2024-12-25,603237,val,0.056792516,-0.0067866147,2020-05-08,2024-11-13,14857,1140,1,5,0.0029585906770080326
2024-12-25,603335,val,0.057120875,-0.007243708,2020-05-08,2024-11-13,14857,1140,1,5,0.0029585906770080326
2024-12-25,603341,val,-0.05590677,-0.009858817,2020-05-08,2024-11-13,14857,1140,1,5,0.0029585906770080326
2024-12-25,603658,val,-0.05007075,-0.0012728125,2020-05-08,2024-11-13,14857,1140,1,5,0.0029585906770080326
2024-12-25,605090,val,0.012644144,0.0024624318,2020-05-08,2024-11-13,14857,1140,1,5,0.0029585906770080326
2024-12-25,605589,val,-0.014831434,-0.0009687245,2020-05-08,2024-11-13,14857,1140,1,5,0.0029585906770080326
2024-12-25,688031,val,-0.096678585,-0.013614677,2020-05-08,2024-11-13,14857,1140,1,5,0.0029585906770080326
2024-12-25,688045,val,-0.03943069,-0.0031394362,2020-05-08,2024-11-13,14857,1140,1,5,0.0029585906770080326
2024-12-25,688133,val,-0.04838848,0.0067775846,2020-05-08,2024-11-13,14857,1140,1,5,0.0029585906770080326
2024-12-25,688147,val,-0.0473742,-0.0024219006,2020-05-08,2024-11-13,14857,1140,1,5,0.0029585906770080326
2024-12-25,688528,val,0.015175014,0.0017270297,2020-05-08,2024-11-13,14857,1140,1,5,0.0029585906770080326
2024-12-26,600025,val,0.027890116,0.004009351,2020-05-08,2024-11-13,14857,1140,1,5,0.0029585906770080326
2024-12-26,600051,val,0.0063366583,-0.004548982,2020-05-08,2024-11-13,14857,1140,1,5,0.0029585906770080326
2024-12-26,600127,val,0.0008590073,-0.002429232,2020-05-08,2024-11-13,14857,1140,1,5,0.0029585906770080326
2024-12-26,600153,val,0.022917831,0.008961484,2020-05-08,2024-11-13,14857,1140,1,5,0.0029585906770080326
2024-12-26,600548,val,0.091206074,0.005518809,2020-05-08,2024-11-13,14857,1140,1,5,0.0029585906770080326
2024-12-26,600865,val,0.07778712,-0.021445096,2020-05-08,2024-11-13,14857,1140,1,5,0.0029585906770080326
2024-12-26,600967,val,-0.00024512046,-0.0010673404,2020-05-08,2024-11-13,14857,1140,1,5,0.0029585906770080326
2024-12-26,601222,val,0.03260504,0.00535281,2020-05-08,2024-11-13,14857,1140,1,5,0.0029585906770080326
2024-12-26,603237,val,0.054783344,-0.0068309754,2020-05-08,2024-11-13,14857,1140,1,5,0.0029585906770080326
2024-12-26,603335,val,-0.07912673,-0.012155846,2020-05-08,2024-11-13,14857,1140,1,5,0.0029585906770080326
2024-12-26,603341,val,-0.13378364,-0.017328769,2020-05-08,2024-11-13,14857,1140,1,5,0.0029585906770080326
2024-12-26,603658,val,0.016886558,-0.0016453862,2020-05-08,2024-11-13,14857,1140,1,5,0.0029585906770080326
2024-12-26,605090,val,0.06517928,0.0013897568,2020-05-08,2024-11-13,14857,1140,1,5,0.0029585906770080326
2024-12-26,605589,val,0.031862047,-0.0018986762,2020-05-08,2024-11-13,14857,1140,1,5,0.0029585906770080326
2024-12-26,688031,val,-0.11761141,-0.009357363,2020-05-08,2024-11-13,14857,1140,1,5,0.0029585906770080326
2024-12-26,688045,val,-0.075697124,-0.002608046,2020-05-08,2024-11-13,14857,1140,1,5,0.0029585906770080326
2024-12-26,688133,val,-0.023935908,0.007319808,2020-05-08,2024-11-13,14857,1140,1,5,0.0029585906770080326
2024-12-26,688147,val,0.02050477,-0.0014211088,2020-05-08,2024-11-13,14857,1140,1,5,0.0029585906770080326
2024-12-26,688528,val,-0.018417908,0.002243951,2020-05-08,2024-11-13,14857,1140,1,5,0.0029585906770080326
2024-12-27,600025,val,0.037150614,0.004328713,2020-05-08,2024-11-13,14857,1140,1,5,0.0029585906770080326
2024-12-27,600051,val,0.005334274,-0.0035022944,2020-05-08,2024-11-13,14857,1140,1,5,0.0029585906770080326
2024-12-27,600127,val,0.005864805,-0.0037234128,2020-05-08,2024-11-13,14857,1140,1,5,0.0029585906770080326
2024-12-27,600153,val,0.034877103,0.009491488,2020-05-08,2024-11-13,14857,1140,1,5,0.0029585906770080326
2024-12-27,600548,val,0.10056148,0.005611524,2020-05-08,2024-11-13,14857,1140,1,5,0.0029585906770080326
2024-12-27,600865,val,0.028719243,-0.023501694,2020-05-08,2024-11-13,14857,1140,1,5,0.0029585906770080326
2024-12-27,600967,val,-0.019667784,-0.0029971153,2020-05-08,2024-11-13,14857,1140,1,5,0.0029585906770080326
2024-12-27,601222,val,0.060233884,0.0054340363,2020-05-08,2024-11-13,14857,1140,1,5,0.0029585906770080326
2024-12-27,603237,val,0.034696363,-0.008117229,2020-05-08,2024-11-13,14857,1140,1,5,0.0029585906770080326
2024-12-27,603335,val,-0.12705192,-0.010031179,2020-05-08,2024-11-13,14857,1140,1,5,0.0029585906770080326
2024-12-27,603341,val,-0.07965551,-0.01649268,2020-05-08,2024-11-13,14857,1140,1,5,0.0029585906770080326
2024-12-27,603658,val,0.033476323,-0.0003938526,2020-05-08,2024-11-13,14857,1140,1,5,0.0029585906770080326
2024-12-27,605090,val,0.08260299,0.00212349,2020-05-08,2024-11-13,14857,1140,1,5,0.0029585906770080326
2024-12-27,605589,val,0.04186966,-0.0009394884,2020-05-08,2024-11-13,14857,1140,1,5,0.0029585906770080326
2024-12-27,688031,val,-0.08583343,-0.0051010847,2020-05-08,2024-11-13,14857,1140,1,5,0.0029585906770080326
2024-12-27,688045,val,-0.08841057,-0.0019919723,2020-05-08,2024-11-13,14857,1140,1,5,0.0029585906770080326
2024-12-27,688133,val,-0.025336113,0.007028356,2020-05-08,2024-11-13,14857,1140,1,5,0.0029585906770080326
2024-12-27,688147,val,-0.041952193,-0.0105917305,2020-05-08,2024-11-13,14857,1140,1,5,0.0029585906770080326
2024-12-27,688528,val,0.0025207852,0.0023620874,2020-05-08,2024-11-13,14857,1140,1,5,0.0029585906770080326
2024-12-30,600025,val,0.046019923,-0.00037778914,2020-05-08,2024-11-13,14857,1140,1,5,0.0029585906770080326
2024-12-30,600051,val,0.03092682,-0.0040055662,2020-05-08,2024-11-13,14857,1140,1,5,0.0029585906770080326
2024-12-30,600127,val,0.03456036,-0.001821652,2020-05-08,2024-11-13,14857,1140,1,5,0.0029585906770080326
2024-12-30,600153,val,0.025763461,0.007863566,2020-05-08,2024-11-13,14857,1140,1,5,0.0029585906770080326
2024-12-30,600548,val,0.080381036,0.0049378574,2020-05-08,2024-11-13,14857,1140,1,5,0.0029585906770080326
2024-12-30,600865,val,-0.12940688,-0.030216083,2020-05-08,2024-11-13,14857,1140,1,5,0.0029585906770080326
2024-12-30,600967,val,-0.008665177,-0.0026635975,2020-05-08,2024-11-13,14857,1140,1,5,0.0029585906770080326
2024-12-30,601222,val,0.044773217,0.0029830486,2020-05-08,2024-11-13,14857,1140,1,5,0.0029585906770080326
2024-12-30,603237,val,0.033116113,-0.0090544075,2020-05-08,2024-11-13,14857,1140,1,5,0.0029585906770080326
2024-12-30,603335,val,-0.112425216,-0.007839397,2020-05-08,2024-11-13,14857,1140,1,5,0.0029585906770080326
2024-12-30,603341,val,-0.10315314,-0.015218958,2020-05-08,2024-11-13,14857,1140,1,5,0.0029585906770080326
2024-12-30,603658,val,0.022132723,7.0393085e-05,2020-05-08,2024-11-13,14857,1140,1,5,0.0029585906770080326
2024-12-30,605090,val,0.06326485,0.00276421,2020-05-08,2024-11-13,14857,1140,1,5,0.0029585906770080326
2024-12-30,605589,val,0.037014034,0.0006079823,2020-05-08,2024-11-13,14857,1140,1,5,0.0029585906770080326
2024-12-30,688031,val,-0.06199387,-0.003157571,2020-05-08,2024-11-13,14857,1140,1,5,0.0029585906770080326
2024-12-30,688045,val,-0.023404103,-0.001339078,2020-05-08,2024-11-13,14857,1140,1,5,0.0029585906770080326
2024-12-30,688133,val,0.025921457,0.00626263,2020-05-08,2024-11-13,14857,1140,1,5,0.0029585906770080326
2024-12-30,688147,val,-0.029177953,-0.0080922395,2020-05-08,2024-11-13,14857,1140,1,5,0.0029585906770080326
2024-12-30,688528,val,0.024352355,-0.0013058633,2020-05-08,2024-11-13,14857,1140,1,5,0.0029585906770080326
2024-12-31,600025,val,0.037347175,-0.0013096333,2020-05-08,2024-11-13,14857,1140,1,5,0.0029585906770080326
2024-12-31,600051,val,0.03433564,-0.003875479,2020-05-08,2024-11-13,14857,1140,1,5,0.0029585906770080326
2024-12-31,600127,val,0.019712873,-0.0014148206,2020-05-08,2024-11-13,14857,1140,1,5,0.0029585906770080326
2024-12-31,600153,val,0.011427756,0.0063448995,2020-05-08,2024-11-13,14857,1140,1,5,0.0029585906770080326
2024-12-31,600548,val,0.055097483,0.0034830123,2020-05-08,2024-11-13,14857,1140,1,5,0.0029585906770080326
2024-12-31,600865,val,-0.12845375,-0.034857333,2020-05-08,2024-11-13,14857,1140,1,5,0.0029585906770080326
2024-12-31,600967,val,-0.010131717,-0.0012405366,2020-05-08,2024-11-13,14857,1140,1,5,0.0029585906770080326
2024-12-31,601222,val,0.04044089,0.0024082214,2020-05-08,2024-11-13,14857,1140,1,5,0.0029585906770080326
2024-12-31,603237,val,0.0555177,-0.007312998,2020-05-08,2024-11-13,14857,1140,1,5,0.0029585906770080326
2024-12-31,603335,val,-0.15170461,-0.009318545,2020-05-08,2024-11-13,14857,1140,1,5,0.0029585906770080326
2024-12-31,603341,val,-0.055632535,-0.00870201,2020-05-08,2024-11-13,14857,1140,1,5,0.0029585906770080326
2024-12-31,603658,val,0.015324292,-0.000827387,2020-05-08,2024-11-13,14857,1140,1,5,0.0029585906770080326
2024-12-31,605090,val,0.0032189423,-0.001422599,2020-05-08,2024-11-13,14857,1140,1,5,0.0029585906770080326
2024-12-31,605589,val,0.012665409,0.00058041513,2020-05-08,2024-11-13,14857,1140,1,5,0.0029585906770080326
2024-12-31,688031,val,-0.041873205,-0.0039637983,2020-05-08,2024-11-13,14857,1140,1,5,0.0029585906770080326
2024-12-31,688045,val,0.0027533,-0.0005170405,2020-05-08,2024-11-13,14857,1140,1,5,0.0029585906770080326
2024-12-31,688133,val,0.07006774,0.004863128,2020-05-08,2024-11-13,14857,1140,1,5,0.0029585906770080326
2024-12-31,688147,val,-0.010975067,-0.0058301985,2020-05-08,2024-11-13,14857,1140,1,5,0.0029585906770080326
2024-12-31,688528,val,0.040861674,-0.00072188675,2020-05-08,2024-11-13,14857,1140,1,5,0.0029585906770080326
2025-01-02,600025,val,0.034287553,-0.0021692961,2020-05-08,2024-11-13,14857,1140,1,5,0.0029585906770080326
2025-01-02,600051,val,0.024989827,-0.0045616776,2020-05-08,2024-11-13,14857,1140,1,5,0.0029585906770080326
2025-01-02,600127,val,0.018622652,-0.0017581135,2020-05-08,2024-11-13,14857,1140,1,5,0.0029585906770080326
2025-01-02,600153,val,0.029034704,0.0026846677,2020-05-08,2024-11-13,14857,1140,1,5,0.0029585906770080326
2025-01-02,600548,val,0.012699144,0.0029031634,2020-05-08,2024-11-13,14857,1140,1,5,0.0029585906770080326
2025-01-02,600865,val,-0.21388327,-0.033260107,2020-05-08,2024-11-13,14857,1140,1,5,0.0029585906770080326
2025-01-02,600967,val,0.022721166,-0.0014497191,2020-05-08,2024-11-13,14857,1140,1,5,0.0029585906770080326
2025-01-02,601222,val,0.036491074,0.0022414774,2020-05-08,2024-11-13,14857,1140,1,5,0.0029585906770080326
2025-01-02,603237,val,0.018009808,-0.009682074,2020-05-08,2024-11-13,14857,1140,1,5,0.0029585906770080326
2025-01-02,603335,val,-0.19052657,-0.010367967,2020-05-08,2024-11-13,14857,1140,1,5,0.0029585906770080326
2025-01-02,603341,val,-0.014231198,-0.0015087128,2020-05-08,2024-11-13,14857,1140,1,5,0.0029585906770080326
2025-01-02,603658,val,0.022907041,-0.00086565316,2020-05-08,2024-11-13,14857,1140,1,5,0.0029585906770080326
2025-01-02,605090,val,0.009865382,-0.004384324,2020-05-08,2024-11-13,14857,1140,1,5,0.0029585906770080326
2025-01-02,605589,val,0.07771086,0.0016548783,2020-05-08,2024-11-13,14857,1140,1,5,0.0029585906770080326
2025-01-02,688031,val,-0.047226906,-0.0038125366,2020-05-08,2024-11-13,14857,1140,1,5,0.0029585906770080326
2025-01-02,688045,val,0.025066368,3.2439828e-05,2020-05-08,2024-11-13,14857,1140,1,5,0.0029585906770080326
2025-01-02,688133,val,0.074771404,0.0047456026,2020-05-08,2024-11-13,14857,1140,1,5,0.0029585906770080326
2025-01-02,688147,val,0.034938004,-0.0054085255,2020-05-08,2024-11-13,14857,1140,1,5,0.0029585906770080326
2025-01-02,688528,val,0.023752969,-0.0023501068,2020-05-08,2024-11-13,14857,1140,1,5,0.0029585906770080326
2025-01-03,600025,val,0.0048470604,-0.0020765066,2020-05-08,2024-11-13,14857,1140,1,5,0.0029585906770080326
2025-01-03,600051,val,0.020506345,-0.0047523826,2020-05-08,2024-11-13,14857,1140,1,5,0.0029585906770080326
2025-01-03,600127,val,0.016518543,-0.0034225732,2020-05-08,2024-11-13,14857,1140,1,5,0.0029585906770080326
2025-01-03,600153,val,-0.0072721886,0.00015224516,2020-05-08,2024-11-13,14857,1140,1,5,0.0029585906770080326
2025-01-03,600548,val,0.018359479,0.0029963106,2020-05-08,2024-11-13,14857,1140,1,5,0.0029585906770080326
2025-01-03,600865,val,-0.20919909,-0.019499838,2020-05-08,2024-11-13,14857,1140,1,5,0.0029585906770080326
2025-01-03,600967,val,0.13051645,-0.0014448762,2020-05-08,2024-11-13,14857,1140,1,5,0.0029585906770080326
2025-01-03,601222,val,0.007848041,0.0007942915,2020-05-08,2024-11-13,14857,1140,1,5,0.0029585906770080326
2025-01-03,603237,val,0.06681176,-0.009943157,2020-05-08,2024-11-13,14857,1140,1,5,0.0029585906770080326
2025-01-03,603335,val,-0.16503407,-0.0073317885,2020-05-08,2024-11-13,14857,1140,1,5,0.0029585906770080326
2025-01-03,603341,val,-0.01969094,-0.002254948,2020-05-08,2024-11-13,14857,1140,1,5,0.0029585906770080326
2025-01-03,603658,val,-0.012153048,0.00032256544,2020-05-08,2024-11-13,14857,1140,1,5,0.0029585906770080326
2025-01-03,605090,val,-0.017709207,-0.0038232356,2020-05-08,2024-11-13,14857,1140,1,5,0.0029585906770080326
2025-01-03,605589,val,0.083046444,-0.00060777366,2020-05-08,2024-11-13,14857,1140,1,5,0.0029585906770080326
2025-01-03,688031,val,-0.010704216,-0.00527592,2020-05-08,2024-11-13,14857,1140,1,5,0.0029585906770080326
2025-01-03,688045,val,0.055573117,-0.0016250908,2020-05-08,2024-11-13,14857,1140,1,5,0.0029585906770080326
2025-01-03,688133,val,0.051236954,0.0018733591,2020-05-08,2024-11-13,14857,1140,1,5,0.0029585906770080326
2025-01-03,688147,val,-0.043038968,-0.009079993,2020-05-08,2024-11-13,14857,1140,1,5,0.0029585906770080326
2025-01-03,688528,val,0.029537544,-0.001979798,2020-05-08,2024-11-13,14857,1140,1,5,0.0029585906770080326
2025-01-06,600025,val,-0.011268428,-0.0035531968,2020-05-08,2024-11-13,14857,1140,1,5,0.0029585906770080326
2025-01-06,600051,val,0.018165434,-0.005093664,2020-05-08,2024-11-13,14857,1140,1,5,0.0029585906770080326
2025-01-06,600127,val,-0.0017065582,-0.0026851147,2020-05-08,2024-11-13,14857,1140,1,5,0.0029585906770080326
2025-01-06,600153,val,-0.010345173,-0.0025670081,2020-05-08,2024-11-13,14857,1140,1,5,0.0029585906770080326
2025-01-06,600548,val,-0.019221071,0.004814014,2020-05-08,2024-11-13,14857,1140,1,5,0.0029585906770080326
2025-01-06,600865,val,-0.14322896,-0.0037347823,2020-05-08,2024-11-13,14857,1140,1,5,0.0029585906770080326
2025-01-06,600967,val,0.14969811,-0.0027417988,2020-05-08,2024-11-13,14857,1140,1,5,0.0029585906770080326
2025-01-06,601222,val,-0.020879732,-0.0017150044,2020-05-08,2024-11-13,14857,1140,1,5,0.0029585906770080326
2025-01-06,603237,val,0.045787252,-0.0113541335,2020-05-08,2024-11-13,14857,1140,1,5,0.0029585906770080326
2025-01-06,603335,val,-0.09236877,-0.0018423647,2020-05-08,2024-11-13,14857,1140,1,5,0.0029585906770080326
2025-01-06,603341,val,-0.043307558,-0.004156515,2020-05-08,2024-11-13,14857,1140,1,5,0.0029585906770080326
2025-01-06,603658,val,-0.030097038,-0.0014257729,2020-05-08,2024-11-13,14857,1140,1,5,0.0029585906770080326
2025-01-06,605090,val,-0.035350703,-0.0036514252,2020-05-08,2024-11-13,14857,1140,1,5,0.0029585906770080326
2025-01-06,605589,val,0.071060196,-0.003461048,2020-05-08,2024-11-13,14857,1140,1,5,0.0029585906770080326
2025-01-06,688031,val,0.0075304755,-0.00496386,2020-05-08,2024-11-13,14857,1140,1,5,0.0029585906770080326
2025-01-06,688045,val,0.068844326,-0.0027282387,2020-05-08,2024-11-13,14857,1140,1,5,0.0029585906770080326
2025-01-06,688133,val,0.06913694,0.0008765459,2020-05-08,2024-11-13,14857,1140,1,5,0.0029585906770080326
2025-01-06,688147,val,-0.036980465,-0.012033775,2020-05-08,2024-11-13,14857,1140,1,5,0.0029585906770080326
2025-01-06,688528,val,0.014531712,-0.005077392,2020-05-08,2024-11-13,14857,1140,1,5,0.0029585906770080326
2025-01-07,600025,val,-0.024461359,-0.004979208,2020-05-08,2024-11-13,14857,1140,1,5,0.0029585906770080326
2025-01-07,600051,val,0.0012529781,-0.004803866,2020-05-08,2024-11-13,14857,1140,1,5,0.0029585906770080326
2025-01-07,600127,val,-0.013263151,-0.0021587312,2020-05-08,2024-11-13,14857,1140,1,5,0.0029585906770080326
2025-01-07,600153,val,-0.035289582,-0.0028678775,2020-05-08,2024-11-13,14857,1140,1,5,0.0029585906770080326
2025-01-07,600548,val,-0.039751153,0.0066047907,2020-05-08,2024-11-13,14857,1140,1,5,0.0029585906770080326
2025-01-07,600865,val,-0.066126585,0.00062792003,2020-05-08,2024-11-13,14857,1140,1,5,0.0029585906770080326
2025-01-07,600967,val,0.1470422,-0.0044661015,2020-05-08,2024-11-13,14857,1140,1,5,0.0029585906770080326
2025-01-07,601222,val,-0.023959972,-0.002402857,2020-05-08,2024-11-13,14857,1140,1,5,0.0029585906770080326
2025-01-07,603237,val,0.060131345,-0.010100901,2020-05-08,2024-11-13,14857,1140,1,5,0.0029585906770080326
2025-01-07,603335,val,-0.05741326,-0.0042674243,2020-05-08,2024-11-13,14857,1140,1,5,0.0029585906770080326
2025-01-07,603341,val,-0.028603515,-0.0026211888,2020-05-08,2024-11-13,14857,1140,1,5,0.0029585906770080326
2025-01-07,603658,val,-0.040463943,-0.0030448139,2020-05-08,2024-11-13,14857,1140,1,5,0.0029585906770080326
2025-01-07,605090,val,-0.024793046,-0.005216837,2020-05-08,2024-11-13,14857,1140,1,5,0.0029585906770080326
2025-01-07,605589,val,0.077281006,-0.004720941,2020-05-08,2024-11-13,14857,1140,1,5,0.0029585906770080326
2025-01-07,688031,val,-0.0012090304,-0.0045915395,2020-05-08,2024-11-13,14857,1140,1,5,0.0029585906770080326
2025-01-07,688045,val,0.013575816,-0.005139515,2020-05-08,2024-11-13,14857,1140,1,5,0.0029585906770080326
2025-01-07,688133,val,0.05043471,7.472932e-05,2020-05-08,2024-11-13,14857,1140,1,5,0.0029585906770080326
2025-01-07,688147,val,-0.013263151,-0.010533772,2020-05-08,2024-11-13,14857,1140,1,5,0.0029585906770080326
2025-01-07,688528,val,0.018879706,-0.0030424744,2020-05-08,2024-11-13,14857,1140,1,5,0.0029585906770080326
2025-01-08,600025,val,-0.039925076,-0.0037925392,2020-05-08,2024-11-13,14857,1140,1,5,0.0029585906770080326
2025-01-08,600051,val,0.008818405,-0.0034766495,2020-05-08,2024-11-13,14857,1140,1,5,0.0029585906770080326
2025-01-08,600127,val,-0.013886042,-0.00016433,2020-05-08,2024-11-13,14857,1140,1,5,0.0029585906770080326
2025-01-08,600153,val,-0.01545344,-0.0026905239,2020-05-08,2024-11-13,14857,1140,1,5,0.0029585906770080326
2025-01-08,600548,val,-0.04772142,0.010098502,2020-05-08,2024-11-13,14857,1140,1,5,0.0029585906770080326
2025-01-08,600865,val,-0.067233376,0.0018038154,2020-05-08,2024-11-13,14857,1140,1,5,0.0029585906770080326
2025-01-08,600967,val,0.16284113,-0.005205855,2020-05-08,2024-11-13,14857,1140,1,5,0.0029585906770080326
2025-01-08,601222,val,-0.023141017,-0.0015338212,2020-05-08,2024-11-13,14857,1140,1,5,0.0029585906770080326
2025-01-08,603237,val,0.00044661676,-0.0094335675,2020-05-08,2024-11-13,14857,1140,1,5,0.0029585906770080326
2025-01-08,603335,val,-0.024734182,-2.9802322e-05,2020-05-08,2024-11-13,14857,1140,1,5,0.0029585906770080326
2025-01-08,603341,val,-0.024373163,-0.0039886385,2020-05-08,2024-11-13,14857,1140,1,5,0.0029585906770080326
2025-01-08,603658,val,-0.042710256,-0.0035009533,2020-05-08,2024-11-13,14857,1140,1,5,0.0029585906770080326
2025-01-08,605090,val,-0.033542797,-0.0038838685,2020-05-08,2024-11-13,14857,1140,1,5,0.0029585906770080326
2025-01-08,605589,val,0.10545103,-0.005521521,2020-05-08,2024-11-13,14857,1140,1,5,0.0029585906770080326
2025-01-08,688031,val,-0.00347007,-0.0030829757,2020-05-08,2024-11-13,14857,1140,1,5,0.0029585906770080326
2025-01-08,688045,val,0.03370481,-0.004459575,2020-05-08,2024-11-13,14857,1140,1,5,0.0029585906770080326
2025-01-08,688133,val,0.015968831,7.124245e-05,2020-05-08,2024-11-13,14857,1140,1,5,0.0029585906770080326
2025-01-08,688147,val,0.00200778,-0.009814411,2020-05-08,2024-11-13,14857,1140,1,5,0.0029585906770080326
2025-01-08,688528,val,0.0069522206,-0.0032062978,2020-05-08,2024-11-13,14857,1140,1,5,0.0029585906770080326
2025-01-09,600025,val,-0.031937767,-0.003035292,2020-05-08,2024-11-13,14857,1140,1,5,0.0029585906770080326
2025-01-09,600051,val,0.012609844,-0.0021460503,2020-05-08,2024-11-13,14857,1140,1,5,0.0029585906770080326
2025-01-09,600127,val,-0.015299038,-0.00036391616,2020-05-08,2024-11-13,14857,1140,1,5,0.0029585906770080326
2025-01-09,600153,val,-0.019538892,-0.0028930157,2020-05-08,2024-11-13,14857,1140,1,5,0.0029585906770080326
2025-01-09,600548,val,-0.04282869,0.010088176,2020-05-08,2024-11-13,14857,1140,1,5,0.0029585906770080326
2025-01-09,600865,val,0.021972332,0.006187871,2020-05-08,2024-11-13,14857,1140,1,5,0.0029585906770080326
2025-01-09,600967,val,0.11822808,-0.006894842,2020-05-08,2024-11-13,14857,1140,1,5,0.0029585906770080326
2025-01-09,601222,val,-0.010672809,-0.00085638463,2020-05-08,2024-11-13,14857,1140,1,5,0.0029585906770080326
2025-01-09,603237,val,-0.004623283,-0.0068248063,2020-05-08,2024-11-13,14857,1140,1,5,0.0029585906770080326
2025-01-09,603335,val,-0.009894607,0.000949949,2020-05-08,2024-11-13,14857,1140,1,5,0.0029585906770080326
2025-01-09,603341,val,-0.02603892,-0.002881825,2020-05-08,2024-11-13,14857,1140,1,5,0.0029585906770080326
2025-01-09,603658,val,-0.04550423,-0.0032414198,2020-05-08,2024-11-13,14857,1140,1,5,0.0029585906770080326
2025-01-09,605090,val,-0.034618303,-0.0030422658,2020-05-08,2024-11-13,14857,1140,1,5,0.0029585906770080326
2025-01-09,605589,val,0.038087767,-0.011411153,2020-05-08,2024-11-13,14857,1140,1,5,0.0029585906770080326
2025-01-09,688031,val,0.03163489,-0.0032215863,2020-05-08,2024-11-13,14857,1140,1,5,0.0029585906770080326
2025-01-09,688045,val,-0.0032880493,-0.0049005747,2020-05-08,2024-11-13,14857,1140,1,5,0.0029585906770080326
2025-01-09,688133,val,0.0016112943,0.0015686005,2020-05-08,2024-11-13,14857,1140,1,5,0.0029585906770080326
2025-01-09,688147,val,0.010243855,-0.008461252,2020-05-08,2024-11-13,14857,1140,1,5,0.0029585906770080326
2025-01-09,688528,val,0.0098565295,-0.00015106797,2020-05-08,2024-11-13,14857,1140,1,5,0.0029585906770080326
2025-01-10,600025,val,-0.044196688,0.0014354438,2020-05-08,2025-01-09,15617,1140,1,5,0.0019592341966927053
2025-01-10,600051,val,0.01933205,0.0035951436,2020-05-08,2025-01-09,15617,1140,1,5,0.0019592341966927053
2025-01-10,600127,val,-0.0071142707,0.0030405745,2020-05-08,2025-01-09,15617,1140,1,5,0.0019592341966927053
2025-01-10,600153,val,0.01934749,0.0032652467,2020-05-08,2025-01-09,15617,1140,1,5,0.0019592341966927053
2025-01-10,600548,val,-0.07624029,-0.0003838539,2020-05-08,2025-01-09,15617,1140,1,5,0.0019592341966927053
2025-01-10,600865,val,0.018482186,0.0052601993,2020-05-08,2025-01-09,15617,1140,1,5,0.0019592341966927053
2025-01-10,600967,val,0.008469867,-0.009117886,2020-05-08,2025-01-09,15617,1140,1,5,0.0019592341966927053
2025-01-10,601222,val,0.00652066,0.003752686,2020-05-08,2025-01-09,15617,1140,1,5,0.0019592341966927053
2025-01-10,603237,val,-0.059183296,-0.004211366,2020-05-08,2025-01-09,15617,1140,1,5,0.0019592341966927053
2025-01-10,603335,val,0.0010009249,0.012886688,2020-05-08,2025-01-09,15617,1140,1,5,0.0019592341966927053
2025-01-10,603341,val,-0.005174456,0.004600093,2020-05-08,2025-01-09,15617,1140,1,5,0.0019592341966927053
2025-01-10,603658,val,-0.03792941,0.00279326,2020-05-08,2025-01-09,15617,1140,1,5,0.0019592341966927053
2025-01-10,605090,val,-0.03160087,0.002946578,2020-05-08,2025-01-09,15617,1140,1,5,0.0019592341966927053
2025-01-10,605589,val,0.0071335365,-0.012189142,2020-05-08,2025-01-09,15617,1140,1,5,0.0019592341966927053
2025-01-10,688031,val,0.03542984,0.0008422062,2020-05-08,2025-01-09,15617,1140,1,5,0.0019592341966927053
2025-01-10,688045,val,0.033130188,-0.004113771,2020-05-08,2025-01-09,15617,1140,1,5,0.0019592341966927053
2025-01-10,688133,val,0.039367322,0.004569091,2020-05-08,2025-01-09,15617,1140,1,5,0.0019592341966927053
2025-01-10,688147,val,0.04699581,0.0029910356,2020-05-08,2025-01-09,15617,1140,1,5,0.0019592341966927053
2025-01-10,688528,val,0.026229402,0.0051059276,2020-05-08,2025-01-09,15617,1140,1,5,0.0019592341966927053
2025-01-13,600025,val,-0.054129764,0.0025917068,2020-05-08,2025-01-09,15617,1140,1,5,0.0019592341966927053
2025-01-13,600051,val,0.022041826,0.0033363774,2020-05-08,2025-01-09,15617,1140,1,5,0.0019592341966927053
2025-01-13,600127,val,-0.028427895,0.0032535642,2020-05-08,2025-01-09,15617,1140,1,5,0.0019592341966927053
2025-01-13,600153,val,0.005831277,0.003338538,2020-05-08,2025-01-09,15617,1140,1,5,0.0019592341966927053
2025-01-13,600548,val,-0.061130572,-0.00021246076,2020-05-08,2025-01-09,15617,1140,1,5,0.0019592341966927053
2025-01-13,600865,val,0.023523798,0.0070624575,2020-05-08,2025-01-09,15617,1140,1,5,0.0019592341966927053
2025-01-13,600967,val,-0.03592949,-0.019062415,2020-05-08,2025-01-09,15617,1140,1,5,0.0019592341966927053
2025-01-13,601222,val,0.014352623,0.004350364,2020-05-08,2025-01-09,15617,1140,1,5,0.0019592341966927053
2025-01-13,603237,val,-0.05523607,-0.0027300715,2020-05-08,2025-01-09,15617,1140,1,5,0.0019592341966927053
2025-01-13,603335,val,0.020743124,0.011437297,2020-05-08,2025-01-09,15617,1140,1,5,0.0019592341966927053
2025-01-13,603341,val,0.0066360743,0.004904866,2020-05-08,2025-01-09,15617,1140,1,5,0.0019592341966927053
2025-01-13,603658,val,-0.041664828,0.0037617236,2020-05-08,2025-01-09,15617,1140,1,5,0.0019592341966927053
2025-01-13,605090,val,-0.032778077,0.0027894378,2020-05-08,2025-01-09,15617,1140,1,5,0.0019592341966927053
2025-01-13,605589,val,0.048544664,-0.0099289715,2020-05-08,2025-01-09,15617,1140,1,5,0.0019592341966927053
2025-01-13,688031,val,0.014909575,-0.00062344223,2020-05-08,2025-01-09,15617,1140,1,5,0.0019592341966927053
2025-01-13,688045,val,0.074441716,-0.0036570504,2020-05-08,2025-01-09,15617,1140,1,5,0.0019592341966927053
2025-01-13,688133,val,0.015609818,0.004635133,2020-05-08,2025-01-09,15617,1140,1,5,0.0019592341966927053
2025-01-13,688147,val,0.02075506,0.0024586692,2020-05-08,2025-01-09,15617,1140,1,5,0.0019592341966927053
2025-01-13,688528,val,0.041907147,0.0044473857,2020-05-08,2025-01-09,15617,1140,1,5,0.0019592341966927053
2025-01-14,600025,val,-0.039636653,0.004617572,2020-05-08,2025-01-09,15617,1140,1,5,0.0019592341966927053
2025-01-14,600051,val,0.0043563093,0.0035984963,2020-05-08,2025-01-09,15617,1140,1,5,0.0019592341966927053
2025-01-14,600127,val,-0.0316969,0.0047199726,2020-05-08,2025-01-09,15617,1140,1,5,0.0019592341966927053
2025-01-14,600153,val,-0.0023342047,0.004253991,2020-05-08,2025-01-09,15617,1140,1,5,0.0019592341966927053
2025-01-14,600548,val,-0.041130044,0.0017151088,2020-05-08,2025-01-09,15617,1140,1,5,0.0019592341966927053
2025-01-14,600865,val,0.11667376,0.008734837,2020-05-08,2025-01-09,15617,1140,1,5,0.0019592341966927053
2025-01-14,600967,val,-0.034458432,-0.017981812,2020-05-08,2025-01-09,15617,1140,1,5,0.0019592341966927053
2025-01-14,601222,val,0.02389441,0.0046202242,2020-05-08,2025-01-09,15617,1140,1,5,0.0019592341966927053
2025-01-14,603237,val,-0.06920877,-0.010863498,2020-05-08,2025-01-09,15617,1140,1,5,0.0019592341966927053
2025-01-14,603335,val,-0.023959467,0.00789807,2020-05-08,2025-01-09,15617,1140,1,5,0.0019592341966927053
2025-01-14,603341,val,0.05392495,0.001449585,2020-05-08,2025-01-09,15617,1140,1,5,0.0019592341966927053
2025-01-14,603658,val,-0.027431302,0.0058449954,2020-05-08,2025-01-09,15617,1140,1,5,0.0019592341966927053
2025-01-14,605090,val,-0.013555153,0.0030693784,2020-05-08,2025-01-09,15617,1140,1,5,0.0019592341966927053
2025-01-14,605589,val,0.04867309,-0.00788644,2020-05-08,2025-01-09,15617,1140,1,5,0.0019592341966927053
2025-01-14,688031,val,-0.025173707,-0.002486974,2020-05-08,2025-01-09,15617,1140,1,5,0.0019592341966927053
2025-01-14,688045,val,0.0636908,-0.0021692067,2020-05-08,2025-01-09,15617,1140,1,5,0.0019592341966927053
2025-01-14,688133,val,-0.02320066,0.005279757,2020-05-08,2025-01-09,15617,1140,1,5,0.0019592341966927053
2025-01-14,688147,val,-0.00046190733,0.00058695674,2020-05-08,2025-01-09,15617,1140,1,5,0.0019592341966927053
2025-01-14,688528,val,0.021033887,0.00226748,2020-05-08,2025-01-09,15617,1140,1,5,0.0019592341966927053
2025-01-15,600025,val,-0.0202128,0.0058461875,2020-05-08,2025-01-09,15617,1140,1,5,0.0019592341966927053
2025-01-15,600051,val,-0.0131101,0.003874436,2020-05-08,2025-01-09,15617,1140,1,5,0.0019592341966927053
2025-01-15,600127,val,-0.022470104,0.006562665,2020-05-08,2025-01-09,15617,1140,1,5,0.0019592341966927053
2025-01-15,600153,val,-0.04534877,0.00092054904,2020-05-08,2025-01-09,15617,1140,1,5,0.0019592341966927053
2025-01-15,600548,val,-0.045676168,0.0034936368,2020-05-08,2025-01-09,15617,1140,1,5,0.0019592341966927053
2025-01-15,600865,val,0.12656823,0.005445704,2020-05-08,2025-01-09,15617,1140,1,5,0.0019592341966927053
2025-01-15,600967,val,-0.063678615,-0.015637718,2020-05-08,2025-01-09,15617,1140,1,5,0.0019592341966927053
2025-01-15,601222,val,0.0377718,0.005293086,2020-05-08,2025-01-09,15617,1140,1,5,0.0019592341966927053
2025-01-15,603237,val,-0.040135004,-0.008542679,2020-05-08,2025-01-09,15617,1140,1,5,0.0019592341966927053
2025-01-15,603335,val,-0.021660144,0.0051816776,2020-05-08,2025-01-09,15617,1140,1,5,0.0019592341966927053
2025-01-15,603341,val,0.062049456,0.0008044988,2020-05-08,2025-01-09,15617,1140,1,5,0.0019592341966927053
2025-01-15,603658,val,-0.015349,0.0071469992,2020-05-08,2025-01-09,15617,1140,1,5,0.0019592341966927053
2025-01-15,605090,val,0.016481895,0.004501894,2020-05-08,2025-01-09,15617,1140,1,5,0.0019592341966927053
2025-01-15,605589,val,0.07485802,-0.0046382397,2020-05-08,2025-01-09,15617,1140,1,5,0.0019592341966927053
2025-01-15,688031,val,-0.050066542,-0.004447311,2020-05-08,2025-01-09,15617,1140,1,5,0.0019592341966927053
2025-01-15,688045,val,0.046532128,-0.0011124909,2020-05-08,2025-01-09,15617,1140,1,5,0.0019592341966927053
2025-01-15,688133,val,-0.017967645,0.006908968,2020-05-08,2025-01-09,15617,1140,1,5,0.0019592341966927053
2025-01-15,688147,val,-0.015937133,0.00023023784,2020-05-08,2025-01-09,15617,1140,1,5,0.0019592341966927053
2025-01-15,688528,val,0.0073504956,0.0018039346,2020-05-08,2025-01-09,15617,1140,1,5,0.0019592341966927053
2025-01-16,600025,val,-0.020873114,0.0057685897,2020-05-08,2025-01-09,15617,1140,1,5,0.0019592341966927053
2025-01-16,600051,val,-0.008084148,0.0033635348,2020-05-08,2025-01-09,15617,1140,1,5,0.0019592341966927053
2025-01-16,600127,val,-0.017386384,0.0073176622,2020-05-08,2025-01-09,15617,1140,1,5,0.0019592341966927053
2025-01-16,600153,val,0.00062256865,0.0016495362,2020-05-08,2025-01-09,15617,1140,1,5,0.0019592341966927053
2025-01-16,600548,val,-0.03219452,0.004369177,2020-05-08,2025-01-09,15617,1140,1,5,0.0019592341966927053
2025-01-16,600865,val,0.0239439,-0.001953043,2020-05-08,2025-01-09,15617,1140,1,5,0.0019592341966927053
2025-01-16,600967,val,-0.019620167,-0.011069857,2020-05-08,2025-01-09,15617,1140,1,5,0.0019592341966927053
2025-01-16,601222,val,0.031628843,0.0050651953,2020-05-08,2025-01-09,15617,1140,1,5,0.0019592341966927053
2025-01-16,603237,val,-0.045142595,-0.0058988333,2020-05-08,2025-01-09,15617,1140,1,5,0.0019592341966927053
2025-01-16,603335,val,-0.03261379,0.0013629496,2020-05-08,2025-01-09,15617,1140,1,5,0.0019592341966927053
2025-01-16,603341,val,0.04360385,-0.00023795664,2020-05-08,2025-01-09,15617,1140,1,5,0.0019592341966927053
2025-01-16,603658,val,-0.01037779,0.00843358,2020-05-08,2025-01-09,15617,1140,1,5,0.0019592341966927053
2025-01-16,605090,val,0.02383676,0.004144624,2020-05-08,2025-01-09,15617,1140,1,5,0.0019592341966927053
2025-01-16,605589,val,0.04775359,-0.0010649785,2020-05-08,2025-01-09,15617,1140,1,5,0.0019592341966927053
2025-01-16,688031,val,-0.016059054,-0.0037278086,2020-05-08,2025-01-09,15617,1140,1,5,0.0019592341966927053
2025-01-16,688045,val,0.056945395,0.0016478598,2020-05-08,2025-01-09,15617,1140,1,5,0.0019592341966927053
2025-01-16,688133,val,-0.0065606176,0.0077410266,2020-05-08,2025-01-09,15617,1140,1,5,0.0019592341966927053
2025-01-16,688147,val,-0.023761015,-0.003661871,2020-05-08,2025-01-09,15617,1140,1,5,0.0019592341966927053
2025-01-16,688528,val,0.004338302,-3.4734607e-05,2020-05-08,2025-01-09,15617,1140,1,5,0.0019592341966927053
2025-01-17,600025,val,-0.0326343,0.0064942986,2020-05-08,2025-01-09,15617,1140,1,5,0.0019592341966927053
2025-01-17,600051,val,-0.016441999,0.0041130334,2020-05-08,2025-01-09,15617,1140,1,5,0.0019592341966927053
2025-01-17,600127,val,-0.027367959,0.0070218667,2020-05-08,2025-01-09,15617,1140,1,5,0.0019592341966927053
2025-01-17,600153,val,-0.034252558,-0.002362512,2020-05-08,2025-01-09,15617,1140,1,5,0.0019592341966927053
2025-01-17,600548,val,-0.030156275,0.0045046657,2020-05-08,2025-01-09,15617,1140,1,5,0.0019592341966927053
2025-01-17,600865,val,0.058742266,-0.0032259226,2020-05-08,2025-01-09,15617,1140,1,5,0.0019592341966927053
2025-01-17,600967,val,-0.044630095,-0.005010672,2020-05-08,2025-01-09,15617,1140,1,5,0.0019592341966927053
2025-01-17,601222,val,-0.0034060238,0.0015288144,2020-05-08,2025-01-09,15617,1140,1,5,0.0019592341966927053
2025-01-17,603237,val,-0.04163258,0.0005186498,2020-05-08,2025-01-09,15617,1140,1,5,0.0019592341966927053
2025-01-17,603335,val,-0.014090938,0.0019529611,2020-05-08,2025-01-09,15617,1140,1,5,0.0019592341966927053
2025-01-17,603341,val,0.05961633,-0.0004912317,2020-05-08,2025-01-09,15617,1140,1,5,0.0019592341966927053
2025-01-17,603658,val,-0.020909075,0.008271299,2020-05-08,2025-01-09,15617,1140,1,5,0.0019592341966927053
2025-01-17,605090,val,-0.00931775,0.0033371598,2020-05-08,2025-01-09,15617,1140,1,5,0.0019592341966927053
2025-01-17,605589,val,0.02211838,0.00039373338,2020-05-08,2025-01-09,15617,1140,1,5,0.0019592341966927053
2025-01-17,688031,val,0.1491499,-0.0015812665,2020-05-08,2025-01-09,15617,1140,1,5,0.0019592341966927053
2025-01-17,688045,val,0.03217955,-0.0027007312,2020-05-08,2025-01-09,15617,1140,1,5,0.0019592341966927053
2025-01-17,688133,val,-0.032138195,0.0040552765,2020-05-08,2025-01-09,15617,1140,1,5,0.0019592341966927053
2025-01-17,688147,val,-0.023894817,-0.0051568747,2020-05-08,2025-01-09,15617,1140,1,5,0.0019592341966927053
2025-01-17,688528,val,0.009066149,0.00078733265,2020-05-08,2025-01-09,15617,1140,1,5,0.0019592341966927053
2025-01-20,600025,val,0.017185902,0.0064262003,2020-05-08,2025-01-09,15617,1140,1,5,0.0019592341966927053
2025-01-20,600051,val,-0.0012472768,0.00023666024,2020-05-08,2025-01-09,15617,1140,1,5,0.0019592341966927053
2025-01-20,600127,val,0.004973563,0.00682617,2020-05-08,2025-01-09,15617,1140,1,5,0.0019592341966927053
2025-01-20,600153,val,-0.008889198,-0.0012186915,2020-05-08,2025-01-09,15617,1140,1,5,0.0019592341966927053
2025-01-20,600548,val,-0.025605835,0.005266115,2020-05-08,2025-01-09,15617,1140,1,5,0.0019592341966927053
2025-01-20,600865,val,-0.025029836,-0.004414737,2020-05-08,2025-01-09,15617,1140,1,5,0.0019592341966927053
2025-01-20,600967,val,-0.03704146,0.0014813542,2020-05-08,2025-01-09,15617,1140,1,5,0.0019592341966927053
2025-01-20,601222,val,0.013349089,0.0019405633,2020-05-08,2025-01-09,15617,1140,1,5,0.0019592341966927053
2025-01-20,603237,val,-0.011532991,0.0047830194,2020-05-08,2025-01-09,15617,1140,1,5,0.0019592341966927053
2025-01-20,603335,val,-0.024235783,0.00073185563,2020-05-08,2025-01-09,15617,1140,1,5,0.0019592341966927053
2025-01-20,603341,val,0.08795923,-0.0013772696,2020-05-08,2025-01-09,15617,1140,1,5,0.0019592341966927053
2025-01-20,603658,val,-0.009420968,0.0074039176,2020-05-08,2025-01-09,15617,1140,1,5,0.0019592341966927053
2025-01-20,605090,val,0.019081645,0.0024629235,2020-05-08,2025-01-09,15617,1140,1,5,0.0019592341966927053
2025-01-20,605589,val,-0.028873736,-0.0024326146,2020-05-08,2025-01-09,15617,1140,1,5,0.0019592341966927053
2025-01-20,688031,val,0.13257268,0.0022456497,2020-05-08,2025-01-09,15617,1140,1,5,0.0019592341966927053
2025-01-20,688045,val,-0.017823527,-0.009038374,2020-05-08,2025-01-09,15617,1140,1,5,0.0019592341966927053
2025-01-20,688133,val,-0.03259524,0.0057765916,2020-05-08,2025-01-09,15617,1140,1,5,0.0019592341966927053
2025-01-20,688147,val,-0.041409485,-0.0025383085,2020-05-08,2025-01-09,15617,1140,1,5,0.0019592341966927053
2025-01-20,688528,val,-0.011416769,-0.0023219436,2020-05-08,2025-01-09,15617,1140,1,5,0.0019592341966927053
2025-01-21,600025,val,0.018139586,0.00759276,2020-05-08,2025-01-09,15617,1140,1,5,0.0019592341966927053
2025-01-21,600051,val,0.008518296,0.001867786,2020-05-08,2025-01-09,15617,1140,1,5,0.0019592341966927053
2025-01-21,600127,val,0.01641657,0.006300397,2020-05-08,2025-01-09,15617,1140,1,5,0.0019592341966927053
2025-01-21,600153,val,-0.00929314,0.002034977,2020-05-08,2025-01-09,15617,1140,1,5,0.0019592341966927053
2025-01-21,600548,val,-0.029694641,0.0062622875,2020-05-08,2025-01-09,15617,1140,1,5,0.0019592341966927053
2025-01-21,600865,val,-0.12980616,-0.015078403,2020-05-08,2025-01-09,15617,1140,1,5,0.0019592341966927053
2025-01-21,600967,val,-0.01606054,0.0043287575,2020-05-08,2025-01-09,15617,1140,1,5,0.0019592341966927053
2025-01-21,601222,val,-0.0040410883,0.0032901466,2020-05-08,2025-01-09,15617,1140,1,5,0.0019592341966927053
2025-01-21,603237,val,-0.03657015,0.006043799,2020-05-08,2025-01-09,15617,1140,1,5,0.0019592341966927053
2025-01-21,603335,val,0.014703998,0.0017516688,2020-05-08,2025-01-09,15617,1140,1,5,0.0019592341966927053
2025-01-21,603341,val,0.02509156,-0.008878112,2020-05-08,2025-01-09,15617,1140,1,5,0.0019592341966927053
2025-01-21,603658,val,-0.0023716143,0.006899044,2020-05-08,2025-01-09,15617,1140,1,5,0.0019592341966927053
2025-01-21,605090,val,-0.006272492,0.0019523203,2020-05-08,2025-01-09,15617,1140,1,5,0.0019592341966927053
2025-01-21,605589,val,-0.07197432,-0.0028558522,2020-05-08,2025-01-09,15617,1140,1,5,0.0019592341966927053
2025-01-21,688031,val,0.22719796,0.0050560236,2020-05-08,2025-01-09,15617,1140,1,5,0.0019592341966927053
2025-01-21,688045,val,0.018372083,-0.0056429356,2020-05-08,2025-01-09,15617,1140,1,5,0.0019592341966927053
2025-01-21,688133,val,0.0060627195,0.007728003,2020-05-08,2025-01-09,15617,1140,1,5,0.0019592341966927053
2025-01-21,688147,val,-0.03247736,-1.6406178e-05,2020-05-08,2025-01-09,15617,1140,1,5,0.0019592341966927053
2025-01-21,688528,val,0.004058741,-0.0022213683,2020-05-08,2025-01-09,15617,1140,1,5,0.0019592341966927053
2025-01-22,600025,val,-0.020502971,0.0070309937,2020-05-08,2025-01-09,15617,1140,1,5,0.0019592341966927053
2025-01-22,600051,val,-0.0042169215,0.003513679,2020-05-08,2025-01-09,15617,1140,1,5,0.0019592341966927053
2025-01-22,600127,val,-0.0042169215,0.005639486,2020-05-08,2025-01-09,15617,1140,1,5,0.0019592341966927053
2025-01-22,600153,val,0.0012226021,0.0045985654,2020-05-08,2025-01-09,15617,1140,1,5,0.0019592341966927053
2025-01-22,600548,val,-0.07467036,0.006729841,2020-05-08,2025-01-09,15617,1140,1,5,0.0019592341966927053
2025-01-22,600865,val,-0.180474,-0.021596275,2020-05-08,2025-01-09,15617,1140,1,5,0.0019592341966927053
2025-01-22,600967,val,0.08734074,0.0061069876,2020-05-08,2025-01-09,15617,1140,1,5,0.0019592341966927053
2025-01-22,601222,val,-0.038764413,0.002011001,2020-05-08,2025-01-09,15617,1140,1,5,0.0019592341966927053
2025-01-22,603237,val,-0.034327857,0.005874172,2020-05-08,2025-01-09,15617,1140,1,5,0.0019592341966927053
2025-01-22,603335,val,0.029653186,0.0031000078,2020-05-08,2025-01-09,15617,1140,1,5,0.0019592341966927053
2025-01-22,603341,val,0.03773371,-0.007991485,2020-05-08,2025-01-09,15617,1140,1,5,0.0019592341966927053
2025-01-22,603658,val,-0.021663085,0.0061375275,2020-05-08,2025-01-09,15617,1140,1,5,0.0019592341966927053
2025-01-22,605090,val,-0.034327857,0.0014342591,2020-05-08,2025-01-09,15617,1140,1,5,0.0019592341966927053
2025-01-22,605589,val,-0.10984968,-0.0037258565,2020-05-08,2025-01-09,15617,1140,1,5,0.0019592341966927053
2025-01-22,688031,val,0.30832067,0.0070966035,2020-05-08,2025-01-09,15617,1140,1,5,0.0019592341966927053
2025-01-22,688045,val,0.03128575,-0.0017415881,2020-05-08,2025-01-09,15617,1140,1,5,0.0019592341966927053
2025-01-22,688133,val,0.006620419,0.00841108,2020-05-08,2025-01-09,15617,1140,1,5,0.0019592341966927053
2025-01-22,688147,val,0.022285007,0.0021259487,2020-05-08,2025-01-09,15617,1140,1,5,0.0019592341966927053
2025-01-22,688528,val,-0.001448038,-0.0016028509,2020-05-08,2025-01-09,15617,1140,1,5,0.0019592341966927053
2025-01-23,600025,val,-0.025940504,0.006539598,2020-05-08,2025-01-09,15617,1140,1,5,0.0019592341966927053
2025-01-23,600051,val,-0.012858936,0.0033318996,2020-05-08,2025-01-09,15617,1140,1,5,0.0019592341966927053
2025-01-23,600127,val,-0.009603554,0.004266441,2020-05-08,2025-01-09,15617,1140,1,5,0.0019592341966927053
2025-01-23,600153,val,-0.028555337,0.004279323,2020-05-08,2025-01-09,15617,1140,1,5,0.0019592341966927053
2025-01-23,600548,val,-0.07996888,0.006523773,2020-05-08,2025-01-09,15617,1140,1,5,0.0019592341966927053
2025-01-23,600865,val,-0.13206673,-0.016882978,2020-05-08,2025-01-09,15617,1140,1,5,0.0019592341966927053
2025-01-23,600967,val,0.096389994,0.004297957,2020-05-08,2025-01-09,15617,1140,1,5,0.0019592341966927053
2025-01-23,601222,val,-0.030400157,0.003980443,2020-05-08,2025-01-09,15617,1140,1,5,0.0019592341966927053
2025-01-23,603237,val,-0.02179823,0.005218655,2020-05-08,2025-01-09,15617,1140,1,5,0.0019592341966927053
2025-01-23,603335,val,0.027647927,0.0053857714,2020-05-08,2025-01-09,15617,1140,1,5,0.0019592341966927053
2025-01-23,603341,val,0.071980424,-0.0050526783,2020-05-08,2025-01-09,15617,1140,1,5,0.0019592341966927053
2025-01-23,603658,val,-0.0073025287,0.006389886,2020-05-08,2025-01-09,15617,1140,1,5,0.0019592341966927053
2025-01-23,605090,val,-0.042165305,0.0014806762,2020-05-08,2025-01-09,15617,1140,1,5,0.0019592341966927053
2025-01-23,605589,val,-0.07398839,-0.0019370988,2020-05-08,2025-01-09,15617,1140,1,5,0.0019592341966927053
2025-01-23,688031,val,0.2053742,0.0033997595,2020-05-08,2025-01-09,15617,1140,1,5,0.0019592341966927053
2025-01-23,688045,val,0.025342247,0.0010005385,2020-05-08,2025-01-09,15617,1140,1,5,0.0019592341966927053
2025-01-23,688133,val,0.008976054,0.006383881,2020-05-08,2025-01-09,15617,1140,1,5,0.0019592341966927053
2025-01-23,688147,val,0.020339938,0.0027014464,2020-05-08,2025-01-09,15617,1140,1,5,0.0019592341966927053
2025-01-23,688528,val,0.008597761,0.0010383502,2020-05-08,2025-01-09,15617,1140,1,5,0.0019592341966927053
2025-01-24,600025,val,-0.024441987,0.0061797723,2020-05-08,2025-01-09,15617,1140,1,5,0.0019592341966927053
2025-01-24,600051,val,-0.0027202496,0.0037932098,2020-05-08,2025-01-09,15617,1140,1,5,0.0019592341966927053
2025-01-24,600127,val,-0.0044416976,0.0035676807,2020-05-08,2025-01-09,15617,1140,1,5,0.0019592341966927053
2025-01-24,600153,val,-0.036098037,0.004412681,2020-05-08,2025-01-09,15617,1140,1,5,0.0019592341966927053
2025-01-24,600548,val,-0.08668347,0.006381467,2020-05-08,2025-01-09,15617,1140,1,5,0.0019592341966927053
2025-01-24,600865,val,-0.083714634,-0.011139736,2020-05-08,2025-01-09,15617,1140,1,5,0.0019592341966927053
2025-01-24,600967,val,0.12069173,0.0045158193,2020-05-08,2025-01-09,15617,1140,1,5,0.0019592341966927053
2025-01-24,601222,val,-0.04459727,0.004952535,2020-05-08,2025-01-09,15617,1140,1,5,0.0019592341966927053
2025-01-24,603237,val,-0.0151484525,0.0043316483,2020-05-08,2025-01-09,15617,1140,1,5,0.0019592341966927053
2025-01-24,603335,val,0.030712683,0.0071153864,2020-05-08,2025-01-09,15617,1140,1,5,0.0019592341966927053
2025-01-24,603341,val,0.048451588,-0.0020339638,2020-05-08,2025-01-09,15617,1140,1,5,0.0019592341966927053
2025-01-24,603658,val,0.0049889134,0.005888194,2020-05-08,2025-01-09,15617,1140,1,5,0.0019592341966927053
2025-01-24,605090,val,-0.044619285,0.0019591078,2020-05-08,2025-01-09,15617,1140,1,5,0.0019592341966927053
2025-01-24,605589,val,-0.08528366,-0.00066524,2020-05-08,2025-01-09,15617,1140,1,5,0.0019592341966927053
2025-01-24,688031,val,0.12703815,-0.01228641,2020-05-08,2025-01-09,15617,1140,1,5,0.0019592341966927053
2025-01-24,688045,val,0.021832053,0.0022324622,2020-05-08,2025-01-09,15617,1140,1,5,0.0019592341966927053
2025-01-24,688133,val,0.034640625,0.005011402,2020-05-08,2025-01-09,15617,1140,1,5,0.0019592341966927053
2025-01-24,688147,val,0.017905254,0.0014188811,2020-05-08,2025-01-09,15617,1140,1,5,0.0019592341966927053
2025-01-24,688528,val,0.021487737,0.001577802,2020-05-08,2025-01-09,15617,1140,1,5,0.0019592341966927053
2025-01-27,600025,val,-0.066665806,0.0041372925,2020-05-08,2025-01-09,15617,1140,1,5,0.0019592341966927053
2025-01-27,600051,val,-0.02061689,0.0014176294,2020-05-08,2025-01-09,15617,1140,1,5,0.0019592341966927053
2025-01-27,600127,val,-0.028282948,0.003092058,2020-05-08,2025-01-09,15617,1140,1,5,0.0019592341966927053
2025-01-27,600153,val,-0.045048147,0.0032160655,2020-05-08,2025-01-09,15617,1140,1,5,0.0019592341966927053
2025-01-27,600548,val,-0.07310443,0.005273834,2020-05-08,2025-01-09,15617,1140,1,5,0.0019592341966927053
2025-01-27,600865,val,-0.00816511,-0.0029192716,2020-05-08,2025-01-09,15617,1140,1,5,0.0019592341966927053
2025-01-27,600967,val,0.117124915,0.005097382,2020-05-08,2025-01-09,15617,1140,1,5,0.0019592341966927053
2025-01-27,601222,val,-0.05826368,0.0058214366,2020-05-08,2025-01-09,15617,1140,1,5,0.0019592341966927053
2025-01-27,603237,val,-0.03429667,0.0030230135,2020-05-08,2025-01-09,15617,1140,1,5,0.0019592341966927053
2025-01-27,603335,val,0.036999352,0.008038506,2020-05-08,2025-01-09,15617,1140,1,5,0.0019592341966927053
2025-01-27,603341,val,0.03423917,-0.0035808012,2020-05-08,2025-01-09,15617,1140,1,5,0.0019592341966927053
2025-01-27,603658,val,-0.013864294,0.0055041835,2020-05-08,2025-01-09,15617,1140,1,5,0.0019592341966927053
2025-01-27,605090,val,-0.06708518,0.0009203106,2020-05-08,2025-01-09,15617,1140,1,5,0.0019592341966927053
2025-01-27,605589,val,-0.038246747,0.0015571937,2020-05-08,2025-01-09,15617,1140,1,5,0.0019592341966927053
2025-01-27,688031,val,0.14476001,-0.016523145,2020-05-08,2025-01-09,15617,1140,1,5,0.0019592341966927053
2025-01-27,688045,val,0.02493611,0.005057536,2020-05-08,2025-01-09,15617,1140,1,5,0.0019592341966927053
2025-01-27,688133,val,0.04619156,0.0047225207,2020-05-08,2025-01-09,15617,1140,1,5,0.0019592341966927053
2025-01-27,688147,val,0.034100424,0.0034278259,2020-05-08,2025-01-09,15617,1140,1,5,0.0019592341966927053
2025-01-27,688528,val,0.015288365,0.0020430237,2020-05-08,2025-01-09,15617,1140,1,5,0.0019592341966927053
2025-02-05,600025,val,-0.06849169,0.0035257712,2020-05-08,2025-01-09,15617,1140,1,5,0.0019592341966927053
2025-02-05,600051,val,-0.015513756,0.002011992,2020-05-08,2025-01-09,15617,1140,1,5,0.0019592341966927053
2025-02-05,600127,val,-0.029467179,0.0033414066,2020-05-08,2025-01-09,15617,1140,1,5,0.0019592341966927053
2025-02-05,600153,val,-0.016411241,0.0038502961,2020-05-08,2025-01-09,15617,1140,1,5,0.0019592341966927053
2025-02-05,600548,val,-0.06796214,0.0056374893,2020-05-08,2025-01-09,15617,1140,1,5,0.0019592341966927053
2025-02-05,600865,val,0.021634286,0.0043141246,2020-05-08,2025-01-09,15617,1140,1,5,0.0019592341966927053
2025-02-05,600967,val,0.09541655,0.004117608,2020-05-08,2025-01-09,15617,1140,1,5,0.0019592341966927053
2025-02-05,601222,val,-0.044871856,0.0048760027,2020-05-08,2025-01-09,15617,1140,1,5,0.0019592341966927053
2025-02-05,603237,val,-0.016382229,0.002750367,2020-05-08,2025-01-09,15617,1140,1,5,0.0019592341966927053
2025-02-05,603335,val,0.0025994778,0.0071895495,2020-05-08,2025-01-09,15617,1140,1,5,0.0019592341966927053
2025-02-05,603341,val,0.04379169,-0.0005007833,2020-05-08,2025-01-09,15617,1140,1,5,0.0019592341966927053
2025-02-05,603658,val,-0.024782492,0.0055098385,2020-05-08,2025-01-09,15617,1140,1,5,0.0019592341966927053
2025-02-05,605090,val,-0.05432816,0.0016934946,2020-05-08,2025-01-09,15617,1140,1,5,0.0019592341966927053
2025-02-05,605589,val,0.024644034,0.0023776665,2020-05-08,2025-01-09,15617,1140,1,5,0.0019592341966927053
2025-02-05,688031,val,0.0665764,-0.020712554,2020-05-08,2025-01-09,15617,1140,1,5,0.0019592341966927053
2025-02-05,688045,val,0.006901796,0.0007556677,2020-05-08,2025-01-09,15617,1140,1,5,0.0019592341966927053
2025-02-05,688133,val,0.026797906,0.0018449128,2020-05-08,2025-01-09,15617,1140,1,5,0.0019592341966927053
2025-02-05,688147,val,0.058819912,0.004635848,2020-05-08,2025-01-09,15617,1140,1,5,0.0019592341966927053
2025-02-05,688528,val,-0.008971319,0.0003906414,2020-05-08,2025-01-09,15617,1140,1,5,0.0019592341966927053
2025-02-06,600025,val,-0.03607955,0.004175447,2020-05-08,2025-01-09,15617,1140,1,5,0.0019592341966927053
2025-02-06,600051,val,0.004305066,0.0038618222,2020-05-08,2025-01-09,15617,1140,1,5,0.0019592341966927053
2025-02-06,600127,val,-0.004925703,0.004868746,2020-05-08,2025-01-09,15617,1140,1,5,0.0019592341966927053
2025-02-06,600153,val,0.047613695,0.0050377697,2020-05-08,2025-01-09,15617,1140,1,5,0.0019592341966927053
2025-02-06,600548,val,-0.034243584,0.0070807263,2020-05-08,2025-01-09,15617,1140,1,5,0.0019592341966927053
2025-02-06,600865,val,0.042847767,0.008414343,2020-05-08,2025-01-09,15617,1140,1,5,0.0019592341966927053
2025-02-06,600967,val,-0.016244838,-0.0060053915,2020-05-08,2025-01-09,15617,1140,1,5,0.0019592341966927053
2025-02-06,601222,val,-0.024448533,0.006718874,2020-05-08,2025-01-09,15617,1140,1,5,0.0019592341966927053
2025-02-06,603237,val,-0.0053158607,0.0022921935,2020-05-08,2025-01-09,15617,1140,1,5,0.0019592341966927053
2025-02-06,603335,val,-0.015533892,0.0057958663,2020-05-08,2025-01-09,15617,1140,1,5,0.0019592341966927053
2025-02-06,603341,val,0.0019724409,0.00011666119,2020-05-08,2025-01-09,15617,1140,1,5,0.0019592341966927053
2025-02-06,603658,val,-0.0054644397,0.005979374,2020-05-08,2025-01-09,15617,1140,1,5,0.0019592341966927053
2025-02-06,605090,val,-0.029027743,0.003871128,2020-05-08,2025-01-09,15617,1140,1,5,0.0019592341966927053
2025-02-06,605589,val,0.0275083,0.0045000687,2020-05-08,2025-01-09,15617,1140,1,5,0.0019592341966927053
2025-02-06,688031,val,0.06542523,-0.021818578,2020-05-08,2025-01-09,15617,1140,1,5,0.0019592341966927053
2025-02-06,688045,val,-0.021911932,-0.003210023,2020-05-08,2025-01-09,15617,1140,1,5,0.0019592341966927053
2025-02-06,688133,val,0.0142827695,-0.00015242398,2020-05-08,2025-01-09,15617,1140,1,5,0.0019592341966927053
2025-02-06,688147,val,0.00032035934,-7.132441e-05,2020-05-08,2025-01-09,15617,1140,1,5,0.0019592341966927053
2025-02-06,688528,val,-0.01107955,0.0008500144,2020-05-08,2025-01-09,15617,1140,1,5,0.0019592341966927053
2025-02-07,600025,val,-0.03406927,0.0052358285,2020-05-08,2025-01-09,15617,1140,1,5,0.0019592341966927053
2025-02-07,600051,val,-0.020725451,0.0042529553,2020-05-08,2025-01-09,15617,1140,1,5,0.0019592341966927053
2025-02-07,600127,val,-0.02531495,0.006042175,2020-05-08,2025-01-09,15617,1140,1,5,0.0019592341966927053
2025-02-07,600153,val,0.041266058,0.0058648735,2020-05-08,2025-01-09,15617,1140,1,5,0.0019592341966927053
2025-02-07,600548,val,-0.03755766,0.008431919,2020-05-08,2025-01-09,15617,1140,1,5,0.0019592341966927053
2025-02-07,600865,val,-0.00997458,0.008044615,2020-05-08,2025-01-09,15617,1140,1,5,0.0019592341966927053
2025-02-07,600967,val,-0.031864364,-0.012745537,2020-05-08,2025-01-09,15617,1140,1,5,0.0019592341966927053
2025-02-07,601222,val,-0.044426434,0.007482037,2020-05-08,2025-01-09,15617,1140,1,5,0.0019592341966927053
2025-02-07,603237,val,-0.019772096,0.0017356873,2020-05-08,2025-01-09,15617,1140,1,5,0.0019592341966927053
2025-02-07,603335,val,-0.03046507,0.0048496947,2020-05-08,2025-01-09,15617,1140,1,5,0.0019592341966927053
2025-02-07,603341,val,-0.025712403,-0.0019593537,2020-05-08,2025-01-09,15617,1140,1,5,0.0019592341966927053
2025-02-07,603658,val,0.0006496932,0.005401835,2020-05-08,2025-01-09,15617,1140,1,5,0.0019592341966927053
2025-02-07,605090,val,-0.0398184,0.0053597614,2020-05-08,2025-01-09,15617,1140,1,5,0.0019592341966927053
2025-02-07,605589,val,0.07464323,0.0041587055,2020-05-08,2025-01-09,15617,1140,1,5,0.0019592341966927053
2025-02-07,688031,val,0.27262187,-0.0170784,2020-05-08,2025-01-09,15617,1140,1,5,0.0019592341966927053
2025-02-07,688045,val,-0.03303211,-0.0028083324,2020-05-08,2025-01-09,15617,1140,1,5,0.0019592341966927053
2025-02-07,688133,val,0.008852853,-0.0024391115,2020-05-08,2025-01-09,15617,1140,1,5,0.0019592341966927053
2025-02-07,688147,val,-0.021517353,-0.001534842,2020-05-08,2025-01-09,15617,1140,1,5,0.0019592341966927053
2025-02-07,688528,val,-0.023783555,0.0013091415,2020-05-08,2025-01-09,15617,1140,1,5,0.0019592341966927053
2025-02-10,600025,val,-0.026744934,0.0058279485,2020-05-08,2025-01-09,15617,1140,1,5,0.0019592341966927053
2025-02-10,600051,val,-0.007787317,0.0054994375,2020-05-08,2025-01-09,15617,1140,1,5,0.0019592341966927053
2025-02-10,600127,val,-0.0033059476,0.006693892,2020-05-08,2025-01-09,15617,1140,1,5,0.0019592341966927053
2025-02-10,600153,val,0.059431225,0.0074170977,2020-05-08,2025-01-09,15617,1140,1,5,0.0019592341966927053
2025-02-10,600548,val,-0.011439929,0.009612903,2020-05-08,2025-01-09,15617,1140,1,5,0.0019592341966927053
2025-02-10,600865,val,-0.0133675095,0.004520096,2020-05-08,2025-01-09,15617,1140,1,5,0.0019592341966927053
2025-02-10,600967,val,-0.059038963,-0.013725281,2020-05-08,2025-01-09,15617,1140,1,5,0.0019592341966927053
2025-02-10,601222,val,-0.045312148,0.009396493,2020-05-08,2025-01-09,15617,1140,1,5,0.0019592341966927053
2025-02-10,603237,val,-0.028996857,0.001296699,2020-05-08,2025-01-09,15617,1140,1,5,0.0019592341966927053
2025-02-10,603335,val,-0.02883995,0.004627779,2020-05-08,2025-01-09,15617,1140,1,5,0.0019592341966927053
2025-02-10,603341,val,-0.013121934,0.0011485517,2020-05-08,2025-01-09,15617,1140,1,5,0.0019592341966927053
2025-02-10,603658,val,0.018251522,0.0049016997,2020-05-08,2025-01-09,15617,1140,1,5,0.0019592341966927053
2025-02-10,605090,val,-0.035858143,0.0064354166,2020-05-08,2025-01-09,15617,1140,1,5,0.0019592341966927053
2025-02-10,605589,val,0.099374935,0.005447127,2020-05-08,2025-01-09,15617,1140,1,5,0.0019592341966927053
2025-02-10,688031,val,0.20590316,-0.018255144,2020-05-08,2025-01-09,15617,1140,1,5,0.0019592341966927053
2025-02-10,688045,val,-0.05161867,-0.0013336465,2020-05-08,2025-01-09,15617,1140,1,5,0.0019592341966927053
2025-02-10,688133,val,0.00462438,-0.0043855533,2020-05-08,2025-01-09,15617,1140,1,5,0.0019592341966927053
2025-02-10,688147,val,-0.03556674,-0.0024580508,2020-05-08,2025-01-09,15617,1140,1,5,0.0019592341966927053
2025-02-10,688528,val,-0.02658618,-0.0022947565,2020-05-08,2025-01-09,15617,1140,1,5,0.0019592341966927053
2025-02-11,600025,val,-0.0027104074,0.008581586,2020-05-08,2025-01-09,15617,1140,1,5,0.0019592341966927053
2025-02-11,600051,val,-0.027570842,0.0052353293,2020-05-08,2025-01-09,15617,1140,1,5,0.0019592341966927053
2025-02-11,600127,val,-0.012432815,0.008393049,2020-05-08,2025-01-09,15617,1140,1,5,0.0019592341966927053
2025-02-11,600153,val,0.045287233,0.00786154,2020-05-08,2025-01-09,15617,1140,1,5,0.0019592341966927053
2025-02-11,600548,val,-0.0008638513,0.010599047,2020-05-08,2025-01-09,15617,1140,1,5,0.0019592341966927053
2025-02-11,600865,val,-0.043576136,0.0007346347,2020-05-08,2025-01-09,15617,1140,1,5,0.0019592341966927053
2025-02-11,600967,val,0.009563851,-0.014233023,2020-05-08,2025-01-09,15617,1140,1,5,0.0019592341966927053
2025-02-11,601222,val,-0.033418108,0.010362253,2020-05-08,2025-01-09,15617,1140,1,5,0.0019592341966927053
2025-02-11,603237,val,-0.01892859,0.0011936128,2020-05-08,2025-01-09,15617,1140,1,5,0.0019592341966927053
2025-02-11,603335,val,-0.043870527,0.002729237,2020-05-08,2025-01-09,15617,1140,1,5,0.0019592341966927053
2025-02-11,603341,val,-0.051478673,-0.0011084974,2020-05-08,2025-01-09,15617,1140,1,5,0.0019592341966927053
2025-02-11,603658,val,0.012855862,0.006125465,2020-05-08,2025-01-09,15617,1140,1,5,0.0019592341966927053
2025-02-11,605090,val,-0.012731355,0.007337801,2020-05-08,2025-01-09,15617,1140,1,5,0.0019592341966927053
2025-02-11,605589,val,0.10627024,0.0033018738,2020-05-08,2025-01-09,15617,1140,1,5,0.0019592341966927053
2025-02-11,688031,val,0.17169695,-0.018794596,2020-05-08,2025-01-09,15617,1140,1,5,0.0019592341966927053
2025-02-11,688045,val,-0.057764076,0.0009037852,2020-05-08,2025-01-09,15617,1140,1,5,0.0019592341966927053
2025-02-11,688133,val,-0.01548625,-0.0030703247,2020-05-08,2025-01-09,15617,1140,1,5,0.0019592341966927053
2025-02-11,688147,val,0.01550861,0.00033523142,2020-05-08,2025-01-09,15617,1140,1,5,0.0019592341966927053
2025-02-11,688528,val,-0.040351115,-0.0012781844,2020-05-08,2025-01-09,15617,1140,1,5,0.0019592341966927053
2025-02-12,600025,val,-0.0032498192,0.010014728,2020-05-08,2025-01-09,15617,1140,1,5,0.0019592341966927053
2025-02-12,600051,val,-0.036375295,0.006073877,2020-05-08,2025-01-09,15617,1140,1,5,0.0019592341966927053
2025-02-12,600127,val,-0.019753931,0.009900168,2020-05-08,2025-01-09,15617,1140,1,5,0.0019592341966927053
2025-02-12,600153,val,0.005213379,0.0077492,2020-05-08,2025-01-09,15617,1140,1,5,0.0019592341966927053
2025-02-12,600548,val,-0.00086108485,0.009278946,2020-05-08,2025-01-09,15617,1140,1,5,0.0019592341966927053
2025-02-12,600865,val,-0.049854293,-0.0034297556,2020-05-08,2025-01-09,15617,1140,1,5,0.0019592341966927053
2025-02-12,600967,val,0.032615956,-0.01372049,2020-05-08,2025-01-09,15617,1140,1,5,0.0019592341966927053
2025-02-12,601222,val,-0.02582366,0.011148751,2020-05-08,2025-01-09,15617,1140,1,5,0.0019592341966927053
2025-02-12,603237,val,-0.03404139,0.001155667,2020-05-08,2025-01-09,15617,1140,1,5,0.0019592341966927053
2025-02-12,603335,val,-0.022129301,0.0037934855,2020-05-08,2025-01-09,15617,1140,1,5,0.0019592341966927053
2025-02-12,603341,val,-0.0588945,-0.00464274,2020-05-08,2025-01-09,15617,1140,1,5,0.0019592341966927053
2025-02-12,603658,val,0.029171884,0.0085449815,2020-05-08,2025-01-09,15617,1140,1,5,0.0019592341966927053
2025-02-12,605090,val,-0.02828134,0.007896461,2020-05-08,2025-01-09,15617,1140,1,5,0.0019592341966927053
2025-02-12,605589,val,0.11004183,0.0006774366,2020-05-08,2025-01-09,15617,1140,1,5,0.0019592341966927053
2025-02-12,688031,val,0.17884864,-0.016247839,2020-05-08,2025-01-09,15617,1140,1,5,0.0019592341966927053
2025-02-12,688045,val,-0.05176271,-0.0011151806,2020-05-08,2025-01-09,15617,1140,1,5,0.0019592341966927053
2025-02-12,688133,val,-0.004456263,-0.004046291,2020-05-08,2025-01-09,15617,1140,1,5,0.0019592341966927053
2025-02-12,688147,val,0.004991962,-0.0022499561,2020-05-08,2025-01-09,15617,1140,1,5,0.0019592341966927053
2025-02-12,688528,val,-0.025400063,0.00022883713,2020-05-08,2025-01-09,15617,1140,1,5,0.0019592341966927053
2025-02-13,600025,val,-0.023784498,0.0098569095,2020-05-08,2025-01-09,15617,1140,1,5,0.0019592341966927053
2025-02-13,600051,val,-0.032176107,0.0056772083,2020-05-08,2025-01-09,15617,1140,1,5,0.0019592341966927053
2025-02-13,600127,val,-0.0290346,0.009633876,2020-05-08,2025-01-09,15617,1140,1,5,0.0019592341966927053
2025-02-13,600153,val,-0.07160174,-0.0021624416,2020-05-08,2025-01-09,15617,1140,1,5,0.0019592341966927053
2025-02-13,600548,val,-0.045658372,0.008992732,2020-05-08,2025-01-09,15617,1140,1,5,0.0019592341966927053
2025-02-13,600865,val,-0.029031197,-0.0060338527,2020-05-08,2025-01-09,15617,1140,1,5,0.0019592341966927053
2025-02-13,600967,val,0.0604983,-0.008632891,2020-05-08,2025-01-09,15617,1140,1,5,0.0019592341966927053
2025-02-13,601222,val,-0.044278156,0.010758072,2020-05-08,2025-01-09,15617,1140,1,5,0.0019592341966927053
2025-02-13,603237,val,-0.03610942,0.000912264,2020-05-08,2025-01-09,15617,1140,1,5,0.0019592341966927053
2025-02-13,603335,val,-0.0032356952,0.0025402233,2020-05-08,2025-01-09,15617,1140,1,5,0.0019592341966927053
2025-02-13,603341,val,0.0023232792,-0.0017219111,2020-05-08,2025-01-09,15617,1140,1,5,0.0019592341966927053
2025-02-13,603658,val,0.032337047,0.008824632,2020-05-08,2025-01-09,15617,1140,1,5,0.0019592341966927053
2025-02-13,605090,val,-0.041664325,0.007030949,2020-05-08,2025-01-09,15617,1140,1,5,0.0019592341966927053
2025-02-13,605589,val,0.11327844,0.00011871755,2020-05-08,2025-01-09,15617,1140,1,5,0.0019592341966927053
2025-02-13,688031,val,0.14998886,-0.018879175,2020-05-08,2025-01-09,15617,1140,1,5,0.0019592341966927053
2025-02-13,688045,val,-0.03175693,0.000256069,2020-05-08,2025-01-09,15617,1140,1,5,0.0019592341966927053
2025-02-13,688133,val,0.03344273,-0.0006812364,2020-05-08,2025-01-09,15617,1140,1,5,0.0019592341966927053
2025-02-13,688147,val,-0.00068991864,0.0007957369,2020-05-08,2025-01-09,15617,1140,1,5,0.0019592341966927053
2025-02-13,688528,val,-0.0028476957,0.0020235628,2020-05-08,2025-01-09,15617,1140,1,5,0.0019592341966927053
2025-02-14,600025,val,-0.0418659,0.009149067,2020-05-08,2025-01-09,15617,1140,1,5,0.0019592341966927053
2025-02-14,600051,val,-0.03193448,0.0065043718,2020-05-08,2025-01-09,15617,1140,1,5,0.0019592341966927053
2025-02-14,600127,val,-0.022685267,0.009450212,2020-05-08,2025-01-09,15617,1140,1,5,0.0019592341966927053
2025-02-14,600153,val,-0.083034694,-0.0021867603,2020-05-08,2025-01-09,15617,1140,1,5,0.0019592341966927053
2025-02-14,600548,val,-0.048285484,0.008193105,2020-05-08,2025-01-09,15617,1140,1,5,0.0019592341966927053
2025-02-14,600865,val,-0.0043691453,-0.004801646,2020-05-08,2025-01-09,15617,1140,1,5,0.0019592341966927053
2025-02-14,600967,val,0.034781653,-0.003923543,2020-05-08,2025-01-09,15617,1140,1,5,0.0019592341966927053
2025-02-14,601222,val,-0.00944502,0.01021608,2020-05-08,2025-01-09,15617,1140,1,5,0.0019592341966927053
2025-02-14,603237,val,-0.04298109,0.001058057,2020-05-08,2025-01-09,15617,1140,1,5,0.0019592341966927053
2025-02-14,603335,val,-0.014892755,0.0034638718,2020-05-08,2025-01-09,15617,1140,1,5,0.0019592341966927053
2025-02-14,603341,val,0.109466545,0.0021149218,2020-05-08,2025-01-09,15617,1140,1,5,0.0019592341966927053
2025-02-14,603658,val,-0.0056247874,0.0064734817,2020-05-08,2025-01-09,15617,1140,1,5,0.0019592341966927053
2025-02-14,605090,val,-0.04631337,0.0065202713,2020-05-08,2025-01-09,15617,1140,1,5,0.0019592341966927053
2025-02-14,605589,val,0.059966154,-0.0068752244,2020-05-08,2025-01-09,15617,1140,1,5,0.0019592341966927053
2025-02-14,688031,val,0.032110233,-0.023251206,2020-05-08,2025-01-09,15617,1140,1,5,0.0019592341966927053
2025-02-14,688045,val,0.007993159,0.002412498,2020-05-08,2025-01-09,15617,1140,1,5,0.0019592341966927053
2025-02-14,688133,val,0.049826283,0.0007549748,2020-05-08,2025-01-09,15617,1140,1,5,0.0019592341966927053
2025-02-14,688147,val,0.051640432,0.0035100132,2020-05-08,2025-01-09,15617,1140,1,5,0.0019592341966927053
2025-02-14,688528,val,0.005647537,0.0032693744,2020-05-08,2025-01-09,15617,1140,1,5,0.0019592341966927053
2025-02-17,600025,val,-0.037883513,0.008706763,2020-05-08,2025-01-09,15617,1140,1,5,0.0019592341966927053
2025-02-17,600051,val,-0.032242227,0.0054698586,2020-05-08,2025-01-09,15617,1140,1,5,0.0019592341966927053
2025-02-17,600127,val,-0.021810036,0.0059635863,2020-05-08,2025-01-09,15617,1140,1,5,0.0019592341966927053
2025-02-17,600153,val,-0.053378265,0.000871025,2020-05-08,2025-01-09,15617,1140,1,5,0.0019592341966927053
2025-02-17,600548,val,-0.06463292,0.007764682,2020-05-08,2025-01-09,15617,1140,1,5,0.0019592341966927053
2025-02-17,600865,val,-0.047029335,-0.0067474544,2020-05-08,2025-01-09,15617,1140,1,5,0.0019592341966927053
2025-02-17,600967,val,0.03960245,0.0012028962,2020-05-08,2025-01-09,15617,1140,1,5,0.0019592341966927053
2025-02-17,601222,val,0.011665314,0.010198891,2020-05-08,2025-01-09,15617,1140,1,5,0.0019592341966927053
2025-02-17,603237,val,-0.024662288,0.0017929822,2020-05-08,2025-01-09,15617,1140,1,5,0.0019592341966927053
2025-02-17,603335,val,-0.006391533,0.0039055124,2020-05-08,2025-01-09,15617,1140,1,5,0.0019592341966927053
2025-02-17,603341,val,0.12153035,0.0032045841,2020-05-08,2025-01-09,15617,1140,1,5,0.0019592341966927053
2025-02-17,603658,val,-0.050929353,0.002810493,2020-05-08,2025-01-09,15617,1140,1,5,0.0019592341966927053
2025-02-17,605090,val,-0.023003384,0.00551489,2020-05-08,2025-01-09,15617,1140,1,5,0.0019592341966927053
2025-02-17,605589,val,0.048867747,-0.0063856617,2020-05-08,2025-01-09,15617,1140,1,5,0.0019592341966927053
2025-02-17,688031,val,-0.013101762,-0.02175454,2020-05-08,2025-01-09,15617,1140,1,5,0.0019592341966927053
2025-02-17,688045,val,0.030255118,0.0047834367,2020-05-08,2025-01-09,15617,1140,1,5,0.0019592341966927053
2025-02-17,688133,val,0.0509869,0.0006560758,2020-05-08,2025-01-09,15617,1140,1,5,0.0019592341966927053
2025-02-17,688147,val,0.08007789,0.005380705,2020-05-08,2025-01-09,15617,1140,1,5,0.0019592341966927053
2025-02-17,688528,val,-0.007921146,0.002058208,2020-05-08,2025-01-09,15617,1140,1,5,0.0019592341966927053
2025-02-18,600025,val,-0.05914259,0.0077527463,2020-05-08,2025-01-09,15617,1140,1,5,0.0019592341966927053
2025-02-18,600051,val,-0.035060022,0.0063216984,2020-05-08,2025-01-09,15617,1140,1,5,0.0019592341966927053
2025-02-18,600127,val,-0.032015882,0.006467968,2020-05-08,2025-01-09,15617,1140,1,5,0.0019592341966927053
2025-02-18,600153,val,-0.035060022,0.00448405,2020-05-08,2025-01-09,15617,1140,1,5,0.0019592341966927053
2025-02-18,600548,val,-0.08422923,0.006765701,2020-05-08,2025-01-09,15617,1140,1,5,0.0019592341966927053
2025-02-18,600865,val,-0.014250773,-0.005074933,2020-05-08,2025-01-09,15617,1140,1,5,0.0019592341966927053
2025-02-18,600967,val,-0.024307333,-0.0030281842,2020-05-08,2025-01-09,15617,1140,1,5,0.0019592341966927053
2025-02-18,601222,val,-0.003106278,0.0095476955,2020-05-08,2025-01-09,15617,1140,1,5,0.0019592341966927053
2025-02-18,603237,val,-0.040817074,0.0023768246,2020-05-08,2025-01-09,15617,1140,1,5,0.0019592341966927053
2025-02-18,603335,val,0.00089503505,0.004057333,2020-05-08,2025-01-09,15617,1140,1,5,0.0019592341966927053
2025-02-18,603341,val,0.11646836,0.004342012,2020-05-08,2025-01-09,15617,1140,1,5,0.0019592341966927053
2025-02-18,603658,val,-0.051401485,0.004251957,2020-05-08,2025-01-09,15617,1140,1,5,0.0019592341966927053
2025-02-18,605090,val,-0.05703863,0.0052095205,2020-05-08,2025-01-09,15617,1140,1,5,0.0019592341966927053
2025-02-18,605589,val,0.008356349,-0.009980716,2020-05-08,2025-01-09,15617,1140,1,5,0.0019592341966927053
2025-02-18,688031,val,0.056431286,-0.01790341,2020-05-08,2025-01-09,15617,1140,1,5,0.0019592341966927053
2025-02-18,688045,val,0.04692196,0.005962774,2020-05-08,2025-01-09,15617,1140,1,5,0.0019592341966927053
2025-02-18,688133,val,0.06766951,0.0026196092,2020-05-08,2025-01-09,15617,1140,1,5,0.0019592341966927053
2025-02-18,688147,val,0.11598852,0.0006553605,2020-05-08,2025-01-09,15617,1140,1,5,0.0019592341966927053
2025-02-18,688528,val,0.023698295,0.002140671,2020-05-08,2025-01-09,15617,1140,1,5,0.0019592341966927053
2025-02-19,600025,val,-0.04562043,0.007017188,2020-05-08,2025-01-09,15617,1140,1,5,0.0019592341966927053
2025-02-19,600051,val,0.0009364046,0.007967219,2020-05-08,2025-01-09,15617,1140,1,5,0.0019592341966927053
2025-02-19,600127,val,-0.02497823,0.007968605,2020-05-08,2025-01-09,15617,1140,1,5,0.0019592341966927053
2025-02-19,600153,val,0.024968635,0.008331999,2020-05-08,2025-01-09,15617,1140,1,5,0.0019592341966927053
2025-02-19,600548,val,-0.075080134,0.0066398606,2020-05-08,2025-01-09,15617,1140,1,5,0.0019592341966927053
2025-02-19,600865,val,-0.0090328995,-0.0044946596,2020-05-08,2025-01-09,15617,1140,1,5,0.0019592341966927053
2025-02-19,600967,val,-0.027813768,-0.0069145337,2020-05-08,2025-01-09,15617,1140,1,5,0.0019592341966927053
2025-02-19,601222,val,0.0005013868,0.008977056,2020-05-08,2025-01-09,15617,1140,1,5,0.0019592341966927053
2025-02-19,603237,val,-0.014591617,0.0032508075,2020-05-08,2025-01-09,15617,1140,1,5,0.0019592341966927053
2025-02-19,603335,val,0.005723525,0.0030262098,2020-05-08,2025-01-09,15617,1140,1,5,0.0019592341966927053
2025-02-19,603341,val,0.07353872,0.0020466894,2020-05-08,2025-01-09,15617,1140,1,5,0.0019592341966927053
2025-02-19,603658,val,-0.045676183,0.0051992536,2020-05-08,2025-01-09,15617,1140,1,5,0.0019592341966927053
2025-02-19,605090,val,-0.03450608,0.006060213,2020-05-08,2025-01-09,15617,1140,1,5,0.0019592341966927053
2025-02-19,605589,val,-0.047915578,-0.012078971,2020-05-08,2025-01-09,15617,1140,1,5,0.0019592341966927053
2025-02-19,688031,val,0.029310912,-0.01650823,2020-05-08,2025-01-09,15617,1140,1,5,0.0019592341966927053
2025-02-19,688045,val,0.037773643,0.002620086,2020-05-08,2025-01-09,15617,1140,1,5,0.0019592341966927053
2025-02-19,688133,val,0.055879053,0.0031640083,2020-05-08,2025-01-09,15617,1140,1,5,0.0019592341966927053
2025-02-19,688147,val,0.085040994,-0.0025945902,2020-05-08,2025-01-09,15617,1140,1,5,0.0019592341966927053
2025-02-19,688528,val,0.011541641,0.00060009956,2020-05-08,2025-01-09,15617,1140,1,5,0.0019592341966927053
2025-02-20,600025,val,-0.033339173,0.0069091693,2020-05-08,2025-01-09,15617,1140,1,5,0.0019592341966927053
2025-02-20,600051,val,0.0071549295,0.008129239,2020-05-08,2025-01-09,15617,1140,1,5,0.0019592341966927053
2025-02-20,600127,val,-0.010844943,0.00852906,2020-05-08,2025-01-09,15617,1140,1,5,0.0019592341966927053
2025-02-20,600153,val,0.05517382,0.01001358,2020-05-08,2025-01-09,15617,1140,1,5,0.0019592341966927053
2025-02-20,600548,val,-0.013866091,0.007740438,2020-05-08,2025-01-09,15617,1140,1,5,0.0019592341966927053
2025-02-20,600865,val,0.0092108315,-0.006439373,2020-05-08,2025-01-09,15617,1140,1,5,0.0019592341966927053
2025-02-20,600967,val,-0.07418654,-0.0062054023,2020-05-08,2025-01-09,15617,1140,1,5,0.0019592341966927053
2025-02-20,601222,val,0.010295793,0.008354321,2020-05-08,2025-01-09,15617,1140,1,5,0.0019592341966927053
2025-02-20,603237,val,0.027182939,0.0040810555,2020-05-08,2025-01-09,15617,1140,1,5,0.0019592341966927053
2025-02-20,603335,val,-0.016021265,0.00086606294,2020-05-08,2025-01-09,15617,1140,1,5,0.0019592341966927053
2025-02-20,603341,val,0.06494049,-0.0052872896,2020-05-08,2025-01-09,15617,1140,1,5,0.0019592341966927053
2025-02-20,603658,val,-0.05665569,0.004939519,2020-05-08,2025-01-09,15617,1140,1,5,0.0019592341966927053
2025-02-20,605090,val,-0.038906515,0.00574591,2020-05-08,2025-01-09,15617,1140,1,5,0.0019592341966927053
2025-02-20,605589,val,-0.02584829,-0.010332435,2020-05-08,2025-01-09,15617,1140,1,5,0.0019592341966927053
2025-02-20,688031,val,-0.052760668,-0.015976757,2020-05-08,2025-01-09,15617,1140,1,5,0.0019592341966927053
2025-02-20,688045,val,0.030381696,0.0014844537,2020-05-08,2025-01-09,15617,1140,1,5,0.0019592341966927053
2025-02-20,688133,val,0.052362185,-0.0005566925,2020-05-08,2025-01-09,15617,1140,1,5,0.0019592341966927053
2025-02-20,688147,val,0.06267926,0.00023385137,2020-05-08,2025-01-09,15617,1140,1,5,0.0019592341966927053
2025-02-20,688528,val,0.0030472279,0.00010924041,2020-05-08,2025-01-09,15617,1140,1,5,0.0019592341966927053
2025-02-21,600025,val,0.007747605,0.0073291883,2020-05-08,2025-01-09,15617,1140,1,5,0.0019592341966927053
2025-02-21,600051,val,0.048694614,0.008361295,2020-05-08,2025-01-09,15617,1140,1,5,0.0019592341966927053
2025-02-21,600127,val,0.010937021,0.008863993,2020-05-08,2025-01-09,15617,1140,1,5,0.0019592341966927053
2025-02-21,600153,val,0.09698822,0.010734223,2020-05-08,2025-01-09,15617,1140,1,5,0.0019592341966927053
2025-02-21,600548,val,0.058470912,0.007996947,2020-05-08,2025-01-09,15617,1140,1,5,0.0019592341966927053
2025-02-21,600865,val,0.038632106,-0.005790442,2020-05-08,2025-01-09,15617,1140,1,5,0.0019592341966927053
2025-02-21,600967,val,-0.067472905,-0.002121009,2020-05-08,2025-01-09,15617,1140,1,5,0.0019592341966927053
2025-02-21,601222,val,0.010129746,0.006965287,2020-05-08,2025-01-09,15617,1140,1,5,0.0019592341966927053
2025-02-21,603237,val,0.042935178,0.004594542,2020-05-08,2025-01-09,15617,1140,1,5,0.0019592341966927053
2025-02-21,603335,val,0.012359506,0.0025990158,2020-05-08,2025-01-09,15617,1140,1,5,0.0019592341966927053
2025-02-21,603341,val,-0.07316082,-0.014042042,2020-05-08,2025-01-09,15617,1140,1,5,0.0019592341966927053
2025-02-21,603658,val,-0.039290477,0.006979272,2020-05-08,2025-01-09,15617,1140,1,5,0.0019592341966927053
2025-02-21,605090,val,0.01924769,0.0056248233,2020-05-08,2025-01-09,15617,1140,1,5,0.0019592341966927053
2025-02-21,605589,val,-0.053785183,-0.005720429,2020-05-08,2025-01-09,15617,1140,1,5,0.0019592341966927053
2025-02-21,688031,val,-0.11130892,-0.016777582,2020-05-08,2025-01-09,15617,1140,1,5,0.0019592341966927053
2025-02-21,688045,val,-0.009160986,-0.0012667924,2020-05-08,2025-01-09,15617,1140,1,5,0.0019592341966927053
2025-02-21,688133,val,-0.008744664,-0.0029418766,2020-05-08,2025-01-09,15617,1140,1,5,0.0019592341966927053
2025-02-21,688147,val,0.0047703865,-0.0027464256,2020-05-08,2025-01-09,15617,1140,1,5,0.0019592341966927053
2025-02-21,688528,val,0.012010966,0.0009391904,2020-05-08,2025-01-09,15617,1140,1,5,0.0019592341966927053
2025-02-24,600025,val,0.0058717127,0.0071145743,2020-05-08,2025-01-09,15617,1140,1,5,0.0019592341966927053
2025-02-24,600051,val,0.033048682,0.007682726,2020-05-08,2025-01-09,15617,1140,1,5,0.0019592341966927053
2025-02-24,600127,val,-0.0010017209,0.0065939203,2020-05-08,2025-01-09,15617,1140,1,5,0.0019592341966927053
2025-02-24,600153,val,0.059933826,0.00867939,2020-05-08,2025-01-09,15617,1140,1,5,0.0019592341966927053
2025-02-24,600548,val,0.08343958,0.008029982,2020-05-08,2025-01-09,15617,1140,1,5,0.0019592341966927053
2025-02-24,600865,val,0.034917235,-0.003933847,2020-05-08,2025-01-09,15617,1140,1,5,0.0019592341966927053
2025-02-24,600967,val,-0.048495915,0.00030976534,2020-05-08,2025-01-09,15617,1140,1,5,0.0019592341966927053
2025-02-24,601222,val,0.0065132114,0.0072447434,2020-05-08,2025-01-09,15617,1140,1,5,0.0019592341966927053
2025-02-24,603237,val,0.03440307,0.004811205,2020-05-08,2025-01-09,15617,1140,1,5,0.0019592341966927053
2025-02-24,603335,val,0.0033430916,0.002509214,2020-05-08,2025-01-09,15617,1140,1,5,0.0019592341966927053
2025-02-24,603341,val,-0.14782125,-0.017669387,2020-05-08,2025-01-09,15617,1140,1,5,0.0019592341966927053
2025-02-24,603658,val,-0.0035707292,0.009482339,2020-05-08,2025-01-09,15617,1140,1,5,0.0019592341966927053
2025-02-24,605090,val,0.0016732707,0.00523299,2020-05-08,2025-01-09,15617,1140,1,5,0.0019592341966927053
2025-02-24,605589,val,-0.060197357,-0.0037214085,2020-05-08,2025-01-09,15617,1140,1,5,0.0019592341966927053
2025-02-24,688031,val,-0.0907595,-0.013767853,2020-05-08,2025-01-09,15617,1140,1,5,0.0019592341966927053
2025-02-24,688045,val,0.0036189642,-0.001780346,2020-05-08,2025-01-09,15617,1140,1,5,0.0019592341966927053
2025-02-24,688133,val,0.035560515,-0.0029253066,2020-05-08,2025-01-09,15617,1140,1,5,0.0019592341966927053
2025-02-24,688147,val,0.038001727,-0.0038635284,2020-05-08,2025-01-09,15617,1140,1,5,0.0019592341966927053
2025-02-24,688528,val,0.011521583,0.0011061803,2020-05-08,2025-01-09,15617,1140,1,5,0.0019592341966927053
2025-02-25,600025,val,-0.012524407,0.006695658,2020-05-08,2025-01-09,15617,1140,1,5,0.0019592341966927053
2025-02-25,600051,val,0.041558396,0.0077691823,2020-05-08,2025-01-09,15617,1140,1,5,0.0019592341966927053
2025-02-25,600127,val,0.006425003,0.0075243562,2020-05-08,2025-01-09,15617,1140,1,5,0.0019592341966927053
2025-02-25,600153,val,0.034935687,0.006377794,2020-05-08,2025-01-09,15617,1140,1,5,0.0019592341966927053
2025-02-25,600548,val,0.07606295,0.0072693527,2020-05-08,2025-01-09,15617,1140,1,5,0.0019592341966927053
2025-02-25,600865,val,0.0007848297,-0.003403917,2020-05-08,2025-01-09,15617,1140,1,5,0.0019592341966927053
2025-02-25,600967,val,-0.013200594,0.0031494796,2020-05-08,2025-01-09,15617,1140,1,5,0.0019592341966927053
2025-02-25,601222,val,-0.015563488,0.0075205937,2020-05-08,2025-01-09,15617,1140,1,5,0.0019592341966927053
2025-02-25,603237,val,0.03240179,0.005416572,2020-05-08,2025-01-09,15617,1140,1,5,0.0019592341966927053
2025-02-25,603335,val,-0.0042070267,0.0028153285,2020-05-08,2025-01-09,15617,1140,1,5,0.0019592341966927053
2025-02-25,603341,val,-0.11378563,-0.016188473,2020-05-08,2025-01-09,15617,1140,1,5,0.0019592341966927053
2025-02-25,603658,val,0.0094896285,0.010854386,2020-05-08,2025-01-09,15617,1140,1,5,0.0019592341966927053
2025-02-25,605090,val,-0.016712004,0.0046318173,2020-05-08,2025-01-09,15617,1140,1,5,0.0019592341966927053
2025-02-25,605589,val,-0.06746739,0.0002476573,2020-05-08,2025-01-09,15617,1140,1,5,0.0019592341966927053
2025-02-25,688031,val,-0.086535916,-0.016163893,2020-05-08,2025-01-09,15617,1140,1,5,0.0019592341966927053
2025-02-25,688045,val,0.034568805,-0.00034217536,2020-05-08,2025-01-09,15617,1140,1,5,0.0019592341966927053
2025-02-25,688133,val,0.07668392,-0.0022961795,2020-05-08,2025-01-09,15617,1140,1,5,0.0019592341966927053
2025-02-25,688147,val,0.007155212,-0.013898782,2020-05-08,2025-01-09,15617,1140,1,5,0.0019592341966927053
2025-02-25,688528,val,0.009930234,0.0016006678,2020-05-08,2025-01-09,15617,1140,1,5,0.0019592341966927053
2025-02-26,600025,val,0.008334479,0.0061126947,2020-05-08,2025-01-09,15617,1140,1,5,0.0019592341966927053
2025-02-26,600051,val,0.007842084,0.0041199103,2020-05-08,2025-01-09,15617,1140,1,5,0.0019592341966927053
2025-02-26,600127,val,0.013627788,0.008502141,2020-05-08,2025-01-09,15617,1140,1,5,0.0019592341966927053
2025-02-26,600153,val,-0.0030764563,0.001279816,2020-05-08,2025-01-09,15617,1140,1,5,0.0019592341966927053
2025-02-26,600548,val,0.08915711,0.0054800883,2020-05-08,2025-01-09,15617,1140,1,5,0.0019592341966927053
2025-02-26,600865,val,0.008883203,-0.0025852844,2020-05-08,2025-01-09,15617,1140,1,5,0.0019592341966927053
2025-02-26,600967,val,-0.02428259,0.002644837,2020-05-08,2025-01-09,15617,1140,1,5,0.0019592341966927053
2025-02-26,601222,val,-0.02701647,0.007849745,2020-05-08,2025-01-09,15617,1140,1,5,0.0019592341966927053
2025-02-26,603237,val,0.014361815,0.0050905496,2020-05-08,2025-01-09,15617,1140,1,5,0.0019592341966927053
2025-02-26,603335,val,-0.02772113,0.001993589,2020-05-08,2025-01-09,15617,1140,1,5,0.0019592341966927053
2025-02-26,603341,val,-0.07213115,-0.011520594,2020-05-08,2025-01-09,15617,1140,1,5,0.0019592341966927053
2025-02-26,603658,val,0.01654559,0.010332562,2020-05-08,2025-01-09,15617,1140,1,5,0.0019592341966927053
2025-02-26,605090,val,-0.013254835,0.0035627037,2020-05-08,2025-01-09,15617,1140,1,5,0.0019592341966927053
2025-02-26,605589,val,-0.024335064,0.0050552636,2020-05-08,2025-01-09,15617,1140,1,5,0.0019592341966927053
2025-02-26,688031,val,-0.075513266,-0.014567256,2020-05-08,2025-01-09,15617,1140,1,5,0.0019592341966927053
2025-02-26,688045,val,0.012818509,-0.0018535852,2020-05-08,2025-01-09,15617,1140,1,5,0.0019592341966927053
2025-02-26,688133,val,0.10909247,0.00033243746,2020-05-08,2025-01-09,15617,1140,1,5,0.0019592341966927053
2025-02-26,688147,val,-0.012785472,-0.011328369,2020-05-08,2025-01-09,15617,1140,1,5,0.0019592341966927053
2025-02-26,688528,val,-0.0005466164,0.0016548634,2020-05-08,2025-01-09,15617,1140,1,5,0.0019592341966927053
2025-02-27,600025,val,-0.014784926,0.0056572706,2020-05-08,2025-01-09,15617,1140,1,5,0.0019592341966927053
2025-02-27,600051,val,-0.01490862,0.003486514,2020-05-08,2025-01-09,15617,1140,1,5,0.0019592341966927053
2025-02-27,600127,val,-0.009309754,0.008635223,2020-05-08,2025-01-09,15617,1140,1,5,0.0019592341966927053
2025-02-27,600153,val,-0.01946136,0.0017614663,2020-05-08,2025-01-09,15617,1140,1,5,0.0019592341966927053
2025-02-27,600548,val,0.008031311,0.0042984113,2020-05-08,2025-01-09,15617,1140,1,5,0.0019592341966927053
2025-02-27,600865,val,-0.042374343,-0.004705891,2020-05-08,2025-01-09,15617,1140,1,5,0.0019592341966927053
2025-02-27,600967,val,0.004744457,0.0030988753,2020-05-08,2025-01-09,15617,1140,1,5,0.0019592341966927053
2025-02-27,601222,val,-0.032649353,0.008753896,2020-05-08,2025-01-09,15617,1140,1,5,0.0019592341966927053
2025-02-27,603237,val,-0.039430235,0.00081017613,2020-05-08,2025-01-09,15617,1140,1,5,0.0019592341966927053
2025-02-27,603335,val,-0.027499141,0.0024199039,2020-05-08,2025-01-09,15617,1140,1,5,0.0019592341966927053
2025-02-27,603341,val,-0.10082822,-0.008388653,2020-05-08,2025-01-09,15617,1140,1,5,0.0019592341966927053
2025-02-27,603658,val,0.014346244,0.009410538,2020-05-08,2025-01-09,15617,1140,1,5,0.0019592341966927053
2025-02-27,605090,val,-0.00093063945,0.0053187236,2020-05-08,2025-01-09,15617,1140,1,5,0.0019592341966927053
2025-02-27,605589,val,-0.028446592,0.006367825,2020-05-08,2025-01-09,15617,1140,1,5,0.0019592341966927053
2025-02-27,688031,val,0.11805869,-0.0114635825,2020-05-08,2025-01-09,15617,1140,1,5,0.0019592341966927053
2025-02-27,688045,val,0.018320724,-0.00035439432,2020-05-08,2025-01-09,15617,1140,1,5,0.0019592341966927053
2025-02-27,688133,val,0.068377204,-0.00040300936,2020-05-08,2025-01-09,15617,1140,1,5,0.0019592341966927053
2025-02-27,688147,val,0.074176595,-0.007864483,2020-05-08,2025-01-09,15617,1140,1,5,0.0019592341966927053
2025-02-27,688528,val,0.024567962,0.00253281,2020-05-08,2025-01-09,15617,1140,1,5,0.0019592341966927053
2025-02-28,600025,val,-0.016805554,0.0058600754,2020-05-08,2025-01-09,15617,1140,1,5,0.0019592341966927053
2025-02-28,600051,val,-0.032549705,0.003134966,2020-05-08,2025-01-09,15617,1140,1,5,0.0019592341966927053
2025-02-28,600127,val,-0.015864238,0.0075647235,2020-05-08,2025-01-09,15617,1140,1,5,0.0019592341966927053
2025-02-28,600153,val,-0.058645815,0.0021339953,2020-05-08,2025-01-09,15617,1140,1,5,0.0019592341966927053
2025-02-28,600548,val,-0.061142176,0.0023903027,2020-05-08,2025-01-09,15617,1140,1,5,0.0019592341966927053
2025-02-28,600865,val,-0.06977154,-0.0059399903,2020-05-08,2025-01-09,15617,1140,1,5,0.0019592341966927053
2025-02-28,600967,val,0.03489077,0.004437819,2020-05-08,2025-01-09,15617,1140,1,5,0.0019592341966927053
2025-02-28,601222,val,-0.056489985,0.008424044,2020-05-08,2025-01-09,15617,1140,1,5,0.0019592341966927053
2025-02-28,603237,val,-0.04323954,0.0010613203,2020-05-08,2025-01-09,15617,1140,1,5,0.0019592341966927053
2025-02-28,603335,val,-0.042966373,0.0024122,2020-05-08,2025-01-09,15617,1140,1,5,0.0019592341966927053
2025-02-28,603341,val,-0.023647241,-0.0019433796,2020-05-08,2025-01-09,15617,1140,1,5,0.0019592341966927053
2025-02-28,603658,val,0.016632127,0.008595735,2020-05-08,2025-01-09,15617,1140,1,5,0.0019592341966927053
2025-02-28,605090,val,-0.017001994,0.0051847175,2020-05-08,2025-01-09,15617,1140,1,5,0.0019592341966927053
2025-02-28,605589,val,-0.05105004,0.0069114342,2020-05-08,2025-01-09,15617,1140,1,5,0.0019592341966927053
2025-02-28,688031,val,0.12458544,-0.007721521,2020-05-08,2025-01-09,15617,1140,1,5,0.0019592341966927053
2025-02-28,688045,val,0.0379172,0.0025644302,2020-05-08,2025-01-09,15617,1140,1,5,0.0019592341966927053
2025-02-28,688133,val,0.14218755,0.001949951,2020-05-08,2025-01-09,15617,1140,1,5,0.0019592341966927053
2025-02-28,688147,val,0.092408344,-0.002666086,2020-05-08,2025-01-09,15617,1140,1,5,0.0019592341966927053
2025-02-28,688528,val,0.040552773,0.0030704662,2020-05-08,2025-01-09,15617,1140,1,5,0.0019592341966927053
2025-03-03,600025,val,-0.010279155,0.006028712,2020-05-08,2025-01-09,15617,1140,1,5,0.0019592341966927053
2025-03-03,600051,val,-0.015015547,0.0042242855,2020-05-08,2025-01-09,15617,1140,1,5,0.0019592341966927053
2025-03-03,600127,val,-0.023987519,0.0057248324,2020-05-08,2025-01-09,15617,1140,1,5,0.0019592341966927053
2025-03-03,600153,val,-0.05567548,0.0044202507,2020-05-08,2025-01-09,15617,1140,1,5,0.0019592341966927053
2025-03-03,600548,val,-0.06787584,0.0025558323,2020-05-08,2025-01-09,15617,1140,1,5,0.0019592341966927053
2025-03-03,600865,val,-0.037135307,-0.0014279485,2020-05-08,2025-01-09,15617,1140,1,5,0.0019592341966927053
2025-03-03,600967,val,0.022220625,0.00530497,2020-05-08,2025-01-09,15617,1140,1,5,0.0019592341966927053
2025-03-03,601222,val,-0.04365692,0.008928493,2020-05-08,2025-01-09,15617,1140,1,5,0.0019592341966927053
2025-03-03,603237,val,-0.03332058,0.0026160702,2020-05-08,2025-01-09,15617,1140,1,5,0.0019592341966927053
2025-03-03,603335,val,-0.03150991,0.0022885352,2020-05-08,2025-01-09,15617,1140,1,5,0.0019592341966927053
2025-03-03,603341,val,0.06736627,0.006983608,2020-05-08,2025-01-09,15617,1140,1,5,0.0019592341966927053
2025-03-03,603658,val,0.0010059319,0.0067289174,2020-05-08,2025-01-09,15617,1140,1,5,0.0019592341966927053
2025-03-03,605090,val,-0.015961569,0.005584538,2020-05-08,2025-01-09,15617,1140,1,5,0.0019592341966927053
2025-03-03,605589,val,0.012835108,0.0069980547,2020-05-08,2025-01-09,15617,1140,1,5,0.0019592341966927053
2025-03-03,688031,val,0.072790444,-0.0066039264,2020-05-08,2025-01-09,15617,1140,1,5,0.0019592341966927053
2025-03-03,688045,val,0.032965753,0.0025180727,2020-05-08,2025-01-09,15617,1140,1,5,0.0019592341966927053
2025-03-03,688133,val,0.044097107,-0.006229803,2020-05-08,2025-01-09,15617,1140,1,5,0.0019592341966927053
2025-03-03,688147,val,0.05334349,-0.007161416,2020-05-08,2025-01-09,15617,1140,1,5,0.0019592341966927053
2025-03-03,688528,val,0.027793087,0.0027897656,2020-05-08,2025-01-09,15617,1140,1,5,0.0019592341966927053
2025-03-04,600025,val,0.014046746,0.0066804215,2020-05-08,2025-01-09,15617,1140,1,5,0.0019592341966927053
2025-03-04,600051,val,-0.0064926627,0.005601473,2020-05-08,2025-01-09,15617,1140,1,5,0.0019592341966927053
2025-03-04,600127,val,-0.0093786,0.005394116,2020-05-08,2025-01-09,15617,1140,1,5,0.0019592341966927053
2025-03-04,600153,val,-0.051084552,0.0073073804,2020-05-08,2025-01-09,15617,1140,1,5,0.0019592341966927053
2025-03-04,600548,val,-0.059304997,0.0031238124,2020-05-08,2025-01-09,15617,1140,1,5,0.0019592341966927053
2025-03-04,600865,val,-0.0009857332,0.0037255362,2020-05-08,2025-01-09,15617,1140,1,5,0.0019592341966927053
2025-03-04,600967,val,0.07974309,-0.00061716884,2020-05-08,2025-01-09,15617,1140,1,5,0.0019592341966927053
2025-03-04,601222,val,-0.018486151,0.009546801,2020-05-08,2025-01-09,15617,1140,1,5,0.0019592341966927053
2025-03-04,603237,val,-0.019230101,0.004720725,2020-05-08,2025-01-09,15617,1140,1,5,0.0019592341966927053
2025-03-04,603335,val,-0.032251168,0.002725616,2020-05-08,2025-01-09,15617,1140,1,5,0.0019592341966927053
2025-03-04,603341,val,0.024184404,0.008403912,2020-05-08,2025-01-09,15617,1140,1,5,0.0019592341966927053
2025-03-04,603658,val,-0.0077092284,0.0049639493,2020-05-08,2025-01-09,15617,1140,1,5,0.0019592341966927053
2025-03-04,605090,val,-4.5687877e-05,0.0066631585,2020-05-08,2025-01-09,15617,1140,1,5,0.0019592341966927053
2025-03-04,605589,val,0.044937532,0.008127481,2020-05-08,2025-01-09,15617,1140,1,5,0.0019592341966927053
2025-03-04,688031,val,0.034321845,-0.008500047,2020-05-08,2025-01-09,15617,1140,1,5,0.0019592341966927053
2025-03-04,688045,val,0.006553096,-0.00078234076,2020-05-08,2025-01-09,15617,1140,1,5,0.0019592341966927053
2025-03-04,688133,val,0.0023530247,-0.012941495,2020-05-08,2025-01-09,15617,1140,1,5,0.0019592341966927053
2025-03-04,688147,val,-0.019141795,-0.00899981,2020-05-08,2025-01-09,15617,1140,1,5,0.0019592341966927053
2025-03-04,688528,val,0.017970942,0.0028951317,2020-05-08,2025-01-09,15617,1140,1,5,0.0019592341966927053
2025-03-05,600025,val,-0.019897383,0.007616684,2020-05-08,2025-01-09,15617,1140,1,5,0.0019592341966927053
2025-03-05,600051,val,-0.0024646618,0.0073853284,2020-05-08,2025-01-09,15617,1140,1,5,0.0019592341966927053
2025-03-05,600127,val,-0.009879643,0.0052904338,2020-05-08,2025-01-09,15617,1140,1,5,0.0019592341966927053
2025-03-05,600153,val,-0.028935691,0.0096159205,2020-05-08,2025-01-09,15617,1140,1,5,0.0019592341966927053
2025-03-05,600548,val,-0.06775092,0.005053401,2020-05-08,2025-01-09,15617,1140,1,5,0.0019592341966927053
2025-03-05,600865,val,-0.01071446,0.0042096227,2020-05-08,2025-01-09,15617,1140,1,5,0.0019592341966927053
2025-03-05,600967,val,0.18704312,-0.0028246343,2020-05-08,2025-01-09,15617,1140,1,5,0.0019592341966927053
2025-03-05,601222,val,0.011652001,0.01111941,2020-05-08,2025-01-09,15617,1140,1,5,0.0019592341966927053
2025-03-05,603237,val,-0.015799774,0.0061521903,2020-05-08,2025-01-09,15617,1140,1,5,0.0019592341966927053
2025-03-05,603335,val,-0.01976204,0.0038659275,2020-05-08,2025-01-09,15617,1140,1,5,0.0019592341966927053
2025-03-05,603341,val,0.006512536,0.0058356673,2020-05-08,2025-01-09,15617,1140,1,5,0.0019592341966927053
2025-03-05,603658,val,-0.028882928,0.0012623593,2020-05-08,2025-01-09,15617,1140,1,5,0.0019592341966927053
2025-03-05,605090,val,-0.0059014945,0.007902987,2020-05-08,2025-01-09,15617,1140,1,5,0.0019592341966927053
2025-03-05,605589,val,0.021021353,0.006435238,2020-05-08,2025-01-09,15617,1140,1,5,0.0019592341966927053
2025-03-05,688031,val,0.012711317,-0.00821393,2020-05-08,2025-01-09,15617,1140,1,5,0.0019592341966927053
2025-03-05,688045,val,0.00432705,0.0011117309,2020-05-08,2025-01-09,15617,1140,1,5,0.0019592341966927053
2025-03-05,688133,val,-0.045693915,-0.01399643,2020-05-08,2025-01-09,15617,1140,1,5,0.0019592341966927053
2025-03-05,688147,val,0.0023980616,-0.005588472,2020-05-08,2025-01-09,15617,1140,1,5,0.0019592341966927053
2025-03-05,688528,val,0.01001747,0.0027952492,2020-05-08,2025-01-09,15617,1140,1,5,0.0019592341966927053
2025-03-06,600025,val,0.011075461,0.007898957,2020-05-08,2025-01-09,15617,1140,1,5,0.0019592341966927053
2025-03-06,600051,val,0.010237066,0.008097842,2020-05-08,2025-01-09,15617,1140,1,5,0.0019592341966927053
2025-03-06,600127,val,-0.00029674394,0.0052600205,2020-05-08,2025-01-09,15617,1140,1,5,0.0019592341966927053
2025-03-06,600153,val,0.0037840283,0.010394193,2020-05-08,2025-01-09,15617,1140,1,5,0.0019592341966927053
2025-03-06,600548,val,0.0018745357,0.007880732,2020-05-08,2025-01-09,15617,1140,1,5,0.0019592341966927053
2025-03-06,600865,val,-0.0039971196,0.0035708323,2020-05-08,2025-01-09,15617,1140,1,5,0.0019592341966927053
2025-03-06,600967,val,0.31706634,-0.000894621,2020-05-08,2025-01-09,15617,1140,1,5,0.0019592341966927053
2025-03-06,601222,val,0.042495236,0.011086941,2020-05-08,2025-01-09,15617,1140,1,5,0.0019592341966927053
2025-03-06,603237,val,-0.0035372716,0.006560087,2020-05-08,2025-01-09,15617,1140,1,5,0.0019592341966927053
2025-03-06,603335,val,-0.030655535,0.0045955926,2020-05-08,2025-01-09,15617,1140,1,5,0.0019592341966927053
2025-03-06,603341,val,0.005305228,0.0052292645,2020-05-08,2025-01-09,15617,1140,1,5,0.0019592341966927053
2025-03-06,603658,val,-0.018488199,0.0023241043,2020-05-08,2025-01-09,15617,1140,1,5,0.0019592341966927053
2025-03-06,605090,val,0.0076621566,0.007761568,2020-05-08,2025-01-09,15617,1140,1,5,0.0019592341966927053
2025-03-06,605589,val,-0.016203614,0.0044075847,2020-05-08,2025-01-09,15617,1140,1,5,0.0019592341966927053
2025-03-06,688031,val,-0.15602575,-0.016184881,2020-05-08,2025-01-09,15617,1140,1,5,0.0019592341966927053
2025-03-06,688045,val,-0.025780939,0.0034120157,2020-05-08,2025-01-09,15617,1140,1,5,0.0019592341966927053
2025-03-06,688133,val,-0.047268633,-0.010348052,2020-05-08,2025-01-09,15617,1140,1,5,0.0019592341966927053
2025-03-06,688147,val,-0.07456594,-0.008617364,2020-05-08,2025-01-09,15617,1140,1,5,0.0019592341966927053
2025-03-06,688528,val,-0.022680314,-0.00060827285,2020-05-08,2025-01-09,15617,1140,1,5,0.0019592341966927053
2025-03-07,600025,val,-0.01119295,0.0071300566,2020-05-08,2025-01-09,15617,1140,1,5,0.0019592341966927053
2025-03-07,600051,val,0.012586924,0.008080676,2020-05-08,2025-01-09,15617,1140,1,5,0.0019592341966927053
2025-03-07,600127,val,-0.0006316574,0.0051154047,2020-05-08,2025-01-09,15617,1140,1,5,0.0019592341966927053
2025-03-07,600153,val,0.0040801363,0.010653742,2020-05-08,2025-01-09,15617,1140,1,5,0.0019592341966927053
2025-03-07,600548,val,-0.010558855,0.010416433,2020-05-08,2025-01-09,15617,1140,1,5,0.0019592341966927053
2025-03-07,600865,val,0.030851452,0.0030640513,2020-05-08,2025-01-09,15617,1140,1,5,0.0019592341966927053
2025-03-07,600967,val,0.15689163,0.00042279065,2020-05-08,2025-01-09,15617,1140,1,5,0.0019592341966927053
2025-03-07,601222,val,0.030383179,0.011045694,2020-05-08,2025-01-09,15617,1140,1,5,0.0019592341966927053
2025-03-07,603237,val,0.010644733,0.006515503,2020-05-08,2025-01-09,15617,1140,1,5,0.0019592341966927053
2025-03-07,603335,val,-0.004535197,0.005473733,2020-05-08,2025-01-09,15617,1140,1,5,0.0019592341966927053
2025-03-07,603341,val,0.0018279657,0.0012962222,2020-05-08,2025-01-09,15617,1140,1,5,0.0019592341966927053
2025-03-07,603658,val,-0.0050827074,0.0033375174,2020-05-08,2025-01-09,15617,1140,1,5,0.0019592341966927053
2025-03-07,605090,val,-0.021930361,0.006452054,2020-05-08,2025-01-09,15617,1140,1,5,0.0019592341966927053
2025-03-07,605589,val,0.06812217,0.004215464,2020-05-08,2025-01-09,15617,1140,1,5,0.0019592341966927053
2025-03-07,688031,val,-0.12830193,-0.016286023,2020-05-08,2025-01-09,15617,1140,1,5,0.0019592341966927053
2025-03-07,688045,val,-0.009887904,0.0052666515,2020-05-08,2025-01-09,15617,1140,1,5,0.0019592341966927053
2025-03-07,688133,val,-0.0337126,-0.010170773,2020-05-08,2025-01-09,15617,1140,1,5,0.0019592341966927053
2025-03-07,688147,val,-0.06355419,-0.0067182705,2020-05-08,2025-01-09,15617,1140,1,5,0.0019592341966927053
2025-03-07,688528,val,-0.025999842,-0.006047845,2020-05-08,2025-01-09,15617,1140,1,5,0.0019592341966927053
2025-03-10,600025,val,-0.005510579,0.0071600378,2020-05-08,2025-01-09,15617,1140,1,5,0.0019592341966927053
2025-03-10,600051,val,0.00499912,0.007571332,2020-05-08,2025-01-09,15617,1140,1,5,0.0019592341966927053
2025-03-10,600127,val,-0.0020452393,0.005617209,2020-05-08,2025-01-09,15617,1140,1,5,0.0019592341966927053
2025-03-10,600153,val,0.034289807,0.009871572,2020-05-08,2025-01-09,15617,1140,1,5,0.0019592341966927053
2025-03-10,600548,val,-0.01994966,0.0117618665,2020-05-08,2025-01-09,15617,1140,1,5,0.0019592341966927053
2025-03-10,600865,val,0.021215955,0.0018133596,2020-05-08,2025-01-09,15617,1140,1,5,0.0019592341966927053
2025-03-10,600967,val,0.16652705,0.0014244616,2020-05-08,2025-01-09,15617,1140,1,5,0.0019592341966927053
2025-03-10,601222,val,0.014959016,0.010181069,2020-05-08,2025-01-09,15617,1140,1,5,0.0019592341966927053
2025-03-10,603237,val,0.014283763,0.0059434697,2020-05-08,2025-01-09,15617,1140,1,5,0.0019592341966927053
2025-03-10,603335,val,-0.0015940744,0.004884869,2020-05-08,2025-01-09,15617,1140,1,5,0.0019592341966927053
2025-03-10,603341,val,-0.019759802,-0.0016788766,2020-05-08,2025-01-09,15617,1140,1,5,0.0019592341966927053
2025-03-10,603658,val,-0.0040148054,0.0039399713,2020-05-08,2025-01-09,15617,1140,1,5,0.0019592341966927053
2025-03-10,605090,val,0.004635946,0.0066072643,2020-05-08,2025-01-09,15617,1140,1,5,0.0019592341966927053
2025-03-10,605589,val,0.027155302,-0.0014466718,2020-05-08,2025-01-09,15617,1140,1,5,0.0019592341966927053
2025-03-10,688031,val,-0.14741285,-0.015770137,2020-05-08,2025-01-09,15617,1140,1,5,0.0019592341966927053
2025-03-10,688045,val,-0.028289946,0.0030050576,2020-05-08,2025-01-09,15617,1140,1,5,0.0019592341966927053
2025-03-10,688133,val,-0.014798482,-0.006673202,2020-05-08,2025-01-09,15617,1140,1,5,0.0019592341966927053
2025-03-10,688147,val,-0.018227052,-0.008005105,2020-05-08,2025-01-09,15617,1140,1,5,0.0019592341966927053
2025-03-10,688528,val,-0.026463453,-0.0041799843,2020-05-08,2025-01-09,15617,1140,1,5,0.0019592341966927053
2025-03-11,600025,val,-0.0091109285,0.0071091056,2020-05-08,2025-01-09,15617,1140,1,5,0.0019592341966927053
2025-03-11,600051,val,0.0109328525,0.005733043,2020-05-08,2025-01-09,15617,1140,1,5,0.0019592341966927053
2025-03-11,600127,val,0.00083252194,0.0057715997,2020-05-08,2025-01-09,15617,1140,1,5,0.0019592341966927053
2025-03-11,600153,val,0.03556178,0.009578958,2020-05-08,2025-01-09,15617,1140,1,5,0.0019592341966927053
2025-03-11,600548,val,-0.019062065,0.011750013,2020-05-08,2025-01-09,15617,1140,1,5,0.0019592341966927053
2025-03-11,600865,val,0.021514282,0.0011599511,2020-05-08,2025-01-09,15617,1140,1,5,0.0019592341966927053
2025-03-11,600967,val,0.045865316,-0.008476704,2020-05-08,2025-01-09,15617,1140,1,5,0.0019592341966927053
2025-03-11,601222,val,0.008472994,0.009592369,2020-05-08,2025-01-09,15617,1140,1,5,0.0019592341966927053
2025-03-11,603237,val,0.02805109,0.0057052523,2020-05-08,2025-01-09,15617,1140,1,5,0.0019592341966927053
2025-03-11,603335,val,0.020200029,0.005227372,2020-05-08,2025-01-09,15617,1140,1,5,0.0019592341966927053
2025-03-11,603341,val,-0.021604298,-0.0015239716,2020-05-08,2025-01-09,15617,1140,1,5,0.0019592341966927053
2025-03-11,603658,val,0.016219402,0.004371412,2020-05-08,2025-01-09,15617,1140,1,5,0.0019592341966927053
2025-03-11,605090,val,0.014432858,0.0073202997,2020-05-08,2025-01-09,15617,1140,1,5,0.0019592341966927053
2025-03-11,605589,val,0.0075844554,-0.008592255,2020-05-08,2025-01-09,15617,1140,1,5,0.0019592341966927053
2025-03-11,688031,val,-0.13232084,-0.015864454,2020-05-08,2025-01-09,15617,1140,1,5,0.0019592341966927053
2025-03-11,688045,val,-0.035504952,0.0033224076,2020-05-08,2025-01-09,15617,1140,1,5,0.0019592341966927053
2025-03-11,688133,val,-0.012176166,-0.0029730275,2020-05-08,2025-01-09,15617,1140,1,5,0.0019592341966927053
2025-03-11,688147,val,0.029929804,-0.004343748,2020-05-08,2025-01-09,15617,1140,1,5,0.0019592341966927053
2025-03-11,688528,val,-0.009818144,-0.0005137101,2020-05-08,2025-01-09,15617,1140,1,5,0.0019592341966927053
2025-03-12,600025,val,0.028512236,0.007365346,2020-05-08,2025-01-09,15617,1140,1,5,0.0019592341966927053
2025-03-12,600051,val,0.012728073,0.0058455467,2020-05-08,2025-01-09,15617,1140,1,5,0.0019592341966927053
2025-03-12,600127,val,-0.006627304,0.006078191,2020-05-08,2025-01-09,15617,1140,1,5,0.0019592341966927053
2025-03-12,600153,val,0.03523236,0.007883064,2020-05-08,2025-01-09,15617,1140,1,5,0.0019592341966927053
2025-03-12,600548,val,0.0025771728,0.010589302,2020-05-08,2025-01-09,15617,1140,1,5,0.0019592341966927053
2025-03-12,600865,val,0.00880895,0.00062158704,2020-05-08,2025-01-09,15617,1140,1,5,0.0019592341966927053
2025-03-12,600967,val,-0.051407736,-0.020008229,2020-05-08,2025-01-09,15617,1140,1,5,0.0019592341966927053
2025-03-12,601222,val,-0.01702123,0.0067594945,2020-05-08,2025-01-09,15617,1140,1,5,0.0019592341966927053
2025-03-12,603237,val,0.029702662,0.005340703,2020-05-08,2025-01-09,15617,1140,1,5,0.0019592341966927053
2025-03-12,603335,val,0.021071274,0.0049565732,2020-05-08,2025-01-09,15617,1140,1,5,0.0019592341966927053
2025-03-12,603341,val,-0.035374705,-0.001376316,2020-05-08,2025-01-09,15617,1140,1,5,0.0019592341966927053
2025-03-12,603658,val,0.031372633,0.0049266666,2020-05-08,2025-01-09,15617,1140,1,5,0.0019592341966927053
2025-03-12,605090,val,0.024311535,0.0076380745,2020-05-08,2025-01-09,15617,1140,1,5,0.0019592341966927053
2025-03-12,605589,val,-0.00889463,-0.0072061345,2020-05-08,2025-01-09,15617,1140,1,5,0.0019592341966927053
2025-03-12,688031,val,-0.13856642,-0.014466539,2020-05-08,2025-01-09,15617,1140,1,5,0.0019592341966927053
2025-03-12,688045,val,-0.037005927,0.005659595,2020-05-08,2025-01-09,15617,1140,1,5,0.0019592341966927053
2025-03-12,688133,val,0.03988586,-0.00013824552,2020-05-08,2025-01-09,15617,1140,1,5,0.0019592341966927053
2025-03-12,688147,val,0.06738038,-0.0018960163,2020-05-08,2025-01-09,15617,1140,1,5,0.0019592341966927053
2025-03-12,688528,val,-0.006685186,0.0033789948,2020-05-08,2025-01-09,15617,1140,1,5,0.0019592341966927053
2025-03-13,600025,val,0.015557641,0.007324353,2020-05-08,2025-01-09,15617,1140,1,5,0.0019592341966927053
2025-03-13,600051,val,0.01600621,0.005826235,2020-05-08,2025-01-09,15617,1140,1,5,0.0019592341966927053
2025-03-13,600127,val,-0.0033102832,0.0058564246,2020-05-08,2025-01-09,15617,1140,1,5,0.0019592341966927053
2025-03-13,600153,val,-0.004341211,0.006323874,2020-05-08,2025-01-09,15617,1140,1,5,0.0019592341966927053
2025-03-13,600548,val,-0.0050668265,0.008116707,2020-05-08,2025-01-09,15617,1140,1,5,0.0019592341966927053
2025-03-13,600865,val,0.009147248,0.00039358437,2020-05-08,2025-01-09,15617,1140,1,5,0.0019592341966927053
2025-03-13,600967,val,-0.09546565,-0.02616866,2020-05-08,2025-01-09,15617,1140,1,5,0.0019592341966927053
2025-03-13,601222,val,-0.03565371,0.005534239,2020-05-08,2025-01-09,15617,1140,1,5,0.0019592341966927053
2025-03-13,603237,val,0.024883043,0.004794121,2020-05-08,2025-01-09,15617,1140,1,5,0.0019592341966927053
2025-03-13,603335,val,0.07042243,0.0043162555,2020-05-08,2025-01-09,15617,1140,1,5,0.0019592341966927053
2025-03-13,603341,val,-0.038115036,-0.00041116774,2020-05-08,2025-01-09,15617,1140,1,5,0.0019592341966927053
2025-03-13,603658,val,0.012653798,0.004792452,2020-05-08,2025-01-09,15617,1140,1,5,0.0019592341966927053
2025-03-13,605090,val,0.011348103,0.007357925,2020-05-08,2025-01-09,15617,1140,1,5,0.0019592341966927053
2025-03-13,605589,val,0.01455337,-0.004115112,2020-05-08,2025-01-09,15617,1140,1,5,0.0019592341966927053
2025-03-13,688031,val,-0.08908943,-0.010054201,2020-05-08,2025-01-09,15617,1140,1,5,0.0019592341966927053
2025-03-13,688045,val,0.0008459928,0.007039845,2020-05-08,2025-01-09,15617,1140,1,5,0.0019592341966927053
2025-03-13,688133,val,0.037159692,0.0018530712,2020-05-08,2025-01-09,15617,1140,1,5,0.0019592341966927053
2025-03-13,688147,val,0.05029265,0.001826331,2020-05-08,2025-01-09,15617,1140,1,5,0.0019592341966927053
2025-03-13,688528,val,0.008171972,0.005214259,2020-05-08,2025-01-09,15617,1140,1,5,0.0019592341966927053
2025-03-14,600025,val,0.033235043,0.008333102,2020-05-08,2025-01-09,15617,1140,1,5,0.0019592341966927053
2025-03-14,600051,val,0.01105849,0.0051267147,2020-05-08,2025-01-09,15617,1140,1,5,0.0019592341966927053
2025-03-14,600127,val,0.0044910507,0.0055110008,2020-05-08,2025-01-09,15617,1140,1,5,0.0019592341966927053
2025-03-14,600153,val,0.031643983,0.0069708377,2020-05-08,2025-01-09,15617,1140,1,5,0.0019592341966927053
2025-03-14,600548,val,0.035633355,0.0071295723,2020-05-08,2025-01-09,15617,1140,1,5,0.0019592341966927053
2025-03-14,600865,val,-0.022647057,-0.0027475357,2020-05-08,2025-01-09,15617,1140,1,5,0.0019592341966927053
2025-03-14,600967,val,-0.014632542,-0.02181495,2020-05-08,2025-01-09,15617,1140,1,5,0.0019592341966927053
2025-03-14,601222,val,-0.0053620986,0.006852582,2020-05-08,2025-01-09,15617,1140,1,5,0.0019592341966927053
2025-03-14,603237,val,0.021243725,0.003502041,2020-05-08,2025-01-09,15617,1140,1,5,0.0019592341966927053
2025-03-14,603335,val,0.037539966,0.0027436465,2020-05-08,2025-01-09,15617,1140,1,5,0.0019592341966927053
2025-03-14,603341,val,-0.04931765,-0.0017605573,2020-05-08,2025-01-09,15617,1140,1,5,0.0019592341966927053
2025-03-14,603658,val,0.016391668,0.0047359914,2020-05-08,2025-01-09,15617,1140,1,5,0.0019592341966927053
2025-03-14,605090,val,0.033810247,0.007424727,2020-05-08,2025-01-09,15617,1140,1,5,0.0019592341966927053
2025-03-14,605589,val,-0.015393436,-0.004224077,2020-05-08,2025-01-09,15617,1140,1,5,0.0019592341966927053
2025-03-14,688031,val,-0.10504091,-0.0033676103,2020-05-08,2025-01-09,15617,1140,1,5,0.0019592341966927053
2025-03-14,688045,val,-0.029297793,0.0064854547,2020-05-08,2025-01-09,15617,1140,1,5,0.0019592341966927053
2025-03-14,688133,val,-0.02503495,-0.0029063225,2020-05-08,2025-01-09,15617,1140,1,5,0.0019592341966927053
2025-03-14,688147,val,0.051903214,0.003333278,2020-05-08,2025-01-09,15617,1140,1,5,0.0019592341966927053
2025-03-14,688528,val,-0.010224309,0.004437521,2020-05-08,2025-01-09,15617,1140,1,5,0.0019592341966927053
2025-03-17,600025,val,0.04475128,0.0013638064,2020-05-08,2025-03-14,16377,1140,1,5,0.0014191115857101976
2025-03-17,600051,val,-0.0040954063,0.007202331,2020-05-08,2025-03-14,16377,1140,1,5,0.0014191115857101976
2025-03-17,600127,val,-0.00093526917,0.0057470873,2020-05-08,2025-03-14,16377,1140,1,5,0.0014191115857101976
2025-03-17,600153,val,0.012578244,0.002202414,2020-05-08,2025-03-14,16377,1140,1,5,0.0014191115857101976
2025-03-17,600548,val,-0.01230401,-0.0014728513,2020-05-08,2025-03-14,16377,1140,1,5,0.0014191115857101976
2025-03-17,600865,val,-0.027737971,0.00029458292,2020-05-08,2025-03-14,16377,1140,1,5,0.0014191115857101976
2025-03-17,600967,val,-0.029220516,-0.022582224,2020-05-08,2025-03-14,16377,1140,1,5,0.0014191115857101976
2025-03-17,601222,val,0.014287481,0.008573201,2020-05-08,2025-03-14,16377,1140,1,5,0.0014191115857101976
2025-03-17,603237,val,0.031593923,0.00269863,2020-05-08,2025-03-14,16377,1140,1,5,0.0014191115857101976
2025-03-17,603335,val,-0.03845292,0.00024729595,2020-05-08,2025-03-14,16377,1140,1,5,0.0014191115857101976
2025-03-17,603341,val,0.021122392,-0.0025227368,2020-05-08,2025-03-14,16377,1140,1,5,0.0014191115857101976
2025-03-17,603658,val,0.029081648,0.0017565042,2020-05-08,2025-03-14,16377,1140,1,5,0.0014191115857101976
2025-03-17,605090,val,0.01792874,0.0038313717,2020-05-08,2025-03-14,16377,1140,1,5,0.0014191115857101976
2025-03-17,605589,val,-0.002519214,-0.0026935115,2020-05-08,2025-03-14,16377,1140,1,5,0.0014191115857101976
2025-03-17,688031,val,-0.07820239,0.00039646775,2020-05-08,2025-03-14,16377,1140,1,5,0.0014191115857101976
2025-03-17,688045,val,-0.046957146,0.0073594972,2020-05-08,2025-03-14,16377,1140,1,5,0.0014191115857101976
2025-03-17,688133,val,0.047368314,5.855225e-05,2020-05-08,2025-03-14,16377,1140,1,5,0.0014191115857101976
2025-03-17,688147,val,0.04786776,-0.003012862,2020-05-08,2025-03-14,16377,1140,1,5,0.0014191115857101976
2025-03-17,688528,val,-0.026154933,0.005078636,2020-05-08,2025-03-14,16377,1140,1,5,0.0014191115857101976
2025-03-18,600025,val,0.079878554,0.0007212274,2020-05-08,2025-03-14,16377,1140,1,5,0.0014191115857101976
2025-03-18,600051,val,-0.0009283422,0.007384099,2020-05-08,2025-03-14,16377,1140,1,5,0.0014191115857101976
2025-03-18,600127,val,0.016967913,0.0052937493,2020-05-08,2025-03-14,16377,1140,1,5,0.0014191115857101976
2025-03-18,600153,val,0.04414633,0.0034701526,2020-05-08,2025-03-14,16377,1140,1,5,0.0014191115857101976
2025-03-18,600548,val,-0.0006919941,-0.0006153323,2020-05-08,2025-03-14,16377,1140,1,5,0.0014191115857101976
2025-03-18,600865,val,-0.027106177,0.000800984,2020-05-08,2025-03-14,16377,1140,1,5,0.0014191115857101976
2025-03-18,600967,val,-0.012347633,-0.0099299885,2020-05-08,2025-03-14,16377,1140,1,5,0.0014191115857101976
2025-03-18,601222,val,0.03359539,0.0099404305,2020-05-08,2025-03-14,16377,1140,1,5,0.0014191115857101976
2025-03-18,603237,val,0.024001911,0.0032506771,2020-05-08,2025-03-14,16377,1140,1,5,0.0014191115857101976
2025-03-18,603335,val,-0.044238526,0.0009792298,2020-05-08,2025-03-14,16377,1140,1,5,0.0014191115857101976
2025-03-18,603341,val,-0.014902751,-0.0017409436,2020-05-08,2025-03-14,16377,1140,1,5,0.0014191115857101976
2025-03-18,603658,val,0.038442995,0.0010345634,2020-05-08,2025-03-14,16377,1140,1,5,0.0014191115857101976
2025-03-18,605090,val,0.036310095,0.0055302344,2020-05-08,2025-03-14,16377,1140,1,5,0.0014191115857101976
2025-03-18,605589,val,-0.026877273,0.001599241,2020-05-08,2025-03-14,16377,1140,1,5,0.0014191115857101976
2025-03-18,688031,val,-0.09842244,0.004728377,2020-05-08,2025-03-14,16377,1140,1,5,0.0014191115857101976
2025-03-18,688045,val,-0.047392506,0.0036805607,2020-05-08,2025-03-14,16377,1140,1,5,0.0014191115857101976
2025-03-18,688133,val,0.017669681,-0.0048004836,2020-05-08,2025-03-14,16377,1140,1,5,0.0014191115857101976
2025-03-18,688147,val,0.019365562,-0.009729411,2020-05-08,2025-03-14,16377,1140,1,5,0.0014191115857101976
2025-03-18,688528,val,-0.037470784,0.0030449405,2020-05-08,2025-03-14,16377,1140,1,5,0.0014191115857101976
2025-03-19,600025,val,0.0473305,0.0017229095,2020-05-08,2025-03-14,16377,1140,1,5,0.0014191115857101976
2025-03-19,600051,val,0.02252139,0.007693831,2020-05-08,2025-03-14,16377,1140,1,5,0.0014191115857101976
2025-03-19,600127,val,0.017830748,0.0038455427,2020-05-08,2025-03-14,16377,1140,1,5,0.0014191115857101976
2025-03-19,600153,val,0.035542108,0.0048318207,2020-05-08,2025-03-14,16377,1140,1,5,0.0014191115857101976
2025-03-19,600548,val,-0.017481117,0.0008444786,2020-05-08,2025-03-14,16377,1140,1,5,0.0014191115857101976
2025-03-19,600865,val,-0.015761575,-0.0012869686,2020-05-08,2025-03-14,16377,1140,1,5,0.0014191115857101976
2025-03-19,600967,val,-0.015251543,-0.0014295764,2020-05-08,2025-03-14,16377,1140,1,5,0.0014191115857101976
2025-03-19,601222,val,0.042077515,0.0096494,2020-05-08,2025-03-14,16377,1140,1,5,0.0014191115857101976
2025-03-19,603237,val,0.026552208,0.005076304,2020-05-08,2025-03-14,16377,1140,1,5,0.0014191115857101976
2025-03-19,603335,val,-0.033639867,0.00057717226,2020-05-08,2025-03-14,16377,1140,1,5,0.0014191115857101976
2025-03-19,603341,val,-0.0015917281,-0.00065093115,2020-05-08,2025-03-14,16377,1140,1,5,0.0014191115857101976
2025-03-19,603658,val,0.01771909,0.0009915605,2020-05-08,2025-03-14,16377,1140,1,5,0.0014191115857101976
2025-03-19,605090,val,0.008274963,0.006180886,2020-05-08,2025-03-14,16377,1140,1,5,0.0014191115857101976
2025-03-19,605589,val,-0.012583068,0.0010881387,2020-05-08,2025-03-14,16377,1140,1,5,0.0014191115857101976
2025-03-19,688031,val,-0.07616696,0.00828521,2020-05-08,2025-03-14,16377,1140,1,5,0.0014191115857101976
2025-03-19,688045,val,-0.03595271,0.0012655407,2020-05-08,2025-03-14,16377,1140,1,5,0.0014191115857101976
2025-03-19,688133,val,-0.015408576,-0.009309266,2020-05-08,2025-03-14,16377,1140,1,5,0.0014191115857101976
2025-03-19,688147,val,0.026049074,-0.0148547385,2020-05-08,2025-03-14,16377,1140,1,5,0.0014191115857101976
2025-03-19,688528,val,-0.020060454,0.0023960657,2020-05-08,2025-03-14,16377,1140,1,5,0.0014191115857101976
2025-03-20,600025,val,0.03567334,0.0033447556,2020-05-08,2025-03-14,16377,1140,1,5,0.0014191115857101976
2025-03-20,600051,val,0.010422961,0.0077010803,2020-05-08,2025-03-14,16377,1140,1,5,0.0014191115857101976
2025-03-20,600127,val,0.016039887,0.0028676428,2020-05-08,2025-03-14,16377,1140,1,5,0.0014191115857101976
2025-03-20,600153,val,0.04229887,0.0064795054,2020-05-08,2025-03-14,16377,1140,1,5,0.0014191115857101976
2025-03-20,600548,val,-0.032161977,0.0018880442,2020-05-08,2025-03-14,16377,1140,1,5,0.0014191115857101976
2025-03-20,600865,val,-0.019641414,-0.002398301,2020-05-08,2025-03-14,16377,1140,1,5,0.0014191115857101976
2025-03-20,600967,val,-0.012930004,-0.0050999653,2020-05-08,2025-03-14,16377,1140,1,5,0.0014191115857101976
2025-03-20,601222,val,0.022146339,0.008691423,2020-05-08,2025-03-14,16377,1140,1,5,0.0014191115857101976
2025-03-20,603237,val,0.026782611,0.006383501,2020-05-08,2025-03-14,16377,1140,1,5,0.0014191115857101976
2025-03-20,603335,val,-0.075939484,0.0004755184,2020-05-08,2025-03-14,16377,1140,1,5,0.0014191115857101976
2025-03-20,603341,val,-0.006857566,-0.000118397176,2020-05-08,2025-03-14,16377,1140,1,5,0.0014191115857101976
2025-03-20,603658,val,0.04247826,0.0018302426,2020-05-08,2025-03-14,16377,1140,1,5,0.0014191115857101976
2025-03-20,605090,val,0.00297006,0.00754489,2020-05-08,2025-03-14,16377,1140,1,5,0.0014191115857101976
2025-03-20,605589,val,-0.0012210949,0.0023363605,2020-05-08,2025-03-14,16377,1140,1,5,0.0014191115857101976
2025-03-20,688031,val,-0.055641137,0.011196721,2020-05-08,2025-03-14,16377,1140,1,5,0.0014191115857101976
2025-03-20,688045,val,-0.044218432,-0.0019074753,2020-05-08,2025-03-14,16377,1140,1,5,0.0014191115857101976
2025-03-20,688133,val,0.026482332,-0.00742184,2020-05-08,2025-03-14,16377,1140,1,5,0.0014191115857101976
2025-03-20,688147,val,0.0666729,-0.013068337,2020-05-08,2025-03-14,16377,1140,1,5,0.0014191115857101976
2025-03-20,688528,val,-0.043356445,0.0011026897,2020-05-08,2025-03-14,16377,1140,1,5,0.0014191115857101976
2025-03-21,600025,val,0.04389923,0.0040667355,2020-05-08,2025-03-14,16377,1140,1,5,0.0014191115857101976
2025-03-21,600051,val,-0.0009224155,0.0067386106,2020-05-08,2025-03-14,16377,1140,1,5,0.0014191115857101976
2025-03-21,600127,val,0.023216525,0.0017377175,2020-05-08,2025-03-14,16377,1140,1,5,0.0014191115857101976
2025-03-21,600153,val,0.030930186,0.006903179,2020-05-08,2025-03-14,16377,1140,1,5,0.0014191115857101976
2025-03-21,600548,val,-0.037674785,0.00028161705,2020-05-08,2025-03-14,16377,1140,1,5,0.0014191115857101976
2025-03-21,600865,val,-0.02430868,-0.003376061,2020-05-08,2025-03-14,16377,1140,1,5,0.0014191115857101976
2025-03-21,600967,val,-0.005268415,0.001100719,2020-05-08,2025-03-14,16377,1140,1,5,0.0014191115857101976
2025-03-21,601222,val,0.015483203,0.009178948,2020-05-08,2025-03-14,16377,1140,1,5,0.0014191115857101976
2025-03-21,603237,val,0.02432198,0.005646769,2020-05-08,2025-03-14,16377,1140,1,5,0.0014191115857101976
2025-03-21,603335,val,-0.06774747,0.0020151734,2020-05-08,2025-03-14,16377,1140,1,5,0.0014191115857101976
2025-03-21,603341,val,-0.014458189,0.0021206774,2020-05-08,2025-03-14,16377,1140,1,5,0.0014191115857101976
2025-03-21,603658,val,0.027694117,0.0019942373,2020-05-08,2025-03-14,16377,1140,1,5,0.0014191115857101976
2025-03-21,605090,val,-0.0076905745,0.006656207,2020-05-08,2025-03-14,16377,1140,1,5,0.0014191115857101976
2025-03-21,605589,val,0.0019348623,0.002017904,2020-05-08,2025-03-14,16377,1140,1,5,0.0014191115857101976
2025-03-21,688031,val,-0.038157314,0.011891838,2020-05-08,2025-03-14,16377,1140,1,5,0.0014191115857101976
2025-03-21,688045,val,-0.03513344,-0.0015645251,2020-05-08,2025-03-14,16377,1140,1,5,0.0014191115857101976
2025-03-21,688133,val,0.049887147,-0.007932341,2020-05-08,2025-03-14,16377,1140,1,5,0.0014191115857101976
2025-03-21,688147,val,0.056765035,-0.009786561,2020-05-08,2025-03-14,16377,1140,1,5,0.0014191115857101976
2025-03-21,688528,val,-0.042770997,0.00011847727,2020-05-08,2025-03-14,16377,1140,1,5,0.0014191115857101976
2025-03-24,600025,val,0.05113871,0.0040386766,2020-05-08,2025-03-14,16377,1140,1,5,0.0014191115857101976
2025-03-24,600051,val,0.008920919,0.00637082,2020-05-08,2025-03-14,16377,1140,1,5,0.0014191115857101976
2025-03-24,600127,val,0.0118164895,0.0008189324,2020-05-08,2025-03-14,16377,1140,1,5,0.0014191115857101976
2025-03-24,600153,val,0.02880437,0.007247314,2020-05-08,2025-03-14,16377,1140,1,5,0.0014191115857101976
2025-03-24,600548,val,0.04080483,0.00295683,2020-05-08,2025-03-14,16377,1140,1,5,0.0014191115857101976
2025-03-24,600865,val,-0.003316843,-0.003934536,2020-05-08,2025-03-14,16377,1140,1,5,0.0014191115857101976
2025-03-24,600967,val,-0.019637018,0.0048973896,2020-05-08,2025-03-14,16377,1140,1,5,0.0014191115857101976
2025-03-24,601222,val,0.0043238224,0.008598402,2020-05-08,2025-03-14,16377,1140,1,5,0.0014191115857101976
2025-03-24,603237,val,0.00475171,0.00549493,2020-05-08,2025-03-14,16377,1140,1,5,0.0014191115857101976
2025-03-24,603335,val,-0.02168948,0.002178777,2020-05-08,2025-03-14,16377,1140,1,5,0.0014191115857101976
2025-03-24,603341,val,-0.083712965,-4.7571957e-06,2020-05-08,2025-03-14,16377,1140,1,5,0.0014191115857101976
2025-03-24,603658,val,0.0045191655,0.0026397705,2020-05-08,2025-03-14,16377,1140,1,5,0.0014191115857101976
2025-03-24,605090,val,0.0023262464,0.0052618794,2020-05-08,2025-03-14,16377,1140,1,5,0.0014191115857101976
2025-03-24,605589,val,0.007925249,0.0020423234,2020-05-08,2025-03-14,16377,1140,1,5,0.0014191115857101976
2025-03-24,688031,val,0.034499,0.013542201,2020-05-08,2025-03-14,16377,1140,1,5,0.0014191115857101976
2025-03-24,688045,val,-0.0045216773,-8.2787126e-05,2020-05-08,2025-03-14,16377,1140,1,5,0.0014191115857101976
2025-03-24,688133,val,-0.041676205,-0.015450463,2020-05-08,2025-03-14,16377,1140,1,5,0.0014191115857101976
2025-03-24,688147,val,-0.023112185,-0.009789642,2020-05-08,2025-03-14,16377,1140,1,5,0.0014191115857101976
2025-03-24,688528,val,-0.0021641355,0.00015111826,2020-05-08,2025-03-14,16377,1140,1,5,0.0014191115857101976
2025-03-25,600025,val,0.020632317,0.0028963648,2020-05-08,2025-03-14,16377,1140,1,5,0.0014191115857101976
2025-03-25,600051,val,0.010478703,0.005724825,2020-05-08,2025-03-14,16377,1140,1,5,0.0014191115857101976
2025-03-25,600127,val,0.004492738,0.000115811825,2020-05-08,2025-03-14,16377,1140,1,5,0.0014191115857101976
2025-03-25,600153,val,-0.01782922,0.0073364973,2020-05-08,2025-03-14,16377,1140,1,5,0.0014191115857101976
2025-03-25,600548,val,0.02460125,0.002440557,2020-05-08,2025-03-14,16377,1140,1,5,0.0014191115857101976
2025-03-25,600865,val,0.00022091024,-0.003991725,2020-05-08,2025-03-14,16377,1140,1,5,0.0014191115857101976
2025-03-25,600967,val,-0.026831603,0.0052016526,2020-05-08,2025-03-14,16377,1140,1,5,0.0014191115857101976
2025-03-25,601222,val,-0.0031356574,0.008371707,2020-05-08,2025-03-14,16377,1140,1,5,0.0014191115857101976
2025-03-25,603237,val,0.016553063,0.0049886145,2020-05-08,2025-03-14,16377,1140,1,5,0.0014191115857101976
2025-03-25,603335,val,-0.032091275,0.0013058595,2020-05-08,2025-03-14,16377,1140,1,5,0.0014191115857101976
2025-03-25,603341,val,-0.028710812,0.00015460886,2020-05-08,2025-03-14,16377,1140,1,5,0.0014191115857101976
2025-03-25,603658,val,0.0072155013,0.003516987,2020-05-08,2025-03-14,16377,1140,1,5,0.0014191115857101976
2025-03-25,605090,val,-0.02106196,0.0047197416,2020-05-08,2025-03-14,16377,1140,1,5,0.0014191115857101976
2025-03-25,605589,val,0.015100178,-0.0005659126,2020-05-08,2025-03-14,16377,1140,1,5,0.0014191115857101976
2025-03-25,688031,val,0.049947146,0.012460858,2020-05-08,2025-03-14,16377,1140,1,5,0.0014191115857101976
2025-03-25,688045,val,-0.0019047342,0.00016906857,2020-05-08,2025-03-14,16377,1140,1,5,0.0014191115857101976
2025-03-25,688133,val,0.005257589,-0.0115897525,2020-05-08,2025-03-14,16377,1140,1,5,0.0014191115857101976
2025-03-25,688147,val,-0.033195037,-0.0049015246,2020-05-08,2025-03-14,16377,1140,1,5,0.0014191115857101976
2025-03-25,688528,val,0.010260905,0.0008633919,2020-05-08,2025-03-14,16377,1140,1,5,0.0014191115857101976
2025-03-26,600025,val,0.022889495,0.004264701,2020-05-08,2025-03-14,16377,1140,1,5,0.0014191115857101976
2025-03-26,600051,val,-0.016202912,-0.0013842806,2020-05-08,2025-03-14,16377,1140,1,5,0.0014191115857101976
2025-03-26,600127,val,0.0054805675,0.0007162504,2020-05-08,2025-03-14,16377,1140,1,5,0.0014191115857101976
2025-03-26,600153,val,-0.016384464,0.006956488,2020-05-08,2025-03-14,16377,1140,1,5,0.0014191115857101976
2025-03-26,600548,val,0.0033783047,0.0006145127,2020-05-08,2025-03-14,16377,1140,1,5,0.0014191115857101976
2025-03-26,600865,val,-0.004644626,-0.003478052,2020-05-08,2025-03-14,16377,1140,1,5,0.0014191115857101976
2025-03-26,600967,val,-0.014557748,0.0036930144,2020-05-08,2025-03-14,16377,1140,1,5,0.0014191115857101976
2025-03-26,601222,val,-0.015162208,0.008532774,2020-05-08,2025-03-14,16377,1140,1,5,0.0014191115857101976
2025-03-26,603237,val,0.016609987,0.005346965,2020-05-08,2025-03-14,16377,1140,1,5,0.0014191115857101976
2025-03-26,603335,val,-0.041872837,0.00015094317,2020-05-08,2025-03-14,16377,1140,1,5,0.0014191115857101976
2025-03-26,603341,val,-0.034249954,-0.00033650175,2020-05-08,2025-03-14,16377,1140,1,5,0.0014191115857101976
2025-03-26,603658,val,0.018668067,0.0045724884,2020-05-08,2025-03-14,16377,1140,1,5,0.0014191115857101976
2025-03-26,605090,val,-0.002194755,0.0046466403,2020-05-08,2025-03-14,16377,1140,1,5,0.0014191115857101976
2025-03-26,605589,val,0.047817975,-0.00043709762,2020-05-08,2025-03-14,16377,1140,1,5,0.0014191115857101976
2025-03-26,688031,val,0.049184382,0.009901769,2020-05-08,2025-03-14,16377,1140,1,5,0.0014191115857101976
2025-03-26,688045,val,0.032240167,0.00039796717,2020-05-08,2025-03-14,16377,1140,1,5,0.0014191115857101976
2025-03-26,688133,val,0.009911959,-0.0065570865,2020-05-08,2025-03-14,16377,1140,1,5,0.0014191115857101976
2025-03-26,688147,val,-0.06494298,-0.009872224,2020-05-08,2025-03-14,16377,1140,1,5,0.0014191115857101976
2025-03-26,688528,val,0.0040315716,0.00064446405,2020-05-08,2025-03-14,16377,1140,1,5,0.0014191115857101976
2025-03-27,600025,val,0.051939808,0.0069743246,2020-05-08,2025-03-14,16377,1140,1,5,0.0014191115857101976
2025-03-27,600051,val,-0.008730271,-0.0008944422,2020-05-08,2025-03-14,16377,1140,1,5,0.0014191115857101976
2025-03-27,600127,val,0.033583693,0.0005041398,2020-05-08,2025-03-14,16377,1140,1,5,0.0014191115857101976
2025-03-27,600153,val,0.017571034,0.008149307,2020-05-08,2025-03-14,16377,1140,1,5,0.0014191115857101976
2025-03-27,600548,val,0.030691275,-0.001321692,2020-05-08,2025-03-14,16377,1140,1,5,0.0014191115857101976
2025-03-27,600865,val,0.012132028,-0.0037082732,2020-05-08,2025-03-14,16377,1140,1,5,0.0014191115857101976
2025-03-27,600967,val,-0.047217477,-0.0072640628,2020-05-08,2025-03-14,16377,1140,1,5,0.0014191115857101976
2025-03-27,601222,val,0.0014020621,0.008814532,2020-05-08,2025-03-14,16377,1140,1,5,0.0014191115857101976
2025-03-27,603237,val,0.028048445,0.0066184253,2020-05-08,2025-03-14,16377,1140,1,5,0.0014191115857101976
2025-03-27,603335,val,0.07160304,-0.00055142306,2020-05-08,2025-03-14,16377,1140,1,5,0.0014191115857101976
2025-03-27,603341,val,-0.04475697,0.0011703968,2020-05-08,2025-03-14,16377,1140,1,5,0.0014191115857101976
2025-03-27,603658,val,0.004346525,0.005426936,2020-05-08,2025-03-14,16377,1140,1,5,0.0014191115857101976
2025-03-27,605090,val,-0.0068277596,0.0020656884,2020-05-08,2025-03-14,16377,1140,1,5,0.0014191115857101976
2025-03-27,605589,val,-0.014499951,-0.0007763803,2020-05-08,2025-03-14,16377,1140,1,5,0.0014191115857101976
2025-03-27,688031,val,-0.0069308984,0.011565618,2020-05-08,2025-03-14,16377,1140,1,5,0.0014191115857101976
2025-03-27,688045,val,0.0033390112,0.00072293915,2020-05-08,2025-03-14,16377,1140,1,5,0.0014191115857101976
2025-03-27,688133,val,-0.05531584,-0.007962147,2020-05-08,2025-03-14,16377,1140,1,5,0.0014191115857101976
2025-03-27,688147,val,-0.075642705,-0.0047751516,2020-05-08,2025-03-14,16377,1140,1,5,0.0014191115857101976
2025-03-27,688528,val,0.0052649514,-0.00057202764,2020-05-08,2025-03-14,16377,1140,1,5,0.0014191115857101976
2025-03-28,600025,val,0.09810975,0.007881455,2020-05-08,2025-03-14,16377,1140,1,5,0.0014191115857101976
2025-03-28,600051,val,-0.0018944948,0.0014780238,2020-05-08,2025-03-14,16377,1140,1,5,0.0014191115857101976
2025-03-28,600127,val,0.15530108,-0.00030238554,2020-05-08,2025-03-14,16377,1140,1,5,0.0014191115857101976
2025-03-28,600153,val,0.035304964,0.007849075,2020-05-08,2025-03-14,16377,1140,1,5,0.0014191115857101976
2025-03-28,600548,val,0.059758805,-0.0023744516,2020-05-08,2025-03-14,16377,1140,1,5,0.0014191115857101976
2025-03-28,600865,val,0.018376684,-0.0040979143,2020-05-08,2025-03-14,16377,1140,1,5,0.0014191115857101976
2025-03-28,600967,val,-0.022168152,-0.008082343,2020-05-08,2025-03-14,16377,1140,1,5,0.0014191115857101976
2025-03-28,601222,val,-0.0076193972,0.0076738372,2020-05-08,2025-03-14,16377,1140,1,5,0.0014191115857101976
2025-03-28,603237,val,0.0314962,0.007840142,2020-05-08,2025-03-14,16377,1140,1,5,0.0014191115857101976
2025-03-28,603335,val,0.07163679,-0.0014770348,2020-05-08,2025-03-14,16377,1140,1,5,0.0014191115857101976
2025-03-28,603341,val,-0.043679707,0.00041776337,2020-05-08,2025-03-14,16377,1140,1,5,0.0014191115857101976
2025-03-28,603658,val,0.035714075,0.0058342665,2020-05-08,2025-03-14,16377,1140,1,5,0.0014191115857101976
2025-03-28,605090,val,0.010426536,0.001152128,2020-05-08,2025-03-14,16377,1140,1,5,0.0014191115857101976
2025-03-28,605589,val,-0.027046988,-0.0018085092,2020-05-08,2025-03-14,16377,1140,1,5,0.0014191115857101976
2025-03-28,688031,val,-0.09683594,0.0068417788,2020-05-08,2025-03-14,16377,1140,1,5,0.0014191115857101976
2025-03-28,688045,val,-0.043980643,-2.2742897e-05,2020-05-08,2025-03-14,16377,1140,1,5,0.0014191115857101976
2025-03-28,688133,val,-0.11363796,-0.008614894,2020-05-08,2025-03-14,16377,1140,1,5,0.0014191115857101976
2025-03-28,688147,val,-0.10454968,-0.0037229098,2020-05-08,2025-03-14,16377,1140,1,5,0.0014191115857101976
2025-03-28,688528,val,-0.05471193,-0.00031850673,2020-05-08,2025-03-14,16377,1140,1,5,0.0014191115857101976
2025-03-31,600025,val,0.092554905,0.006131567,2020-05-08,2025-03-14,16377,1140,1,5,0.0014191115857101976
2025-03-31,600051,val,-0.033993963,0.003762342,2020-05-08,2025-03-14,16377,1140,1,5,0.0014191115857101976
2025-03-31,600127,val,0.24689814,0.0015928075,2020-05-08,2025-03-14,16377,1140,1,5,0.0014191115857101976
2025-03-31,600153,val,0.049059782,0.010636922,2020-05-08,2025-03-14,16377,1140,1,5,0.0014191115857101976
2025-03-31,600548,val,0.054920197,-0.00033445284,2020-05-08,2025-03-14,16377,1140,1,5,0.0014191115857101976
2025-03-31,600865,val,0.041623034,-0.003844196,2020-05-08,2025-03-14,16377,1140,1,5,0.0014191115857101976
2025-03-31,600967,val,-0.007375849,-0.0076943636,2020-05-08,2025-03-14,16377,1140,1,5,0.0014191115857101976
2025-03-31,601222,val,-0.011829749,0.006948266,2020-05-08,2025-03-14,16377,1140,1,5,0.0014191115857101976
2025-03-31,603237,val,0.06569024,0.008385815,2020-05-08,2025-03-14,16377,1140,1,5,0.0014191115857101976
2025-03-31,603335,val,-0.013017696,-0.0034565423,2020-05-08,2025-03-14,16377,1140,1,5,0.0014191115857101976
2025-03-31,603341,val,-0.13741094,-0.0017631911,2020-05-08,2025-03-14,16377,1140,1,5,0.0014191115857101976
2025-03-31,603658,val,0.057989825,0.0050293505,2020-05-08,2025-03-14,16377,1140,1,5,0.0014191115857101976
2025-03-31,605090,val,0.011388943,0.00089516304,2020-05-08,2025-03-14,16377,1140,1,5,0.0014191115857101976
2025-03-31,605589,val,-0.09399627,-0.008154506,2020-05-08,2025-03-14,16377,1140,1,5,0.0014191115857101976
2025-03-31,688031,val,-0.11499766,0.0029259473,2020-05-08,2025-03-14,16377,1140,1,5,0.0014191115857101976
2025-03-31,688045,val,-0.059282444,0.00040026195,2020-05-08,2025-03-14,16377,1140,1,5,0.0014191115857101976
2025-03-31,688133,val,-0.040003214,-0.007036051,2020-05-08,2025-03-14,16377,1140,1,5,0.0014191115857101976
2025-03-31,688147,val,-0.07106571,0.0009679273,2020-05-08,2025-03-14,16377,1140,1,5,0.0014191115857101976
2025-03-31,688528,val,-0.037151568,0.00012750924,2020-05-08,2025-03-14,16377,1140,1,5,0.0014191115857101976
2025-04-01,600025,val,0.07776783,0.008333288,2020-05-08,2025-03-14,16377,1140,1,5,0.0014191115857101976
2025-04-01,600051,val,-0.04826738,0.0031633154,2020-05-08,2025-03-14,16377,1140,1,5,0.0014191115857101976
2025-04-01,600127,val,0.16145672,0.002536714,2020-05-08,2025-03-14,16377,1140,1,5,0.0014191115857101976
2025-04-01,600153,val,0.076287985,0.00800151,2020-05-08,2025-03-14,16377,1140,1,5,0.0014191115857101976
2025-04-01,600548,val,0.060307935,0.0023448654,2020-05-08,2025-03-14,16377,1140,1,5,0.0014191115857101976
2025-04-01,600865,val,0.055498112,-0.004702946,2020-05-08,2025-03-14,16377,1140,1,5,0.0014191115857101976
2025-04-01,600967,val,0.07073825,-0.006962981,2020-05-08,2025-03-14,16377,1140,1,5,0.0014191115857101976
2025-04-01,601222,val,-0.042074032,0.005448092,2020-05-08,2025-03-14,16377,1140,1,5,0.0014191115857101976
2025-04-01,603237,val,0.03677965,0.007016234,2020-05-08,2025-03-14,16377,1140,1,5,0.0014191115857101976
2025-04-01,603335,val,-0.02747827,-0.006118281,2020-05-08,2025-03-14,16377,1140,1,5,0.0014191115857101976
2025-04-01,603341,val,-0.12774988,-0.0050241724,2020-05-08,2025-03-14,16377,1140,1,5,0.0014191115857101976
2025-04-01,603658,val,0.022961456,0.003456872,2020-05-08,2025-03-14,16377,1140,1,5,0.0014191115857101976
2025-04-01,605090,val,-0.016772868,0.00097117014,2020-05-08,2025-03-14,16377,1140,1,5,0.0014191115857101976
2025-04-01,605589,val,-0.09160327,-0.008607928,2020-05-08,2025-03-14,16377,1140,1,5,0.0014191115857101976
2025-04-01,688031,val,-0.10339483,0.00034000538,2020-05-08,2025-03-14,16377,1140,1,5,0.0014191115857101976
2025-04-01,688045,val,-0.034695007,0.0013517849,2020-05-08,2025-03-14,16377,1140,1,5,0.0014191115857101976
2025-04-01,688133,val,-0.01758362,-0.007877486,2020-05-08,2025-03-14,16377,1140,1,5,0.0014191115857101976
2025-04-01,688147,val,-0.0067733005,0.001460351,2020-05-08,2025-03-14,16377,1140,1,5,0.0014191115857101976
2025-04-01,688528,val,-0.045405474,-0.00045008585,2020-05-08,2025-03-14,16377,1140,1,5,0.0014191115857101976
2025-04-02,600025,val,0.040703204,0.010240901,2020-05-08,2025-03-14,16377,1140,1,5,0.0014191115857101976
2025-04-02,600051,val,-0.052885197,0.004039716,2020-05-08,2025-03-14,16377,1140,1,5,0.0014191115857101976
2025-04-02,600127,val,0.2460327,0.0034008473,2020-05-08,2025-03-14,16377,1140,1,5,0.0014191115857101976
2025-04-02,600153,val,0.05313146,0.009128753,2020-05-08,2025-03-14,16377,1140,1,5,0.0014191115857101976
2025-04-02,600548,val,0.08381109,0.0036670081,2020-05-08,2025-03-14,16377,1140,1,5,0.0014191115857101976
2025-04-02,600865,val,0.06267859,-0.004459571,2020-05-08,2025-03-14,16377,1140,1,5,0.0014191115857101976
2025-04-02,600967,val,0.069218606,-0.0099321455,2020-05-08,2025-03-14,16377,1140,1,5,0.0014191115857101976
2025-04-02,601222,val,-0.052574877,0.0041186064,2020-05-08,2025-03-14,16377,1140,1,5,0.0014191115857101976
2025-04-02,603237,val,0.03617064,0.0077923536,2020-05-08,2025-03-14,16377,1140,1,5,0.0014191115857101976
2025-04-02,603335,val,-0.03789896,-0.007632995,2020-05-08,2025-03-14,16377,1140,1,5,0.0014191115857101976
2025-04-02,603341,val,-0.114384025,-0.0054768175,2020-05-08,2025-03-14,16377,1140,1,5,0.0014191115857101976
2025-04-02,603658,val,0.017573163,0.0051967613,2020-05-08,2025-03-14,16377,1140,1,5,0.0014191115857101976
2025-04-02,605090,val,-0.024691531,0.00068665296,2020-05-08,2025-03-14,16377,1140,1,5,0.0014191115857101976
2025-04-02,605589,val,-0.12129252,-0.011520807,2020-05-08,2025-03-14,16377,1140,1,5,0.0014191115857101976
2025-04-02,688031,val,-0.09193904,-0.0012194216,2020-05-08,2025-03-14,16377,1140,1,5,0.0014191115857101976
2025-04-02,688045,val,-0.0648047,-0.0050487146,2020-05-08,2025-03-14,16377,1140,1,5,0.0014191115857101976
2025-04-02,688133,val,0.031853072,-0.0044001266,2020-05-08,2025-03-14,16377,1140,1,5,0.0014191115857101976
2025-04-02,688147,val,-0.026172346,-0.0004544109,2020-05-08,2025-03-14,16377,1140,1,5,0.0014191115857101976
2025-04-02,688528,val,-0.054529328,-0.0021108687,2020-05-08,2025-03-14,16377,1140,1,5,0.0014191115857101976
2025-04-03,600025,val,0.016344571,0.009484336,2020-05-08,2025-03-14,16377,1140,1,5,0.0014191115857101976
2025-04-03,600051,val,-0.058473043,0.0041750334,2020-05-08,2025-03-14,16377,1140,1,5,0.0014191115857101976
2025-04-03,600127,val,0.13763474,-0.0004736036,2020-05-08,2025-03-14,16377,1140,1,5,0.0014191115857101976
2025-04-03,600153,val,0.0013533051,0.0069259554,2020-05-08,2025-03-14,16377,1140,1,5,0.0014191115857101976
2025-04-03,600548,val,0.0592175,0.004074525,2020-05-08,2025-03-14,16377,1140,1,5,0.0014191115857101976
2025-04-03,600865,val,0.036473956,-0.003414739,2020-05-08,2025-03-14,16377,1140,1,5,0.0014191115857101976
2025-04-03,600967,val,0.066002525,-0.011651669,2020-05-08,2025-03-14,16377,1140,1,5,0.0014191115857101976
2025-04-03,601222,val,-0.05559053,0.002969548,2020-05-08,2025-03-14,16377,1140,1,5,0.0014191115857101976
2025-04-03,603237,val,0.016909163,0.0076500885,2020-05-08,2025-03-14,16377,1140,1,5,0.0014191115857101976
2025-04-03,603335,val,-0.13012883,-0.010294799,2020-05-08,2025-03-14,16377,1140,1,5,0.0014191115857101976
2025-04-03,603341,val,-0.07756273,-0.005164083,2020-05-08,2025-03-14,16377,1140,1,5,0.0014191115857101976
2025-04-03,603658,val,0.016061187,0.0065396465,2020-05-08,2025-03-14,16377,1140,1,5,0.0014191115857101976
2025-04-03,605090,val,-0.024279756,0.00037730671,2020-05-08,2025-03-14,16377,1140,1,5,0.0014191115857101976
2025-04-03,605589,val,-0.057756767,-0.007563077,2020-05-08,2025-03-14,16377,1140,1,5,0.0014191115857101976
2025-04-03,688031,val,-0.06048363,-0.0010804608,2020-05-08,2025-03-14,16377,1140,1,5,0.0014191115857101976
2025-04-03,688045,val,0.056501452,-0.0052025057,2020-05-08,2025-03-14,16377,1140,1,5,0.0014191115857101976
2025-04-03,688133,val,0.07493716,-0.001633659,2020-05-08,2025-03-14,16377,1140,1,5,0.0014191115857101976
2025-04-03,688147,val,0.015259906,-0.00086454116,2020-05-08,2025-03-14,16377,1140,1,5,0.0014191115857101976
2025-04-03,688528,val,-0.032420177,-0.0024543945,2020-05-08,2025-03-14,16377,1140,1,5,0.0014191115857101976
2025-04-07,600025,val,-0.06861152,0.007651508,2020-05-08,2025-03-14,16377,1140,1,5,0.0014191115857101976
2025-04-07,600051,val,-0.061747555,0.0030888468,2020-05-08,2025-03-14,16377,1140,1,5,0.0014191115857101976
2025-04-07,600127,val,-0.027227169,-0.007986644,2020-05-08,2025-03-14,16377,1140,1,5,0.0014191115857101976
2025-04-07,600153,val,-0.049375553,0.0053625368,2020-05-08,2025-03-14,16377,1140,1,5,0.0014191115857101976
2025-04-07,600548,val,-0.018529426,0.0045467243,2020-05-08,2025-03-14,16377,1140,1,5,0.0014191115857101976
2025-04-07,600865,val,0.066792496,-0.0022448562,2020-05-08,2025-03-14,16377,1140,1,5,0.0014191115857101976
2025-04-07,600967,val,0.08023236,-0.010241937,2020-05-08,2025-03-14,16377,1140,1,5,0.0014191115857101976
2025-04-07,601222,val,-0.06456154,0.0021683238,2020-05-08,2025-03-14,16377,1140,1,5,0.0014191115857101976
2025-04-07,603237,val,0.027399177,0.0066853315,2020-05-08,2025-03-14,16377,1140,1,5,0.0014191115857101976
2025-04-07,603335,val,-0.113265336,-0.005009316,2020-05-08,2025-03-14,16377,1140,1,5,0.0014191115857101976
2025-04-07,603341,val,-0.05413609,-0.005040502,2020-05-08,2025-03-14,16377,1140,1,5,0.0014191115857101976
2025-04-07,603658,val,-0.043878615,0.004472293,2020-05-08,2025-03-14,16377,1140,1,5,0.0014191115857101976
2025-04-07,605090,val,-0.03593604,0.0009708479,2020-05-08,2025-03-14,16377,1140,1,5,0.0014191115857101976
2025-04-07,605589,val,-0.080069765,-0.0037618745,2020-05-08,2025-03-14,16377,1140,1,5,0.0014191115857101976
2025-04-07,688031,val,0.04516347,0.0006614104,2020-05-08,2025-03-14,16377,1140,1,5,0.0014191115857101976
2025-04-07,688045,val,0.13811287,-0.004332153,2020-05-08,2025-03-14,16377,1140,1,5,0.0014191115857101976
2025-04-07,688133,val,0.16309136,0.00020794943,2020-05-08,2025-03-14,16377,1140,1,5,0.0014191115857101976
2025-04-07,688147,val,0.06429971,-0.0003228765,2020-05-08,2025-03-14,16377,1140,1,5,0.0014191115857101976
2025-04-07,688528,val,0.032247156,-0.0016642548,2020-05-08,2025-03-14,16377,1140,1,5,0.0014191115857101976
2025-04-08,600025,val,-0.08446838,0.007885102,2020-05-08,2025-03-14,16377,1140,1,5,0.0014191115857101976
2025-04-08,600051,val,-0.005145748,0.0015741065,2020-05-08,2025-03-14,16377,1140,1,5,0.0014191115857101976
2025-04-08,600127,val,-0.09815144,-0.011340713,2020-05-08,2025-03-14,16377,1140,1,5,0.0014191115857101976
2025-04-08,600153,val,-0.07992691,0.00479874,2020-05-08,2025-03-14,16377,1140,1,5,0.0014191115857101976
2025-04-08,600548,val,-0.045266505,0.0034628436,2020-05-08,2025-03-14,16377,1140,1,5,0.0014191115857101976
2025-04-08,600865,val,0.018770132,-0.0015866607,2020-05-08,2025-03-14,16377,1140,1,5,0.0014191115857101976
2025-04-08,600967,val,0.069672234,-0.009890245,2020-05-08,2025-03-14,16377,1140,1,5,0.0014191115857101976
2025-04-08,601222,val,-0.061697137,0.0012740679,2020-05-08,2025-03-14,16377,1140,1,5,0.0014191115857101976
2025-04-08,603237,val,0.014246211,0.0065055415,2020-05-08,2025-03-14,16377,1140,1,5,0.0014191115857101976
2025-04-08,603335,val,0.10204369,-0.0012153964,2020-05-08,2025-03-14,16377,1140,1,5,0.0014191115857101976
2025-04-08,603341,val,0.050390378,-0.0004980862,2020-05-08,2025-03-14,16377,1140,1,5,0.0014191115857101976
2025-04-08,603658,val,-0.06076996,0.0045023635,2020-05-08,2025-03-14,16377,1140,1,5,0.0014191115857101976
2025-04-08,605090,val,-0.047109924,0.0010556541,2020-05-08,2025-03-14,16377,1140,1,5,0.0014191115857101976
2025-04-08,605589,val,-0.025890179,-0.0013254918,2020-05-08,2025-03-14,16377,1140,1,5,0.0014191115857101976
2025-04-08,688031,val,0.0012375172,0.0010811426,2020-05-08,2025-03-14,16377,1140,1,5,0.0014191115857101976
2025-04-08,688045,val,0.13709494,-0.0037616491,2020-05-08,2025-03-14,16377,1140,1,5,0.0014191115857101976
2025-04-08,688133,val,0.093519635,-0.00050669163,2020-05-08,2025-03-14,16377,1140,1,5,0.0014191115857101976
2025-04-08,688147,val,0.028006062,-0.0012675803,2020-05-08,2025-03-14,16377,1140,1,5,0.0014191115857101976
2025-04-08,688528,val,-0.006554615,-0.0017492305,2020-05-08,2025-03-14,16377,1140,1,5,0.0014191115857101976
2025-04-09,600025,val,-0.047546614,0.008081473,2020-05-08,2025-03-14,16377,1140,1,5,0.0014191115857101976
2025-04-09,600051,val,-0.006935951,-4.7359616e-05,2020-05-08,2025-03-14,16377,1140,1,5,0.0014191115857101976
2025-04-09,600127,val,-0.060242932,-0.008052843,2020-05-08,2025-03-14,16377,1140,1,5,0.0014191115857101976
2025-04-09,600153,val,-0.043123975,0.0052920654,2020-05-08,2025-03-14,16377,1140,1,5,0.0014191115857101976
2025-04-09,600548,val,-0.02584579,0.0039254203,2020-05-08,2025-03-14,16377,1140,1,5,0.0014191115857101976
2025-04-09,600865,val,0.0146929035,-0.001361344,2020-05-08,2025-03-14,16377,1140,1,5,0.0014191115857101976
2025-04-09,600967,val,-0.03194547,-0.012506761,2020-05-08,2025-03-14,16377,1140,1,5,0.0014191115857101976
2025-04-09,601222,val,-0.031997196,-1.873821e-06,2020-05-08,2025-03-14,16377,1140,1,5,0.0014191115857101976
2025-04-09,603237,val,0.032338254,0.0046967044,2020-05-08,2025-03-14,16377,1140,1,5,0.0014191115857101976
2025-04-09,603335,val,0.0849152,-0.00021027029,2020-05-08,2025-03-14,16377,1140,1,5,0.0014191115857101976
2025-04-09,603341,val,0.021240443,0.0015280787,2020-05-08,2025-03-14,16377,1140,1,5,0.0014191115857101976
2025-04-09,603658,val,-0.03662828,0.004286181,2020-05-08,2025-03-14,16377,1140,1,5,0.0014191115857101976
2025-04-09,605090,val,0.004833782,0.00083756074,2020-05-08,2025-03-14,16377,1140,1,5,0.0014191115857101976
2025-04-09,605589,val,-0.034393135,-0.0006446317,2020-05-08,2025-03-14,16377,1140,1,5,0.0014191115857101976
2025-04-09,688031,val,-0.047690943,0.0014422908,2020-05-08,2025-03-14,16377,1140,1,5,0.0014191115857101976
2025-04-09,688045,val,0.21377932,-0.0029450096,2020-05-08,2025-03-14,16377,1140,1,5,0.0014191115857101976
2025-04-09,688133,val,0.04548614,-0.001755178,2020-05-08,2025-03-14,16377,1140,1,5,0.0014191115857101976
2025-04-09,688147,val,-0.021048851,-0.0044509172,2020-05-08,2025-03-14,16377,1140,1,5,0.0014191115857101976
2025-04-09,688528,val,-0.029886892,-0.0017733946,2020-05-08,2025-03-14,16377,1140,1,5,0.0014191115857101976
2025-04-10,600025,val,-0.016740374,0.009092394,2020-05-08,2025-03-14,16377,1140,1,5,0.0014191115857101976
2025-04-10,600051,val,0.0061598932,-0.00071084127,2020-05-08,2025-03-14,16377,1140,1,5,0.0014191115857101976
2025-04-10,600127,val,-0.13614932,-0.009036237,2020-05-08,2025-03-14,16377,1140,1,5,0.0014191115857101976
2025-04-10,600153,val,-0.031380434,0.00742257,2020-05-08,2025-03-14,16377,1140,1,5,0.0014191115857101976
2025-04-10,600548,val,-0.05832557,0.004650533,2020-05-08,2025-03-14,16377,1140,1,5,0.0014191115857101976
2025-04-10,600865,val,0.021172244,-0.0008953586,2020-05-08,2025-03-14,16377,1140,1,5,0.0014191115857101976
2025-04-10,600967,val,-0.036705382,-0.015424252,2020-05-08,2025-03-14,16377,1140,1,5,0.0014191115857101976
2025-04-10,601222,val,-0.021684963,-0.0003318563,2020-05-08,2025-03-14,16377,1140,1,5,0.0014191115857101976
2025-04-10,603237,val,0.12788457,0.005236946,2020-05-08,2025-03-14,16377,1140,1,5,0.0014191115857101976
2025-04-10,603335,val,0.047704328,-0.0010181107,2020-05-08,2025-03-14,16377,1140,1,5,0.0014191115857101976
2025-04-10,603341,val,-0.007441051,0.0019257925,2020-05-08,2025-03-14,16377,1140,1,5,0.0014191115857101976
2025-04-10,603658,val,-0.03238151,0.004139792,2020-05-08,2025-03-14,16377,1140,1,5,0.0014191115857101976
2025-04-10,605090,val,-0.0033390124,0.00058345683,2020-05-08,2025-03-14,16377,1140,1,5,0.0014191115857101976
2025-04-10,605589,val,0.00013178027,0.00012284517,2020-05-08,2025-03-14,16377,1140,1,5,0.0014191115857101976
2025-04-10,688031,val,-0.07916727,0.0003984347,2020-05-08,2025-03-14,16377,1140,1,5,0.0014191115857101976
2025-04-10,688045,val,0.20778827,-0.0033555068,2020-05-08,2025-03-14,16377,1140,1,5,0.0014191115857101976
2025-04-10,688133,val,0.033199314,-0.0058325604,2020-05-08,2025-03-14,16377,1140,1,5,0.0014191115857101976
2025-04-10,688147,val,-0.010472468,-0.0059801117,2020-05-08,2025-03-14,16377,1140,1,5,0.0014191115857101976
2025-04-10,688528,val,-0.010253065,-0.0017395243,2020-05-08,2025-03-14,16377,1140,1,5,0.0014191115857101976
2025-04-11,600025,val,-0.011626522,0.008280229,2020-05-08,2025-03-14,16377,1140,1,5,0.0014191115857101976
2025-04-11,600051,val,0.016206102,-0.00088272244,2020-05-08,2025-03-14,16377,1140,1,5,0.0014191115857101976
2025-04-11,600127,val,-0.10131121,-0.0043414347,2020-05-08,2025-03-14,16377,1140,1,5,0.0014191115857101976
2025-04-11,600153,val,0.01280779,0.0071229152,2020-05-08,2025-03-14,16377,1140,1,5,0.0014191115857101976
2025-04-11,600548,val,-0.04400097,0.00573634,2020-05-08,2025-03-14,16377,1140,1,5,0.0014191115857101976
2025-04-11,600865,val,0.14501253,0.00044621155,2020-05-08,2025-03-14,16377,1140,1,5,0.0014191115857101976
2025-04-11,600967,val,-0.025560908,-0.012760518,2020-05-08,2025-03-14,16377,1140,1,5,0.0014191115857101976
2025-04-11,601222,val,-0.0066108825,-0.0007224418,2020-05-08,2025-03-14,16377,1140,1,5,0.0014191115857101976
2025-04-11,603237,val,0.07381269,0.006920144,2020-05-08,2025-03-14,16377,1140,1,5,0.0014191115857101976
2025-04-11,603335,val,0.04076148,-0.004281938,2020-05-08,2025-03-14,16377,1140,1,5,0.0014191115857101976
2025-04-11,603341,val,0.006403278,0.0017009899,2020-05-08,2025-03-14,16377,1140,1,5,0.0014191115857101976
2025-04-11,603658,val,-0.06960225,0.004730195,2020-05-08,2025-03-14,16377,1140,1,5,0.0014191115857101976
2025-04-11,605090,val,0.036678646,-8.1215054e-05,2020-05-08,2025-03-14,16377,1140,1,5,0.0014191115857101976
2025-04-11,605589,val,-0.03050883,0.00014065206,2020-05-08,2025-03-14,16377,1140,1,5,0.0014191115857101976
2025-04-11,688031,val,-0.08998955,-0.00036962703,2020-05-08,2025-03-14,16377,1140,1,5,0.0014191115857101976
2025-04-11,688045,val,0.061139252,-0.009627324,2020-05-08,2025-03-14,16377,1140,1,5,0.0014191115857101976
2025-04-11,688133,val,0.029992854,-0.009496916,2020-05-08,2025-03-14,16377,1140,1,5,0.0014191115857101976
2025-04-11,688147,val,-0.038073838,-0.008195452,2020-05-08,2025-03-14,16377,1140,1,5,0.0014191115857101976
2025-04-11,688528,val,-0.0055296742,-0.0017678477,2020-05-08,2025-03-14,16377,1140,1,5,0.0014191115857101976
2025-04-14,600025,val,-0.031426724,0.007456973,2020-05-08,2025-03-14,16377,1140,1,5,0.0014191115857101976
2025-04-14,600051,val,0.0074841133,0.00024351291,2020-05-08,2025-03-14,16377,1140,1,5,0.0014191115857101976
2025-04-14,600127,val,-0.10579772,-0.0004727356,2020-05-08,2025-03-14,16377,1140,1,5,0.0014191115857101976
2025-04-14,600153,val,0.0029517135,0.006438896,2020-05-08,2025-03-14,16377,1140,1,5,0.0014191115857101976
2025-04-14,600548,val,-0.048048645,0.005704589,2020-05-08,2025-03-14,16377,1140,1,5,0.0014191115857101976
2025-04-14,600865,val,0.2123677,0.0008931272,2020-05-08,2025-03-14,16377,1140,1,5,0.0014191115857101976
2025-04-14,600967,val,-0.025696386,-0.008805208,2020-05-08,2025-03-14,16377,1140,1,5,0.0014191115857101976
2025-04-14,601222,val,-0.018227583,-0.0013661459,2020-05-08,2025-03-14,16377,1140,1,5,0.0014191115857101976
2025-04-14,603237,val,0.13739379,0.003036946,2020-05-08,2025-03-14,16377,1140,1,5,0.0014191115857101976
2025-04-14,603335,val,-0.009636191,-0.005636124,2020-05-08,2025-03-14,16377,1140,1,5,0.0014191115857101976
2025-04-14,603341,val,-0.03248694,0.00060230866,2020-05-08,2025-03-14,16377,1140,1,5,0.0014191115857101976
2025-04-14,603658,val,-0.076448485,0.004746549,2020-05-08,2025-03-14,16377,1140,1,5,0.0014191115857101976
2025-04-14,605090,val,0.0015016599,-0.0006620027,2020-05-08,2025-03-14,16377,1140,1,5,0.0014191115857101976
2025-04-14,605589,val,-0.010011249,-0.00085817464,2020-05-08,2025-03-14,16377,1140,1,5,0.0014191115857101976
2025-04-14,688031,val,-0.018408952,0.00028800964,2020-05-08,2025-03-14,16377,1140,1,5,0.0014191115857101976
2025-04-14,688045,val,0.042316794,-0.0069727246,2020-05-08,2025-03-14,16377,1140,1,5,0.0014191115857101976
2025-04-14,688133,val,0.049138434,-0.004163027,2020-05-08,2025-03-14,16377,1140,1,5,0.0014191115857101976
2025-04-14,688147,val,-0.052139256,-0.00723546,2020-05-08,2025-03-14,16377,1140,1,5,0.0014191115857101976
2025-04-14,688528,val,-0.024826065,-0.0009447187,2020-05-08,2025-03-14,16377,1140,1,5,0.0014191115857101976
2025-04-15,600025,val,-0.023125233,0.006367013,2020-05-08,2025-03-14,16377,1140,1,5,0.0014191115857101976
2025-04-15,600051,val,0.008974434,0.0014944244,2020-05-08,2025-03-14,16377,1140,1,5,0.0014191115857101976
2025-04-15,600127,val,-0.08805519,0.000348866,2020-05-08,2025-03-14,16377,1140,1,5,0.0014191115857101976
2025-04-15,600153,val,0.027377576,0.005019255,2020-05-08,2025-03-14,16377,1140,1,5,0.0014191115857101976
2025-04-15,600548,val,-0.048826568,0.0037442967,2020-05-08,2025-03-14,16377,1140,1,5,0.0014191115857101976
2025-04-15,600865,val,0.33829305,0.0014024377,2020-05-08,2025-03-14,16377,1140,1,5,0.0014191115857101976
2025-04-15,600967,val,-0.0166375,-0.0045310333,2020-05-08,2025-03-14,16377,1140,1,5,0.0014191115857101976
2025-04-15,601222,val,-0.020903997,-0.0019703098,2020-05-08,2025-03-14,16377,1140,1,5,0.0014191115857101976
2025-04-15,603237,val,0.057845745,-0.0057357624,2020-05-08,2025-03-14,16377,1140,1,5,0.0014191115857101976
2025-04-15,603335,val,-0.10209885,-0.005377669,2020-05-08,2025-03-14,16377,1140,1,5,0.0014191115857101976
2025-04-15,603341,val,-0.026915988,-0.00060460716,2020-05-08,2025-03-14,16377,1140,1,5,0.0014191115857101976
2025-04-15,603658,val,-0.07772491,0.0036833882,2020-05-08,2025-03-14,16377,1140,1,5,0.0014191115857101976
2025-04-15,605090,val,0.008199312,-0.0009260047,2020-05-08,2025-03-14,16377,1140,1,5,0.0014191115857101976
2025-04-15,605589,val,-0.02795974,-0.0010120012,2020-05-08,2025-03-14,16377,1140,1,5,0.0014191115857101976
2025-04-15,688031,val,-0.0184781,0.0012533646,2020-05-08,2025-03-14,16377,1140,1,5,0.0014191115857101976
2025-04-15,688045,val,0.023606777,-0.0013419501,2020-05-08,2025-03-14,16377,1140,1,5,0.0014191115857101976
2025-04-15,688133,val,0.05406723,-0.00092268176,2020-05-08,2025-03-14,16377,1140,1,5,0.0014191115857101976
2025-04-15,688147,val,-0.037975885,-0.005087428,2020-05-08,2025-03-14,16377,1140,1,5,0.0014191115857101976
2025-04-15,688528,val,-0.02966215,0.0010218825,2020-05-08,2025-03-14,16377,1140,1,5,0.0014191115857101976
2025-04-16,600025,val,-0.040996604,0.0041889884,2020-05-08,2025-03-14,16377,1140,1,5,0.0014191115857101976
2025-04-16,600051,val,0.04169744,0.0010931641,2020-05-08,2025-03-14,16377,1140,1,5,0.0014191115857101976
2025-04-16,600127,val,-0.064813666,0.0013366509,2020-05-08,2025-03-14,16377,1140,1,5,0.0014191115857101976
2025-04-16,600153,val,-0.014710624,0.003585577,2020-05-08,2025-03-14,16377,1140,1,5,0.0014191115857101976
2025-04-16,600548,val,-0.07056369,0.0021043122,2020-05-08,2025-03-14,16377,1140,1,5,0.0014191115857101976
2025-04-16,600865,val,0.22183819,0.0043411106,2020-05-08,2025-03-14,16377,1140,1,5,0.0014191115857101976
2025-04-16,600967,val,-0.00043445764,-0.0008600969,2020-05-08,2025-03-14,16377,1140,1,5,0.0014191115857101976
2025-04-16,601222,val,-0.0028484722,-0.0020385124,2020-05-08,2025-03-14,16377,1140,1,5,0.0014191115857101976
2025-04-16,603237,val,0.0036142129,-0.0057898834,2020-05-08,2025-03-14,16377,1140,1,5,0.0014191115857101976
2025-04-16,603335,val,-0.049464583,-0.004485078,2020-05-08,2025-03-14,16377,1140,1,5,0.0014191115857101976
2025-04-16,603341,val,0.012460122,-0.0027016718,2020-05-08,2025-03-14,16377,1140,1,5,0.0014191115857101976
2025-04-16,603658,val,-0.07051943,0.0024138838,2020-05-08,2025-03-14,16377,1140,1,5,0.0014191115857101976
2025-04-16,605090,val,-0.0075766975,-0.000300847,2020-05-08,2025-03-14,16377,1140,1,5,0.0014191115857101976
2025-04-16,605589,val,0.022756448,-0.0016491972,2020-05-08,2025-03-14,16377,1140,1,5,0.0014191115857101976
2025-04-16,688031,val,0.02373395,0.002625592,2020-05-08,2025-03-14,16377,1140,1,5,0.0014191115857101976
2025-04-16,688045,val,-0.052194748,-0.00977646,2020-05-08,2025-03-14,16377,1140,1,5,0.0014191115857101976
2025-04-16,688133,val,0.050117303,0.0008184444,2020-05-08,2025-03-14,16377,1140,1,5,0.0014191115857101976
2025-04-16,688147,val,-0.030976122,-0.0030301958,2020-05-08,2025-03-14,16377,1140,1,5,0.0014191115857101976
2025-04-16,688528,val,0.028881434,0.0017738938,2020-05-08,2025-03-14,16377,1140,1,5,0.0014191115857101976
2025-04-17,600025,val,-0.016657082,0.0039535314,2020-05-08,2025-03-14,16377,1140,1,5,0.0014191115857101976
2025-04-17,600051,val,0.14804904,0.0013009794,2020-05-08,2025-03-14,16377,1140,1,5,0.0014191115857101976
2025-04-17,600127,val,-0.059758052,0.00067074783,2020-05-08,2025-03-14,16377,1140,1,5,0.0014191115857101976
2025-04-17,600153,val,0.015129167,0.003416039,2020-05-08,2025-03-14,16377,1140,1,5,0.0014191115857101976
2025-04-17,600548,val,-0.03383976,0.0013319906,2020-05-08,2025-03-14,16377,1140,1,5,0.0014191115857101976
2025-04-17,600865,val,0.13416857,0.0038056746,2020-05-08,2025-03-14,16377,1140,1,5,0.0014191115857101976
2025-04-17,600967,val,-0.019309366,-0.0007787142,2020-05-08,2025-03-14,16377,1140,1,5,0.0014191115857101976
2025-04-17,601222,val,0.013722045,-0.0019295905,2020-05-08,2025-03-14,16377,1140,1,5,0.0014191115857101976
2025-04-17,603237,val,-0.061638787,-0.016279325,2020-05-08,2025-03-14,16377,1140,1,5,0.0014191115857101976
2025-04-17,603335,val,0.09200748,-0.0011644624,2020-05-08,2025-03-14,16377,1140,1,5,0.0014191115857101976
2025-04-17,603341,val,0.015352655,-0.0042569563,2020-05-08,2025-03-14,16377,1140,1,5,0.0014191115857101976
2025-04-17,603658,val,-0.080415495,0.0018467605,2020-05-08,2025-03-14,16377,1140,1,5,0.0014191115857101976
2025-04-17,605090,val,0.010135957,0.00024604797,2020-05-08,2025-03-14,16377,1140,1,5,0.0014191115857101976
2025-04-17,605589,val,-0.024296004,-0.0021479316,2020-05-08,2025-03-14,16377,1140,1,5,0.0014191115857101976
2025-04-17,688031,val,0.010269666,0.0030273423,2020-05-08,2025-03-14,16377,1140,1,5,0.0014191115857101976
2025-04-17,688045,val,-0.094713904,-0.010922024,2020-05-08,2025-03-14,16377,1140,1,5,0.0014191115857101976
2025-04-17,688133,val,-0.028088031,0.00014391169,2020-05-08,2025-03-14,16377,1140,1,5,0.0014191115857101976
2025-04-17,688147,val,-0.03008307,-0.0011723153,2020-05-08,2025-03-14,16377,1140,1,5,0.0014191115857101976
2025-04-17,688528,val,0.009964963,0.002058871,2020-05-08,2025-03-14,16377,1140,1,5,0.0014191115857101976
2025-04-18,600025,val,-0.0025411192,0.003596466,2020-05-08,2025-03-14,16377,1140,1,5,0.0014191115857101976
2025-04-18,600051,val,0.2559788,0.0013741814,2020-05-08,2025-03-14,16377,1140,1,5,0.0014191115857101976
2025-04-18,600127,val,-0.036786202,-0.002447158,2020-05-08,2025-03-14,16377,1140,1,5,0.0014191115857101976
2025-04-18,600153,val,0.005939057,0.0037864558,2020-05-08,2025-03-14,16377,1140,1,5,0.0014191115857101976
2025-04-18,600548,val,-0.03629294,0.0007109232,2020-05-08,2025-03-14,16377,1140,1,5,0.0014191115857101976
2025-04-18,600865,val,-0.077592686,0.0011265837,2020-05-08,2025-03-14,16377,1140,1,5,0.0014191115857101976
2025-04-18,600967,val,-0.03873894,0.00054626167,2020-05-08,2025-03-14,16377,1140,1,5,0.0014191115857101976
2025-04-18,601222,val,0.017290676,-0.0013459101,2020-05-08,2025-03-14,16377,1140,1,5,0.0014191115857101976
2025-04-18,603237,val,0.0356226,-0.016477674,2020-05-08,2025-03-14,16377,1140,1,5,0.0014191115857101976
2025-04-18,603335,val,0.058828503,0.00095951185,2020-05-08,2025-03-14,16377,1140,1,5,0.0014191115857101976
2025-04-18,603341,val,-0.006782991,-0.003644755,2020-05-08,2025-03-14,16377,1140,1,5,0.0014191115857101976
2025-04-18,603658,val,-0.041002087,0.0015385225,2020-05-08,2025-03-14,16377,1140,1,5,0.0014191115857101976
2025-04-18,605090,val,-0.024884734,0.0016285777,2020-05-08,2025-03-14,16377,1140,1,5,0.0014191115857101976
2025-04-18,605589,val,-0.0049119624,-0.0022255834,2020-05-08,2025-03-14,16377,1140,1,5,0.0014191115857101976
2025-04-18,688031,val,0.033181313,0.0025439188,2020-05-08,2025-03-14,16377,1140,1,5,0.0014191115857101976
2025-04-18,688045,val,-0.0809249,-0.0029789452,2020-05-08,2025-03-14,16377,1140,1,5,0.0014191115857101976
2025-04-18,688133,val,-0.035288125,0.0031315088,2020-05-08,2025-03-14,16377,1140,1,5,0.0014191115857101976
2025-04-18,688147,val,-0.021846846,0.0006578304,2020-05-08,2025-03-14,16377,1140,1,5,0.0014191115857101976
2025-04-18,688528,val,0.00075257686,0.0025663301,2020-05-08,2025-03-14,16377,1140,1,5,0.0014191115857101976
2025-04-21,600025,val,0.057206046,0.002418127,2020-05-08,2025-03-14,16377,1140,1,5,0.0014191115857101976
2025-04-21,600051,val,0.25162318,0.0017998777,2020-05-08,2025-03-14,16377,1140,1,5,0.0014191115857101976
2025-04-21,600127,val,-0.021201221,-0.004033964,2020-05-08,2025-03-14,16377,1140,1,5,0.0014191115857101976
2025-04-21,600153,val,0.027455365,0.005468525,2020-05-08,2025-03-14,16377,1140,1,5,0.0014191115857101976
2025-04-21,600548,val,0.0029013671,-0.00010395795,2020-05-08,2025-03-14,16377,1140,1,5,0.0014191115857101976
2025-04-21,600865,val,-0.16787228,0.00020778179,2020-05-08,2025-03-14,16377,1140,1,5,0.0014191115857101976
2025-04-21,600967,val,-0.012912529,-0.00020178035,2020-05-08,2025-03-14,16377,1140,1,5,0.0014191115857101976
2025-04-21,601222,val,-0.05857757,-0.0006829798,2020-05-08,2025-03-14,16377,1140,1,5,0.0014191115857101976
2025-04-21,603237,val,-0.07475842,-0.022642376,2020-05-08,2025-03-14,16377,1140,1,5,0.0014191115857101976
2025-04-21,603335,val,0.013458825,0.0021625236,2020-05-08,2025-03-14,16377,1140,1,5,0.0014191115857101976
2025-04-21,603341,val,0.016387684,-0.002148144,2020-05-08,2025-03-14,16377,1140,1,5,0.0014191115857101976
2025-04-21,603658,val,-0.0033265832,0.00015400164,2020-05-08,2025-03-14,16377,1140,1,5,0.0014191115857101976
2025-04-21,605090,val,0.0014827014,0.0017446317,2020-05-08,2025-03-14,16377,1140,1,5,0.0014191115857101976
2025-04-21,605589,val,-0.0014238791,-0.0016606674,2020-05-08,2025-03-14,16377,1140,1,5,0.0014191115857101976
2025-04-21,688031,val,0.019934135,0.001764752,2020-05-08,2025-03-14,16377,1140,1,5,0.0014191115857101976
2025-04-21,688045,val,-0.048755787,0.005185567,2020-05-08,2025-03-14,16377,1140,1,5,0.0014191115857101976
2025-04-21,688133,val,-0.016579224,0.0038624667,2020-05-08,2025-03-14,16377,1140,1,5,0.0014191115857101976
2025-04-21,688147,val,-0.011713805,0.002031535,2020-05-08,2025-03-14,16377,1140,1,5,0.0014191115857101976
2025-04-21,688528,val,0.026671974,0.0035861991,2020-05-08,2025-03-14,16377,1140,1,5,0.0014191115857101976
2025-04-22,600025,test,0.037922755,0.0014776029,2020-05-08,2025-03-14,16377,1140,1,5,0.0014191115857101976
2025-04-22,600051,test,0.10247727,0.002549041,2020-05-08,2025-03-14,16377,1140,1,5,0.0014191115857101976
2025-04-22,600127,test,-0.020766716,-0.00593682,2020-05-08,2025-03-14,16377,1140,1,5,0.0014191115857101976
2025-04-22,600153,test,0.013339033,0.004619818,2020-05-08,2025-03-14,16377,1140,1,5,0.0014191115857101976
2025-04-22,600548,test,0.0026771545,-0.0014409106,2020-05-08,2025-03-14,16377,1140,1,5,0.0014191115857101976
2025-04-22,600865,test,-0.25625917,-0.005268719,2020-05-08,2025-03-14,16377,1140,1,5,0.0014191115857101976
2025-04-22,600967,test,-0.006246313,0.002612248,2020-05-08,2025-03-14,16377,1140,1,5,0.0014191115857101976
2025-04-22,601222,test,-0.089910634,-2.0394102e-05,2020-05-08,2025-03-14,16377,1140,1,5,0.0014191115857101976
2025-04-22,603237,test,-0.062247697,-0.015098531,2020-05-08,2025-03-14,16377,1140,1,5,0.0014191115857101976
2025-04-22,603335,test,0.10488429,0.0012568738,2020-05-08,2025-03-14,16377,1140,1,5,0.0014191115857101976
2025-04-22,603341,test,0.046613883,-0.0016333237,2020-05-08,2025-03-14,16377,1140,1,5,0.0014191115857101976
2025-04-22,603658,test,-0.015928557,0.00018474087,2020-05-08,2025-03-14,16377,1140,1,5,0.0014191115857101976
2025-04-22,605090,test,-0.011149947,0.0026331097,2020-05-08,2025-03-14,16377,1140,1,5,0.0014191115857101976
2025-04-22,605589,test,0.007603614,-0.0011514425,2020-05-08,2025-03-14,16377,1140,1,5,0.0014191115857101976
2025-04-22,688031,test,0.04180523,0.000504002,2020-05-08,2025-03-14,16377,1140,1,5,0.0014191115857101976
2025-04-22,688045,test,-0.0154450275,0.009712577,2020-05-08,2025-03-14,16377,1140,1,5,0.0014191115857101976
2025-04-22,688133,test,-0.021070886,0.00046303868,2020-05-08,2025-03-14,16377,1140,1,5,0.0014191115857101976
2025-04-22,688147,test,0.08949326,0.0028389096,2020-05-08,2025-03-14,16377,1140,1,5,0.0014191115857101976
2025-04-22,688528,test,0.05220847,0.0032512173,2020-05-08,2025-03-14,16377,1140,1,5,0.0014191115857101976
2025-04-23,600025,test,0.042136755,0.0015605614,2020-05-08,2025-03-14,16377,1140,1,5,0.0014191115857101976
2025-04-23,600051,test,-0.0038906897,0.0015876815,2020-05-08,2025-03-14,16377,1140,1,5,0.0014191115857101976
2025-04-23,600127,test,-0.0065750107,-0.0070115104,2020-05-08,2025-03-14,16377,1140,1,5,0.0014191115857101976
2025-04-23,600153,test,-0.00030067458,0.0059991516,2020-05-08,2025-03-14,16377,1140,1,5,0.0014191115857101976
2025-04-23,600548,test,0.021560926,-0.002258055,2020-05-08,2025-03-14,16377,1140,1,5,0.0014191115857101976
2025-04-23,600865,test,-0.21283473,-0.013676204,2020-05-08,2025-03-14,16377,1140,1,5,0.0014191115857101976
2025-04-23,600967,test,0.01827546,0.0037561506,2020-05-08,2025-03-14,16377,1140,1,5,0.0014191115857101976
2025-04-23,601222,test,-0.10564193,0.0011063777,2020-05-08,2025-03-14,16377,1140,1,5,0.0014191115857101976
2025-04-23,603237,test,0.009752761,-0.004404094,2020-05-08,2025-03-14,16377,1140,1,5,0.0014191115857101976
2025-04-23,603335,test,0.10473854,0.0008107275,2020-05-08,2025-03-14,16377,1140,1,5,0.0014191115857101976
2025-04-23,603341,test,0.04342249,0.0007628072,2020-05-08,2025-03-14,16377,1140,1,5,0.0014191115857101976
2025-04-23,603658,test,-0.028774522,-0.00092882663,2020-05-08,2025-03-14,16377,1140,1,5,0.0014191115857101976
2025-04-23,605090,test,-0.009470285,0.003619969,2020-05-08,2025-03-14,16377,1140,1,5,0.0014191115857101976
2025-04-23,605589,test,0.047606576,-0.00055854395,2020-05-08,2025-03-14,16377,1140,1,5,0.0014191115857101976
2025-04-23,688031,test,0.11169292,-0.00034853444,2020-05-08,2025-03-14,16377,1140,1,5,0.0014191115857101976
2025-04-23,688045,test,-0.07997456,0.010429248,2020-05-08,2025-03-14,16377,1140,1,5,0.0014191115857101976
2025-04-23,688133,test,-0.079419434,0.0033295006,2020-05-08,2025-03-14,16377,1140,1,5,0.0014191115857101976
2025-04-23,688147,test,0.08671036,0.0026607811,2020-05-08,2025-03-14,16377,1140,1,5,0.0014191115857101976
2025-04-23,688528,test,0.04098504,0.0034083314,2020-05-08,2025-03-14,16377,1140,1,5,0.0014191115857101976
2025-04-24,600025,test,0.0046415143,0.002443917,2020-05-08,2025-03-14,16377,1140,1,5,0.0014191115857101976
2025-04-24,600051,test,-0.084668376,-0.009884626,2020-05-08,2025-03-14,16377,1140,1,5,0.0014191115857101976
2025-04-24,600127,test,-0.005348674,-0.0083509665,2020-05-08,2025-03-14,16377,1140,1,5,0.0014191115857101976
2025-04-24,600153,test,-0.037084553,0.0072478205,2020-05-08,2025-03-14,16377,1140,1,5,0.0014191115857101976
2025-04-24,600548,test,-0.0034537697,-0.0022018142,2020-05-08,2025-03-14,16377,1140,1,5,0.0014191115857101976
2025-04-24,600865,test,-0.16335306,-0.009096023,2020-05-08,2025-03-14,16377,1140,1,5,0.0014191115857101976
2025-04-24,600967,test,0.05179309,0.0033843853,2020-05-08,2025-03-14,16377,1140,1,5,0.0014191115857101976
2025-04-24,601222,test,-0.13239633,0.0023693964,2020-05-08,2025-03-14,16377,1140,1,5,0.0014191115857101976
2025-04-24,603237,test,-0.008839383,-0.0006512292,2020-05-08,2025-03-14,16377,1140,1,5,0.0014191115857101976
2025-04-24,603335,test,0.08063486,-0.0020315684,2020-05-08,2025-03-14,16377,1140,1,5,0.0014191115857101976
2025-04-24,603341,test,0.053476956,0.0023904592,2020-05-08,2025-03-14,16377,1140,1,5,0.0014191115857101976
2025-04-24,603658,test,-0.023448564,-0.0013755988,2020-05-08,2025-03-14,16377,1140,1,5,0.0014191115857101976
2025-04-24,605090,test,-0.017360685,0.004564844,2020-05-08,2025-03-14,16377,1140,1,5,0.0014191115857101976
2025-04-24,605589,test,0.08724704,-0.00079999305,2020-05-08,2025-03-14,16377,1140,1,5,0.0014191115857101976
2025-04-24,688031,test,0.16476221,-0.0005846396,2020-05-08,2025-03-14,16377,1140,1,5,0.0014191115857101976
2025-04-24,688045,test,-0.06730425,0.00890455,2020-05-08,2025-03-14,16377,1140,1,5,0.0014191115857101976
2025-04-24,688133,test,-0.042329986,0.004436627,2020-05-08,2025-03-14,16377,1140,1,5,0.0014191115857101976
2025-04-24,688147,test,0.09364926,0.0034160763,2020-05-08,2025-03-14,16377,1140,1,5,0.0014191115857101976
2025-04-24,688528,test,0.049382698,0.0041767657,2020-05-08,2025-03-14,16377,1140,1,5,0.0014191115857101976
2025-04-25,600025,test,-0.012915764,0.001595214,2020-05-08,2025-03-14,16377,1140,1,5,0.0014191115857101976
2025-04-25,600051,test,-0.18502747,-0.007523697,2020-05-08,2025-03-14,16377,1140,1,5,0.0014191115857101976
2025-04-25,600127,test,0.05053213,-0.009390136,2020-05-08,2025-03-14,16377,1140,1,5,0.0014191115857101976
2025-04-25,600153,test,-0.05550858,0.004507061,2020-05-08,2025-03-14,16377,1140,1,5,0.0014191115857101976
2025-04-25,600548,test,-0.015324372,-0.002143817,2020-05-08,2025-03-14,16377,1140,1,5,0.0014191115857101976
2025-04-25,600865,test,-0.064994305,-0.00053225085,2020-05-08,2025-03-14,16377,1140,1,5,0.0014191115857101976
2025-04-25,600967,test,0.12138033,0.0027716048,2020-05-08,2025-03-14,16377,1140,1,5,0.0014191115857101976
2025-04-25,601222,test,-0.14715181,0.0035681725,2020-05-08,2025-03-14,16377,1140,1,5,0.0014191115857101976
2025-04-25,603237,test,-0.07573457,-0.0013598725,2020-05-08,2025-03-14,16377,1140,1,5,0.0014191115857101976
2025-04-25,603335,test,0.23423615,-0.00032065623,2020-05-08,2025-03-14,16377,1140,1,5,0.0014191115857101976
2025-04-25,603341,test,0.041284494,0.0034855977,2020-05-08,2025-03-14,16377,1140,1,5,0.0014191115857101976
2025-04-25,603658,test,-0.037348695,-0.0021950342,2020-05-08,2025-03-14,16377,1140,1,5,0.0014191115857101976
2025-04-25,605090,test,-0.02540132,0.0039466396,2020-05-08,2025-03-14,16377,1140,1,5,0.0014191115857101976
2025-04-25,605589,test,0.0680836,-0.0011984184,2020-05-08,2025-03-14,16377,1140,1,5,0.0014191115857101976
2025-04-25,688031,test,0.110551685,-0.0003280267,2020-05-08,2025-03-14,16377,1140,1,5,0.0014191115857101976
2025-04-25,688045,test,-0.05514485,0.005853761,2020-05-08,2025-03-14,16377,1140,1,5,0.0014191115857101976
2025-04-25,688133,test,-0.04854856,0.005640477,2020-05-08,2025-03-14,16377,1140,1,5,0.0014191115857101976
2025-04-25,688147,test,0.055341892,0.0038207397,2020-05-08,2025-03-14,16377,1140,1,5,0.0014191115857101976
2025-04-25,688528,test,0.041690025,0.004468709,2020-05-08,2025-03-14,16377,1140,1,5,0.0014191115857101976
2025-04-28,600025,test,-0.0395491,0.0017714724,2020-05-08,2025-03-14,16377,1140,1,5,0.0014191115857101976
2025-04-28,600051,test,-0.17325512,-0.015842881,2020-05-08,2025-03-14,16377,1140,1,5,0.0014191115857101976
2025-04-28,600127,test,0.04181342,-0.009042041,2020-05-08,2025-03-14,16377,1140,1,5,0.0014191115857101976
2025-04-28,600153,test,-0.064646825,0.0058031455,2020-05-08,2025-03-14,16377,1140,1,5,0.0014191115857101976
2025-04-28,600548,test,-0.03173844,-0.001317963,2020-05-08,2025-03-14,16377,1140,1,5,0.0014191115857101976
2025-04-28,600865,test,0.009283851,0.0017798953,2020-05-08,2025-03-14,16377,1140,1,5,0.0014191115857101976
2025-04-28,600967,test,0.1000714,0.0016190484,2020-05-08,2025-03-14,16377,1140,1,5,0.0014191115857101976
2025-04-28,601222,test,-0.059793606,0.0041188523,2020-05-08,2025-03-14,16377,1140,1,5,0.0014191115857101976
2025-04-28,603237,test,-0.02912995,0.000759203,2020-05-08,2025-03-14,16377,1140,1,5,0.0014191115857101976
2025-04-28,603335,test,0.17924415,0.0025752522,2020-05-08,2025-03-14,16377,1140,1,5,0.0014191115857101976
2025-04-28,603341,test,0.027872942,0.0041347183,2020-05-08,2025-03-14,16377,1140,1,5,0.0014191115857101976
2025-04-28,603658,test,-0.041428756,-0.0016510524,2020-05-08,2025-03-14,16377,1140,1,5,0.0014191115857101976
2025-04-28,605090,test,-0.03455397,0.0039434694,2020-05-08,2025-03-14,16377,1140,1,5,0.0014191115857101976
2025-04-28,605589,test,0.062930405,-0.000648126,2020-05-08,2025-03-14,16377,1140,1,5,0.0014191115857101976
2025-04-28,688031,test,0.062086336,-0.00016476773,2020-05-08,2025-03-14,16377,1140,1,5,0.0014191115857101976
2025-04-28,688045,test,-0.060461026,0.004689697,2020-05-08,2025-03-14,16377,1140,1,5,0.0014191115857101976
2025-04-28,688133,test,-0.0841887,0.0052936748,2020-05-08,2025-03-14,16377,1140,1,5,0.0014191115857101976
2025-04-28,688147,test,0.06270638,0.0048429854,2020-05-08,2025-03-14,16377,1140,1,5,0.0014191115857101976
2025-04-28,688528,test,0.07273662,0.0050064623,2020-05-08,2025-03-14,16377,1140,1,5,0.0014191115857101976
2025-04-29,600025,test,0.010197421,0.0034459494,2020-05-08,2025-03-14,16377,1140,1,5,0.0014191115857101976
2025-04-29,600051,test,-0.049814932,-0.007779034,2020-05-08,2025-03-14,16377,1140,1,5,0.0014191115857101976
2025-04-29,600127,test,0.035393853,-0.009977115,2020-05-08,2025-03-14,16377,1140,1,5,0.0014191115857101976
2025-04-29,600153,test,-0.050330825,0.0072373375,2020-05-08,2025-03-14,16377,1140,1,5,0.0014191115857101976
2025-04-29,600548,test,0.0045229844,-0.001478985,2020-05-08,2025-03-14,16377,1140,1,5,0.0014191115857101976
2025-04-29,600865,test,0.0049071624,0.00046559982,2020-05-08,2025-03-14,16377,1140,1,5,0.0014191115857101976
2025-04-29,600967,test,0.080810085,0.0017623119,2020-05-08,2025-03-14,16377,1140,1,5,0.0014191115857101976
2025-04-29,601222,test,-0.0077161277,0.0049716085,2020-05-08,2025-03-14,16377,1140,1,5,0.0014191115857101976
2025-04-29,603237,test,0.06880411,0.0005679503,2020-05-08,2025-03-14,16377,1140,1,5,0.0014191115857101976
2025-04-29,603335,test,0.019982887,0.0011073314,2020-05-08,2025-03-14,16377,1140,1,5,0.0014191115857101976
2025-04-29,603341,test,-0.0050775185,0.0055659786,2020-05-08,2025-03-14,16377,1140,1,5,0.0014191115857101976
2025-04-29,603658,test,-0.0010471161,-0.0016945247,2020-05-08,2025-03-14,16377,1140,1,5,0.0014191115857101976
2025-04-29,605090,test,-0.009485858,0.0033546798,2020-05-08,2025-03-14,16377,1140,1,5,0.0014191115857101976
2025-04-29,605589,test,0.10377507,0.0005210899,2020-05-08,2025-03-14,16377,1140,1,5,0.0014191115857101976
2025-04-29,688031,test,0.026446799,0.0011329092,2020-05-08,2025-03-14,16377,1140,1,5,0.0014191115857101976
2025-04-29,688045,test,-0.10451201,0.003192637,2020-05-08,2025-03-14,16377,1140,1,5,0.0014191115857101976
2025-04-29,688133,test,-0.11224069,0.0047642626,2020-05-08,2025-03-14,16377,1140,1,5,0.0014191115857101976
2025-04-29,688147,test,-0.063823976,-0.0024819206,2020-05-08,2025-03-14,16377,1140,1,5,0.0014191115857101976
2025-04-29,688528,test,0.049208682,0.0052545965,2020-05-08,2025-03-14,16377,1140,1,5,0.0014191115857101976
2025-04-30,600025,test,-0.0057139522,0.0053342767,2020-05-08,2025-03-14,16377,1140,1,5,0.0014191115857101976
2025-04-30,600051,test,0.021365805,-0.0035447516,2020-05-08,2025-03-14,16377,1140,1,5,0.0014191115857101976
2025-04-30,600127,test,0.008344864,-0.010295559,2020-05-08,2025-03-14,16377,1140,1,5,0.0014191115857101976
2025-04-30,600153,test,-0.03509825,0.006023653,2020-05-08,2025-03-14,16377,1140,1,5,0.0014191115857101976
2025-04-30,600548,test,-0.009560343,-0.0010242332,2020-05-08,2025-03-14,16377,1140,1,5,0.0014191115857101976
2025-04-30,600865,test,0.010704572,-0.0022146665,2020-05-08,2025-03-14,16377,1140,1,5,0.0014191115857101976
2025-04-30,600967,test,0.0699159,0.0020089597,2020-05-08,2025-03-14,16377,1140,1,5,0.0014191115857101976
2025-04-30,601222,test,-0.0150296725,0.0033051446,2020-05-08,2025-03-14,16377,1140,1,5,0.0014191115857101976
2025-04-30,603237,test,0.016075796,-0.00054132193,2020-05-08,2025-03-14,16377,1140,1,5,0.0014191115857101976
2025-04-30,603335,test,0.061018765,-0.0016196556,2020-05-08,2025-03-14,16377,1140,1,5,0.0014191115857101976
2025-04-30,603341,test,0.0029471095,0.005995173,2020-05-08,2025-03-14,16377,1140,1,5,0.0014191115857101976
2025-04-30,603658,test,-0.004021385,-0.0014758185,2020-05-08,2025-03-14,16377,1140,1,5,0.0014191115857101976
2025-04-30,605090,test,-0.007070927,0.002116654,2020-05-08,2025-03-14,16377,1140,1,5,0.0014191115857101976
2025-04-30,605589,test,0.032720055,0.0003993325,2020-05-08,2025-03-14,16377,1140,1,5,0.0014191115857101976
2025-04-30,688031,test,-0.061183512,0.0011574924,2020-05-08,2025-03-14,16377,1140,1,5,0.0014191115857101976
2025-04-30,688045,test,-0.032855686,0.0017283857,2020-05-08,2025-03-14,16377,1140,1,5,0.0014191115857101976
2025-04-30,688133,test,-0.049270608,0.0021238253,2020-05-08,2025-03-14,16377,1140,1,5,0.0014191115857101976
2025-04-30,688147,test,-0.053496808,-0.003143996,2020-05-08,2025-03-14,16377,1140,1,5,0.0014191115857101976
2025-04-30,688528,test,0.050208285,0.0055604167,2020-05-08,2025-03-14,16377,1140,1,5,0.0014191115857101976
2025-05-06,600025,test,0.02840762,0.005313657,2020-05-08,2025-03-14,16377,1140,1,5,0.0014191115857101976
2025-05-06,600051,test,0.017981028,0.0020576231,2020-05-08,2025-03-14,16377,1140,1,5,0.0014191115857101976
2025-05-06,600127,test,0.024014076,-0.010036476,2020-05-08,2025-03-14,16377,1140,1,5,0.0014191115857101976
2025-05-06,600153,test,-0.0103643015,0.005836427,2020-05-08,2025-03-14,16377,1140,1,5,0.0014191115857101976
2025-05-06,600548,test,0.025757696,0.00023242645,2020-05-08,2025-03-14,16377,1140,1,5,0.0014191115857101976
2025-05-06,600865,test,0.0036089232,-0.0052672215,2020-05-08,2025-03-14,16377,1140,1,5,0.0014191115857101976
2025-05-06,600967,test,0.00217305,5.736947e-06,2020-05-08,2025-03-14,16377,1140,1,5,0.0014191115857101976
2025-05-06,601222,test,0.023034554,0.003914416,2020-05-08,2025-03-14,16377,1140,1,5,0.0014191115857101976
2025-05-06,603237,test,0.014169581,-0.0017216094,2020-05-08,2025-03-14,16377,1140,1,5,0.0014191115857101976
2025-05-06,603335,test,-0.039898504,0.0005375445,2020-05-08,2025-03-14,16377,1140,1,5,0.0014191115857101976
2025-05-06,603341,test,-0.019416684,0.0067092106,2020-05-08,2025-03-14,16377,1140,1,5,0.0014191115857101976
2025-05-06,603658,test,0.01777551,-0.0013789833,2020-05-08,2025-03-14,16377,1140,1,5,0.0014191115857101976
2025-05-06,605090,test,0.0155825,0.002793543,2020-05-08,2025-03-14,16377,1140,1,5,0.0014191115857101976
2025-05-06,605589,test,0.01299381,-0.00064375065,2020-05-08,2025-03-14,16377,1140,1,5,0.0014191115857101976
2025-05-06,688031,test,-0.04895996,0.0037391037,2020-05-08,2025-03-14,16377,1140,1,5,0.0014191115857101976
2025-05-06,688045,test,-0.021706784,0.0022231117,2020-05-08,2025-03-14,16377,1140,1,5,0.0014191115857101976
2025-05-06,688133,test,-0.04229307,0.0018881783,2020-05-08,2025-03-14,16377,1140,1,5,0.0014191115857101976
2025-05-06,688147,test,-0.04318399,-0.0017379038,2020-05-08,2025-03-14,16377,1140,1,5,0.0014191115857101976
2025-05-06,688528,test,0.04032495,0.005475655,2020-05-08,2025-03-14,16377,1140,1,5,0.0014191115857101976
2025-05-07,600025,test,0.030710759,0.0062540993,2020-05-08,2025-03-14,16377,1140,1,5,0.0014191115857101976
2025-05-07,600051,test,0.074047565,0.0051654987,2020-05-08,2025-03-14,16377,1140,1,5,0.0014191115857101976
2025-05-07,600127,test,-0.019686876,-0.010742862,2020-05-08,2025-03-14,16377,1140,1,5,0.0014191115857101976
2025-05-07,600153,test,0.008899545,0.005823925,2020-05-08,2025-03-14,16377,1140,1,5,0.0014191115857101976
2025-05-07,600548,test,0.028840575,0.0016372092,2020-05-08,2025-03-14,16377,1140,1,5,0.0014191115857101976
2025-05-07,600865,test,0.011360205,-0.0073908754,2020-05-08,2025-03-14,16377,1140,1,5,0.0014191115857101976
2025-05-07,600967,test,-0.053454347,-0.0084322225,2020-05-08,2025-03-14,16377,1140,1,5,0.0014191115857101976
2025-05-07,601222,test,0.023340575,0.0025502704,2020-05-08,2025-03-14,16377,1140,1,5,0.0014191115857101976
2025-05-07,603237,test,0.008350613,-0.0031789131,2020-05-08,2025-03-14,16377,1140,1,5,0.0014191115857101976
2025-05-07,603335,test,-0.120458804,0.0007900484,2020-05-08,2025-03-14,16377,1140,1,5,0.0014191115857101976
2025-05-07,603341,test,-0.024512505,0.0068990923,2020-05-08,2025-03-14,16377,1140,1,5,0.0014191115857101976
2025-05-07,603658,test,0.025900552,-0.000820525,2020-05-08,2025-03-14,16377,1140,1,5,0.0014191115857101976
2025-05-07,605090,test,0.030423146,0.0039051436,2020-05-08,2025-03-14,16377,1140,1,5,0.0014191115857101976
2025-05-07,605589,test,0.02240524,0.0004454963,2020-05-08,2025-03-14,16377,1140,1,5,0.0014191115857101976
2025-05-07,688031,test,0.0023046287,0.005446933,2020-05-08,2025-03-14,16377,1140,1,5,0.0014191115857101976
2025-05-07,688045,test,-0.029854985,0.0025742725,2020-05-08,2025-03-14,16377,1140,1,5,0.0014191115857101976
2025-05-07,688133,test,-0.033806555,0.0012721419,2020-05-08,2025-03-14,16377,1140,1,5,0.0014191115857101976
2025-05-07,688147,test,-0.009130332,0.0018341877,2020-05-08,2025-03-14,16377,1140,1,5,0.0014191115857101976
2025-05-07,688528,test,0.024320997,0.0066658184,2020-05-08,2025-03-14,16377,1140,1,5,0.0014191115857101976
2025-05-08,600025,test,0.04187435,0.007534962,2020-05-08,2025-03-14,16377,1140,1,5,0.0014191115857101976
2025-05-08,600051,test,0.056166872,0.003895387,2020-05-08,2025-03-14,16377,1140,1,5,0.0014191115857101976
2025-05-08,600127,test,0.007294044,-0.009197354,2020-05-08,2025-03-14,16377,1140,1,5,0.0014191115857101976
2025-05-08,600153,test,0.020933326,0.005369339,2020-05-08,2025-03-14,16377,1140,1,5,0.0014191115857101976
2025-05-08,600548,test,0.049956553,0.0030044764,2020-05-08,2025-03-14,16377,1140,1,5,0.0014191115857101976
2025-05-08,600865,test,-0.008701932,-0.010824207,2020-05-08,2025-03-14,16377,1140,1,5,0.0014191115857101976
2025-05-08,600967,test,-0.07440274,-0.012432642,2020-05-08,2025-03-14,16377,1140,1,5,0.0014191115857101976
2025-05-08,601222,test,0.023403548,0.0002405718,2020-05-08,2025-03-14,16377,1140,1,5,0.0014191115857101976
2025-05-08,603237,test,0.012541296,-0.0044536833,2020-05-08,2025-03-14,16377,1140,1,5,0.0014191115857101976
2025-05-08,603335,test,-0.024217155,-0.00032023527,2020-05-08,2025-03-14,16377,1140,1,5,0.0014191115857101976
2025-05-08,603341,test,-0.050225373,0.006906107,2020-05-08,2025-03-14,16377,1140,1,5,0.0014191115857101976
2025-05-08,603658,test,0.021725545,0.00040632673,2020-05-08,2025-03-14,16377,1140,1,5,0.0014191115857101976
2025-05-08,605090,test,0.03368477,0.004777603,2020-05-08,2025-03-14,16377,1140,1,5,0.0014191115857101976
2025-05-08,605589,test,0.013928242,0.0037639253,2020-05-08,2025-03-14,16377,1140,1,5,0.0014191115857101976
2025-05-08,688031,test,-0.035355713,0.0061145797,2020-05-08,2025-03-14,16377,1140,1,5,0.0014191115857101976
2025-05-08,688045,test,-0.033116076,0.0014194921,2020-05-08,2025-03-14,16377,1140,1,5,0.0014191115857101976
2025-05-08,688133,test,-0.03121119,-0.0004964173,2020-05-08,2025-03-14,16377,1140,1,5,0.0014191115857101976
2025-05-08,688147,test,-0.031457733,0.0047624446,2020-05-08,2025-03-14,16377,1140,1,5,0.0014191115857101976
2025-05-08,688528,test,0.0071793683,0.007121466,2020-05-08,2025-03-14,16377,1140,1,5,0.0014191115857101976
2025-05-09,600025,test,0.001433145,0.0073836334,2020-05-08,2025-03-14,16377,1140,1,5,0.0014191115857101976
2025-05-09,600051,test,0.041836448,0.0022749193,2020-05-08,2025-03-14,16377,1140,1,5,0.0014191115857101976
2025-05-09,600127,test,-0.011631524,-0.006600544,2020-05-08,2025-03-14,16377,1140,1,5,0.0014191115857101976
2025-05-09,600153,test,-0.0075627775,0.005000755,2020-05-08,2025-03-14,16377,1140,1,5,0.0014191115857101976
2025-05-09,600548,test,0.0088570565,0.005201027,2020-05-08,2025-03-14,16377,1140,1,5,0.0014191115857101976
2025-05-09,600865,test,0.0152670285,-0.010692405,2020-05-08,2025-03-14,16377,1140,1,5,0.0014191115857101976
2025-05-09,600967,test,-0.055486377,-0.008515511,2020-05-08,2025-03-14,16377,1140,1,5,0.0014191115857101976
2025-05-09,601222,test,0.011584,-0.0018790346,2020-05-08,2025-03-14,16377,1140,1,5,0.0014191115857101976
2025-05-09,603237,test,-0.06785691,-0.009447943,2020-05-08,2025-03-14,16377,1140,1,5,0.0014191115857101976
2025-05-09,603335,test,0.066784024,0.004893884,2020-05-08,2025-03-14,16377,1140,1,5,0.0014191115857101976
2025-05-09,603341,test,-0.029175108,0.0057599545,2020-05-08,2025-03-14,16377,1140,1,5,0.0014191115857101976
2025-05-09,603658,test,0.012664266,0.0012301132,2020-05-08,2025-03-14,16377,1140,1,5,0.0014191115857101976
2025-05-09,605090,test,0.031025939,0.0045829564,2020-05-08,2025-03-14,16377,1140,1,5,0.0014191115857101976
2025-05-09,605589,test,-0.016782194,0.0050116144,2020-05-08,2025-03-14,16377,1140,1,5,0.0014191115857101976
2025-05-09,688031,test,-0.016254338,0.0058717206,2020-05-08,2025-03-14,16377,1140,1,5,0.0014191115857101976
2025-05-09,688045,test,0.0033069274,-0.0005143434,2020-05-08,2025-03-14,16377,1140,1,5,0.0014191115857101976
2025-05-09,688133,test,0.0044543934,-0.0020476114,2020-05-08,2025-03-14,16377,1140,1,5,0.0014191115857101976
2025-05-09,688147,test,-0.009653598,0.0057811327,2020-05-08,2025-03-14,16377,1140,1,5,0.0014191115857101976
2025-05-09,688528,test,0.017189596,0.008249015,2020-05-08,2025-03-14,16377,1140,1,5,0.0014191115857101976
2025-05-12,600025,test,0.02046302,0.007755641,2020-05-08,2025-03-14,16377,1140,1,5,0.0014191115857101976
2025-05-12,600051,test,0.08607994,0.000793878,2020-05-08,2025-03-14,16377,1140,1,5,0.0014191115857101976
2025-05-12,600127,test,0.0072330534,-0.0036675334,2020-05-08,2025-03-14,16377,1140,1,5,0.0014191115857101976
2025-05-12,600153,test,-0.019618537,0.0044045746,2020-05-08,2025-03-14,16377,1140,1,5,0.0014191115857101976
2025-05-12,600548,test,0.009389623,0.005969312,2020-05-08,2025-03-14,16377,1140,1,5,0.0014191115857101976
2025-05-12,600865,test,0.047869917,-0.01100542,2020-05-08,2025-03-14,16377,1140,1,5,0.0014191115857101976
2025-05-12,600967,test,-0.0608787,-0.010742433,2020-05-08,2025-03-14,16377,1140,1,5,0.0014191115857101976
2025-05-12,601222,test,0.00760219,-0.0011238363,2020-05-08,2025-03-14,16377,1140,1,5,0.0014191115857101976
2025-05-12,603237,test,0.007735386,-0.009425167,2020-05-08,2025-03-14,16377,1140,1,5,0.0014191115857101976
2025-05-12,603335,test,0.0016811903,0.002813682,2020-05-08,2025-03-14,16377,1140,1,5,0.0014191115857101976
2025-05-12,603341,test,-0.06474646,0.0036377981,2020-05-08,2025-03-14,16377,1140,1,5,0.0014191115857101976
2025-05-12,603658,test,0.0049999445,0.0013162959,2020-05-08,2025-03-14,16377,1140,1,5,0.0014191115857101976
2025-05-12,605090,test,0.028948255,0.0049618,2020-05-08,2025-03-14,16377,1140,1,5,0.0014191115857101976
2025-05-12,605589,test,-0.022142941,0.0075641125,2020-05-08,2025-03-14,16377,1140,1,5,0.0014191115857101976
2025-05-12,688031,test,-0.025437014,0.004882682,2020-05-08,2025-03-14,16377,1140,1,5,0.0014191115857101976
2025-05-12,688045,test,-0.019294148,-0.0024481155,2020-05-08,2025-03-14,16377,1140,1,5,0.0014191115857101976
2025-05-12,688133,test,0.00050162297,-0.0020973831,2020-05-08,2025-03-14,16377,1140,1,5,0.0014191115857101976
2025-05-12,688147,test,-0.008987447,0.005967278,2020-05-08,2025-03-14,16377,1140,1,5,0.0014191115857101976
2025-05-12,688528,test,-0.0013988918,0.0037726983,2020-05-08,2025-03-14,16377,1140,1,5,0.0014191115857101976
2025-05-13,600025,test,0.021263381,0.0077820458,2020-05-08,2025-03-14,16377,1140,1,5,0.0014191115857101976
2025-05-13,600051,test,0.06449511,-0.002059687,2020-05-08,2025-03-14,16377,1140,1,5,0.0014191115857101976
2025-05-13,600127,test,0.004921126,-0.00050953403,2020-05-08,2025-03-14,16377,1140,1,5,0.0014191115857101976
2025-05-13,600153,test,-0.023501066,0.0035812855,2020-05-08,2025-03-14,16377,1140,1,5,0.0014191115857101976
2025-05-13,600548,test,-0.013552765,0.006912403,2020-05-08,2025-03-14,16377,1140,1,5,0.0014191115857101976
2025-05-13,600865,test,0.039919123,-0.011375874,2020-05-08,2025-03-14,16377,1140,1,5,0.0014191115857101976
2025-05-13,600967,test,-0.012445522,-0.0029886253,2020-05-08,2025-03-14,16377,1140,1,5,0.0014191115857101976
2025-05-13,601222,test,-0.017168883,-2.2022054e-05,2020-05-08,2025-03-14,16377,1140,1,5,0.0014191115857101976
2025-05-13,603237,test,0.022839893,-0.011916131,2020-05-08,2025-03-14,16377,1140,1,5,0.0014191115857101976
2025-05-13,603335,test,0.021544682,0.005265318,2020-05-08,2025-03-14,16377,1140,1,5,0.0014191115857101976
2025-05-13,603341,test,-0.050237697,0.0032169372,2020-05-08,2025-03-14,16377,1140,1,5,0.0014191115857101976
2025-05-13,603658,test,-0.004236093,0.00205471,2020-05-08,2025-03-14,16377,1140,1,5,0.0014191115857101976
2025-05-13,605090,test,0.016604533,0.0046173483,2020-05-08,2025-03-14,16377,1140,1,5,0.0014191115857101976
2025-05-13,605589,test,-0.014888219,0.009023435,2020-05-08,2025-03-14,16377,1140,1,5,0.0014191115857101976
2025-05-13,688031,test,-0.04813137,0.0017715357,2020-05-08,2025-03-14,16377,1140,1,5,0.0014191115857101976
2025-05-13,688045,test,0.012565046,-0.0044304356,2020-05-08,2025-03-14,16377,1140,1,5,0.0014191115857101976
2025-05-13,688133,test,-0.020073583,-0.0020552948,2020-05-08,2025-03-14,16377,1140,1,5,0.0014191115857101976
2025-05-13,688147,test,-0.017780052,0.0061852187,2020-05-08,2025-03-14,16377,1140,1,5,0.0014191115857101976
2025-05-13,688528,test,0.017862357,0.0067601167,2020-05-08,2025-03-14,16377,1140,1,5,0.0014191115857101976
2025-05-14,600025,test,0.030864654,0.0071272478,2020-05-08,2025-03-14,16377,1140,1,5,0.0014191115857101976
2025-05-14,600051,test,0.013602968,-0.008668682,2020-05-08,2025-03-14,16377,1140,1,5,0.0014191115857101976
2025-05-14,600127,test,-0.005977451,0.0008063391,2020-05-08,2025-03-14,16377,1140,1,5,0.0014191115857101976
2025-05-14,600153,test,-0.028222142,0.0022647604,2020-05-08,2025-03-14,16377,1140,1,5,0.0014191115857101976
2025-05-14,600548,test,0.0057279337,0.008156482,2020-05-08,2025-03-14,16377,1140,1,5,0.0014191115857101976
2025-05-14,600865,test,0.01822497,-0.012343336,2020-05-08,2025-03-14,16377,1140,1,5,0.0014191115857101976
2025-05-14,600967,test,-0.028180696,0.0017058551,2020-05-08,2025-03-14,16377,1140,1,5,0.0014191115857101976
2025-05-14,601222,test,-0.014967023,-0.0010612439,2020-05-08,2025-03-14,16377,1140,1,5,0.0014191115857101976
2025-05-14,603237,test,0.05147044,-0.00867321,2020-05-08,2025-03-14,16377,1140,1,5,0.0014191115857101976
2025-05-14,603335,test,0.071110345,0.0039069466,2020-05-08,2025-03-14,16377,1140,1,5,0.0014191115857101976
2025-05-14,603341,test,-0.031657208,0.0040113293,2020-05-08,2025-03-14,16377,1140,1,5,0.0014191115857101976
2025-05-14,603658,test,0.0035262448,0.002203077,2020-05-08,2025-03-14,16377,1140,1,5,0.0014191115857101976
2025-05-14,605090,test,0.041780163,0.003978718,2020-05-08,2025-03-14,16377,1140,1,5,0.0014191115857101976
2025-05-14,605589,test,-0.010817362,0.009008445,2020-05-08,2025-03-14,16377,1140,1,5,0.0014191115857101976
2025-05-14,688031,test,-0.08567199,0.000605138,2020-05-08,2025-03-14,16377,1140,1,5,0.0014191115857101976
2025-05-14,688045,test,0.009104112,-0.0051374137,2020-05-08,2025-03-14,16377,1140,1,5,0.0014191115857101976
2025-05-14,688133,test,-0.040567253,-0.0024201851,2020-05-08,2025-03-14,16377,1140,1,5,0.0014191115857101976
2025-05-14,688147,test,-0.014582164,0.00604498,2020-05-08,2025-03-14,16377,1140,1,5,0.0014191115857101976
2025-05-14,688528,test,0.015231457,0.0070063546,2020-05-08,2025-03-14,16377,1140,1,5,0.0014191115857101976
2025-05-15,600025,test,0.027182834,0.0065975264,2020-05-08,2025-03-14,16377,1140,1,5,0.0014191115857101976
2025-05-15,600051,test,0.006152692,-0.014376965,2020-05-08,2025-03-14,16377,1140,1,5,0.0014191115857101976
2025-05-15,600127,test,-0.03097977,0.0024422482,2020-05-08,2025-03-14,16377,1140,1,5,0.0014191115857101976
2025-05-15,600153,test,-0.022679828,0.0018946864,2020-05-08,2025-03-14,16377,1140,1,5,0.0014191115857101976
2025-05-15,600548,test,0.0031325151,0.009230293,2020-05-08,2025-03-14,16377,1140,1,5,0.0014191115857101976
2025-05-15,600865,test,-0.025767913,-0.013594661,2020-05-08,2025-03-14,16377,1140,1,5,0.0014191115857101976
2025-05-15,600967,test,0.044815175,0.0008893125,2020-05-08,2025-03-14,16377,1140,1,5,0.0014191115857101976
2025-05-15,601222,test,-0.020293674,-0.0007327385,2020-05-08,2025-03-14,16377,1140,1,5,0.0014191115857101976
2025-05-15,603237,test,-0.007909058,-0.011666326,2020-05-08,2025-03-14,16377,1140,1,5,0.0014191115857101976
2025-05-15,603335,test,0.04024798,0.0012705885,2020-05-08,2025-03-14,16377,1140,1,5,0.0014191115857101976
2025-05-15,603341,test,0.006478083,0.0039062425,2020-05-08,2025-03-14,16377,1140,1,5,0.0014191115857101976
2025-05-15,603658,test,0.00067028106,0.0021583587,2020-05-08,2025-03-14,16377,1140,1,5,0.0014191115857101976
2025-05-15,605090,test,0.054782547,0.004319072,2020-05-08,2025-03-14,16377,1140,1,5,0.0014191115857101976
2025-05-15,605589,test,-0.013215924,0.010488085,2020-05-08,2025-03-14,16377,1140,1,5,0.0014191115857101976
2025-05-15,688031,test,-0.04156067,0.0017800517,2020-05-08,2025-03-14,16377,1140,1,5,0.0014191115857101976
2025-05-15,688045,test,0.0017520795,-0.0045079067,2020-05-08,2025-03-14,16377,1140,1,5,0.0014191115857101976
2025-05-15,688133,test,-0.03560133,-0.0019534752,2020-05-08,2025-03-14,16377,1140,1,5,0.0014191115857101976
2025-05-15,688147,test,0.009442469,0.0068615302,2020-05-08,2025-03-14,16377,1140,1,5,0.0014191115857101976
2025-05-15,688528,test,0.003351508,0.008100271,2020-05-08,2025-03-14,16377,1140,1,5,0.0014191115857101976
2025-05-16,600025,test,0.034874626,0.0027688518,2020-05-08,2025-05-15,17137,1140,2,6,0.0014189753565005958
2025-05-16,600051,test,-0.01467316,-0.029960785,2020-05-08,2025-05-15,17137,1140,2,6,0.0014189753565005958
2025-05-16,600127,test,-0.013894883,0.00070571154,2020-05-08,2025-05-15,17137,1140,2,6,0.0014189753565005958
2025-05-16,600153,test,0.010662658,0.0020714737,2020-05-08,2025-05-15,17137,1140,2,6,0.0014189753565005958
2025-05-16,600548,test,0.02198752,0.0042661205,2020-05-08,2025-05-15,17137,1140,2,6,0.0014189753565005958
2025-05-16,600865,test,-0.0230272,-0.011512332,2020-05-08,2025-05-15,17137,1140,2,6,0.0014189753565005958
2025-05-16,600967,test,0.03007349,0.016480088,2020-05-08,2025-05-15,17137,1140,2,6,0.0014189753565005958
2025-05-16,601222,test,-0.008000508,0.0050217956,2020-05-08,2025-05-15,17137,1140,2,6,0.0014189753565005958
2025-05-16,603237,test,0.008591202,-0.006507445,2020-05-08,2025-05-15,17137,1140,2,6,0.0014189753565005958
2025-05-16,603335,test,-0.001785475,-0.016020898,2020-05-08,2025-05-15,17137,1140,2,6,0.0014189753565005958
2025-05-16,603341,test,-0.018941265,0.0017545074,2020-05-08,2025-05-15,17137,1140,2,6,0.0014189753565005958
2025-05-16,603658,test,0.005987932,0.0019739084,2020-05-08,2025-05-15,17137,1140,2,6,0.0014189753565005958
2025-05-16,605090,test,0.049779788,0.0029108934,2020-05-08,2025-05-15,17137,1140,2,6,0.0014189753565005958
2025-05-16,605589,test,-0.0044715684,0.0065456387,2020-05-08,2025-05-15,17137,1140,2,6,0.0014189753565005958
2025-05-16,688031,test,-0.050823342,-0.0014463328,2020-05-08,2025-05-15,17137,1140,2,6,0.0014189753565005958
2025-05-16,688045,test,-0.019183313,0.00017714873,2020-05-08,2025-05-15,17137,1140,2,6,0.0014189753565005958
2025-05-16,688133,test,-0.03398516,0.0031990279,2020-05-08,2025-05-15,17137,1140,2,6,0.0014189753565005958
2025-05-16,688147,test,0.027683806,0.016737193,2020-05-08,2025-05-15,17137,1140,2,6,0.0014189753565005958
2025-05-16,688528,test,-0.00085514085,0.0061219875,2020-05-08,2025-05-15,17137,1140,2,6,0.0014189753565005958
2025-05-19,600025,test,0.02415946,0.0015966911,2020-05-08,2025-05-15,17137,1140,2,6,0.0014189753565005958
2025-05-19,600051,test,-0.04539046,-0.03835375,2020-05-08,2025-05-15,17137,1140,2,6,0.0014189753565005958
2025-05-19,600127,test,-0.014424431,0.002540987,2020-05-08,2025-05-15,17137,1140,2,6,0.0014189753565005958
2025-05-19,600153,test,0.046202693,0.0013499856,2020-05-08,2025-05-15,17137,1140,2,6,0.0014189753565005958
2025-05-19,600548,test,-0.00030823675,0.004191529,2020-05-08,2025-05-15,17137,1140,2,6,0.0014189753565005958
2025-05-19,600865,test,-0.03278168,-0.015376544,2020-05-08,2025-05-15,17137,1140,2,6,0.0014189753565005958
2025-05-19,600967,test,0.020711785,0.015639763,2020-05-08,2025-05-15,17137,1140,2,6,0.0014189753565005958
2025-05-19,601222,test,-0.009445789,0.005271267,2020-05-08,2025-05-15,17137,1140,2,6,0.0014189753565005958
2025-05-19,603237,test,0.004290414,-0.016192425,2020-05-08,2025-05-15,17137,1140,2,6,0.0014189753565005958
2025-05-19,603335,test,0.037529573,-0.01794507,2020-05-08,2025-05-15,17137,1140,2,6,0.0014189753565005958
2025-05-19,603341,test,0.013584597,-1.6685575e-05,2020-05-08,2025-05-15,17137,1140,2,6,0.0014189753565005958
2025-05-19,603658,test,0.007612067,0.0017262548,2020-05-08,2025-05-15,17137,1140,2,6,0.0014189753565005958
2025-05-19,605090,test,0.059998874,0.0021986756,2020-05-08,2025-05-15,17137,1140,2,6,0.0014189753565005958
2025-05-19,605589,test,-0.011752287,0.005030362,2020-05-08,2025-05-15,17137,1140,2,6,0.0014189753565005958
2025-05-19,688031,test,-0.02563393,-0.0032654116,2020-05-08,2025-05-15,17137,1140,2,6,0.0014189753565005958
2025-05-19,688045,test,-0.023189394,0.000823861,2020-05-08,2025-05-15,17137,1140,2,6,0.0014189753565005958
2025-05-19,688133,test,-0.043152176,0.0021653678,2020-05-08,2025-05-15,17137,1140,2,6,0.0014189753565005958
2025-05-19,688147,test,-0.006333409,0.013084967,2020-05-08,2025-05-15,17137,1140,2,6,0.0014189753565005958
2025-05-19,688528,test,-0.0016776699,0.007434463,2020-05-08,2025-05-15,17137,1140,2,6,0.0014189753565005958
2025-05-20,600025,test,0.023758646,0.0024768151,2020-05-08,2025-05-15,17137,1140,2,6,0.0014189753565005958
2025-05-20,600051,test,-0.03150487,-0.03811796,2020-05-08,2025-05-15,17137,1140,2,6,0.0014189753565005958
2025-05-20,600127,test,-0.0026757878,0.0028030425,2020-05-08,2025-05-15,17137,1140,2,6,0.0014189753565005958
2025-05-20,600153,test,0.040499203,0.0014897715,2020-05-08,2025-05-15,17137,1140,2,6,0.0014189753565005958
2025-05-20,600548,test,-0.0025422783,0.0038037319,2020-05-08,2025-05-15,17137,1140,2,6,0.0014189753565005958
2025-05-20,600865,test,-0.016384248,-0.012907928,2020-05-08,2025-05-15,17137,1140,2,6,0.0014189753565005958
2025-05-20,600967,test,0.042843226,0.01166397,2020-05-08,2025-05-15,17137,1140,2,6,0.0014189753565005958
2025-05-20,601222,test,0.0036802504,0.005112741,2020-05-08,2025-05-15,17137,1140,2,6,0.0014189753565005958
2025-05-20,603237,test,-0.010744819,-0.020735933,2020-05-08,2025-05-15,17137,1140,2,6,0.0014189753565005958
2025-05-20,603335,test,0.053740848,-0.015031907,2020-05-08,2025-05-15,17137,1140,2,6,0.0014189753565005958
2025-05-20,603341,test,-0.01100259,5.8300793e-06,2020-05-08,2025-05-15,17137,1140,2,6,0.0014189753565005958
2025-05-20,603658,test,0.013780045,0.0014184266,2020-05-08,2025-05-15,17137,1140,2,6,0.0014189753565005958
2025-05-20,605090,test,0.05729147,0.0016378015,2020-05-08,2025-05-15,17137,1140,2,6,0.0014189753565005958
2025-05-20,605589,test,-0.019205516,0.002108626,2020-05-08,2025-05-15,17137,1140,2,6,0.0014189753565005958
2025-05-20,688031,test,-0.037660792,-0.003629772,2020-05-08,2025-05-15,17137,1140,2,6,0.0014189753565005958
2025-05-20,688045,test,-0.025482226,0.0026519746,2020-05-08,2025-05-15,17137,1140,2,6,0.0014189753565005958
2025-05-20,688133,test,-0.036259197,0.0017390959,2020-05-08,2025-05-15,17137,1140,2,6,0.0014189753565005958
2025-05-20,688147,test,-0.024209647,0.009952612,2020-05-08,2025-05-15,17137,1140,2,6,0.0014189753565005958
2025-05-20,688528,test,-0.017921718,0.004306376,2020-05-08,2025-05-15,17137,1140,2,6,0.0014189753565005958
2025-05-21,600025,test,0.013830127,0.0029009841,2020-05-08,2025-05-15,17137,1140,2,6,0.0014189753565005958
2025-05-21,600051,test,-0.022191681,-0.028791592,2020-05-08,2025-05-15,17137,1140,2,6,0.0014189753565005958
2025-05-21,600127,test,-0.006862315,0.0016331691,2020-05-08,2025-05-15,17137,1140,2,6,0.0014189753565005958
2025-05-21,600153,test,0.023118366,0.0014161076,2020-05-08,2025-05-15,17137,1140,2,6,0.0014189753565005958
2025-05-21,600548,test,0.004165398,0.0042774677,2020-05-08,2025-05-15,17137,1140,2,6,0.0014189753565005958
2025-05-21,600865,test,-0.00019223864,-0.00858058,2020-05-08,2025-05-15,17137,1140,2,6,0.0014189753565005958
2025-05-21,600967,test,0.08558771,0.008025104,2020-05-08,2025-05-15,17137,1140,2,6,0.0014189753565005958
2025-05-21,601222,test,0.009402685,0.0054832995,2020-05-08,2025-05-15,17137,1140,2,6,0.0014189753565005958
2025-05-21,603237,test,-0.035635415,-0.01648916,2020-05-08,2025-05-15,17137,1140,2,6,0.0014189753565005958
2025-05-21,603335,test,0.00092885434,-0.032804195,2020-05-08,2025-05-15,17137,1140,2,6,0.0014189753565005958
2025-05-21,603341,test,-0.025206324,0.00020661578,2020-05-08,2025-05-15,17137,1140,2,6,0.0014189753565005958
2025-05-21,603658,test,0.016675899,0.0017287005,2020-05-08,2025-05-15,17137,1140,2,6,0.0014189753565005958
2025-05-21,605090,test,0.022704111,-0.0036055231,2020-05-08,2025-05-15,17137,1140,2,6,0.0014189753565005958
2025-05-21,605589,test,-0.017328233,0.0010992046,2020-05-08,2025-05-15,17137,1140,2,6,0.0014189753565005958
2025-05-21,688031,test,-0.030048262,-0.0032252017,2020-05-08,2025-05-15,17137,1140,2,6,0.0014189753565005958
2025-05-21,688045,test,0.01514857,0.0025835,2020-05-08,2025-05-15,17137,1140,2,6,0.0014189753565005958
2025-05-21,688133,test,-0.0117968125,0.0034016445,2020-05-08,2025-05-15,17137,1140,2,6,0.0014189753565005958
2025-05-21,688147,test,-0.03222368,0.007646404,2020-05-08,2025-05-15,17137,1140,2,6,0.0014189753565005958
2025-05-21,688528,test,-0.010076763,0.0045491513,2020-05-08,2025-05-15,17137,1140,2,6,0.0014189753565005958
2025-05-22,600025,test,-0.017463248,0.0042815804,2020-05-08,2025-05-15,17137,1140,2,6,0.0014189753565005958
2025-05-22,600051,test,-0.008529287,-0.01761366,2020-05-08,2025-05-15,17137,1140,2,6,0.0014189753565005958
2025-05-22,600127,test,-0.01168733,-0.00076013245,2020-05-08,2025-05-15,17137,1140,2,6,0.0014189753565005958
2025-05-22,600153,test,0.0008201032,0.0016080122,2020-05-08,2025-05-15,17137,1140,2,6,0.0014189753565005958
2025-05-22,600548,test,-0.027382577,0.004332304,2020-05-08,2025-05-15,17137,1140,2,6,0.0014189753565005958
2025-05-22,600865,test,0.01226611,-0.003911772,2020-05-08,2025-05-15,17137,1140,2,6,0.0014189753565005958
2025-05-22,600967,test,0.0072730714,-0.009710765,2020-05-08,2025-05-15,17137,1140,2,6,0.0014189753565005958
2025-05-22,601222,test,0.008470632,0.005370548,2020-05-08,2025-05-15,17137,1140,2,6,0.0014189753565005958
2025-05-22,603237,test,-0.012939726,-0.0024074633,2020-05-08,2025-05-15,17137,1140,2,6,0.0014189753565005958
2025-05-22,603335,test,0.047095142,-0.036250383,2020-05-08,2025-05-15,17137,1140,2,6,0.0014189753565005958
2025-05-22,603341,test,-0.042076193,0.0002917759,2020-05-08,2025-05-15,17137,1140,2,6,0.0014189753565005958
2025-05-22,603658,test,0.021437503,0.0019187443,2020-05-08,2025-05-15,17137,1140,2,6,0.0014189753565005958
2025-05-22,605090,test,0.0030508835,-0.005744393,2020-05-08,2025-05-15,17137,1140,2,6,0.0014189753565005958
2025-05-22,605589,test,0.0051605175,0.00058344565,2020-05-08,2025-05-15,17137,1140,2,6,0.0014189753565005958
2025-05-22,688031,test,-0.007728565,-0.0019967966,2020-05-08,2025-05-15,17137,1140,2,6,0.0014189753565005958
2025-05-22,688045,test,0.021760466,0.0028463416,2020-05-08,2025-05-15,17137,1140,2,6,0.0014189753565005958
2025-05-22,688133,test,0.009093183,0.0021177009,2020-05-08,2025-05-15,17137,1140,2,6,0.0014189753565005958
2025-05-22,688147,test,-0.023202945,0.005651623,2020-05-08,2025-05-15,17137,1140,2,6,0.0014189753565005958
2025-05-22,688528,test,0.014582259,0.0035520978,2020-05-08,2025-05-15,17137,1140,2,6,0.0014189753565005958
2025-05-23,600025,test,0.0016555121,0.0046202634,2020-05-08,2025-05-15,17137,1140,2,6,0.0014189753565005958
2025-05-23,600051,test,0.009356924,-0.007943668,2020-05-08,2025-05-15,17137,1140,2,6,0.0014189753565005958
2025-05-23,600127,test,-0.0050279964,-0.0019305125,2020-05-08,2025-05-15,17137,1140,2,6,0.0014189753565005958
2025-05-23,600153,test,-0.00238386,0.0019827895,2020-05-08,2025-05-15,17137,1140,2,6,0.0014189753565005958
2025-05-23,600548,test,-0.014583499,0.0042525493,2020-05-08,2025-05-15,17137,1140,2,6,0.0014189753565005958
2025-05-23,600865,test,0.010394844,4.931912e-05,2020-05-08,2025-05-15,17137,1140,2,6,0.0014189753565005958
2025-05-23,600967,test,0.053159952,-0.013071729,2020-05-08,2025-05-15,17137,1140,2,6,0.0014189753565005958
2025-05-23,601222,test,0.0026886212,0.0054818634,2020-05-08,2025-05-15,17137,1140,2,6,0.0014189753565005958
2025-05-23,603237,test,-0.07079811,0.011067916,2020-05-08,2025-05-15,17137,1140,2,6,0.0014189753565005958
2025-05-23,603335,test,0.018588511,-0.032916367,2020-05-08,2025-05-15,17137,1140,2,6,0.0014189753565005958
2025-05-23,603341,test,-0.022241037,-0.00014989823,2020-05-08,2025-05-15,17137,1140,2,6,0.0014189753565005958
2025-05-23,603658,test,0.019502304,0.00196198,2020-05-08,2025-05-15,17137,1140,2,6,0.0014189753565005958
2025-05-23,605090,test,0.010698764,-0.005332495,2020-05-08,2025-05-15,17137,1140,2,6,0.0014189753565005958
2025-05-23,605589,test,0.025272496,-0.0004705973,2020-05-08,2025-05-15,17137,1140,2,6,0.0014189753565005958
2025-05-23,688031,test,-0.017198455,-0.0010243356,2020-05-08,2025-05-15,17137,1140,2,6,0.0014189753565005958
2025-05-23,688045,test,0.020493759,0.002562672,2020-05-08,2025-05-15,17137,1140,2,6,0.0014189753565005958
2025-05-23,688133,test,0.0022965244,0.0034820177,2020-05-08,2025-05-15,17137,1140,2,6,0.0014189753565005958
2025-05-23,688147,test,-0.052326296,0.0021119528,2020-05-08,2025-05-15,17137,1140,2,6,0.0014189753565005958
2025-05-23,688528,test,0.010451035,0.0020025857,2020-05-08,2025-05-15,17137,1140,2,6,0.0014189753565005958
2025-05-26,600025,test,-0.005609916,0.006047331,2020-05-08,2025-05-15,17137,1140,2,6,0.0014189753565005958
2025-05-26,600051,test,0.011294603,-0.0014677048,2020-05-08,2025-05-15,17137,1140,2,6,0.0014189753565005958
2025-05-26,600127,test,0.007057423,-0.0018575974,2020-05-08,2025-05-15,17137,1140,2,6,0.0014189753565005958
2025-05-26,600153,test,-0.032610636,0.0012097508,2020-05-08,2025-05-15,17137,1140,2,6,0.0014189753565005958
2025-05-26,600548,test,-0.017957615,0.0032686759,2020-05-08,2025-05-15,17137,1140,2,6,0.0014189753565005958
2025-05-26,600865,test,0.016666792,0.00036865473,2020-05-08,2025-05-15,17137,1140,2,6,0.0014189753565005958
2025-05-26,600967,test,0.051498685,-0.010797752,2020-05-08,2025-05-15,17137,1140,2,6,0.0014189753565005958
2025-05-26,601222,test,0.02033502,0.005033588,2020-05-08,2025-05-15,17137,1140,2,6,0.0014189753565005958
2025-05-26,603237,test,-0.12960757,0.0053807143,2020-05-08,2025-05-15,17137,1140,2,6,0.0014189753565005958
2025-05-26,603335,test,-0.014459763,-0.039795097,2020-05-08,2025-05-15,17137,1140,2,6,0.0014189753565005958
2025-05-26,603341,test,-0.04261556,0.000342777,2020-05-08,2025-05-15,17137,1140,2,6,0.0014189753565005958
2025-05-26,603658,test,0.026106633,0.0020739958,2020-05-08,2025-05-15,17137,1140,2,6,0.0014189753565005958
2025-05-26,605090,test,0.015910462,-0.00044232793,2020-05-08,2025-05-15,17137,1140,2,6,0.0014189753565005958
2025-05-26,605589,test,0.044561405,-0.00021550246,2020-05-08,2025-05-15,17137,1140,2,6,0.0014189753565005958
2025-05-26,688031,test,-0.017954128,-0.00075044855,2020-05-08,2025-05-15,17137,1140,2,6,0.0014189753565005958
2025-05-26,688045,test,0.03531774,0.0023994409,2020-05-08,2025-05-15,17137,1140,2,6,0.0014189753565005958
2025-05-26,688133,test,0.04201189,0.0036685858,2020-05-08,2025-05-15,17137,1140,2,6,0.0014189753565005958
2025-05-26,688147,test,-0.022840308,0.0013205037,2020-05-08,2025-05-15,17137,1140,2,6,0.0014189753565005958
2025-05-26,688528,test,0.012894843,0.0016457029,2020-05-08,2025-05-15,17137,1140,2,6,0.0014189753565005958
2025-05-27,600025,test,-0.031613864,0.005221516,2020-05-08,2025-05-15,17137,1140,2,6,0.0014189753565005958
2025-05-27,600051,test,0.012546745,0.0018019862,2020-05-08,2025-05-15,17137,1140,2,6,0.0014189753565005958
2025-05-27,600127,test,-0.004623311,-0.0017780121,2020-05-08,2025-05-15,17137,1140,2,6,0.0014189753565005958
2025-05-27,600153,test,-0.013381937,0.00072158873,2020-05-08,2025-05-15,17137,1140,2,6,0.0014189753565005958
2025-05-27,600548,test,-0.011230384,0.0029574037,2020-05-08,2025-05-15,17137,1140,2,6,0.0014189753565005958
2025-05-27,600865,test,0.019586442,0.00059078634,2020-05-08,2025-05-15,17137,1140,2,6,0.0014189753565005958
2025-05-27,600967,test,0.008095987,-0.017819751,2020-05-08,2025-05-15,17137,1140,2,6,0.0014189753565005958
2025-05-27,601222,test,0.01076779,0.005092621,2020-05-08,2025-05-15,17137,1140,2,6,0.0014189753565005958
2025-05-27,603237,test,-0.12762588,0.0039123204,2020-05-08,2025-05-15,17137,1140,2,6,0.0014189753565005958
2025-05-27,603335,test,-0.006189727,-0.043980658,2020-05-08,2025-05-15,17137,1140,2,6,0.0014189753565005958
2025-05-27,603341,test,-0.017730057,-0.0004816167,2020-05-08,2025-05-15,17137,1140,2,6,0.0014189753565005958
2025-05-27,603658,test,0.014437706,0.0024286099,2020-05-08,2025-05-15,17137,1140,2,6,0.0014189753565005958
2025-05-27,605090,test,0.027157266,0.010398047,2020-05-08,2025-05-15,17137,1140,2,6,0.0014189753565005958
2025-05-27,605589,test,0.054908287,-0.00015012734,2020-05-08,2025-05-15,17137,1140,2,6,0.0014189753565005958
2025-05-27,688031,test,0.005690206,-0.0005637668,2020-05-08,2025-05-15,17137,1140,2,6,0.0014189753565005958
2025-05-27,688045,test,0.010347959,0.0026195515,2020-05-08,2025-05-15,17137,1140,2,6,0.0014189753565005958
2025-05-27,688133,test,0.051430102,0.006126508,2020-05-08,2025-05-15,17137,1140,2,6,0.0014189753565005958
2025-05-27,688147,test,-0.00023734615,0.002595162,2020-05-08,2025-05-15,17137,1140,2,6,0.0014189753565005958
2025-05-27,688528,test,-0.002335982,0.0024048984,2020-05-08,2025-05-15,17137,1140,2,6,0.0014189753565005958
2025-05-28,600025,test,-0.044647712,0.0059097,2020-05-08,2025-05-15,17137,1140,2,6,0.0014189753565005958
2025-05-28,600051,test,0.012697156,0.0044939034,2020-05-08,2025-05-15,17137,1140,2,6,0.0014189753565005958
2025-05-28,600127,test,-0.014532737,-0.0017497409,2020-05-08,2025-05-15,17137,1140,2,6,0.0014189753565005958
2025-05-28,600153,test,-0.008043585,0.0015341211,2020-05-08,2025-05-15,17137,1140,2,6,0.0014189753565005958
2025-05-28,600548,test,-0.0388822,0.0023476183,2020-05-08,2025-05-15,17137,1140,2,6,0.0014189753565005958
2025-05-28,600865,test,-0.011185381,-0.0027096346,2020-05-08,2025-05-15,17137,1140,2,6,0.0014189753565005958
2025-05-28,600967,test,-0.021514118,-0.02408704,2020-05-08,2025-05-15,17137,1140,2,6,0.0014189753565005958
2025-05-28,601222,test,0.0063224984,0.004675368,2020-05-08,2025-05-15,17137,1140,2,6,0.0014189753565005958
2025-05-28,603237,test,-0.12655057,0.011989906,2020-05-08,2025-05-15,17137,1140,2,6,0.0014189753565005958
2025-05-28,603335,test,-0.020175513,-0.041752055,2020-05-08,2025-05-15,17137,1140,2,6,0.0014189753565005958
2025-05-28,603341,test,0.023283329,-0.0016244054,2020-05-08,2025-05-15,17137,1140,2,6,0.0014189753565005958
2025-05-28,603658,test,-0.0038301847,0.002476804,2020-05-08,2025-05-15,17137,1140,2,6,0.0014189753565005958
2025-05-28,605090,test,0.04248664,0.014815897,2020-05-08,2025-05-15,17137,1140,2,6,0.0014189753565005958
2025-05-28,605589,test,0.0795843,-8.543953e-05,2020-05-08,2025-05-15,17137,1140,2,6,0.0014189753565005958
2025-05-28,688031,test,0.06475476,6.51516e-05,2020-05-08,2025-05-15,17137,1140,2,6,0.0014189753565005958
2025-05-28,688045,test,-0.017976044,-0.00020541996,2020-05-08,2025-05-15,17137,1140,2,6,0.0014189753565005958
2025-05-28,688133,test,0.055030193,0.0076191295,2020-05-08,2025-05-15,17137,1140,2,6,0.0014189753565005958
2025-05-28,688147,test,0.011974774,0.001991976,2020-05-08,2025-05-15,17137,1140,2,6,0.0014189753565005958
2025-05-28,688528,test,0.011204387,0.0014696363,2020-05-08,2025-05-15,17137,1140,2,6,0.0014189753565005958
2025-05-29,600025,test,-0.023936223,0.007270323,2020-05-08,2025-05-15,17137,1140,2,6,0.0014189753565005958
2025-05-29,600051,test,0.00582783,0.00450252,2020-05-08,2025-05-15,17137,1140,2,6,0.0014189753565005958
2025-05-29,600127,test,0.0031054395,-0.0018356442,2020-05-08,2025-05-15,17137,1140,2,6,0.0014189753565005958
2025-05-29,600153,test,0.0139591405,0.0019163545,2020-05-08,2025-05-15,17137,1140,2,6,0.0014189753565005958
2025-05-29,600548,test,-0.0020016392,0.00061161444,2020-05-08,2025-05-15,17137,1140,2,6,0.0014189753565005958
2025-05-29,600865,test,-0.008177772,-0.0034805015,2020-05-08,2025-05-15,17137,1140,2,6,0.0014189753565005958
2025-05-29,600967,test,-0.012319707,-0.016157683,2020-05-08,2025-05-15,17137,1140,2,6,0.0014189753565005958
2025-05-29,601222,test,0.0052414783,0.004588153,2020-05-08,2025-05-15,17137,1140,2,6,0.0014189753565005958
2025-05-29,603237,test,-0.118210666,0.018286273,2020-05-08,2025-05-15,17137,1140,2,6,0.0014189753565005958
2025-05-29,603335,test,-0.029685006,-0.043378804,2020-05-08,2025-05-15,17137,1140,2,6,0.0014189753565005958
2025-05-29,603341,test,0.031234045,-0.0009592306,2020-05-08,2025-05-15,17137,1140,2,6,0.0014189753565005958
2025-05-29,603658,test,-0.0019645148,0.0018210355,2020-05-08,2025-05-15,17137,1140,2,6,0.0014189753565005958
2025-05-29,605090,test,0.036738355,0.016687706,2020-05-08,2025-05-15,17137,1140,2,6,0.0014189753565005958
2025-05-29,605589,test,0.05887662,-0.0007615406,2020-05-08,2025-05-15,17137,1140,2,6,0.0014189753565005958
2025-05-29,688031,test,0.029633788,-0.0018095933,2020-05-08,2025-05-15,17137,1140,2,6,0.0014189753565005958
2025-05-29,688045,test,-0.015733922,0.00013287365,2020-05-08,2025-05-15,17137,1140,2,6,0.0014189753565005958
2025-05-29,688133,test,0.023116777,0.009723555,2020-05-08,2025-05-15,17137,1140,2,6,0.0014189753565005958
2025-05-29,688147,test,-0.0035221206,0.0006827656,2020-05-08,2025-05-15,17137,1140,2,6,0.0014189753565005958
2025-05-29,688528,test,0.0078181,-0.0008600652,2020-05-08,2025-05-15,17137,1140,2,6,0.0014189753565005958
2025-05-30,600025,test,-0.05332071,0.006453559,2020-05-08,2025-05-15,17137,1140,2,6,0.0014189753565005958
2025-05-30,600051,test,0.005473445,0.0036444832,2020-05-08,2025-05-15,17137,1140,2,6,0.0014189753565005958
2025-05-30,600127,test,-0.0054321843,-0.0019524731,2020-05-08,2025-05-15,17137,1140,2,6,0.0014189753565005958
2025-05-30,600153,test,-0.008631727,0.0026533082,2020-05-08,2025-05-15,17137,1140,2,6,0.0014189753565005958
2025-05-30,600548,test,-0.03481042,-7.8413635e-05,2020-05-08,2025-05-15,17137,1140,2,6,0.0014189753565005958
2025-05-30,600865,test,0.004122281,-0.003549897,2020-05-08,2025-05-15,17137,1140,2,6,0.0014189753565005958
2025-05-30,600967,test,-0.007788321,-0.017153995,2020-05-08,2025-05-15,17137,1140,2,6,0.0014189753565005958
2025-05-30,601222,test,-0.0048884624,0.004370747,2020-05-08,2025-05-15,17137,1140,2,6,0.0014189753565005958
2025-05-30,603237,test,-0.05406052,0.027739298,2020-05-08,2025-05-15,17137,1140,2,6,0.0014189753565005958
2025-05-30,603335,test,0.008656423,-0.036964417,2020-05-08,2025-05-15,17137,1140,2,6,0.0014189753565005958
2025-05-30,603341,test,0.031824358,-8.408725e-05,2020-05-08,2025-05-15,17137,1140,2,6,0.0014189753565005958
2025-05-30,603658,test,-0.013271898,0.0008464791,2020-05-08,2025-05-15,17137,1140,2,6,0.0014189753565005958
2025-05-30,605090,test,-0.0024222531,0.013672031,2020-05-08,2025-05-15,17137,1140,2,6,0.0014189753565005958
2025-05-30,605589,test,0.030566033,-0.0066612735,2020-05-08,2025-05-15,17137,1140,2,6,0.0014189753565005958
2025-05-30,688031,test,0.056445163,-0.0016222093,2020-05-08,2025-05-15,17137,1140,2,6,0.0014189753565005958
2025-05-30,688045,test,0.014797815,0.0027023237,2020-05-08,2025-05-15,17137,1140,2,6,0.0014189753565005958
2025-05-30,688133,test,0.017270075,0.009529512,2020-05-08,2025-05-15,17137,1140,2,6,0.0014189753565005958
2025-05-30,688147,test,0.010449218,-0.0002239421,2020-05-08,2025-05-15,17137,1140,2,6,0.0014189753565005958
2025-05-30,688528,test,0.0050216843,0.0007361062,2020-05-08,2025-05-15,17137,1140,2,6,0.0014189753565005958
2025-06-03,600025,test,-0.031412207,0.0076966714,2020-05-08,2025-05-15,17137,1140,2,6,0.0014189753565005958
2025-06-03,600051,test,0.013802674,-0.00020534173,2020-05-08,2025-05-15,17137,1140,2,6,0.0014189753565005958
2025-06-03,600127,test,0.010086027,-0.0018151756,2020-05-08,2025-05-15,17137,1140,2,6,0.0014189753565005958
2025-06-03,600153,test,0.015190474,0.0024706516,2020-05-08,2025-05-15,17137,1140,2,6,0.0014189753565005958
2025-06-03,600548,test,-0.004663236,-0.0003824234,2020-05-08,2025-05-15,17137,1140,2,6,0.0014189753565005958
2025-06-03,600865,test,-0.005759727,-0.00393805,2020-05-08,2025-05-15,17137,1140,2,6,0.0014189753565005958
2025-06-03,600967,test,0.009970911,-0.00851865,2020-05-08,2025-05-15,17137,1140,2,6,0.0014189753565005958
2025-06-03,601222,test,-0.001028194,0.004199583,2020-05-08,2025-05-15,17137,1140,2,6,0.0014189753565005958
2025-06-03,603237,test,-0.036265943,0.029419456,2020-05-08,2025-05-15,17137,1140,2,6,0.0014189753565005958
2025-06-03,603335,test,-0.0067082257,-0.029898088,2020-05-08,2025-05-15,17137,1140,2,6,0.0014189753565005958
2025-06-03,603341,test,0.030538497,0.00023114309,2020-05-08,2025-05-15,17137,1140,2,6,0.0014189753565005958
2025-06-03,603658,test,0.0012676563,0.0012145359,2020-05-08,2025-05-15,17137,1140,2,6,0.0014189753565005958
2025-06-03,605090,test,-0.0077076075,0.00987638,2020-05-08,2025-05-15,17137,1140,2,6,0.0014189753565005958
2025-06-03,605589,test,0.022082677,-0.0075803436,2020-05-08,2025-05-15,17137,1140,2,6,0.0014189753565005958
2025-06-03,688031,test,0.0038819,-0.0023672916,2020-05-08,2025-05-15,17137,1140,2,6,0.0014189753565005958
2025-06-03,688045,test,0.0020955966,0.0047539324,2020-05-08,2025-05-15,17137,1140,2,6,0.0014189753565005958
2025-06-03,688133,test,0.0016459124,0.0067516174,2020-05-08,2025-05-15,17137,1140,2,6,0.0014189753565005958
2025-06-03,688147,test,-0.016503325,0.000103235245,2020-05-08,2025-05-15,17137,1140,2,6,0.0014189753565005958
2025-06-03,688528,test,-0.0005138582,7.35838e-05,2020-05-08,2025-05-15,17137,1140,2,6,0.0014189753565005958
2025-06-04,600025,test,-0.019688465,0.010533411,2020-05-08,2025-05-15,17137,1140,2,6,0.0014189753565005958
2025-06-04,600051,test,0.00759115,-0.0024984097,2020-05-08,2025-05-15,17137,1140,2,6,0.0014189753565005958
2025-06-04,600127,test,-0.006302287,-0.0019515045,2020-05-08,2025-05-15,17137,1140,2,6,0.0014189753565005958
2025-06-04,600153,test,-0.0030916038,0.00221017,2020-05-08,2025-05-15,17137,1140,2,6,0.0014189753565005958
2025-06-04,600548,test,-0.015723027,0.00042191148,2020-05-08,2025-05-15,17137,1140,2,6,0.0014189753565005958
2025-06-04,600865,test,-0.022198107,-0.0067009367,2020-05-08,2025-05-15,17137,1140,2,6,0.0014189753565005958
2025-06-04,600967,test,0.022165814,0.0005692877,2020-05-08,2025-05-15,17137,1140,2,6,0.0014189753565005958
2025-06-04,601222,test,-0.003796474,0.003886452,2020-05-08,2025-05-15,17137,1140,2,6,0.0014189753565005958
2025-06-04,603237,test,-0.044051047,0.026526019,2020-05-08,2025-05-15,17137,1140,2,6,0.0014189753565005958
2025-06-04,603335,test,0.062617145,-0.027100196,2020-05-08,2025-05-15,17137,1140,2,6,0.0014189753565005958
2025-06-04,603341,test,0.06791219,0.0011738054,2020-05-08,2025-05-15,17137,1140,2,6,0.0014189753565005958
2025-06-04,603658,test,-0.008206087,0.002245497,2020-05-08,2025-05-15,17137,1140,2,6,0.0014189753565005958
2025-06-04,605090,test,-0.026922943,0.0045849923,2020-05-08,2025-05-15,17137,1140,2,6,0.0014189753565005958
2025-06-04,605589,test,0.004746869,-0.008085598,2020-05-08,2025-05-15,17137,1140,2,6,0.0014189753565005958
2025-06-04,688031,test,0.004073819,-0.0035364171,2020-05-08,2025-05-15,17137,1140,2,6,0.0014189753565005958
2025-06-04,688045,test,-0.00030507194,0.0052603483,2020-05-08,2025-05-15,17137,1140,2,6,0.0014189753565005958
2025-06-04,688133,test,-0.0123655405,0.0030982029,2020-05-08,2025-05-15,17137,1140,2,6,0.0014189753565005958
2025-06-04,688147,test,-0.022453777,0.00028942525,2020-05-08,2025-05-15,17137,1140,2,6,0.0014189753565005958
2025-06-04,688528,test,0.015997449,0.0015239939,2020-05-08,2025-05-15,17137,1140,2,6,0.0014189753565005958
2025-06-05,600025,test,-0.010702458,0.011053871,2020-05-08,2025-05-15,17137,1140,2,6,0.0014189753565005958
2025-06-05,600051,test,0.0018968674,-0.0047143362,2020-05-08,2025-05-15,17137,1140,2,6,0.0014189753565005958
2025-06-05,600127,test,0.00069036265,-0.0020289794,2020-05-08,2025-05-15,17137,1140,2,6,0.0014189753565005958
2025-06-05,600153,test,0.0038598431,0.0019774064,2020-05-08,2025-05-15,17137,1140,2,6,0.0014189753565005958
2025-06-05,600548,test,-0.0263644,-0.00086173415,2020-05-08,2025-05-15,17137,1140,2,6,0.0014189753565005958
2025-06-05,600865,test,-0.0077399206,-0.0063761976,2020-05-08,2025-05-15,17137,1140,2,6,0.0014189753565005958
2025-06-05,600967,test,0.00019384194,0.007612692,2020-05-08,2025-05-15,17137,1140,2,6,0.0014189753565005958
2025-06-05,601222,test,-0.0022814055,0.002876604,2020-05-08,2025-05-15,17137,1140,2,6,0.0014189753565005958
2025-06-05,603237,test,-0.02405791,0.02364793,2020-05-08,2025-05-15,17137,1140,2,6,0.0014189753565005958
2025-06-05,603335,test,0.20138459,-0.016326431,2020-05-08,2025-05-15,17137,1140,2,6,0.0014189753565005958
2025-06-05,603341,test,0.02871625,0.00051308796,2020-05-08,2025-05-15,17137,1140,2,6,0.0014189753565005958
2025-06-05,603658,test,-0.0043566325,0.0021461248,2020-05-08,2025-05-15,17137,1140,2,6,0.0014189753565005958
2025-06-05,605090,test,-0.036358003,0.0017470773,2020-05-08,2025-05-15,17137,1140,2,6,0.0014189753565005958
2025-06-05,605589,test,-0.035626564,-0.013777977,2020-05-08,2025-05-15,17137,1140,2,6,0.0014189753565005958
2025-06-05,688031,test,-0.04414669,-0.004823776,2020-05-08,2025-05-15,17137,1140,2,6,0.0014189753565005958
2025-06-05,688045,test,-0.003809056,0.00547399,2020-05-08,2025-05-15,17137,1140,2,6,0.0014189753565005958
2025-06-05,688133,test,-0.017788716,0.0028085448,2020-05-08,2025-05-15,17137,1140,2,6,0.0014189753565005958
2025-06-05,688147,test,-0.038955383,0.0011009276,2020-05-08,2025-05-15,17137,1140,2,6,0.0014189753565005958
2025-06-05,688528,test,0.0154453935,0.0027001146,2020-05-08,2025-05-15,17137,1140,2,6,0.0014189753565005958
2025-06-06,600025,test,0.012047138,0.008948345,2020-05-08,2025-05-15,17137,1140,2,6,0.0014189753565005958
2025-06-06,600051,test,0.014491157,-0.004921656,2020-05-08,2025-05-15,17137,1140,2,6,0.0014189753565005958
2025-06-06,600127,test,0.033775926,-0.0025614388,2020-05-08,2025-05-15,17137,1140,2,6,0.0014189753565005958
2025-06-06,600153,test,0.0039594,0.0024454314,2020-05-08,2025-05-15,17137,1140,2,6,0.0014189753565005958
2025-06-06,600548,test,-0.03969801,-0.0015351996,2020-05-08,2025-05-15,17137,1140,2,6,0.0014189753565005958
2025-06-06,600865,test,-0.010005854,-0.005834167,2020-05-08,2025-05-15,17137,1140,2,6,0.0014189753565005958
2025-06-06,600967,test,0.055525742,0.015728667,2020-05-08,2025-05-15,17137,1140,2,6,0.0014189753565005958
2025-06-06,601222,test,0.007692998,0.0027978104,2020-05-08,2025-05-15,17137,1140,2,6,0.0014189753565005958
2025-06-06,603237,test,-0.017031007,0.018473562,2020-05-08,2025-05-15,17137,1140,2,6,0.0014189753565005958
2025-06-06,603335,test,0.08784393,-0.0113179535,2020-05-08,2025-05-15,17137,1140,2,6,0.0014189753565005958
2025-06-06,603341,test,0.02838143,0.001346739,2020-05-08,2025-05-15,17137,1140,2,6,0.0014189753565005958
2025-06-06,603658,test,-0.022682179,0.0017283112,2020-05-08,2025-05-15,17137,1140,2,6,0.0014189753565005958
2025-06-06,605090,test,0.008616839,0.0046169814,2020-05-08,2025-05-15,17137,1140,2,6,0.0014189753565005958
2025-06-06,605589,test,-0.025022533,-0.014664302,2020-05-08,2025-05-15,17137,1140,2,6,0.0014189753565005958
2025-06-06,688031,test,-0.07152687,-0.0035261037,2020-05-08,2025-05-15,17137,1140,2,6,0.0014189753565005958
2025-06-06,688045,test,-0.020409483,0.0037230756,2020-05-08,2025-05-15,17137,1140,2,6,0.0014189753565005958
2025-06-06,688133,test,-0.031218674,0.005201459,2020-05-08,2025-05-15,17137,1140,2,6,0.0014189753565005958
2025-06-06,688147,test,-0.014503075,0.00058082305,2020-05-08,2025-05-15,17137,1140,2,6,0.0014189753565005958
2025-06-06,688528,test,-0.00023687718,-0.00040267967,2020-05-08,2025-05-15,17137,1140,2,6,0.0014189753565005958
2025-06-09,600025,test,0.020749336,0.0073423404,2020-05-08,2025-05-15,17137,1140,2,6,0.0014189753565005958
2025-06-09,600051,test,0.020373082,-0.0035743136,2020-05-08,2025-05-15,17137,1140,2,6,0.0014189753565005958
2025-06-09,600127,test,0.032297324,-0.0026174271,2020-05-08,2025-05-15,17137,1140,2,6,0.0014189753565005958
2025-06-09,600153,test,0.023720143,0.0021059588,2020-05-08,2025-05-15,17137,1140,2,6,0.0014189753565005958
2025-06-09,600548,test,-0.026623739,-0.0015541166,2020-05-08,2025-05-15,17137,1140,2,6,0.0014189753565005958
2025-06-09,600865,test,-0.019365082,-0.004655754,2020-05-08,2025-05-15,17137,1140,2,6,0.0014189753565005958
2025-06-09,600967,test,0.01918761,0.0006101467,2020-05-08,2025-05-15,17137,1140,2,6,0.0014189753565005958
2025-06-09,601222,test,0.012178233,0.0028583445,2020-05-08,2025-05-15,17137,1140,2,6,0.0014189753565005958
2025-06-09,603237,test,-0.012362476,0.011877671,2020-05-08,2025-05-15,17137,1140,2,6,0.0014189753565005958
2025-06-09,603335,test,0.041495822,-0.013175754,2020-05-08,2025-05-15,17137,1140,2,6,0.0014189753565005958
2025-06-09,603341,test,0.01319754,0.0023299716,2020-05-08,2025-05-15,17137,1140,2,6,0.0014189753565005958
2025-06-09,603658,test,-0.030185768,0.0007684007,2020-05-08,2025-05-15,17137,1140,2,6,0.0014189753565005958
2025-06-09,605090,test,0.015693763,0.0061543323,2020-05-08,2025-05-15,17137,1140,2,6,0.0014189753565005958
2025-06-09,605589,test,-0.013980038,-0.006758402,2020-05-08,2025-05-15,17137,1140,2,6,0.0014189753565005958
2025-06-09,688031,test,-0.05618579,0.00056586415,2020-05-08,2025-05-15,17137,1140,2,6,0.0014189753565005958
2025-06-09,688045,test,-0.02473819,0.0014843997,2020-05-08,2025-05-15,17137,1140,2,6,0.0014189753565005958
2025-06-09,688133,test,-0.010000904,0.00515173,2020-05-08,2025-05-15,17137,1140,2,6,0.0014189753565005958
2025-06-09,688147,test,-0.023042308,0.001278095,2020-05-08,2025-05-15,17137,1140,2,6,0.0014189753565005958
2025-06-09,688528,test,0.017591441,-0.00047259033,2020-05-08,2025-05-15,17137,1140,2,6,0.0014189753565005958
2025-06-10,600025,test,0.034628224,0.0051969904,2020-05-08,2025-05-15,17137,1140,2,6,0.0014189753565005958
2025-06-10,600051,test,0.0054117613,-0.00435933,2020-05-08,2025-05-15,17137,1140,2,6,0.0014189753565005958
2025-06-10,600127,test,0.018375581,-0.008196029,2020-05-08,2025-05-15,17137,1140,2,6,0.0014189753565005958
2025-06-10,600153,test,0.020496244,0.0018789247,2020-05-08,2025-05-15,17137,1140,2,6,0.0014189753565005958
2025-06-10,600548,test,-0.031665333,-0.0012011379,2020-05-08,2025-05-15,17137,1140,2,6,0.0014189753565005958
2025-06-10,600865,test,-0.013752735,-0.004118,2020-05-08,2025-05-15,17137,1140,2,6,0.0014189753565005958
2025-06-10,600967,test,0.04586142,-0.0043101944,2020-05-08,2025-05-15,17137,1140,2,6,0.0014189753565005958
2025-06-10,601222,test,0.008201161,0.0029564183,2020-05-08,2025-05-15,17137,1140,2,6,0.0014189753565005958
2025-06-10,603237,test,-0.012777859,0.009975273,2020-05-08,2025-05-15,17137,1140,2,6,0.0014189753565005958
2025-06-10,603335,test,0.018447064,-0.0074630976,2020-05-08,2025-05-15,17137,1140,2,6,0.0014189753565005958
2025-06-10,603341,test,0.032527607,0.0015479252,2020-05-08,2025-05-15,17137,1140,2,6,0.0014189753565005958
2025-06-10,603658,test,-0.032301273,0.00088857114,2020-05-08,2025-05-15,17137,1140,2,6,0.0014189753565005958
2025-06-10,605090,test,0.0040023676,0.005290894,2020-05-08,2025-05-15,17137,1140,2,6,0.0014189753565005958
2025-06-10,605589,test,-0.039917506,0.0025141202,2020-05-08,2025-05-15,17137,1140,2,6,0.0014189753565005958
2025-06-10,688031,test,-0.018520541,-0.00039612502,2020-05-08,2025-05-15,17137,1140,2,6,0.0014189753565005958
2025-06-10,688045,test,-0.029943483,-0.00015761517,2020-05-08,2025-05-15,17137,1140,2,6,0.0014189753565005958
2025-06-10,688133,test,-0.020907661,0.005807614,2020-05-08,2025-05-15,17137,1140,2,6,0.0014189753565005958
2025-06-10,688147,test,-0.010829004,0.0003418345,2020-05-08,2025-05-15,17137,1140,2,6,0.0014189753565005958
2025-06-10,688528,test,0.022663971,-2.965331e-06,2020-05-08,2025-05-15,17137,1140,2,6,0.0014189753565005958
2025-06-11,600025,test,0.051641118,0.003922913,2020-05-08,2025-05-15,17137,1140,2,6,0.0014189753565005958
2025-06-11,600051,test,-0.016718494,-0.0059544463,2020-05-08,2025-05-15,17137,1140,2,6,0.0014189753565005958
2025-06-11,600127,test,0.025339365,-0.0072876094,2020-05-08,2025-05-15,17137,1140,2,6,0.0014189753565005958
2025-06-11,600153,test,0.013626333,0.0013228487,2020-05-08,2025-05-15,17137,1140,2,6,0.0014189753565005958
2025-06-11,600548,test,-0.02459854,-0.0011140108,2020-05-08,2025-05-15,17137,1140,2,6,0.0014189753565005958
2025-06-11,600865,test,-0.023572791,-0.0038055414,2020-05-08,2025-05-15,17137,1140,2,6,0.0014189753565005958
2025-06-11,600967,test,0.10978018,-0.0009957962,2020-05-08,2025-05-15,17137,1140,2,6,0.0014189753565005958
2025-06-11,601222,test,0.01723514,0.0028176215,2020-05-08,2025-05-15,17137,1140,2,6,0.0014189753565005958
2025-06-11,603237,test,-0.016042078,0.0070864595,2020-05-08,2025-05-15,17137,1140,2,6,0.0014189753565005958
2025-06-11,603335,test,-0.08879452,-0.021506678,2020-05-08,2025-05-15,17137,1140,2,6,0.0014189753565005958
2025-06-11,603341,test,0.01688203,-0.0062419195,2020-05-08,2025-05-15,17137,1140,2,6,0.0014189753565005958
2025-06-11,603658,test,-0.026621345,0.000988502,2020-05-08,2025-05-15,17137,1140,2,6,0.0014189753565005958
2025-06-11,605090,test,-0.00054556795,0.004184643,2020-05-08,2025-05-15,17137,1140,2,6,0.0014189753565005958
2025-06-11,605589,test,-0.0139598735,0.0074936673,2020-05-08,2025-05-15,17137,1140,2,6,0.0014189753565005958
2025-06-11,688031,test,-0.012865159,-0.00018724054,2020-05-08,2025-05-15,17137,1140,2,6,0.0014189753565005958
2025-06-11,688045,test,-0.0114118345,0.0009578392,2020-05-08,2025-05-15,17137,1140,2,6,0.0014189753565005958
2025-06-11,688133,test,-0.028488362,0.006399434,2020-05-08,2025-05-15,17137,1140,2,6,0.0014189753565005958
2025-06-11,688147,test,0.0072829444,0.00019304268,2020-05-08,2025-05-15,17137,1140,2,6,0.0014189753565005958
2025-06-11,688528,test,0.021831462,0.002277201,2020-05-08,2025-05-15,17137,1140,2,6,0.0014189753565005958
2025-06-12,600025,test,0.074219175,0.002954334,2020-05-08,2025-05-15,17137,1140,2,6,0.0014189753565005958
2025-06-12,600051,test,-0.022506,-0.004077743,2020-05-08,2025-05-15,17137,1140,2,6,0.0014189753565005958
2025-06-12,600127,test,0.023263764,-0.0045962743,2020-05-08,2025-05-15,17137,1140,2,6,0.0014189753565005958
2025-06-12,600153,test,0.013090824,0.0015325285,2020-05-08,2025-05-15,17137,1140,2,6,0.0014189753565005958
2025-06-12,600548,test,0.0004847207,-0.001228191,2020-05-08,2025-05-15,17137,1140,2,6,0.0014189753565005958
2025-06-12,600865,test,-0.03601176,-0.0028651077,2020-05-08,2025-05-15,17137,1140,2,6,0.0014189753565005958
2025-06-12,600967,test,0.1672967,0.0025583804,2020-05-08,2025-05-15,17137,1140,2,6,0.0014189753565005958
2025-06-12,601222,test,0.0107009495,0.0028009396,2020-05-08,2025-05-15,17137,1140,2,6,0.0014189753565005958
2025-06-12,603237,test,-0.014228913,0.004480643,2020-05-08,2025-05-15,17137,1140,2,6,0.0014189753565005958
2025-06-12,603335,test,-0.17978193,-0.04632839,2020-05-08,2025-05-15,17137,1140,2,6,0.0014189753565005958
2025-06-12,603341,test,0.018210707,-0.0035525132,2020-05-08,2025-05-15,17137,1140,2,6,0.0014189753565005958
2025-06-12,603658,test,-0.019886743,0.0009616688,2020-05-08,2025-05-15,17137,1140,2,6,0.0014189753565005958
2025-06-12,605090,test,0.019812578,0.0031443909,2020-05-08,2025-05-15,17137,1140,2,6,0.0014189753565005958
2025-06-12,605589,test,-0.002057337,0.007843759,2020-05-08,2025-05-15,17137,1140,2,6,0.0014189753565005958
2025-06-12,688031,test,-0.022810213,-0.0010906737,2020-05-08,2025-05-15,17137,1140,2,6,0.0014189753565005958
2025-06-12,688045,test,-0.014373935,0.0015911199,2020-05-08,2025-05-15,17137,1140,2,6,0.0014189753565005958
2025-06-12,688133,test,-0.030741636,0.0069215056,2020-05-08,2025-05-15,17137,1140,2,6,0.0014189753565005958
2025-06-12,688147,test,0.011522499,0.0003706813,2020-05-08,2025-05-15,17137,1140,2,6,0.0014189753565005958
2025-06-12,688528,test,0.003796551,0.0035604108,2020-05-08,2025-05-15,17137,1140,2,6,0.0014189753565005958
2025-06-13,600025,test,0.05360644,0.002133008,2020-05-08,2025-05-15,17137,1140,2,6,0.0014189753565005958
2025-06-13,600051,test,-0.027360767,-0.0022990722,2020-05-08,2025-05-15,17137,1140,2,6,0.0014189753565005958
2025-06-13,600127,test,-0.006056211,-0.0052302284,2020-05-08,2025-05-15,17137,1140,2,6,0.0014189753565005958
2025-06-13,600153,test,0.011796271,0.0019610096,2020-05-08,2025-05-15,17137,1140,2,6,0.0014189753565005958
2025-06-13,600548,test,0.0065392163,-0.00022008456,2020-05-08,2025-05-15,17137,1140,2,6,0.0014189753565005958
2025-06-13,600865,test,-0.00816016,-0.0022312608,2020-05-08,2025-05-15,17137,1140,2,6,0.0014189753565005958
2025-06-13,600967,test,0.06468573,5.562231e-05,2020-05-08,2025-05-15,17137,1140,2,6,0.0014189753565005958
2025-06-13,601222,test,0.016371116,0.002922006,2020-05-08,2025-05-15,17137,1140,2,6,0.0014189753565005958
2025-06-13,603237,test,-0.0039018698,0.0032754168,2020-05-08,2025-05-15,17137,1140,2,6,0.0014189753565005958
2025-06-13,603335,test,-0.094668664,-0.05308335,2020-05-08,2025-05-15,17137,1140,2,6,0.0014189753565005958
2025-06-13,603341,test,0.006979469,-0.0017701928,2020-05-08,2025-05-15,17137,1140,2,6,0.0014189753565005958
2025-06-13,603658,test,0.0055776164,0.00044053607,2020-05-08,2025-05-15,17137,1140,2,6,0.0014189753565005958
2025-06-13,605090,test,-0.014130301,-0.0019248482,2020-05-08,2025-05-15,17137,1140,2,6,0.0014189753565005958
2025-06-13,605589,test,0.005178178,0.005320633,2020-05-08,2025-05-15,17137,1140,2,6,0.0014189753565005958
2025-06-13,688031,test,-0.034122,-0.0031424873,2020-05-08,2025-05-15,17137,1140,2,6,0.0014189753565005958
2025-06-13,688045,test,-0.013098719,0.0014476646,2020-05-08,2025-05-15,17137,1140,2,6,0.0014189753565005958
2025-06-13,688133,test,0.009688543,0.0063663237,2020-05-08,2025-05-15,17137,1140,2,6,0.0014189753565005958
2025-06-13,688147,test,0.011478127,0.0009775423,2020-05-08,2025-05-15,17137,1140,2,6,0.0014189753565005958
2025-06-13,688528,test,0.009597982,0.004319649,2020-05-08,2025-05-15,17137,1140,2,6,0.0014189753565005958
2025-06-16,600025,test,0.02986634,0.0023799688,2020-05-08,2025-05-15,17137,1140,2,6,0.0014189753565005958
2025-06-16,600051,test,-0.0039767106,-0.0013761874,2020-05-08,2025-05-15,17137,1140,2,6,0.0014189753565005958
2025-06-16,600127,test,0.012978404,-0.0034272112,2020-05-08,2025-05-15,17137,1140,2,6,0.0014189753565005958
2025-06-16,600153,test,-0.009496399,0.0021511763,2020-05-08,2025-05-15,17137,1140,2,6,0.0014189753565005958
2025-06-16,600548,test,-0.010651936,0.00024135038,2020-05-08,2025-05-15,17137,1140,2,6,0.0014189753565005958
2025-06-16,600865,test,8.868648e-05,-0.0025875634,2020-05-08,2025-05-15,17137,1140,2,6,0.0014189753565005958
2025-06-16,600967,test,0.09736549,-0.0038905758,2020-05-08,2025-05-15,17137,1140,2,6,0.0014189753565005958
2025-06-16,601222,test,0.0021035804,0.0030627828,2020-05-08,2025-05-15,17137,1140,2,6,0.0014189753565005958
2025-06-16,603237,test,-0.022771535,0.0029132701,2020-05-08,2025-05-15,17137,1140,2,6,0.0014189753565005958
2025-06-16,603335,test,-0.054579258,-0.050201874,2020-05-08,2025-05-15,17137,1140,2,6,0.0014189753565005958
2025-06-16,603341,test,0.022346772,0.0014129002,2020-05-08,2025-05-15,17137,1140,2,6,0.0014189753565005958
2025-06-16,603658,test,0.00036578102,-0.00035475567,2020-05-08,2025-05-15,17137,1140,2,6,0.0014189753565005958
2025-06-16,605090,test,-0.012900569,-0.0024204263,2020-05-08,2025-05-15,17137,1140,2,6,0.0014189753565005958
2025-06-16,605589,test,-0.0224731,0.0017115865,2020-05-08,2025-05-15,17137,1140,2,6,0.0014189753565005958
2025-06-16,688031,test,-0.035758987,-0.0010904111,2020-05-08,2025-05-15,17137,1140,2,6,0.0014189753565005958
2025-06-16,688045,test,-0.006807158,-8.290261e-05,2020-05-08,2025-05-15,17137,1140,2,6,0.0014189753565005958
2025-06-16,688133,test,-0.010286279,0.006136164,2020-05-08,2025-05-15,17137,1140,2,6,0.0014189753565005958
2025-06-16,688147,test,0.017833395,0.00060648844,2020-05-08,2025-05-15,17137,1140,2,6,0.0014189753565005958
2025-06-16,688528,test,0.0067534777,-0.0019133855,2020-05-08,2025-05-15,17137,1140,2,6,0.0014189753565005958
2025-06-17,600025,test,-0.015685149,0.0011224858,2020-05-08,2025-05-15,17137,1140,2,6,0.0014189753565005958
2025-06-17,600051,test,-0.0027290005,0.0004033167,2020-05-08,2025-05-15,17137,1140,2,6,0.0014189753565005958
2025-06-17,600127,test,-0.02390926,-0.0036287578,2020-05-08,2025-05-15,17137,1140,2,6,0.0014189753565005958
2025-06-17,600153,test,-0.023800034,0.0028651617,2020-05-08,2025-05-15,17137,1140,2,6,0.0014189753565005958
2025-06-17,600548,test,-0.026371252,0.0006282106,2020-05-08,2025-05-15,17137,1140,2,6,0.0014189753565005958
2025-06-17,600865,test,-0.012225676,-0.0024668463,2020-05-08,2025-05-15,17137,1140,2,6,0.0014189753565005958
2025-06-17,600967,test,0.119192325,-0.017255817,2020-05-08,2025-05-15,17137,1140,2,6,0.0014189753565005958
2025-06-17,601222,test,-0.013093138,0.0030735992,2020-05-08,2025-05-15,17137,1140,2,6,0.0014189753565005958
2025-06-17,603237,test,-0.0274293,0.003293546,2020-05-08,2025-05-15,17137,1140,2,6,0.0014189753565005958
2025-06-17,603335,test,-0.010629822,-0.031649783,2020-05-08,2025-05-15,17137,1140,2,6,0.0014189753565005958
2025-06-17,603341,test,-0.008798773,-0.0038948655,2020-05-08,2025-05-15,17137,1140,2,6,0.0014189753565005958
2025-06-17,603658,test,-0.017249346,-0.0005364865,2020-05-08,2025-05-15,17137,1140,2,6,0.0014189753565005958
2025-06-17,605090,test,-0.033964325,-0.0017258897,2020-05-08,2025-05-15,17137,1140,2,6,0.0014189753565005958
2025-06-17,605589,test,0.0247141,0.00386988,2020-05-08,2025-05-15,17137,1140,2,6,0.0014189753565005958
2025-06-17,688031,test,-0.013813228,-0.0009127278,2020-05-08,2025-05-15,17137,1140,2,6,0.0014189753565005958
2025-06-17,688045,test,0.020404276,-0.00048144907,2020-05-08,2025-05-15,17137,1140,2,6,0.0014189753565005958
2025-06-17,688133,test,0.012344026,0.004427707,2020-05-08,2025-05-15,17137,1140,2,6,0.0014189753565005958
2025-06-17,688147,test,0.037172038,0.000638457,2020-05-08,2025-05-15,17137,1140,2,6,0.0014189753565005958
2025-06-17,688528,test,0.015871543,-0.0026629632,2020-05-08,2025-05-15,17137,1140,2,6,0.0014189753565005958
2025-06-18,600025,test,-0.02954201,0.000289822,2020-05-08,2025-05-15,17137,1140,2,6,0.0014189753565005958
2025-06-18,600051,test,-0.0019028705,0.00079119205,2020-05-08,2025-05-15,17137,1140,2,6,0.0014189753565005958
2025-06-18,600127,test,-0.024613066,0.0020304974,2020-05-08,2025-05-15,17137,1140,2,6,0.0014189753565005958
2025-06-18,600153,test,0.0071157957,0.0025013145,2020-05-08,2025-05-15,17137,1140,2,6,0.0014189753565005958
2025-06-18,600548,test,-0.025568686,0.00075274706,2020-05-08,2025-05-15,17137,1140,2,6,0.0014189753565005958
2025-06-18,600865,test,-0.0081892405,-0.0028310008,2020-05-08,2025-05-15,17137,1140,2,6,0.0014189753565005958
2025-06-18,600967,test,0.13623527,-0.03340252,2020-05-08,2025-05-15,17137,1140,2,6,0.0014189753565005958
2025-06-18,601222,test,-0.027507422,0.0024843477,2020-05-08,2025-05-15,17137,1140,2,6,0.0014189753565005958
2025-06-18,603237,test,-0.025109341,0.0037238412,2020-05-08,2025-05-15,17137,1140,2,6,0.0014189753565005958
2025-06-18,603335,test,-0.00053646805,-0.010967797,2020-05-08,2025-05-15,17137,1140,2,6,0.0014189753565005958
2025-06-18,603341,test,-0.024012664,-0.0026497003,2020-05-08,2025-05-15,17137,1140,2,6,0.0014189753565005958
2025-06-18,603658,test,-0.01729237,-0.00035173818,2020-05-08,2025-05-15,17137,1140,2,6,0.0014189753565005958
2025-06-18,605090,test,-0.03178126,-0.0008188188,2020-05-08,2025-05-15,17137,1140,2,6,0.0014189753565005958
2025-06-18,605589,test,0.0016079191,0.00428237,2020-05-08,2025-05-15,17137,1140,2,6,0.0014189753565005958
2025-06-18,688031,test,-0.0031711392,-0.00011173636,2020-05-08,2025-05-15,17137,1140,2,6,0.0014189753565005958
2025-06-18,688045,test,0.0056901975,-0.0014884584,2020-05-08,2025-05-15,17137,1140,2,6,0.0014189753565005958
2025-06-18,688133,test,0.04358706,0.0025947802,2020-05-08,2025-05-15,17137,1140,2,6,0.0014189753565005958
2025-06-18,688147,test,0.022996195,0.0015878361,2020-05-08,2025-05-15,17137,1140,2,6,0.0014189753565005958
2025-06-18,688528,test,0.0019941034,-0.0029373476,2020-05-08,2025-05-15,17137,1140,2,6,0.0014189753565005958
2025-06-19,600025,test,-0.039294448,0.002286557,2020-05-08,2025-05-15,17137,1140,2,6,0.0014189753565005958
2025-06-19,600051,test,0.004433529,0.0006918907,2020-05-08,2025-05-15,17137,1140,2,6,0.0014189753565005958
2025-06-19,600127,test,-0.012560441,0.006535329,2020-05-08,2025-05-15,17137,1140,2,6,0.0014189753565005958
2025-06-19,600153,test,0.02334531,0.0023423806,2020-05-08,2025-05-15,17137,1140,2,6,0.0014189753565005958
2025-06-19,600548,test,-0.04014915,0.0017425418,2020-05-08,2025-05-15,17137,1140,2,6,0.0014189753565005958
2025-06-19,600865,test,0.022078913,-0.002466239,2020-05-08,2025-05-15,17137,1140,2,6,0.0014189753565005958
2025-06-19,600967,test,0.109059595,-0.042569123,2020-05-08,2025-05-15,17137,1140,2,6,0.0014189753565005958
2025-06-19,601222,test,-0.032629102,0.0025687367,2020-05-08,2025-05-15,17137,1140,2,6,0.0014189753565005958
2025-06-19,603237,test,-0.02409129,0.003820246,2020-05-08,2025-05-15,17137,1140,2,6,0.0014189753565005958
2025-06-19,603335,test,0.0040755575,0.0032406244,2020-05-08,2025-05-15,17137,1140,2,6,0.0014189753565005958
2025-06-19,603341,test,-0.035248403,0.0021086838,2020-05-08,2025-05-15,17137,1140,2,6,0.0014189753565005958
2025-06-19,603658,test,-0.022952545,-6.8061054e-06,2020-05-08,2025-05-15,17137,1140,2,6,0.0014189753565005958
2025-06-19,605090,test,-0.052810244,-0.0013761725,2020-05-08,2025-05-15,17137,1140,2,6,0.0014189753565005958
2025-06-19,605589,test,-0.0027551092,0.0040445738,2020-05-08,2025-05-15,17137,1140,2,6,0.0014189753565005958
2025-06-19,688031,test,0.013622476,-0.001407411,2020-05-08,2025-05-15,17137,1140,2,6,0.0014189753565005958
2025-06-19,688045,test,0.027646825,-0.001775777,2020-05-08,2025-05-15,17137,1140,2,6,0.0014189753565005958
2025-06-19,688133,test,0.026057454,0.0005420968,2020-05-08,2025-05-15,17137,1140,2,6,0.0014189753565005958
2025-06-19,688147,test,0.019323412,0.0016646907,2020-05-08,2025-05-15,17137,1140,2,6,0.0014189753565005958
2025-06-19,688528,test,0.012847662,-0.0017671008,2020-05-08,2025-05-15,17137,1140,2,6,0.0014189753565005958
2025-06-20,600025,test,-0.0758371,0.0038054176,2020-05-08,2025-05-15,17137,1140,2,6,0.0014189753565005958
2025-06-20,600051,test,0.006462144,-0.00014784932,2020-05-08,2025-05-15,17137,1140,2,6,0.0014189753565005958
2025-06-20,600127,test,-0.028219346,0.007622827,2020-05-08,2025-05-15,17137,1140,2,6,0.0014189753565005958
2025-06-20,600153,test,0.0043718633,0.0018978417,2020-05-08,2025-05-15,17137,1140,2,6,0.0014189753565005958
2025-06-20,600548,test,-0.053479377,0.00236951,2020-05-08,2025-05-15,17137,1140,2,6,0.0014189753565005958
2025-06-20,600865,test,-0.01060568,-0.0017715283,2020-05-08,2025-05-15,17137,1140,2,6,0.0014189753565005958
2025-06-20,600967,test,0.2849469,-0.043984182,2020-05-08,2025-05-15,17137,1140,2,6,0.0014189753565005958
2025-06-20,601222,test,-0.046209294,0.002485728,2020-05-08,2025-05-15,17137,1140,2,6,0.0014189753565005958
2025-06-20,603237,test,-0.035731517,0.004898507,2020-05-08,2025-05-15,17137,1140,2,6,0.0014189753565005958
2025-06-20,603335,test,-0.0025239624,0.01045767,2020-05-08,2025-05-15,17137,1140,2,6,0.0014189753565005958
2025-06-20,603341,test,-0.04365518,0.0047808588,2020-05-08,2025-05-15,17137,1140,2,6,0.0014189753565005958
2025-06-20,603658,test,-0.041832574,6.550923e-05,2020-05-08,2025-05-15,17137,1140,2,6,0.0014189753565005958
2025-06-20,605090,test,-0.061243955,-0.0018962212,2020-05-08,2025-05-15,17137,1140,2,6,0.0014189753565005958
2025-06-20,605589,test,-0.008742535,0.0023483578,2020-05-08,2025-05-15,17137,1140,2,6,0.0014189753565005958
2025-06-20,688031,test,0.04211061,-0.0003243517,2020-05-08,2025-05-15,17137,1140,2,6,0.0014189753565005958
2025-06-20,688045,test,0.051474992,-0.0028439984,2020-05-08,2025-05-15,17137,1140,2,6,0.0014189753565005958
2025-06-20,688133,test,0.002365394,-0.00024917722,2020-05-08,2025-05-15,17137,1140,2,6,0.0014189753565005958
2025-06-20,688147,test,0.007853193,0.0024789106,2020-05-08,2025-05-15,17137,1140,2,6,0.0014189753565005958
2025-06-20,688528,test,0.008495414,0.0019212514,2020-05-08,2025-05-15,17137,1140,2,6,0.0014189753565005958
2025-06-23,600025,test,-0.07334597,0.008720238,2020-05-08,2025-05-15,17137,1140,2,6,0.0014189753565005958
2025-06-23,600051,test,-0.03502285,-0.005789904,2020-05-08,2025-05-15,17137,1140,2,6,0.0014189753565005958
2025-06-23,600127,test,-0.063340366,0.0051149074,2020-05-08,2025-05-15,17137,1140,2,6,0.0014189753565005958
2025-06-23,600153,test,-0.0033759666,0.0014525522,2020-05-08,2025-05-15,17137,1140,2,6,0.0014189753565005958
2025-06-23,600548,test,-0.049869943,0.0024794824,2020-05-08,2025-05-15,17137,1140,2,6,0.0014189753565005958
2025-06-23,600865,test,-0.031398248,-0.0018075947,2020-05-08,2025-05-15,17137,1140,2,6,0.0014189753565005958
2025-06-23,600967,test,0.3554697,-0.041594714,2020-05-08,2025-05-15,17137,1140,2,6,0.0014189753565005958
2025-06-23,601222,test,-0.02997961,0.0021795519,2020-05-08,2025-05-15,17137,1140,2,6,0.0014189753565005958
2025-06-23,603237,test,-0.030435931,0.0040081926,2020-05-08,2025-05-15,17137,1140,2,6,0.0014189753565005958
2025-06-23,603335,test,-0.012492101,0.010514092,2020-05-08,2025-05-15,17137,1140,2,6,0.0014189753565005958
2025-06-23,603341,test,-0.014291271,0.004684273,2020-05-08,2025-05-15,17137,1140,2,6,0.0014189753565005958
2025-06-23,603658,test,-0.040229898,0.00038301013,2020-05-08,2025-05-15,17137,1140,2,6,0.0014189753565005958
2025-06-23,605090,test,-0.06732865,-0.0011916012,2020-05-08,2025-05-15,17137,1140,2,6,0.0014189753565005958
2025-06-23,605589,test,-0.0058438983,0.00047813728,2020-05-08,2025-05-15,17137,1140,2,6,0.0014189753565005958
2025-06-23,688031,test,0.027568573,-0.00039415993,2020-05-08,2025-05-15,17137,1140,2,6,0.0014189753565005958
2025-06-23,688045,test,0.040233918,-0.0020558145,2020-05-08,2025-05-15,17137,1140,2,6,0.0014189753565005958
2025-06-23,688133,test,0.0188681,-0.0006188229,2020-05-08,2025-05-15,17137,1140,2,6,0.0014189753565005958
2025-06-23,688147,test,0.009501133,0.0015589762,2020-05-08,2025-05-15,17137,1140,2,6,0.0014189753565005958
2025-06-23,688528,test,0.0053132824,0.0026182737,2020-05-08,2025-05-15,17137,1140,2,6,0.0014189753565005958
2025-06-24,600025,test,-0.039344177,0.011641094,2020-05-08,2025-05-15,17137,1140,2,6,0.0014189753565005958
2025-06-24,600051,test,-0.029033404,-0.008156566,2020-05-08,2025-05-15,17137,1140,2,6,0.0014189753565005958
2025-06-24,600127,test,-0.034620613,0.005682716,2020-05-08,2025-05-15,17137,1140,2,6,0.0014189753565005958
2025-06-24,600153,test,0.002506544,0.0019390471,2020-05-08,2025-05-15,17137,1140,2,6,0.0014189753565005958
2025-06-24,600548,test,-0.037071493,0.002252886,2020-05-08,2025-05-15,17137,1140,2,6,0.0014189753565005958
2025-06-24,600865,test,-0.025350107,-0.0020008292,2020-05-08,2025-05-15,17137,1140,2,6,0.0014189753565005958
2025-06-24,600967,test,0.27478245,-0.05171684,2020-05-08,2025-05-15,17137,1140,2,6,0.0014189753565005958
2025-06-24,601222,test,-0.025953725,0.0017220639,2020-05-08,2025-05-15,17137,1140,2,6,0.0014189753565005958
2025-06-24,603237,test,-0.02474775,0.003359519,2020-05-08,2025-05-15,17137,1140,2,6,0.0014189753565005958
2025-06-24,603335,test,-0.008977788,0.010208817,2020-05-08,2025-05-15,17137,1140,2,6,0.0014189753565005958
2025-06-24,603341,test,-0.016196419,0.00304831,2020-05-08,2025-05-15,17137,1140,2,6,0.0014189753565005958
2025-06-24,603658,test,-0.032369412,0.00061393715,2020-05-08,2025-05-15,17137,1140,2,6,0.0014189753565005958
2025-06-24,605090,test,-0.051893543,0.0006575845,2020-05-08,2025-05-15,17137,1140,2,6,0.0014189753565005958
2025-06-24,605589,test,0.011354212,-0.00072571635,2020-05-08,2025-05-15,17137,1140,2,6,0.0014189753565005958
2025-06-24,688031,test,-0.008243671,-0.000843022,2020-05-08,2025-05-15,17137,1140,2,6,0.0014189753565005958
2025-06-24,688045,test,0.02770355,-0.002316351,2020-05-08,2025-05-15,17137,1140,2,6,0.0014189753565005958
2025-06-24,688133,test,0.026891416,-0.0014335718,2020-05-08,2025-05-15,17137,1140,2,6,0.0014189753565005958
2025-06-24,688147,test,0.0010528258,-2.5616959e-05,2020-05-08,2025-05-15,17137,1140,2,6,0.0014189753565005958
2025-06-24,688528,test,-0.01048889,0.0020185988,2020-05-08,2025-05-15,17137,1140,2,6,0.0014189753565005958
2025-06-25,600025,test,-0.027239013,0.012431603,2020-05-08,2025-05-15,17137,1140,2,6,0.0014189753565005958
2025-06-25,600051,test,-0.00056861434,-0.0050956514,2020-05-08,2025-05-15,17137,1140,2,6,0.0014189753565005958
2025-06-25,600127,test,-0.013219394,0.0063329916,2020-05-08,2025-05-15,17137,1140,2,6,0.0014189753565005958
2025-06-25,600153,test,0.008826146,0.0018467046,2020-05-08,2025-05-15,17137,1140,2,6,0.0014189753565005958
2025-06-25,600548,test,-0.027272742,0.0016662143,2020-05-08,2025-05-15,17137,1140,2,6,0.0014189753565005958
2025-06-25,600865,test,-0.004431081,-0.00086867437,2020-05-08,2025-05-15,17137,1140,2,6,0.0014189753565005958
2025-06-25,600967,test,0.07842117,-0.059487447,2020-05-08,2025-05-15,17137,1140,2,6,0.0014189753565005958
2025-06-25,601222,test,0.0036950114,0.001773227,2020-05-08,2025-05-15,17137,1140,2,6,0.0014189753565005958
2025-06-25,603237,test,-0.0029095283,0.0030709393,2020-05-08,2025-05-15,17137,1140,2,6,0.0014189753565005958
2025-06-25,603335,test,0.013331832,0.009581735,2020-05-08,2025-05-15,17137,1140,2,6,0.0014189753565005958
2025-06-25,603341,test,-0.033766013,-0.0008314196,2020-05-08,2025-05-15,17137,1140,2,6,0.0014189753565005958
2025-06-25,603658,test,-0.012615776,0.00076201186,2020-05-08,2025-05-15,17137,1140,2,6,0.0014189753565005958
2025-06-25,605090,test,-0.013572768,0.0004510954,2020-05-08,2025-05-15,17137,1140,2,6,0.0014189753565005958
2025-06-25,605589,test,0.013960536,-0.00063564256,2020-05-08,2025-05-15,17137,1140,2,6,0.0014189753565005958
2025-06-25,688031,test,-0.03588823,-0.0024940567,2020-05-08,2025-05-15,17137,1140,2,6,0.0014189753565005958
2025-06-25,688045,test,0.029606124,-0.0018175654,2020-05-08,2025-05-15,17137,1140,2,6,0.0014189753565005958
2025-06-25,688133,test,0.0068301344,-0.0034535676,2020-05-08,2025-05-15,17137,1140,2,6,0.0014189753565005958
2025-06-25,688147,test,0.004951609,0.0011773054,2020-05-08,2025-05-15,17137,1140,2,6,0.0014189753565005958
2025-06-25,688528,test,0.011860599,0.006724717,2020-05-08,2025-05-15,17137,1140,2,6,0.0014189753565005958
2025-06-26,600025,test,-0.045493335,0.012097791,2020-05-08,2025-05-15,17137,1140,2,6,0.0014189753565005958
2025-06-26,600051,test,0.0044548754,-0.0009947903,2020-05-08,2025-05-15,17137,1140,2,6,0.0014189753565005958
2025-06-26,600127,test,-0.006415129,0.0058309324,2020-05-08,2025-05-15,17137,1140,2,6,0.0014189753565005958
2025-06-26,600153,test,-0.010248537,0.0022717062,2020-05-08,2025-05-15,17137,1140,2,6,0.0014189753565005958
2025-06-26,600548,test,-0.02094843,0.0011816546,2020-05-08,2025-05-15,17137,1140,2,6,0.0014189753565005958
2025-06-26,600865,test,-0.019508341,-0.0010718182,2020-05-08,2025-05-15,17137,1140,2,6,0.0014189753565005958
2025-06-26,600967,test,0.050228436,-0.06564391,2020-05-08,2025-05-15,17137,1140,2,6,0.0014189753565005958
2025-06-26,601222,test,0.0030111833,0.0017257966,2020-05-08,2025-05-15,17137,1140,2,6,0.0014189753565005958
2025-06-26,603237,test,0.0029414902,0.0032903645,2020-05-08,2025-05-15,17137,1140,2,6,0.0014189753565005958
2025-06-26,603335,test,0.027758945,0.007014107,2020-05-08,2025-05-15,17137,1140,2,6,0.0014189753565005958
2025-06-26,603341,test,-0.0039363503,0.00011139363,2020-05-08,2025-05-15,17137,1140,2,6,0.0014189753565005958
2025-06-26,603658,test,-0.0065191085,0.0009748973,2020-05-08,2025-05-15,17137,1140,2,6,0.0014189753565005958
2025-06-26,605090,test,-0.017445799,0.00046278536,2020-05-08,2025-05-15,17137,1140,2,6,0.0014189753565005958
2025-06-26,605589,test,0.014409999,-0.0002731979,2020-05-08,2025-05-15,17137,1140,2,6,0.0014189753565005958
2025-06-26,688031,test,-0.043607917,-0.0035240622,2020-05-08,2025-05-15,17137,1140,2,6,0.0014189753565005958
2025-06-26,688045,test,0.0025347974,-0.005543855,2020-05-08,2025-05-15,17137,1140,2,6,0.0014189753565005958
2025-06-26,688133,test,0.04491076,-0.0025382824,2020-05-08,2025-05-15,17137,1140,2,6,0.0014189753565005958
2025-06-26,688147,test,0.008094163,0.0029539932,2020-05-08,2025-05-15,17137,1140,2,6,0.0014189753565005958
2025-06-26,688528,test,0.015778298,0.009010822,2020-05-08,2025-05-15,17137,1140,2,6,0.0014189753565005958
2025-06-27,600025,test,-0.005389473,0.011166699,2020-05-08,2025-05-15,17137,1140,2,6,0.0014189753565005958
2025-06-27,600051,test,0.011162251,0.0020889118,2020-05-08,2025-05-15,17137,1140,2,6,0.0014189753565005958
2025-06-27,600127,test,0.00620473,0.004568195,2020-05-08,2025-05-15,17137,1140,2,6,0.0014189753565005958
2025-06-27,600153,test,-0.00050666067,0.00217551,2020-05-08,2025-05-15,17137,1140,2,6,0.0014189753565005958
2025-06-27,600548,test,-0.016104454,0.0012865774,2020-05-08,2025-05-15,17137,1140,2,6,0.0014189753565005958
2025-06-27,600865,test,-0.010945029,0.00046641752,2020-05-08,2025-05-15,17137,1140,2,6,0.0014189753565005958
2025-06-27,600967,test,-0.048197694,-0.0699578,2020-05-08,2025-05-15,17137,1140,2,6,0.0014189753565005958
2025-06-27,601222,test,0.05415582,0.0017113835,2020-05-08,2025-05-15,17137,1140,2,6,0.0014189753565005958
2025-06-27,603237,test,0.007839631,0.0033612922,2020-05-08,2025-05-15,17137,1140,2,6,0.0014189753565005958
2025-06-27,603335,test,0.00067113293,0.004619438,2020-05-08,2025-05-15,17137,1140,2,6,0.0014189753565005958
2025-06-27,603341,test,-0.006157522,0.00039021112,2020-05-08,2025-05-15,17137,1140,2,6,0.0014189753565005958
2025-06-27,603658,test,0.00076849206,0.0012486987,2020-05-08,2025-05-15,17137,1140,2,6,0.0014189753565005958
2025-06-27,605090,test,-0.013606079,0.0009486582,2020-05-08,2025-05-15,17137,1140,2,6,0.0014189753565005958
2025-06-27,605589,test,0.026276594,-0.00021754205,2020-05-08,2025-05-15,17137,1140,2,6,0.0014189753565005958
2025-06-27,688031,test,-0.041290257,-0.003525081,2020-05-08,2025-05-15,17137,1140,2,6,0.0014189753565005958
2025-06-27,688045,test,-0.015418972,-0.006771989,2020-05-08,2025-05-15,17137,1140,2,6,0.0014189753565005958
2025-06-27,688133,test,0.050639212,-0.0005716998,2020-05-08,2025-05-15,17137,1140,2,6,0.0014189753565005958
2025-06-27,688147,test,0.00034215194,0.0034923777,2020-05-08,2025-05-15,17137,1140,2,6,0.0014189753565005958
2025-06-27,688528,test,-0.00044387474,0.009923933,2020-05-08,2025-05-15,17137,1140,2,6,0.0014189753565005958
2025-06-30,600025,test,0.0069891037,0.009034809,2020-05-08,2025-05-15,17137,1140,2,6,0.0014189753565005958
2025-06-30,600051,test,0.039878204,0.0033493116,2020-05-08,2025-05-15,17137,1140,2,6,0.0014189753565005958
2025-06-30,600127,test,0.01625772,0.0021187272,2020-05-08,2025-05-15,17137,1140,2,6,0.0014189753565005958
2025-06-30,600153,test,0.015072626,0.0029745512,2020-05-08,2025-05-15,17137,1140,2,6,0.0014189753565005958
2025-06-30,600548,test,-0.00851004,0.0011032932,2020-05-08,2025-05-15,17137,1140,2,6,0.0014189753565005958
2025-06-30,600865,test,0.0022100878,0.00089885294,2020-05-08,2025-05-15,17137,1140,2,6,0.0014189753565005958
2025-06-30,600967,test,-0.08493319,-0.07129589,2020-05-08,2025-05-15,17137,1140,2,6,0.0014189753565005958
2025-06-30,601222,test,0.08530035,0.0007487647,2020-05-08,2025-05-15,17137,1140,2,6,0.0014189753565005958
2025-06-30,603237,test,0.008786316,0.00302005,2020-05-08,2025-05-15,17137,1140,2,6,0.0014189753565005958
2025-06-30,603335,test,0.00039975418,0.0010983273,2020-05-08,2025-05-15,17137,1140,2,6,0.0014189753565005958
2025-06-30,603341,test,-0.04889409,-0.00047491118,2020-05-08,2025-05-15,17137,1140,2,6,0.0014189753565005958
2025-06-30,603658,test,0.005356992,0.0013097543,2020-05-08,2025-05-15,17137,1140,2,6,0.0014189753565005958
2025-06-30,605090,test,0.0038695023,0.0013428722,2020-05-08,2025-05-15,17137,1140,2,6,0.0014189753565005958
2025-06-30,605589,test,0.040910143,0.00087133795,2020-05-08,2025-05-15,17137,1140,2,6,0.0014189753565005958
2025-06-30,688031,test,-0.068196975,-0.0013816468,2020-05-08,2025-05-15,17137,1140,2,6,0.0014189753565005958
2025-06-30,688045,test,-0.027378667,-0.0035645682,2020-05-08,2025-05-15,17137,1140,2,6,0.0014189753565005958
2025-06-30,688133,test,0.035257716,-0.0020534173,2020-05-08,2025-05-15,17137,1140,2,6,0.0014189753565005958
2025-06-30,688147,test,-0.0042509604,0.0040091164,2020-05-08,2025-05-15,17137,1140,2,6,0.0014189753565005958
2025-06-30,688528,test,-0.018124605,0.008413896,2020-05-08,2025-05-15,17137,1140,2,6,0.0014189753565005958
2025-07-01,600025,test,-0.015172902,0.007226456,2020-05-08,2025-05-15,17137,1140,2,6,0.0014189753565005958
2025-07-01,600051,test,0.024702078,0.004673362,2020-05-08,2025-05-15,17137,1140,2,6,0.0014189753565005958
2025-07-01,600127,test,0.009073839,0.00026164763,2020-05-08,2025-05-15,17137,1140,2,6,0.0014189753565005958
2025-07-01,600153,test,0.0088567035,0.0048866943,2020-05-08,2025-05-15,17137,1140,2,6,0.0014189753565005958
2025-07-01,600548,test,-0.0068913284,0.00083339214,2020-05-08,2025-05-15,17137,1140,2,6,0.0014189753565005958
2025-07-01,600865,test,0.0041951463,0.0011648703,2020-05-08,2025-05-15,17137,1140,2,6,0.0014189753565005958
2025-07-01,600967,test,-0.10564393,-0.073301345,2020-05-08,2025-05-15,17137,1140,2,6,0.0014189753565005958
2025-07-01,601222,test,0.07193346,0.00063943677,2020-05-08,2025-05-15,17137,1140,2,6,0.0014189753565005958
2025-07-01,603237,test,0.012798409,0.0028857738,2020-05-08,2025-05-15,17137,1140,2,6,0.0014189753565005958
2025-07-01,603335,test,-0.0049228244,-0.0033835284,2020-05-08,2025-05-15,17137,1140,2,6,0.0014189753565005958
2025-07-01,603341,test,-0.032053262,0.0008513462,2020-05-08,2025-05-15,17137,1140,2,6,0.0014189753565005958
2025-07-01,603658,test,0.0027240564,0.0012410376,2020-05-08,2025-05-15,17137,1140,2,6,0.0014189753565005958
2025-07-01,605090,test,0.013380554,0.0015085712,2020-05-08,2025-05-15,17137,1140,2,6,0.0014189753565005958
2025-07-01,605589,test,0.042025514,-0.0015227478,2020-05-08,2025-05-15,17137,1140,2,6,0.0014189753565005958
2025-07-01,688031,test,-0.04619643,-0.00084747374,2020-05-08,2025-05-15,17137,1140,2,6,0.0014189753565005958
2025-07-01,688045,test,-0.029382678,-0.0021378174,2020-05-08,2025-05-15,17137,1140,2,6,0.0014189753565005958
2025-07-01,688133,test,0.039197467,-0.0058980864,2020-05-08,2025-05-15,17137,1140,2,6,0.0014189753565005958
2025-07-01,688147,test,0.009588567,0.0045664944,2020-05-08,2025-05-15,17137,1140,2,6,0.0014189753565005958
2025-07-01,688528,test,0.0017875532,0.0071110036,2020-05-08,2025-05-15,17137,1140,2,6,0.0014189753565005958
2025-07-02,600025,test,-0.031630658,0.0044522937,2020-05-08,2025-05-15,17137,1140,2,6,0.0014189753565005958
2025-07-02,600051,test,0.0096890945,0.005306933,2020-05-08,2025-05-15,17137,1140,2,6,0.0014189753565005958
2025-07-02,600127,test,-0.017526183,1.53929e-05,2020-05-08,2025-05-15,17137,1140,2,6,0.0014189753565005958
2025-07-02,600153,test,-0.012684988,0.004749,2020-05-08,2025-05-15,17137,1140,2,6,0.0014189753565005958
2025-07-02,600548,test,-0.0026254733,0.0003421642,2020-05-08,2025-05-15,17137,1140,2,6,0.0014189753565005958
2025-07-02,600865,test,-0.017773896,0.0013596956,2020-05-08,2025-05-15,17137,1140,2,6,0.0014189753565005958
2025-07-02,600967,test,-0.00079295604,-0.069136515,2020-05-08,2025-05-15,17137,1140,2,6,0.0014189753565005958
2025-07-02,601222,test,0.035270464,0.00036806613,2020-05-08,2025-05-15,17137,1140,2,6,0.0014189753565005958
2025-07-02,603237,test,-0.01321627,0.002451701,2020-05-08,2025-05-15,17137,1140,2,6,0.0014189753565005958
2025-07-02,603335,test,-0.02925214,-0.0057969913,2020-05-08,2025-05-15,17137,1140,2,6,0.0014189753565005958
2025-07-02,603341,test,-0.022302877,0.0007610079,2020-05-08,2025-05-15,17137,1140,2,6,0.0014189753565005958
2025-07-02,603658,test,-0.016913028,0.0006921515,2020-05-08,2025-05-15,17137,1140,2,6,0.0014189753565005958
2025-07-02,605090,test,-0.017050743,0.00046563335,2020-05-08,2025-05-15,17137,1140,2,6,0.0014189753565005958
2025-07-02,605589,test,0.010364658,-0.0007819608,2020-05-08,2025-05-15,17137,1140,2,6,0.0014189753565005958
2025-07-02,688031,test,-0.041969236,-0.0016100649,2020-05-08,2025-05-15,17137,1140,2,6,0.0014189753565005958
2025-07-02,688045,test,-0.049009215,-0.00023704581,2020-05-08,2025-05-15,17137,1140,2,6,0.0014189753565005958
2025-07-02,688133,test,0.030846965,-0.003207229,2020-05-08,2025-05-15,17137,1140,2,6,0.0014189753565005958
2025-07-02,688147,test,-0.005008267,0.005049225,2020-05-08,2025-05-15,17137,1140,2,6,0.0014189753565005958
2025-07-02,688528,test,0.19158475,0.0069865007,2020-05-08,2025-05-15,17137,1140,2,6,0.0014189753565005958
2025-07-03,600025,test,-0.03475319,0.002976738,2020-05-08,2025-05-15,17137,1140,2,6,0.0014189753565005958
2025-07-03,600051,test,0.020576682,0.0047955867,2020-05-08,2025-05-15,17137,1140,2,6,0.0014189753565005958
2025-07-03,600127,test,-0.024693655,1.7017126e-05,2020-05-08,2025-05-15,17137,1140,2,6,0.0014189753565005958
2025-07-03,600153,test,-0.0010581625,0.005632788,2020-05-08,2025-05-15,17137,1140,2,6,0.0014189753565005958
2025-07-03,600548,test,-0.0065857293,0.0002816785,2020-05-08,2025-05-15,17137,1140,2,6,0.0014189753565005958
2025-07-03,600865,test,-0.005540219,0.0006803535,2020-05-08,2025-05-15,17137,1140,2,6,0.0014189753565005958
2025-07-03,600967,test,0.03629295,-0.058280542,2020-05-08,2025-05-15,17137,1140,2,6,0.0014189753565005958
2025-07-03,601222,test,0.02832413,0.00061550364,2020-05-08,2025-05-15,17137,1140,2,6,0.0014189753565005958
2025-07-03,603237,test,-0.01971493,0.002847042,2020-05-08,2025-05-15,17137,1140,2,6,0.0014189753565005958
2025-07-03,603335,test,-0.03304367,-0.008542704,2020-05-08,2025-05-15,17137,1140,2,6,0.0014189753565005958
2025-07-03,603341,test,-0.04458357,0.0011446215,2020-05-08,2025-05-15,17137,1140,2,6,0.0014189753565005958
2025-07-03,603658,test,-0.020069143,-0.00025623664,2020-05-08,2025-05-15,17137,1140,2,6,0.0014189753565005958
2025-07-03,605090,test,0.011253576,0.00070173666,2020-05-08,2025-05-15,17137,1140,2,6,0.0014189753565005958
2025-07-03,605589,test,0.01212677,5.340576e-05,2020-05-08,2025-05-15,17137,1140,2,6,0.0014189753565005958
2025-07-03,688031,test,-0.043934792,-0.0008185357,2020-05-08,2025-05-15,17137,1140,2,6,0.0014189753565005958
2025-07-03,688045,test,-0.045579053,0.003154138,2020-05-08,2025-05-15,17137,1140,2,6,0.0014189753565005958
2025-07-03,688133,test,-0.019456653,-0.0072253468,2020-05-08,2025-05-15,17137,1140,2,6,0.0014189753565005958
2025-07-03,688147,test,-0.006592268,0.0061885323,2020-05-08,2025-05-15,17137,1140,2,6,0.0014189753565005958
2025-07-03,688528,test,0.19703092,0.0072604753,2020-05-08,2025-05-15,17137,1140,2,6,0.0014189753565005958
2025-07-04,600025,test,-0.047413733,0.002240412,2020-05-08,2025-05-15,17137,1140,2,6,0.0014189753565005958
2025-07-04,600051,test,0.027245572,0.0033204518,2020-05-08,2025-05-15,17137,1140,2,6,0.0014189753565005958
2025-07-04,600127,test,-0.031174881,0.0003659036,2020-05-08,2025-05-15,17137,1140,2,6,0.0014189753565005958
2025-07-04,600153,test,-0.0064186007,0.0068692155,2020-05-08,2025-05-15,17137,1140,2,6,0.0014189753565005958
2025-07-04,600548,test,-0.013987982,0.00011162087,2020-05-08,2025-05-15,17137,1140,2,6,0.0014189753565005958
2025-07-04,600865,test,0.014950521,0.0009351857,2020-05-08,2025-05-15,17137,1140,2,6,0.0014189753565005958
2025-07-04,600967,test,0.038236316,-0.04855814,2020-05-08,2025-05-15,17137,1140,2,6,0.0014189753565005958
2025-07-04,601222,test,-0.024633223,-0.0060946234,2020-05-08,2025-05-15,17137,1140,2,6,0.0014189753565005958
2025-07-04,603237,test,-0.02143361,0.002711596,2020-05-08,2025-05-15,17137,1140,2,6,0.0014189753565005958
2025-07-04,603335,test,-0.009661894,-0.008848432,2020-05-08,2025-05-15,17137,1140,2,6,0.0014189753565005958
2025-07-04,603341,test,-0.02922979,0.00064202957,2020-05-08,2025-05-15,17137,1140,2,6,0.0014189753565005958
2025-07-04,603658,test,-0.022557544,-0.00036899745,2020-05-08,2025-05-15,17137,1140,2,6,0.0014189753565005958
2025-07-04,605090,test,-0.001337608,0.0007632002,2020-05-08,2025-05-15,17137,1140,2,6,0.0014189753565005958
2025-07-04,605589,test,-0.025556656,-0.0024426822,2020-05-08,2025-05-15,17137,1140,2,6,0.0014189753565005958
2025-07-04,688031,test,0.087612785,0.0011664554,2020-05-08,2025-05-15,17137,1140,2,6,0.0014189753565005958
2025-07-04,688045,test,-0.023186794,0.0067281574,2020-05-08,2025-05-15,17137,1140,2,6,0.0014189753565005958
2025-07-04,688133,test,0.01185371,-0.004291822,2020-05-08,2025-05-15,17137,1140,2,6,0.0014189753565005958
2025-07-04,688147,test,0.002104918,0.0066736136,2020-05-08,2025-05-15,17137,1140,2,6,0.0014189753565005958
2025-07-04,688528,test,0.07458849,0.009047829,2020-05-08,2025-05-15,17137,1140,2,6,0.0014189753565005958
2025-07-07,600025,test,-0.041058265,0.0025622696,2020-05-08,2025-05-15,17137,1140,2,6,0.0014189753565005958
2025-07-07,600051,test,0.01387986,-0.0030546654,2020-05-08,2025-05-15,17137,1140,2,6,0.0014189753565005958
2025-07-07,600127,test,-0.027498247,0.0001243446,2020-05-08,2025-05-15,17137,1140,2,6,0.0014189753565005958
2025-07-07,600153,test,0.0017822563,0.00754375,2020-05-08,2025-05-15,17137,1140,2,6,0.0014189753565005958
2025-07-07,600548,test,-0.010567972,4.9600378e-05,2020-05-08,2025-05-15,17137,1140,2,6,0.0014189753565005958
2025-07-07,600865,test,0.0028030681,0.0015268251,2020-05-08,2025-05-15,17137,1140,2,6,0.0014189753565005958
2025-07-07,600967,test,-0.0029109512,-0.04736357,2020-05-08,2025-05-15,17137,1140,2,6,0.0014189753565005958
2025-07-07,601222,test,-0.057945162,-0.017056227,2020-05-08,2025-05-15,17137,1140,2,6,0.0014189753565005958
2025-07-07,603237,test,-0.012116153,0.0026102606,2020-05-08,2025-05-15,17137,1140,2,6,0.0014189753565005958
2025-07-07,603335,test,-0.00057375967,-0.008482417,2020-05-08,2025-05-15,17137,1140,2,6,0.0014189753565005958
2025-07-07,603341,test,-0.01806033,-0.00025354326,2020-05-08,2025-05-15,17137,1140,2,6,0.0014189753565005958
2025-07-07,603658,test,-0.018001696,-0.00030842796,2020-05-08,2025-05-15,17137,1140,2,6,0.0014189753565005958
2025-07-07,605090,test,-0.011408179,0.0012431443,2020-05-08,2025-05-15,17137,1140,2,6,0.0014189753565005958
2025-07-07,605589,test,0.00028541713,-0.0012758467,2020-05-08,2025-05-15,17137,1140,2,6,0.0014189753565005958
2025-07-07,688031,test,0.09836139,0.00028711557,2020-05-08,2025-05-15,17137,1140,2,6,0.0014189753565005958
2025-07-07,688045,test,-0.0010592466,0.0076765288,2020-05-08,2025-05-15,17137,1140,2,6,0.0014189753565005958
2025-07-07,688133,test,7.501136e-05,-0.0011923909,2020-05-08,2025-05-15,17137,1140,2,6,0.0014189753565005958
2025-07-07,688147,test,-0.0011831522,0.006640002,2020-05-08,2025-05-15,17137,1140,2,6,0.0014189753565005958
2025-07-07,688528,test,0.08519611,0.009926664,2020-05-08,2025-05-15,17137,1140,2,6,0.0014189753565005958
2025-07-08,600025,test,-0.01991593,0.002784472,2020-05-08,2025-05-15,17137,1140,2,6,0.0014189753565005958
2025-07-08,600051,test,0.0120081,-0.00080792233,2020-05-08,2025-05-15,17137,1140,2,6,0.0014189753565005958
2025-07-08,600127,test,-0.026730724,0.00067868084,2020-05-08,2025-05-15,17137,1140,2,6,0.0014189753565005958
2025-07-08,600153,test,0.016015677,0.007553013,2020-05-08,2025-05-15,17137,1140,2,6,0.0014189753565005958
2025-07-08,600548,test,-0.007847181,0.0002139099,2020-05-08,2025-05-15,17137,1140,2,6,0.0014189753565005958
2025-07-08,600865,test,-0.0042056614,0.002061937,2020-05-08,2025-05-15,17137,1140,2,6,0.0014189753565005958
2025-07-08,600967,test,0.010845482,-0.03940204,2020-05-08,2025-05-15,17137,1140,2,6,0.0014189753565005958
2025-07-08,601222,test,-0.05345891,-0.019349566,2020-05-08,2025-05-15,17137,1140,2,6,0.0014189753565005958
2025-07-08,603237,test,-0.020515729,0.0032173172,2020-05-08,2025-05-15,17137,1140,2,6,0.0014189753565005958
2025-07-08,603335,test,-0.026913155,-0.007585656,2020-05-08,2025-05-15,17137,1140,2,6,0.0014189753565005958
2025-07-08,603341,test,-0.013480022,-0.00013012066,2020-05-08,2025-05-15,17137,1140,2,6,0.0014189753565005958
2025-07-08,603658,test,-0.011386809,-0.00041851215,2020-05-08,2025-05-15,17137,1140,2,6,0.0014189753565005958
2025-07-08,605090,test,0.014177355,0.0018232856,2020-05-08,2025-05-15,17137,1140,2,6,0.0014189753565005958
2025-07-08,605589,test,-0.0033034852,-0.008022277,2020-05-08,2025-05-15,17137,1140,2,6,0.0014189753565005958
2025-07-08,688031,test,0.13891123,-7.123314e-05,2020-05-08,2025-05-15,17137,1140,2,6,0.0014189753565005958
2025-07-08,688045,test,-0.005597138,0.005369829,2020-05-08,2025-05-15,17137,1140,2,6,0.0014189753565005958
2025-07-08,688133,test,-0.032383803,-0.0056445263,2020-05-08,2025-05-15,17137,1140,2,6,0.0014189753565005958
2025-07-08,688147,test,-0.00011408528,0.0031333342,2020-05-08,2025-05-15,17137,1140,2,6,0.0014189753565005958
2025-07-08,688528,test,0.03389479,0.008249445,2020-05-08,2025-05-15,17137,1140,2,6,0.0014189753565005958
2025-07-09,600025,test,-0.01579732,0.0029121228,2020-05-08,2025-05-15,17137,1140,2,6,0.0014189753565005958
2025-07-09,600051,test,0.037477545,0.002034355,2020-05-08,2025-05-15,17137,1140,2,6,0.0014189753565005958
2025-07-09,600127,test,-0.006901323,0.00073513575,2020-05-08,2025-05-15,17137,1140,2,6,0.0014189753565005958
2025-07-09,600153,test,-0.021233328,0.0071775466,2020-05-08,2025-05-15,17137,1140,2,6,0.0014189753565005958
2025-07-09,600548,test,-0.011373246,0.00033015385,2020-05-08,2025-05-15,17137,1140,2,6,0.0014189753565005958
2025-07-09,600865,test,0.014314905,0.0018765163,2020-05-08,2025-05-15,17137,1140,2,6,0.0014189753565005958
2025-07-09,600967,test,-0.03221108,-0.035853613,2020-05-08,2025-05-15,17137,1140,2,6,0.0014189753565005958
2025-07-09,601222,test,-0.034683425,-0.012209868,2020-05-08,2025-05-15,17137,1140,2,6,0.0014189753565005958
2025-07-09,603237,test,0.0006281105,0.0031200144,2020-05-08,2025-05-15,17137,1140,2,6,0.0014189753565005958
2025-07-09,603335,test,0.022719225,-0.0050493674,2020-05-08,2025-05-15,17137,1140,2,6,0.0014189753565005958
2025-07-09,603341,test,-0.010057104,-0.0004471112,2020-05-08,2025-05-15,17137,1140,2,6,0.0014189753565005958
2025-07-09,603658,test,0.007089542,-6.422959e-05,2020-05-08,2025-05-15,17137,1140,2,6,0.0014189753565005958
2025-07-09,605090,test,0.04249646,0.0024068765,2020-05-08,2025-05-15,17137,1140,2,6,0.0014189753565005958
2025-07-09,605589,test,-0.007312591,-0.005191312,2020-05-08,2025-05-15,17137,1140,2,6,0.0014189753565005958
2025-07-09,688031,test,0.13435207,-0.0005807802,2020-05-08,2025-05-15,17137,1140,2,6,0.0014189753565005958
2025-07-09,688045,test,0.023727555,0.0032884814,2020-05-08,2025-05-15,17137,1140,2,6,0.0014189753565005958
2025-07-09,688133,test,-0.024791794,-0.0027024485,2020-05-08,2025-05-15,17137,1140,2,6,0.0014189753565005958
2025-07-09,688147,test,0.0054025883,0.002789855,2020-05-08,2025-05-15,17137,1140,2,6,0.0014189753565005958
2025-07-09,688528,test,-0.1238468,-0.014294409,2020-05-08,2025-05-15,17137,1140,2,6,0.0014189753565005958
2025-07-10,600025,test,-0.020416057,0.0025551803,2020-05-08,2025-05-15,17137,1140,2,6,0.0014189753565005958
2025-07-10,600051,test,-0.0022264707,0.0037138741,2020-05-08,2025-05-15,17137,1140,2,6,0.0014189753565005958
2025-07-10,600127,test,-0.014535277,0.0011782814,2020-05-08,2025-05-15,17137,1140,2,6,0.0014189753565005958
2025-07-10,600153,test,-0.04750392,0.00593647,2020-05-08,2025-05-15,17137,1140,2,6,0.0014189753565005958
2025-07-10,600548,test,-0.021907965,0.0008901395,2020-05-08,2025-05-15,17137,1140,2,6,0.0014189753565005958
2025-07-10,600865,test,-8.3036226e-05,0.00093622133,2020-05-08,2025-05-15,17137,1140,2,6,0.0014189753565005958
2025-07-10,600967,test,0.001785027,-0.03659039,2020-05-08,2025-05-15,17137,1140,2,6,0.0014189753565005958
2025-07-10,601222,test,-0.0324688,-0.0043073306,2020-05-08,2025-05-15,17137,1140,2,6,0.0014189753565005958
2025-07-10,603237,test,-0.008199569,0.0030715503,2020-05-08,2025-05-15,17137,1140,2,6,0.0014189753565005958
2025-07-10,603335,test,0.010974695,-0.00091884285,2020-05-08,2025-05-15,17137,1140,2,6,0.0014189753565005958
2025-07-10,603341,test,0.0027473532,-0.0011011772,2020-05-08,2025-05-15,17137,1140,2,6,0.0014189753565005958
2025-07-10,603658,test,-0.000574054,0.00058365986,2020-05-08,2025-05-15,17137,1140,2,6,0.0014189753565005958
2025-07-10,605090,test,0.03405058,0.0020931102,2020-05-08,2025-05-15,17137,1140,2,6,0.0014189753565005958
2025-07-10,605589,test,0.0469193,0.0005560834,2020-05-08,2025-05-15,17137,1140,2,6,0.0014189753565005958
2025-07-10,688031,test,0.13627428,-0.00054596923,2020-05-08,2025-05-15,17137,1140,2,6,0.0014189753565005958
2025-07-10,688045,test,0.03807277,0.0016704164,2020-05-08,2025-05-15,17137,1140,2,6,0.0014189753565005958
2025-07-10,688133,test,0.011834745,-0.000930978,2020-05-08,2025-05-15,17137,1140,2,6,0.0014189753565005958
2025-07-10,688147,test,0.010228243,0.0025471598,2020-05-08,2025-05-15,17137,1140,2,6,0.0014189753565005958
2025-07-10,688528,test,-0.14497185,-0.028661814,2020-05-08,2025-05-15,17137,1140,2,6,0.0014189753565005958
2025-07-11,600025,test,-0.014990399,0.0023720078,2020-05-08,2025-05-15,17137,1140,2,6,0.0014189753565005958
2025-07-11,600051,test,-0.032580443,0.0035229698,2020-05-08,2025-05-15,17137,1140,2,6,0.0014189753565005958
2025-07-11,600127,test,-0.013627035,0.0016607437,2020-05-08,2025-05-15,17137,1140,2,6,0.0014189753565005958
2025-07-11,600153,test,-0.0487443,0.005355617,2020-05-08,2025-05-15,17137,1140,2,6,0.0014189753565005958
2025-07-11,600548,test,-0.0094004795,0.001197109,2020-05-08,2025-05-15,17137,1140,2,6,0.0014189753565005958
2025-07-11,600865,test,-0.025730856,-0.0012522992,2020-05-08,2025-05-15,17137,1140,2,6,0.0014189753565005958
2025-07-11,600967,test,0.06071086,-0.035332203,2020-05-08,2025-05-15,17137,1140,2,6,0.0014189753565005958
2025-07-11,601222,test,-0.034478366,0.0015417524,2020-05-08,2025-05-15,17137,1140,2,6,0.0014189753565005958
2025-07-11,603237,test,-0.00899185,0.0027482975,2020-05-08,2025-05-15,17137,1140,2,6,0.0014189753565005958
2025-07-11,603335,test,-0.00878909,0.0018921029,2020-05-08,2025-05-15,17137,1140,2,6,0.0014189753565005958
2025-07-11,603341,test,-0.007172447,-0.00076781027,2020-05-08,2025-05-15,17137,1140,2,6,0.0014189753565005958
2025-07-11,603658,test,0.0008672406,0.0011824127,2020-05-08,2025-05-15,17137,1140,2,6,0.0014189753565005958
2025-07-11,605090,test,0.04524977,0.0023680106,2020-05-08,2025-05-15,17137,1140,2,6,0.0014189753565005958
2025-07-11,605589,test,0.08441434,0.005132692,2020-05-08,2025-05-15,17137,1140,2,6,0.0014189753565005958
2025-07-11,688031,test,-0.010555615,-0.007907129,2020-05-08,2025-05-15,17137,1140,2,6,0.0014189753565005958
2025-07-11,688045,test,0.02624655,0.00030478463,2020-05-08,2025-05-15,17137,1140,2,6,0.0014189753565005958
2025-07-11,688133,test,0.016137272,0.0014360491,2020-05-08,2025-05-15,17137,1140,2,6,0.0014189753565005958
2025-07-11,688147,test,0.00288763,0.002827309,2020-05-08,2025-05-15,17137,1140,2,6,0.0014189753565005958
2025-07-11,688528,test,-0.02145278,-0.02720715,2020-05-08,2025-05-15,17137,1140,2,6,0.0014189753565005958
2025-07-14,600025,test,-0.013100198,-0.00045511127,2020-05-08,2025-07-11,17897,1140,1,5,0.0011166315409354866
2025-07-14,600051,test,-0.024313617,0.0053825416,2020-05-08,2025-07-11,17897,1140,1,5,0.0011166315409354866
2025-07-14,600127,test,-0.01331836,0.0024579316,2020-05-08,2025-07-11,17897,1140,1,5,0.0011166315409354866
2025-07-14,600153,test,-0.05913475,0.007983662,2020-05-08,2025-07-11,17897,1140,1,5,0.0011166315409354866
2025-07-14,600548,test,-0.013304704,0.0016072989,2020-05-08,2025-07-11,17897,1140,1,5,0.0011166315409354866
2025-07-14,600865,test,-0.016176967,0.004182022,2020-05-08,2025-07-11,17897,1140,1,5,0.0011166315409354866
2025-07-14,600967,test,0.12458002,-0.022922896,2020-05-08,2025-07-11,17897,1140,1,5,0.0011166315409354866
2025-07-14,601222,test,-0.027280828,0.0029219314,2020-05-08,2025-07-11,17897,1140,1,5,0.0011166315409354866
2025-07-14,603237,test,-0.018736549,0.0051515587,2020-05-08,2025-07-11,17897,1140,1,5,0.0011166315409354866
2025-07-14,603335,test,-0.020491961,-0.0032112524,2020-05-08,2025-07-11,17897,1140,1,5,0.0011166315409354866
2025-07-14,603341,test,-0.0032948356,-0.001534868,2020-05-08,2025-07-11,17897,1140,1,5,0.0011166315409354866
2025-07-14,603658,test,-0.008649856,0.002955813,2020-05-08,2025-07-11,17897,1140,1,5,0.0011166315409354866
2025-07-14,605090,test,0.039790906,0.0014308617,2020-05-08,2025-07-11,17897,1140,1,5,0.0011166315409354866
2025-07-14,605589,test,0.046647042,0.004153952,2020-05-08,2025-07-11,17897,1140,1,5,0.0011166315409354866
2025-07-14,688031,test,-0.018242473,0.0016444065,2020-05-08,2025-07-11,17897,1140,1,5,0.0011166315409354866
2025-07-14,688045,test,0.023239817,-0.00014413148,2020-05-08,2025-07-11,17897,1140,1,5,0.0011166315409354866
2025-07-14,688133,test,0.03676775,0.010334585,2020-05-08,2025-07-11,17897,1140,1,5,0.0011166315409354866
2025-07-14,688147,test,-0.006530922,0.0061879084,2020-05-08,2025-07-11,17897,1140,1,5,0.0011166315409354866
2025-07-14,688528,test,-0.02844952,-0.004922293,2020-05-08,2025-07-11,17897,1140,1,5,0.0011166315409354866
2025-07-15,600025,test,0.002575068,-0.000413239,2020-05-08,2025-07-11,17897,1140,1,5,0.0011166315409354866
2025-07-15,600051,test,-0.016115587,0.007217761,2020-05-08,2025-07-11,17897,1140,1,5,0.0011166315409354866
2025-07-15,600127,test,-0.0043870746,0.0033221506,2020-05-08,2025-07-11,17897,1140,1,5,0.0011166315409354866
2025-07-15,600153,test,-0.051026225,0.008027233,2020-05-08,2025-07-11,17897,1140,1,5,0.0011166315409354866
2025-07-15,600548,test,-0.0017266736,0.00097150356,2020-05-08,2025-07-11,17897,1140,1,5,0.0011166315409354866
2025-07-15,600865,test,-0.01277524,0.0060658157,2020-05-08,2025-07-11,17897,1140,1,5,0.0011166315409354866
2025-07-15,600967,test,0.095085986,-0.022356689,2020-05-08,2025-07-11,17897,1140,1,5,0.0011166315409354866
2025-07-15,601222,test,0.0021980586,0.0041754916,2020-05-08,2025-07-11,17897,1140,1,5,0.0011166315409354866
2025-07-15,603237,test,-0.010785104,0.005136028,2020-05-08,2025-07-11,17897,1140,1,5,0.0011166315409354866
2025-07-15,603335,test,-0.0010921432,-0.002300106,2020-05-08,2025-07-11,17897,1140,1,5,0.0011166315409354866
2025-07-15,603341,test,-0.0039533693,-0.0025726408,2020-05-08,2025-07-11,17897,1140,1,5,0.0011166315409354866
2025-07-15,603658,test,-0.0020552718,0.0041281357,2020-05-08,2025-07-11,17897,1140,1,5,0.0011166315409354866
2025-07-15,605090,test,0.023149427,0.00414731,2020-05-08,2025-07-11,17897,1140,1,5,0.0011166315409354866
2025-07-15,605589,test,0.018335301,0.003801953,2020-05-08,2025-07-11,17897,1140,1,5,0.0011166315409354866
2025-07-15,688031,test,-0.07720933,-0.0025975816,2020-05-08,2025-07-11,17897,1140,1,5,0.0011166315409354866
2025-07-15,688045,test,0.010925239,-0.0018403977,2020-05-08,2025-07-11,17897,1140,1,5,0.0011166315409354866
2025-07-15,688133,test,0.046823658,0.0099676475,2020-05-08,2025-07-11,17897,1140,1,5,0.0011166315409354866
2025-07-15,688147,test,-0.023720723,0.0048768856,2020-05-08,2025-07-11,17897,1140,1,5,0.0011166315409354866
2025-07-15,688528,test,0.0057540084,0.0012699962,2020-05-08,2025-07-11,17897,1140,1,5,0.0011166315409354866
2025-07-16,600025,test,-0.016214043,-0.000985831,2020-05-08,2025-07-11,17897,1140,1,5,0.0011166315409354866
2025-07-16,600051,test,-0.041821007,0.0065851547,2020-05-08,2025-07-11,17897,1140,1,5,0.0011166315409354866
2025-07-16,600127,test,-0.015343863,0.0034632534,2020-05-08,2025-07-11,17897,1140,1,5,0.0011166315409354866
2025-07-16,600153,test,-0.011848052,0.007891256,2020-05-08,2025-07-11,17897,1140,1,5,0.0011166315409354866
2025-07-16,600548,test,-0.0021024344,0.00038721412,2020-05-08,2025-07-11,17897,1140,1,5,0.0011166315409354866
2025-07-16,600865,test,-0.012807631,0.0053732246,2020-05-08,2025-07-11,17897,1140,1,5,0.0011166315409354866
2025-07-16,600967,test,0.09169547,-0.018587463,2020-05-08,2025-07-11,17897,1140,1,5,0.0011166315409354866
2025-07-16,601222,test,-0.012177188,0.004048355,2020-05-08,2025-07-11,17897,1140,1,5,0.0011166315409354866
2025-07-16,603237,test,-0.0143646225,0.005320195,2020-05-08,2025-07-11,17897,1140,1,5,0.0011166315409354866
2025-07-16,603335,test,-0.043949462,-0.0070051923,2020-05-08,2025-07-11,17897,1140,1,5,0.0011166315409354866
2025-07-16,603341,test,0.0018376341,-0.0020752847,2020-05-08,2025-07-11,17897,1140,1,5,0.0011166315409354866
2025-07-16,603658,test,-0.0067966096,0.005101569,2020-05-08,2025-07-11,17897,1140,1,5,0.0011166315409354866
2025-07-16,605090,test,0.00055445236,-0.001598049,2020-05-08,2025-07-11,17897,1140,1,5,0.0011166315409354866
2025-07-16,605589,test,0.03643634,0.0045198984,2020-05-08,2025-07-11,17897,1140,1,5,0.0011166315409354866
2025-07-16,688031,test,-0.034741633,0.0026899055,2020-05-08,2025-07-11,17897,1140,1,5,0.0011166315409354866
2025-07-16,688045,test,0.011317975,-0.0023403168,2020-05-08,2025-07-11,17897,1140,1,5,0.0011166315409354866
2025-07-16,688133,test,0.055939417,0.008380197,2020-05-08,2025-07-11,17897,1140,1,5,0.0011166315409354866
2025-07-16,688147,test,0.025168044,0.0050865486,2020-05-08,2025-07-11,17897,1140,1,5,0.0011166315409354866
2025-07-16,688528,test,-0.010782791,0.007872991,2020-05-08,2025-07-11,17897,1140,1,5,0.0011166315409354866
2025-07-17,600025,test,-0.01992563,-0.0016402453,2020-05-08,2025-07-11,17897,1140,1,5,0.0011166315409354866
2025-07-17,600051,test,-0.021962876,0.0079441015,2020-05-08,2025-07-11,17897,1140,1,5,0.0011166315409354866
2025-07-17,600127,test,0.0105355615,0.003181979,2020-05-08,2025-07-11,17897,1140,1,5,0.0011166315409354866
2025-07-17,600153,test,-0.0108000515,0.007731177,2020-05-08,2025-07-11,17897,1140,1,5,0.0011166315409354866
2025-07-17,600548,test,-0.0059988867,-0.0012185499,2020-05-08,2025-07-11,17897,1140,1,5,0.0011166315409354866
2025-07-17,600865,test,-0.02740303,0.0028025508,2020-05-08,2025-07-11,17897,1140,1,5,0.0011166315409354866
2025-07-17,600967,test,0.034844212,-0.028248675,2020-05-08,2025-07-11,17897,1140,1,5,0.0011166315409354866
2025-07-17,601222,test,-0.009424261,0.00075891614,2020-05-08,2025-07-11,17897,1140,1,5,0.0011166315409354866
2025-07-17,603237,test,-0.0037758977,0.0055802204,2020-05-08,2025-07-11,17897,1140,1,5,0.0011166315409354866
2025-07-17,603335,test,0.04516163,-0.00566436,2020-05-08,2025-07-11,17897,1140,1,5,0.0011166315409354866
2025-07-17,603341,test,-0.009982034,-0.0011846647,2020-05-08,2025-07-11,17897,1140,1,5,0.0011166315409354866
2025-07-17,603658,test,0.01935002,0.0052374452,2020-05-08,2025-07-11,17897,1140,1,5,0.0011166315409354866
2025-07-17,605090,test,-0.032480616,-2.4002045e-05,2020-05-08,2025-07-11,17897,1140,1,5,0.0011166315409354866
2025-07-17,605589,test,-0.031071614,-0.002778966,2020-05-08,2025-07-11,17897,1140,1,5,0.0011166315409354866
2025-07-17,688031,test,-0.022137608,0.0051604584,2020-05-08,2025-07-11,17897,1140,1,5,0.0011166315409354866
2025-07-17,688045,test,-0.0049523683,-0.0012149736,2020-05-08,2025-07-11,17897,1140,1,5,0.0011166315409354866
2025-07-17,688133,test,0.08285843,0.005436018,2020-05-08,2025-07-11,17897,1140,1,5,0.0011166315409354866
2025-07-17,688147,test,0.007232506,0.0054644197,2020-05-08,2025-07-11,17897,1140,1,5,0.0011166315409354866
2025-07-17,688528,test,-6.748114e-05,0.0144946985,2020-05-08,2025-07-11,17897,1140,1,5,0.0011166315409354866
2025-07-18,600025,test,-0.029153641,-0.00035581738,2020-05-08,2025-07-11,17897,1140,1,5,0.0011166315409354866
2025-07-18,600051,test,-0.013091821,0.0073752254,2020-05-08,2025-07-11,17897,1140,1,5,0.0011166315409354866
2025-07-18,600127,test,-0.011953205,0.0023909323,2020-05-08,2025-07-11,17897,1140,1,5,0.0011166315409354866
2025-07-18,600153,test,0.0027378262,0.00813758,2020-05-08,2025-07-11,17897,1140,1,5,0.0011166315409354866
2025-07-18,600548,test,-0.02393479,-0.00036383793,2020-05-08,2025-07-11,17897,1140,1,5,0.0011166315409354866
2025-07-18,600865,test,-0.025988622,0.0009471588,2020-05-08,2025-07-11,17897,1140,1,5,0.0011166315409354866
2025-07-18,600967,test,-0.0019742365,-0.04305417,2020-05-08,2025-07-11,17897,1140,1,5,0.0011166315409354866
2025-07-18,601222,test,-0.00754776,-0.0035137385,2020-05-08,2025-07-11,17897,1140,1,5,0.0011166315409354866
2025-07-18,603237,test,0.012699975,0.004097093,2020-05-08,2025-07-11,17897,1140,1,5,0.0011166315409354866
2025-07-18,603335,test,0.008495976,-0.0018693432,2020-05-08,2025-07-11,17897,1140,1,5,0.0011166315409354866
2025-07-18,603341,test,-0.00066196726,0.00054553524,2020-05-08,2025-07-11,17897,1140,1,5,0.0011166315409354866
2025-07-18,603658,test,0.027591279,0.0045791157,2020-05-08,2025-07-11,17897,1140,1,5,0.0011166315409354866
2025-07-18,605090,test,-0.03507431,0.0035380907,2020-05-08,2025-07-11,17897,1140,1,5,0.0011166315409354866
2025-07-18,605589,test,-0.057887305,-0.0029331371,2020-05-08,2025-07-11,17897,1140,1,5,0.0011166315409354866
2025-07-18,688031,test,0.059305556,0.011079235,2020-05-08,2025-07-11,17897,1140,1,5,0.0011166315409354866
2025-07-18,688045,test,0.0082116285,-0.0007014349,2020-05-08,2025-07-11,17897,1140,1,5,0.0011166315409354866
2025-07-18,688133,test,0.062398743,0.0005487092,2020-05-08,2025-07-11,17897,1140,1,5,0.0011166315409354866
2025-07-18,688147,test,0.036315102,0.006869357,2020-05-08,2025-07-11,17897,1140,1,5,0.0011166315409354866
2025-07-18,688528,test,-0.010488431,0.012720004,2020-05-08,2025-07-11,17897,1140,1,5,0.0011166315409354866
2025-07-21,600025,test,-0.045088235,0.0022745095,2020-05-08,2025-07-11,17897,1140,1,5,0.0011166315409354866
2025-07-21,600051,test,-0.0282953,0.0063028336,2020-05-08,2025-07-11,17897,1140,1,5,0.0011166315409354866
2025-07-21,600127,test,-0.021059854,0.0025150552,2020-05-08,2025-07-11,17897,1140,1,5,0.0011166315409354866
2025-07-21,600153,test,-0.008943212,0.005954094,2020-05-08,2025-07-11,17897,1140,1,5,0.0011166315409354866
2025-07-21,600548,test,-0.02450091,6.7561865e-05,2020-05-08,2025-07-11,17897,1140,1,5,0.0011166315409354866
2025-07-21,600865,test,-0.03397217,-5.769357e-05,2020-05-08,2025-07-11,17897,1140,1,5,0.0011166315409354866
2025-07-21,600967,test,0.005457364,-0.05293349,2020-05-08,2025-07-11,17897,1140,1,5,0.0011166315409354866
2025-07-21,601222,test,-0.020203985,-0.0050441176,2020-05-08,2025-07-11,17897,1140,1,5,0.0011166315409354866
2025-07-21,603237,test,0.0071622487,0.0038020462,2020-05-08,2025-07-11,17897,1140,1,5,0.0011166315409354866
2025-07-21,603335,test,0.018165106,0.0002662614,2020-05-08,2025-07-11,17897,1140,1,5,0.0011166315409354866
2025-07-21,603341,test,-0.0008893018,0.0012083799,2020-05-08,2025-07-11,17897,1140,1,5,0.0011166315409354866
2025-07-21,603658,test,0.028727304,0.0044348687,2020-05-08,2025-07-11,17897,1140,1,5,0.0011166315409354866
2025-07-21,605090,test,-0.030271297,0.005187303,2020-05-08,2025-07-11,17897,1140,1,5,0.0011166315409354866
2025-07-21,605589,test,-3.0105446e-05,0.0015136674,2020-05-08,2025-07-11,17897,1140,1,5,0.0011166315409354866
2025-07-21,688031,test,0.043813527,0.012550842,2020-05-08,2025-07-11,17897,1140,1,5,0.0011166315409354866
2025-07-21,688045,test,0.017012533,0.0010921061,2020-05-08,2025-07-11,17897,1140,1,5,0.0011166315409354866
2025-07-21,688133,test,0.06483841,-0.00024260953,2020-05-08,2025-07-11,17897,1140,1,5,0.0011166315409354866
2025-07-21,688147,test,0.03060398,0.008506451,2020-05-08,2025-07-11,17897,1140,1,5,0.0011166315409354866
2025-07-21,688528,test,-0.0025261,0.00911276,2020-05-08,2025-07-11,17897,1140,1,5,0.0011166315409354866
2025-07-22,600025,test,-0.067573495,-0.0007006675,2020-05-08,2025-07-11,17897,1140,1,5,0.0011166315409354866
2025-07-22,600051,test,-0.033761565,0.005086262,2020-05-08,2025-07-11,17897,1140,1,5,0.0011166315409354866
2025-07-22,600127,test,-0.027699154,0.0038147941,2020-05-08,2025-07-11,17897,1140,1,5,0.0011166315409354866
2025-07-22,600153,test,-0.02827531,0.0046376623,2020-05-08,2025-07-11,17897,1140,1,5,0.0011166315409354866
2025-07-22,600548,test,-0.03393186,0.0011851862,2020-05-08,2025-07-11,17897,1140,1,5,0.0011166315409354866
2025-07-22,600865,test,-0.043899786,-0.00037788227,2020-05-08,2025-07-11,17897,1140,1,5,0.0011166315409354866
2025-07-22,600967,test,0.06642796,-0.047411107,2020-05-08,2025-07-11,17897,1140,1,5,0.0011166315409354866
2025-07-22,601222,test,-0.040340398,-0.0054662414,2020-05-08,2025-07-11,17897,1140,1,5,0.0011166315409354866
2025-07-22,603237,test,-0.0035890094,0.003516622,2020-05-08,2025-07-11,17897,1140,1,5,0.0011166315409354866
2025-07-22,603335,test,0.007824351,-0.0006237179,2020-05-08,2025-07-11,17897,1140,1,5,0.0011166315409354866
2025-07-22,603341,test,-0.007592525,0.00041167066,2020-05-08,2025-07-11,17897,1140,1,5,0.0011166315409354866
2025-07-22,603658,test,0.020886349,0.004167065,2020-05-08,2025-07-11,17897,1140,1,5,0.0011166315409354866
2025-07-22,605090,test,-0.043761186,0.0068433043,2020-05-08,2025-07-11,17897,1140,1,5,0.0011166315409354866
2025-07-22,605589,test,-0.0113659855,0.0037299395,2020-05-08,2025-07-11,17897,1140,1,5,0.0011166315409354866
2025-07-22,688031,test,0.04712841,0.012780648,2020-05-08,2025-07-11,17897,1140,1,5,0.0011166315409354866
2025-07-22,688045,test,0.03643251,0.0019610822,2020-05-08,2025-07-11,17897,1140,1,5,0.0011166315409354866
2025-07-22,688133,test,0.12638131,-0.0034652352,2020-05-08,2025-07-11,17897,1140,1,5,0.0011166315409354866
2025-07-22,688147,test,0.061912816,0.008658232,2020-05-08,2025-07-11,17897,1140,1,5,0.0011166315409354866
2025-07-22,688528,test,-0.025203427,0.006463267,2020-05-08,2025-07-11,17897,1140,1,5,0.0011166315409354866
2025-07-23,600025,test,-0.035005443,-0.00084551424,2020-05-08,2025-07-11,17897,1140,1,5,0.0011166315409354866
2025-07-23,600051,test,-0.033344887,0.0028695464,2020-05-08,2025-07-11,17897,1140,1,5,0.0011166315409354866
2025-07-23,600127,test,-0.005357864,0.0037461258,2020-05-08,2025-07-11,17897,1140,1,5,0.0011166315409354866
2025-07-23,600153,test,-0.037095953,0.0030458272,2020-05-08,2025-07-11,17897,1140,1,5,0.0011166315409354866
2025-07-23,600548,test,-0.028369818,0.0020242855,2020-05-08,2025-07-11,17897,1140,1,5,0.0011166315409354866
2025-07-23,600865,test,-0.03626601,0.00018241256,2020-05-08,2025-07-11,17897,1140,1,5,0.0011166315409354866
2025-07-23,600967,test,0.056130905,-0.038392834,2020-05-08,2025-07-11,17897,1140,1,5,0.0011166315409354866
2025-07-23,601222,test,-0.030654617,-0.00514194,2020-05-08,2025-07-11,17897,1140,1,5,0.0011166315409354866
2025-07-23,603237,test,0.00013927696,0.004431084,2020-05-08,2025-07-11,17897,1140,1,5,0.0011166315409354866
2025-07-23,603335,test,0.014180791,-0.000897415,2020-05-08,2025-07-11,17897,1140,1,5,0.0011166315409354866
2025-07-23,603341,test,-0.019477652,0.00091236085,2020-05-08,2025-07-11,17897,1140,1,5,0.0011166315409354866
2025-07-23,603658,test,0.019328518,0.0041673705,2020-05-08,2025-07-11,17897,1140,1,5,0.0011166315409354866
2025-07-23,605090,test,-0.030974604,0.008180795,2020-05-08,2025-07-11,17897,1140,1,5,0.0011166315409354866
2025-07-23,605589,test,0.05272511,0.008987231,2020-05-08,2025-07-11,17897,1140,1,5,0.0011166315409354866
2025-07-23,688031,test,-0.021468677,0.012488389,2020-05-08,2025-07-11,17897,1140,1,5,0.0011166315409354866
2025-07-23,688045,test,0.051116854,0.0024173446,2020-05-08,2025-07-11,17897,1140,1,5,0.0011166315409354866
2025-07-23,688133,test,0.078293756,-0.002580218,2020-05-08,2025-07-11,17897,1140,1,5,0.0011166315409354866
2025-07-23,688147,test,0.024420733,-0.00044634193,2020-05-08,2025-07-11,17897,1140,1,5,0.0011166315409354866
2025-07-23,688528,test,-0.01832042,0.0021770447,2020-05-08,2025-07-11,17897,1140,1,5,0.0011166315409354866
2025-07-24,600025,test,-0.012165532,-0.0010321811,2020-05-08,2025-07-11,17897,1140,1,5,0.0011166315409354866
2025-07-24,600051,test,-0.03229339,0.00076476485,2020-05-08,2025-07-11,17897,1140,1,5,0.0011166315409354866
2025-07-24,600127,test,-0.02652653,0.0020707622,2020-05-08,2025-07-11,17897,1140,1,5,0.0011166315409354866
2025-07-24,600153,test,-0.03785984,0.00024447963,2020-05-08,2025-07-11,17897,1140,1,5,0.0011166315409354866
2025-07-24,600548,test,-0.010703619,0.0015803203,2020-05-08,2025-07-11,17897,1140,1,5,0.0011166315409354866
2025-07-24,600865,test,-0.019948607,0.002310861,2020-05-08,2025-07-11,17897,1140,1,5,0.0011166315409354866
2025-07-24,600967,test,0.10521825,-0.027896136,2020-05-08,2025-07-11,17897,1140,1,5,0.0011166315409354866
2025-07-24,601222,test,-0.031321336,-0.0038120896,2020-05-08,2025-07-11,17897,1140,1,5,0.0011166315409354866
2025-07-24,603237,test,-0.005356036,0.005883336,2020-05-08,2025-07-11,17897,1140,1,5,0.0011166315409354866
2025-07-24,603335,test,-0.06771641,-0.0075846314,2020-05-08,2025-07-11,17897,1140,1,5,0.0011166315409354866
2025-07-24,603341,test,-0.009511384,0.0016420819,2020-05-08,2025-07-11,17897,1140,1,5,0.0011166315409354866
2025-07-24,603658,test,0.0004233667,0.003904514,2020-05-08,2025-07-11,17897,1140,1,5,0.0011166315409354866
2025-07-24,605090,test,-0.02980342,0.008925861,2020-05-08,2025-07-11,17897,1140,1,5,0.0011166315409354866
2025-07-24,605589,test,0.059480444,0.011259742,2020-05-08,2025-07-11,17897,1140,1,5,0.0011166315409354866
2025-07-24,688031,test,0.021790238,0.012595236,2020-05-08,2025-07-11,17897,1140,1,5,0.0011166315409354866
2025-07-24,688045,test,0.042770416,0.0041274056,2020-05-08,2025-07-11,17897,1140,1,5,0.0011166315409354866
2025-07-24,688133,test,0.03273636,-0.004755102,2020-05-08,2025-07-11,17897,1140,1,5,0.0011166315409354866
2025-07-24,688147,test,0.022562655,0.0024382658,2020-05-08,2025-07-11,17897,1140,1,5,0.0011166315409354866
2025-07-24,688528,test,-0.0017756249,-0.0030156784,2020-05-08,2025-07-11,17897,1140,1,5,0.0011166315409354866
2025-07-25,600025,test,-0.013529111,0.0003971979,2020-05-08,2025-07-11,17897,1140,1,5,0.0011166315409354866
2025-07-25,600051,test,-0.018272843,-0.00078842416,2020-05-08,2025-07-11,17897,1140,1,5,0.0011166315409354866
2025-07-25,600127,test,-0.010304663,0.003741555,2020-05-08,2025-07-11,17897,1140,1,5,0.0011166315409354866
2025-07-25,600153,test,-0.037866395,-0.00070790946,2020-05-08,2025-07-11,17897,1140,1,5,0.0011166315409354866
2025-07-25,600548,test,0.0005451915,0.0016308911,2020-05-08,2025-07-11,17897,1140,1,5,0.0011166315409354866
2025-07-25,600865,test,-0.012737964,0.00309401,2020-05-08,2025-07-11,17897,1140,1,5,0.0011166315409354866
2025-07-25,600967,test,0.026422372,-0.02164299,2020-05-08,2025-07-11,17897,1140,1,5,0.0011166315409354866
2025-07-25,601222,test,-0.023109108,-0.0027762577,2020-05-08,2025-07-11,17897,1140,1,5,0.0011166315409354866
2025-07-25,603237,test,-0.015074367,0.0066153742,2020-05-08,2025-07-11,17897,1140,1,5,0.0011166315409354866
2025-07-25,603335,test,0.0005782868,-0.006586943,2020-05-08,2025-07-11,17897,1140,1,5,0.0011166315409354866
2025-07-25,603341,test,0.0012337873,0.0030687079,2020-05-08,2025-07-11,17897,1140,1,5,0.0011166315409354866
2025-07-25,603658,test,-0.0042203246,0.0041304864,2020-05-08,2025-07-11,17897,1140,1,5,0.0011166315409354866
2025-07-25,605090,test,0.016792405,0.008667024,2020-05-08,2025-07-11,17897,1140,1,5,0.0011166315409354866
2025-07-25,605589,test,0.04610029,0.0119034685,2020-05-08,2025-07-11,17897,1140,1,5,0.0011166315409354866
2025-07-25,688031,test,-0.0031082053,0.0039197356,2020-05-08,2025-07-11,17897,1140,1,5,0.0011166315409354866
2025-07-25,688045,test,0.029558731,0.004825309,2020-05-08,2025-07-11,17897,1140,1,5,0.0011166315409354866
2025-07-25,688133,test,0.00904877,-0.002968859,2020-05-08,2025-07-11,17897,1140,1,5,0.0011166315409354866
2025-07-25,688147,test,0.0036875217,-0.0006024465,2020-05-08,2025-07-11,17897,1140,1,5,0.0011166315409354866
2025-07-25,688528,test,0.0042556264,-0.0038353316,2020-05-08,2025-07-11,17897,1140,1,5,0.0011166315409354866
2025-07-28,600025,test,-0.00857298,0.0024059787,2020-05-08,2025-07-11,17897,1140,1,5,0.0011166315409354866
2025-07-28,600051,test,-0.018058432,-0.0020338371,2020-05-08,2025-07-11,17897,1140,1,5,0.0011166315409354866
2025-07-28,600127,test,-0.013568558,0.0035978854,2020-05-08,2025-07-11,17897,1140,1,5,0.0011166315409354866
2025-07-28,600153,test,-0.032680072,-0.00011820346,2020-05-08,2025-07-11,17897,1140,1,5,0.0011166315409354866
2025-07-28,600548,test,0.006218143,0.002254784,2020-05-08,2025-07-11,17897,1140,1,5,0.0011166315409354866
2025-07-28,600865,test,-0.017344443,0.0032595173,2020-05-08,2025-07-11,17897,1140,1,5,0.0011166315409354866
2025-07-28,600967,test,0.015344216,-0.02490706,2020-05-08,2025-07-11,17897,1140,1,5,0.0011166315409354866
2025-07-28,601222,test,-0.023562258,-0.002441138,2020-05-08,2025-07-11,17897,1140,1,5,0.0011166315409354866
2025-07-28,603237,test,-0.010408637,0.007874772,2020-05-08,2025-07-11,17897,1140,1,5,0.0011166315409354866
2025-07-28,603335,test,-0.008291654,-0.0062222853,2020-05-08,2025-07-11,17897,1140,1,5,0.0011166315409354866
2025-07-28,603341,test,-0.019828299,0.0040116906,2020-05-08,2025-07-11,17897,1140,1,5,0.0011166315409354866
2025-07-28,603658,test,-0.00044533284,0.006198887,2020-05-08,2025-07-11,17897,1140,1,5,0.0011166315409354866
2025-07-28,605090,test,0.03533123,0.007528588,2020-05-08,2025-07-11,17897,1140,1,5,0.0011166315409354866
2025-07-28,605589,test,-0.007970208,0.0051401407,2020-05-08,2025-07-11,17897,1140,1,5,0.0011166315409354866
2025-07-28,688031,test,0.026674168,0.0055688694,2020-05-08,2025-07-11,17897,1140,1,5,0.0011166315409354866
2025-07-28,688045,test,0.031141935,0.003529869,2020-05-08,2025-07-11,17897,1140,1,5,0.0011166315409354866
2025-07-28,688133,test,0.01647436,-0.0043788515,2020-05-08,2025-07-11,17897,1140,1,5,0.0011166315409354866
2025-07-28,688147,test,0.026296226,0.0016732961,2020-05-08,2025-07-11,17897,1140,1,5,0.0011166315409354866
2025-07-28,688528,test,0.0032505987,-0.0046420693,2020-05-08,2025-07-11,17897,1140,1,5,0.0011166315409354866
2025-07-29,600025,test,-0.010247154,0.0025148168,2020-05-08,2025-07-11,17897,1140,1,5,0.0011166315409354866
2025-07-29,600051,test,0.0031876827,-0.0009718314,2020-05-08,2025-07-11,17897,1140,1,5,0.0011166315409354866
2025-07-29,600127,test,-0.010242544,0.001910314,2020-05-08,2025-07-11,17897,1140,1,5,0.0011166315409354866
2025-07-29,600153,test,-0.03031717,0.00051826984,2020-05-08,2025-07-11,17897,1140,1,5,0.0011166315409354866
2025-07-29,600548,test,-0.0049854475,0.001844693,2020-05-08,2025-07-11,17897,1140,1,5,0.0011166315409354866
2025-07-29,600865,test,-0.0015502585,0.0039168335,2020-05-08,2025-07-11,17897,1140,1,5,0.0011166315409354866
2025-07-29,600967,test,-0.009656117,-0.02062703,2020-05-08,2025-07-11,17897,1140,1,5,0.0011166315409354866
2025-07-29,601222,test,-0.019715324,-0.0019934252,2020-05-08,2025-07-11,17897,1140,1,5,0.0011166315409354866
2025-07-29,603237,test,-0.0008019571,0.007457059,2020-05-08,2025-07-11,17897,1140,1,5,0.0011166315409354866
2025-07-29,603335,test,0.012988696,-0.0019174553,2020-05-08,2025-07-11,17897,1140,1,5,0.0011166315409354866
2025-07-29,603341,test,-0.009166928,0.0051029027,2020-05-08,2025-07-11,17897,1140,1,5,0.0011166315409354866
2025-07-29,603658,test,-0.0037174479,0.007232515,2020-05-08,2025-07-11,17897,1140,1,5,0.0011166315409354866
2025-07-29,605090,test,0.037788644,0.0051786676,2020-05-08,2025-07-11,17897,1140,1,5,0.0011166315409354866
2025-07-29,605589,test,-0.00093345175,0.0058555305,2020-05-08,2025-07-11,17897,1140,1,5,0.0011166315409354866
2025-07-29,688031,test,0.020798672,0.006691478,2020-05-08,2025-07-11,17897,1140,1,5,0.0011166315409354866
2025-07-29,688045,test,0.009841593,0.0027622655,2020-05-08,2025-07-11,17897,1140,1,5,0.0011166315409354866
2025-07-29,688133,test,-0.03953028,-0.012373451,2020-05-08,2025-07-11,17897,1140,1,5,0.0011166315409354866
2025-07-29,688147,test,0.020357313,-0.0029912293,2020-05-08,2025-07-11,17897,1140,1,5,0.0011166315409354866
2025-07-29,688528,test,0.035901483,-0.0040660053,2020-05-08,2025-07-11,17897,1140,1,5,0.0011166315409354866
2025-07-30,600025,test,-0.028108146,0.0013347529,2020-05-08,2025-07-11,17897,1140,1,5,0.0011166315409354866
2025-07-30,600051,test,0.0020642562,0.0016599298,2020-05-08,2025-07-11,17897,1140,1,5,0.0011166315409354866
2025-07-30,600127,test,-0.03471675,0.002036281,2020-05-08,2025-07-11,17897,1140,1,5,0.0011166315409354866
2025-07-30,600153,test,-0.03886396,0.0013728179,2020-05-08,2025-07-11,17897,1140,1,5,0.0011166315409354866
2025-07-30,600548,test,-0.025010021,0.0020654537,2020-05-08,2025-07-11,17897,1140,1,5,0.0011166315409354866
2025-07-30,600865,test,-0.031615015,0.003758818,2020-05-08,2025-07-11,17897,1140,1,5,0.0011166315409354866
2025-07-30,600967,test,0.12827303,-0.0100098625,2020-05-08,2025-07-11,17897,1140,1,5,0.0011166315409354866
2025-07-30,601222,test,-0.026740182,-0.0020711422,2020-05-08,2025-07-11,17897,1140,1,5,0.0011166315409354866
2025-07-30,603237,test,-0.015244703,0.005214609,2020-05-08,2025-07-11,17897,1140,1,5,0.0011166315409354866
2025-07-30,603335,test,0.01033649,-0.00092794746,2020-05-08,2025-07-11,17897,1140,1,5,0.0011166315409354866
2025-07-30,603341,test,-0.010892045,0.005465843,2020-05-08,2025-07-11,17897,1140,1,5,0.0011166315409354866
2025-07-30,603658,test,-0.021341383,0.008046735,2020-05-08,2025-07-11,17897,1140,1,5,0.0011166315409354866
2025-07-30,605090,test,0.018837951,0.0039322674,2020-05-08,2025-07-11,17897,1140,1,5,0.0011166315409354866
2025-07-30,605589,test,-0.04540162,-0.0046801716,2020-05-08,2025-07-11,17897,1140,1,5,0.0011166315409354866
2025-07-30,688031,test,0.09388204,0.0073034596,2020-05-08,2025-07-11,17897,1140,1,5,0.0011166315409354866
2025-07-30,688045,test,-0.0085029155,0.00038119778,2020-05-08,2025-07-11,17897,1140,1,5,0.0011166315409354866
2025-07-30,688133,test,0.0046715653,-0.00374249,2020-05-08,2025-07-11,17897,1140,1,5,0.0011166315409354866
2025-07-30,688147,test,-0.005158385,0.0010278895,2020-05-08,2025-07-11,17897,1140,1,5,0.0011166315409354866
2025-07-30,688528,test,0.033529807,-0.0034440272,2020-05-08,2025-07-11,17897,1140,1,5,0.0011166315409354866
2025-07-31,600025,test,-0.0335473,0.00067601725,2020-05-08,2025-07-11,17897,1140,1,5,0.0011166315409354866
2025-07-31,600051,test,0.011837431,0.0033661202,2020-05-08,2025-07-11,17897,1140,1,5,0.0011166315409354866
2025-07-31,600127,test,-0.021358084,0.0015049838,2020-05-08,2025-07-11,17897,1140,1,5,0.0011166315409354866
2025-07-31,600153,test,-0.021052526,0.003970474,2020-05-08,2025-07-11,17897,1140,1,5,0.0011166315409354866
2025-07-31,600548,test,-0.024181766,0.0015577525,2020-05-08,2025-07-11,17897,1140,1,5,0.0011166315409354866
2025-07-31,600865,test,-0.032601424,0.0024582595,2020-05-08,2025-07-11,17897,1140,1,5,0.0011166315409354866
2025-07-31,600967,test,0.083761424,-0.010280903,2020-05-08,2025-07-11,17897,1140,1,5,0.0011166315409354866
2025-07-31,601222,test,-0.023568856,-0.00010519475,2020-05-08,2025-07-11,17897,1140,1,5,0.0011166315409354866
2025-07-31,603237,test,-0.0068341135,0.0023716763,2020-05-08,2025-07-11,17897,1140,1,5,0.0011166315409354866
2025-07-31,603335,test,0.007862713,-0.00037742406,2020-05-08,2025-07-11,17897,1140,1,5,0.0011166315409354866
2025-07-31,603341,test,-0.01273106,0.0055948496,2020-05-08,2025-07-11,17897,1140,1,5,0.0011166315409354866
2025-07-31,603658,test,0.009361735,0.008508362,2020-05-08,2025-07-11,17897,1140,1,5,0.0011166315409354866
2025-07-31,605090,test,0.036665596,0.0059594736,2020-05-08,2025-07-11,17897,1140,1,5,0.0011166315409354866
2025-07-31,605589,test,-0.07500029,-0.005046606,2020-05-08,2025-07-11,17897,1140,1,5,0.0011166315409354866
2025-07-31,688031,test,0.018726064,0.0024624765,2020-05-08,2025-07-11,17897,1140,1,5,0.0011166315409354866
2025-07-31,688045,test,0.04299212,0.0012414157,2020-05-08,2025-07-11,17897,1140,1,5,0.0011166315409354866
2025-07-31,688133,test,0.006772928,0.0048550256,2020-05-08,2025-07-11,17897,1140,1,5,0.0011166315409354866
2025-07-31,688147,test,-0.0008931905,0.0037441999,2020-05-08,2025-07-11,17897,1140,1,5,0.0011166315409354866
2025-07-31,688528,test,0.033788607,-0.0033966154,2020-05-08,2025-07-11,17897,1140,1,5,0.0011166315409354866
2025-08-01,600025,test,-0.018341772,-0.00030313432,2020-05-08,2025-07-11,17897,1140,1,5,0.0011166315409354866
2025-08-01,600051,test,0.011037205,0.0047118515,2020-05-08,2025-07-11,17897,1140,1,5,0.0011166315409354866
2025-08-01,600127,test,-0.013670975,-0.000914108,2020-05-08,2025-07-11,17897,1140,1,5,0.0011166315409354866
2025-08-01,600153,test,-0.016423369,0.0051689707,2020-05-08,2025-07-11,17897,1140,1,5,0.0011166315409354866
2025-08-01,600548,test,-0.0136124175,0.00068647414,2020-05-08,2025-07-11,17897,1140,1,5,0.0011166315409354866
2025-08-01,600865,test,-0.021633876,0.000642173,2020-05-08,2025-07-11,17897,1140,1,5,0.0011166315409354866
2025-08-01,600967,test,0.13977762,0.0018949732,2020-05-08,2025-07-11,17897,1140,1,5,0.0011166315409354866
2025-08-01,601222,test,-0.017675672,0.0012238324,2020-05-08,2025-07-11,17897,1140,1,5,0.0011166315409354866
2025-08-01,603237,test,-0.006169887,-0.0003325343,2020-05-08,2025-07-11,17897,1140,1,5,0.0011166315409354866
2025-08-01,603335,test,0.0015260098,-0.001679983,2020-05-08,2025-07-11,17897,1140,1,5,0.0011166315409354866
2025-08-01,603341,test,-0.032147747,0.0045742467,2020-05-08,2025-07-11,17897,1140,1,5,0.0011166315409354866
2025-08-01,603658,test,0.0035563917,0.008171283,2020-05-08,2025-07-11,17897,1140,1,5,0.0011166315409354866
2025-08-01,605090,test,0.033399448,0.0030953959,2020-05-08,2025-07-11,17897,1140,1,5,0.0011166315409354866
2025-08-01,605589,test,-0.048339006,-0.0012141019,2020-05-08,2025-07-11,17897,1140,1,5,0.0011166315409354866
2025-08-01,688031,test,-0.055950064,-0.0027341172,2020-05-08,2025-07-11,17897,1140,1,5,0.0011166315409354866
2025-08-01,688045,test,0.0029034647,0.0039907917,2020-05-08,2025-07-11,17897,1140,1,5,0.0011166315409354866
2025-08-01,688133,test,-0.007823761,0.012779988,2020-05-08,2025-07-11,17897,1140,1,5,0.0011166315409354866
2025-08-01,688147,test,-0.017616417,0.004619673,2020-05-08,2025-07-11,17897,1140,1,5,0.0011166315409354866
2025-08-01,688528,test,0.07720483,-0.0070176795,2020-05-08,2025-07-11,17897,1140,1,5,0.0011166315409354866
2025-08-04,600025,test,-0.031572003,-0.0012189671,2020-05-08,2025-07-11,17897,1140,1,5,0.0011166315409354866
2025-08-04,600051,test,0.01133588,0.004766196,2020-05-08,2025-07-11,17897,1140,1,5,0.0011166315409354866
2025-08-04,600127,test,-0.01391798,-0.0016845241,2020-05-08,2025-07-11,17897,1140,1,5,0.0011166315409354866
2025-08-04,600153,test,-0.012016423,0.005225364,2020-05-08,2025-07-11,17897,1140,1,5,0.0011166315409354866
2025-08-04,600548,test,-0.0288029,0.0010930002,2020-05-08,2025-07-11,17897,1140,1,5,0.0011166315409354866
2025-08-04,600865,test,-0.017374601,0.00036803633,2020-05-08,2025-07-11,17897,1140,1,5,0.0011166315409354866
2025-08-04,600967,test,0.16210668,-0.0062923133,2020-05-08,2025-07-11,17897,1140,1,5,0.0011166315409354866
2025-08-04,601222,test,-0.025749026,0.0008199215,2020-05-08,2025-07-11,17897,1140,1,5,0.0011166315409354866
2025-08-04,603237,test,-0.011404205,-0.00021931529,2020-05-08,2025-07-11,17897,1140,1,5,0.0011166315409354866
2025-08-04,603335,test,0.011709851,-0.0015789233,2020-05-08,2025-07-11,17897,1140,1,5,0.0011166315409354866
2025-08-04,603341,test,-0.0076398826,0.005519174,2020-05-08,2025-07-11,17897,1140,1,5,0.0011166315409354866
2025-08-04,603658,test,0.022978751,0.008652654,2020-05-08,2025-07-11,17897,1140,1,5,0.0011166315409354866
2025-08-04,605090,test,0.0040117367,-0.0018028766,2020-05-08,2025-07-11,17897,1140,1,5,0.0011166315409354866
2025-08-04,605589,test,-0.040821627,0.0045288503,2020-05-08,2025-07-11,17897,1140,1,5,0.0011166315409354866
2025-08-04,688031,test,-0.015624546,-0.0014590845,2020-05-08,2025-07-11,17897,1140,1,5,0.0011166315409354866
2025-08-04,688045,test,-0.010462768,0.0016735047,2020-05-08,2025-07-11,17897,1140,1,5,0.0011166315409354866
2025-08-04,688133,test,-0.036591846,0.012269784,2020-05-08,2025-07-11,17897,1140,1,5,0.0011166315409354866
2025-08-04,688147,test,0.002046483,0.007312136,2020-05-08,2025-07-11,17897,1140,1,5,0.0011166315409354866
2025-08-04,688528,test,0.03778843,-0.010069191,2020-05-08,2025-07-11,17897,1140,1,5,0.0011166315409354866
2025-08-05,600025,test,-0.031166611,-0.0017735511,2020-05-08,2025-07-11,17897,1140,1,5,0.0011166315409354866
2025-08-05,600051,test,0.012177315,0.0029329434,2020-05-08,2025-07-11,17897,1140,1,5,0.0011166315409354866
2025-08-05,600127,test,-0.008526838,-0.0021011084,2020-05-08,2025-07-11,17897,1140,1,5,0.0011166315409354866
2025-08-05,600153,test,-0.008470859,0.00507389,2020-05-08,2025-07-11,17897,1140,1,5,0.0011166315409354866
2025-08-05,600548,test,-0.016636271,0.0018363185,2020-05-08,2025-07-11,17897,1140,1,5,0.0011166315409354866
2025-08-05,600865,test,-0.014886131,0.0008709654,2020-05-08,2025-07-11,17897,1140,1,5,0.0011166315409354866
2025-08-05,600967,test,0.19843985,-0.0020811148,2020-05-08,2025-07-11,17897,1140,1,5,0.0011166315409354866
2025-08-05,601222,test,-0.024947057,0.0006214306,2020-05-08,2025-07-11,17897,1140,1,5,0.0011166315409354866
2025-08-05,603237,test,-0.014058897,0.0010034144,2020-05-08,2025-07-11,17897,1140,1,5,0.0011166315409354866
2025-08-05,603335,test,-0.002870512,-0.0017269552,2020-05-08,2025-07-11,17897,1140,1,5,0.0011166315409354866
2025-08-05,603341,test,0.004106784,0.005451292,2020-05-08,2025-07-11,17897,1140,1,5,0.0011166315409354866
2025-08-05,603658,test,0.025335887,0.009771541,2020-05-08,2025-07-11,17897,1140,1,5,0.0011166315409354866
2025-08-05,605090,test,0.010149486,-0.003213089,2020-05-08,2025-07-11,17897,1140,1,5,0.0011166315409354866
2025-08-05,605589,test,-0.05141107,0.005824901,2020-05-08,2025-07-11,17897,1140,1,5,0.0011166315409354866
2025-08-05,688031,test,-0.020891514,0.0032456443,2020-05-08,2025-07-11,17897,1140,1,5,0.0011166315409354866
2025-08-05,688045,test,0.008845158,0.006399974,2020-05-08,2025-07-11,17897,1140,1,5,0.0011166315409354866
2025-08-05,688133,test,-0.05411944,0.01050232,2020-05-08,2025-07-11,17897,1140,1,5,0.0011166315409354866
2025-08-05,688147,test,-0.027218241,0.0025023296,2020-05-08,2025-07-11,17897,1140,1,5,0.0011166315409354866
2025-08-05,688528,test,0.016148966,-0.014132548,2020-05-08,2025-07-11,17897,1140,1,5,0.0011166315409354866
2025-08-06,600025,test,-0.0348869,-0.00287747,2020-05-08,2025-07-11,17897,1140,1,5,0.0011166315409354866
2025-08-06,600051,test,5.0323113e-05,0.0030719638,2020-05-08,2025-07-11,17897,1140,1,5,0.0011166315409354866
2025-08-06,600127,test,-0.011884443,-0.0035225488,2020-05-08,2025-07-11,17897,1140,1,5,0.0011166315409354866
2025-08-06,600153,test,-0.007941915,0.0045041516,2020-05-08,2025-07-11,17897,1140,1,5,0.0011166315409354866
2025-08-06,600548,test,-0.018073443,0.0020382032,2020-05-08,2025-07-11,17897,1140,1,5,0.0011166315409354866
2025-08-06,600865,test,-0.0053673293,0.0027135983,2020-05-08,2025-07-11,17897,1140,1,5,0.0011166315409354866
2025-08-06,600967,test,0.1978383,-0.015297256,2020-05-08,2025-07-11,17897,1140,1,5,0.0011166315409354866
2025-08-06,601222,test,-0.021941915,0.0010391846,2020-05-08,2025-07-11,17897,1140,1,5,0.0011166315409354866
2025-08-06,603237,test,-0.017401619,0.0027646758,2020-05-08,2025-07-11,17897,1140,1,5,0.0011166315409354866
2025-08-06,603335,test,-0.0070720264,0.0032341257,2020-05-08,2025-07-11,17897,1140,1,5,0.0011166315409354866
2025-08-06,603341,test,0.0023757028,0.006509278,2020-05-08,2025-07-11,17897,1140,1,5,0.0011166315409354866
2025-08-06,603658,test,0.028905543,0.009570155,2020-05-08,2025-07-11,17897,1140,1,5,0.0011166315409354866
2025-08-06,605090,test,0.048226062,0.0010000989,2020-05-08,2025-07-11,17897,1140,1,5,0.0011166315409354866
2025-08-06,605589,test,-0.0060639572,0.005324673,2020-05-08,2025-07-11,17897,1140,1,5,0.0011166315409354866
2025-08-06,688031,test,-0.06788982,-0.0018962473,2020-05-08,2025-07-11,17897,1140,1,5,0.0011166315409354866
2025-08-06,688045,test,-0.0018793823,0.007955439,2020-05-08,2025-07-11,17897,1140,1,5,0.0011166315409354866
2025-08-06,688133,test,-0.057680745,0.008005692,2020-05-08,2025-07-11,17897,1140,1,5,0.0011166315409354866
2025-08-06,688147,test,-0.014348457,0.0037036352,2020-05-08,2025-07-11,17897,1140,1,5,0.0011166315409354866
2025-08-06,688528,test,-0.004963986,-0.01240088,2020-05-08,2025-07-11,17897,1140,1,5,0.0011166315409354866
2025-08-07,600025,test,-0.015519554,-0.0024329796,2020-05-08,2025-07-11,17897,1140,1,5,0.0011166315409354866
2025-08-07,600051,test,-0.013729245,0.0032478385,2020-05-08,2025-07-11,17897,1140,1,5,0.0011166315409354866
2025-08-07,600127,test,-0.01750583,-0.002173435,2020-05-08,2025-07-11,17897,1140,1,5,0.0011166315409354866
2025-08-07,600153,test,0.06531468,0.0038802326,2020-05-08,2025-07-11,17897,1140,1,5,0.0011166315409354866
2025-08-07,600548,test,-0.0085500525,0.0028710365,2020-05-08,2025-07-11,17897,1140,1,5,0.0011166315409354866
2025-08-07,600865,test,-0.00801126,0.003302969,2020-05-08,2025-07-11,17897,1140,1,5,0.0011166315409354866
2025-08-07,600967,test,0.16064237,-0.015385758,2020-05-08,2025-07-11,17897,1140,1,5,0.0011166315409354866
2025-08-07,601222,test,-0.009946629,0.0018033609,2020-05-08,2025-07-11,17897,1140,1,5,0.0011166315409354866
2025-08-07,603237,test,-0.018865691,0.0031234398,2020-05-08,2025-07-11,17897,1140,1,5,0.0011166315409354866
2025-08-07,603335,test,-0.02719939,0.003388498,2020-05-08,2025-07-11,17897,1140,1,5,0.0011166315409354866
2025-08-07,603341,test,0.0010261298,0.006636385,2020-05-08,2025-07-11,17897,1140,1,5,0.0011166315409354866
2025-08-07,603658,test,-0.0068681943,0.0073139705,2020-05-08,2025-07-11,17897,1140,1,5,0.0011166315409354866
2025-08-07,605090,test,0.04673677,0.005158663,2020-05-08,2025-07-11,17897,1140,1,5,0.0011166315409354866
2025-08-07,605589,test,0.026927585,0.0072191544,2020-05-08,2025-07-11,17897,1140,1,5,0.0011166315409354866
2025-08-07,688031,test,-0.071043916,0.0020418987,2020-05-08,2025-07-11,17897,1140,1,5,0.0011166315409354866
2025-08-07,688045,test,-0.04322436,0.002343662,2020-05-08,2025-07-11,17897,1140,1,5,0.0011166315409354866
2025-08-07,688133,test,-0.04754246,0.0071434956,2020-05-08,2025-07-11,17897,1140,1,5,0.0011166315409354866
2025-08-07,688147,test,0.008078113,0.008245636,2020-05-08,2025-07-11,17897,1140,1,5,0.0011166315409354866
2025-08-07,688528,test,-0.020719074,-0.013333857,2020-05-08,2025-07-11,17897,1140,1,5,0.0011166315409354866
2025-08-08,600025,test,-0.029719424,-0.0031352565,2020-05-08,2025-07-11,17897,1140,1,5,0.0011166315409354866
2025-08-08,600051,test,-0.029773733,0.0033562966,2020-05-08,2025-07-11,17897,1140,1,5,0.0011166315409354866
2025-08-08,600127,test,-0.01992676,-0.0017418191,2020-05-08,2025-07-11,17897,1140,1,5,0.0011166315409354866
2025-08-08,600153,test,0.08017347,0.0031557456,2020-05-08,2025-07-11,17897,1140,1,5,0.0011166315409354866
2025-08-08,600548,test,-0.01948848,0.0020357892,2020-05-08,2025-07-11,17897,1140,1,5,0.0011166315409354866
2025-08-08,600865,test,-0.0189535,0.0028468743,2020-05-08,2025-07-11,17897,1140,1,5,0.0011166315409354866
2025-08-08,600967,test,0.08093161,-0.0118678585,2020-05-08,2025-07-11,17897,1140,1,5,0.0011166315409354866
2025-08-08,601222,test,-0.0034014308,0.0020148605,2020-05-08,2025-07-11,17897,1140,1,5,0.0011166315409354866
2025-08-08,603237,test,-0.016772572,0.002811402,2020-05-08,2025-07-11,17897,1140,1,5,0.0011166315409354866
2025-08-08,603335,test,-0.03242596,0.0031549148,2020-05-08,2025-07-11,17897,1140,1,5,0.0011166315409354866
2025-08-08,603341,test,0.021505054,0.0058141984,2020-05-08,2025-07-11,17897,1140,1,5,0.0011166315409354866
2025-08-08,603658,test,0.00097070105,0.008668348,2020-05-08,2025-07-11,17897,1140,1,5,0.0011166315409354866
2025-08-08,605090,test,0.009109053,-5.7585537e-05,2020-05-08,2025-07-11,17897,1140,1,5,0.0011166315409354866
2025-08-08,605589,test,0.05879874,0.0075111873,2020-05-08,2025-07-11,17897,1140,1,5,0.0011166315409354866
2025-08-08,688031,test,-0.013496502,0.002830103,2020-05-08,2025-07-11,17897,1140,1,5,0.0011166315409354866
2025-08-08,688045,test,-0.0003717577,0.006977875,2020-05-08,2025-07-11,17897,1140,1,5,0.0011166315409354866
2025-08-08,688133,test,-0.018143876,0.007098157,2020-05-08,2025-07-11,17897,1140,1,5,0.0011166315409354866
2025-08-08,688147,test,0.023208806,0.009932656,2020-05-08,2025-07-11,17897,1140,1,5,0.0011166315409354866
2025-08-08,688528,test,-0.07222344,-0.022111945,2020-05-08,2025-07-11,17897,1140,1,5,0.0011166315409354866
2025-08-11,600025,test,-0.027951341,-0.0033358186,2020-05-08,2025-07-11,17897,1140,1,5,0.0011166315409354866
2025-08-11,600051,test,-0.05193163,0.0036671497,2020-05-08,2025-07-11,17897,1140,1,5,0.0011166315409354866
2025-08-11,600127,test,-0.023179134,-0.003077574,2020-05-08,2025-07-11,17897,1140,1,5,0.0011166315409354866
2025-08-11,600153,test,0.06555744,0.0021499172,2020-05-08,2025-07-11,17897,1140,1,5,0.0011166315409354866
2025-08-11,600548,test,-0.019361747,0.0024566725,2020-05-08,2025-07-11,17897,1140,1,5,0.0011166315409354866
2025-08-11,600865,test,-0.026912237,0.002130136,2020-05-08,2025-07-11,17897,1140,1,5,0.0011166315409354866
2025-08-11,600967,test,0.06359275,-0.015417352,2020-05-08,2025-07-11,17897,1140,1,5,0.0011166315409354866
2025-08-11,601222,test,-0.009840224,0.0013324171,2020-05-08,2025-07-11,17897,1140,1,5,0.0011166315409354866
2025-08-11,603237,test,-0.02089168,0.0025581568,2020-05-08,2025-07-11,17897,1140,1,5,0.0011166315409354866
2025-08-11,603335,test,-0.06569812,0.0019343272,2020-05-08,2025-07-11,17897,1140,1,5,0.0011166315409354866
2025-08-11,603341,test,0.07083073,0.0072550047,2020-05-08,2025-07-11,17897,1140,1,5,0.0011166315409354866
2025-08-11,603658,test,-0.04063783,0.005592279,2020-05-08,2025-07-11,17897,1140,1,5,0.0011166315409354866
2025-08-11,605090,test,0.007616529,0.005569577,2020-05-08,2025-07-11,17897,1140,1,5,0.0011166315409354866
2025-08-11,605589,test,0.03637333,0.007386312,2020-05-08,2025-07-11,17897,1140,1,5,0.0011166315409354866
2025-08-11,688031,test,-0.033068452,0.0019678622,2020-05-08,2025-07-11,17897,1140,1,5,0.0011166315409354866
2025-08-11,688045,test,0.078337856,0.008342512,2020-05-08,2025-07-11,17897,1140,1,5,0.0011166315409354866
2025-08-11,688133,test,-0.011827485,0.005783733,2020-05-08,2025-07-11,17897,1140,1,5,0.0011166315409354866
2025-08-11,688147,test,0.076038614,0.008791255,2020-05-08,2025-07-11,17897,1140,1,5,0.0011166315409354866
2025-08-11,688528,test,-0.06704738,-0.010661714,2020-05-08,2025-07-11,17897,1140,1,5,0.0011166315409354866
2025-08-12,600025,test,-0.015498307,-0.0046018884,2020-05-08,2025-07-11,17897,1140,1,5,0.0011166315409354866
2025-08-12,600051,test,-0.010816528,0.003754288,2020-05-08,2025-07-11,17897,1140,1,5,0.0011166315409354866
2025-08-12,600127,test,-0.023248736,-0.0014636032,2020-05-08,2025-07-11,17897,1140,1,5,0.0011166315409354866
2025-08-12,600153,test,0.07938251,0.0025871396,2020-05-08,2025-07-11,17897,1140,1,5,0.0011166315409354866
2025-08-12,600548,test,-0.015239043,0.003882952,2020-05-08,2025-07-11,17897,1140,1,5,0.0011166315409354866
2025-08-12,600865,test,-0.014407797,0.002422601,2020-05-08,2025-07-11,17897,1140,1,5,0.0011166315409354866
2025-08-12,600967,test,0.003067538,-0.016234279,2020-05-08,2025-07-11,17897,1140,1,5,0.0011166315409354866
2025-08-12,601222,test,-0.0028154557,0.00096192583,2020-05-08,2025-07-11,17897,1140,1,5,0.0011166315409354866
2025-08-12,603237,test,-0.008234912,0.0020236336,2020-05-08,2025-07-11,17897,1140,1,5,0.0011166315409354866
2025-08-12,603335,test,-0.020618927,0.00065720826,2020-05-08,2025-07-11,17897,1140,1,5,0.0011166315409354866
2025-08-12,603341,test,0.031694863,0.0049890354,2020-05-08,2025-07-11,17897,1140,1,5,0.0011166315409354866
2025-08-12,603658,test,-0.037681058,0.007010905,2020-05-08,2025-07-11,17897,1140,1,5,0.0011166315409354866
2025-08-12,605090,test,-0.031909578,0.0071089324,2020-05-08,2025-07-11,17897,1140,1,5,0.0011166315409354866
2025-08-12,605589,test,0.010160562,0.0059222803,2020-05-08,2025-07-11,17897,1140,1,5,0.0011166315409354866
2025-08-12,688031,test,-0.0036970158,0.0019834265,2020-05-08,2025-07-11,17897,1140,1,5,0.0011166315409354866
2025-08-12,688045,test,0.050874718,0.007829076,2020-05-08,2025-07-11,17897,1140,1,5,0.0011166315409354866
2025-08-12,688133,test,-0.018348392,0.002362024,2020-05-08,2025-07-11,17897,1140,1,5,0.0011166315409354866
2025-08-12,688147,test,0.0686618,0.009312218,2020-05-08,2025-07-11,17897,1140,1,5,0.0011166315409354866
2025-08-12,688528,test,-0.041326247,-0.004829608,2020-05-08,2025-07-11,17897,1140,1,5,0.0011166315409354866
2025-08-13,600025,test,-0.002904201,-0.004271947,2020-05-08,2025-07-11,17897,1140,1,5,0.0011166315409354866
2025-08-13,600051,test,-0.0076769753,0.005732417,2020-05-08,2025-07-11,17897,1140,1,5,0.0011166315409354866
2025-08-13,600127,test,-0.011317791,0.00014507025,2020-05-08,2025-07-11,17897,1140,1,5,0.0011166315409354866
2025-08-13,600153,test,0.0799619,0.0031074062,2020-05-08,2025-07-11,17897,1140,1,5,0.0011166315409354866
2025-08-13,600548,test,-0.007923311,0.00452099,2020-05-08,2025-07-11,17897,1140,1,5,0.0011166315409354866
2025-08-13,600865,test,-0.0007837448,0.0039132945,2020-05-08,2025-07-11,17897,1140,1,5,0.0011166315409354866
2025-08-13,600967,test,-0.101444356,-0.015411004,2020-05-08,2025-07-11,17897,1140,1,5,0.0011166315409354866
2025-08-13,601222,test,0.0012164676,0.0009416416,2020-05-08,2025-07-11,17897,1140,1,5,0.0011166315409354866
2025-08-13,603237,test,0.001948999,0.0024678484,2020-05-08,2025-07-11,17897,1140,1,5,0.0011166315409354866
2025-08-13,603335,test,-0.007245761,0.00060043484,2020-05-08,2025-07-11,17897,1140,1,5,0.0011166315409354866
2025-08-13,603341,test,0.08125198,0.0075227898,2020-05-08,2025-07-11,17897,1140,1,5,0.0011166315409354866
2025-08-13,603658,test,-0.020804783,0.007598784,2020-05-08,2025-07-11,17897,1140,1,5,0.0011166315409354866
2025-08-13,605090,test,-0.051484555,0.00321012,2020-05-08,2025-07-11,17897,1140,1,5,0.0011166315409354866
2025-08-13,605589,test,-0.046145108,0.0026762336,2020-05-08,2025-07-11,17897,1140,1,5,0.0011166315409354866
2025-08-13,688031,test,-0.004966281,0.0014108941,2020-05-08,2025-07-11,17897,1140,1,5,0.0011166315409354866
2025-08-13,688045,test,0.051116694,0.0066447966,2020-05-08,2025-07-11,17897,1140,1,5,0.0011166315409354866
2025-08-13,688133,test,-0.013453024,0.0002858229,2020-05-08,2025-07-11,17897,1140,1,5,0.0011166315409354866
2025-08-13,688147,test,0.088419154,0.0068906248,2020-05-08,2025-07-11,17897,1140,1,5,0.0011166315409354866
2025-08-13,688528,test,-0.027765308,0.00084380805,2020-05-08,2025-07-11,17897,1140,1,5,0.0011166315409354866
2025-08-14,600025,test,-0.012398339,-0.003133066,2020-05-08,2025-07-11,17897,1140,1,5,0.0011166315409354866
2025-08-14,600051,test,0.0037668317,0.005997397,2020-05-08,2025-07-11,17897,1140,1,5,0.0011166315409354866
2025-08-14,600127,test,-0.011511675,-0.00018263236,2020-05-08,2025-07-11,17897,1140,1,5,0.0011166315409354866
2025-08-14,600153,test,0.0029480085,-0.0026852787,2020-05-08,2025-07-11,17897,1140,1,5,0.0011166315409354866
2025-08-14,600548,test,-0.00457939,0.0030001737,2020-05-08,2025-07-11,17897,1140,1,5,0.0011166315409354866
2025-08-14,600865,test,0.011216802,0.004789654,2020-05-08,2025-07-11,17897,1140,1,5,0.0011166315409354866
2025-08-14,600967,test,-0.11627327,-0.007965155,2020-05-08,2025-07-11,17897,1140,1,5,0.0011166315409354866
2025-08-14,601222,test,-0.0023819942,0.0015658438,2020-05-08,2025-07-11,17897,1140,1,5,0.0011166315409354866
2025-08-14,603237,test,0.009146991,0.003013242,2020-05-08,2025-07-11,17897,1140,1,5,0.0011166315409354866
2025-08-14,603335,test,0.015318181,0.0014528967,2020-05-08,2025-07-11,17897,1140,1,5,0.0011166315409354866
2025-08-14,603341,test,0.102036506,0.006580416,2020-05-08,2025-07-11,17897,1140,1,5,0.0011166315409354866
2025-08-14,603658,test,-0.009138825,0.0075558145,2020-05-08,2025-07-11,17897,1140,1,5,0.0011166315409354866
2025-08-14,605090,test,-0.06221949,0.0031328872,2020-05-08,2025-07-11,17897,1140,1,5,0.0011166315409354866
2025-08-14,605589,test,-0.042898986,0.0019084737,2020-05-08,2025-07-11,17897,1140,1,5,0.0011166315409354866
2025-08-14,688031,test,0.03135841,0.0020287707,2020-05-08,2025-07-11,17897,1140,1,5,0.0011166315409354866
2025-08-14,688045,test,0.047672175,0.0054016784,2020-05-08,2025-07-11,17897,1140,1,5,0.0011166315409354866
2025-08-14,688133,test,-0.012446186,-0.00047832727,2020-05-08,2025-07-11,17897,1140,1,5,0.0011166315409354866
2025-08-14,688147,test,0.074923776,0.006651681,2020-05-08,2025-07-11,17897,1140,1,5,0.0011166315409354866
2025-08-14,688528,test,-0.024539528,0.004609313,2020-05-08,2025-07-11,17897,1140,1,5,0.0011166315409354866
2025-08-15,600025,test,-0.012335121,-0.0012854189,2020-05-08,2025-07-11,17897,1140,1,5,0.0011166315409354866
2025-08-15,600051,test,-0.00494082,0.0059124753,2020-05-08,2025-07-11,17897,1140,1,5,0.0011166315409354866
2025-08-15,600127,test,-0.016648622,-0.0009591058,2020-05-08,2025-07-11,17897,1140,1,5,0.0011166315409354866
2025-08-15,600153,test,-0.0282842,-0.009873163,2020-05-08,2025-07-11,17897,1140,1,5,0.0011166315409354866
2025-08-15,600548,test,0.0028326905,0.0017286465,2020-05-08,2025-07-11,17897,1140,1,5,0.0011166315409354866
2025-08-15,600865,test,0.005609532,0.0045639463,2020-05-08,2025-07-11,17897,1140,1,5,0.0011166315409354866
2025-08-15,600967,test,-0.028276714,0.00073377043,2020-05-08,2025-07-11,17897,1140,1,5,0.0011166315409354866
2025-08-15,601222,test,-0.022383843,0.0033329055,2020-05-08,2025-07-11,17897,1140,1,5,0.0011166315409354866
2025-08-15,603237,test,-0.013362681,0.0022658706,2020-05-08,2025-07-11,17897,1140,1,5,0.0011166315409354866
2025-08-15,603335,test,-0.012041107,0.0021465197,2020-05-08,2025-07-11,17897,1140,1,5,0.0011166315409354866
2025-08-15,603341,test,0.07641353,0.0056655705,2020-05-08,2025-07-11,17897,1140,1,5,0.0011166315409354866
2025-08-15,603658,test,-0.023569886,0.007527508,2020-05-08,2025-07-11,17897,1140,1,5,0.0011166315409354866
2025-08-15,605090,test,-0.06522396,0.006540902,2020-05-08,2025-07-11,17897,1140,1,5,0.0011166315409354866
2025-08-15,605589,test,-0.07920921,-0.003445059,2020-05-08,2025-07-11,17897,1140,1,5,0.0011166315409354866
2025-08-15,688031,test,0.06811062,0.0014238842,2020-05-08,2025-07-11,17897,1140,1,5,0.0011166315409354866
2025-08-15,688045,test,0.082254685,0.0046067797,2020-05-08,2025-07-11,17897,1140,1,5,0.0011166315409354866
2025-08-15,688133,test,-0.008738322,-0.0015191659,2020-05-08,2025-07-11,17897,1140,1,5,0.0011166315409354866
2025-08-15,688147,test,0.097099505,0.007144911,2020-05-08,2025-07-11,17897,1140,1,5,0.0011166315409354866
2025-08-15,688528,test,-0.01730607,0.0050351433,2020-05-08,2025-07-11,17897,1140,1,5,0.0011166315409354866
2025-08-18,600025,test,0.011594818,-0.00068771094,2020-05-08,2025-07-11,17897,1140,1,5,0.0011166315409354866
2025-08-18,600051,test,0.003052574,0.0043203756,2020-05-08,2025-07-11,17897,1140,1,5,0.0011166315409354866
2025-08-18,600127,test,-0.0034038706,-0.0013795942,2020-05-08,2025-07-11,17897,1140,1,5,0.0011166315409354866
2025-08-18,600153,test,0.0035866352,-0.005203873,2020-05-08,2025-07-11,17897,1140,1,5,0.0011166315409354866
2025-08-18,600548,test,0.013614661,0.0018940382,2020-05-08,2025-07-11,17897,1140,1,5,0.0011166315409354866
2025-08-18,600865,test,0.027268203,0.0031693503,2020-05-08,2025-07-11,17897,1140,1,5,0.0011166315409354866
2025-08-18,600967,test,-0.088640094,0.0042722374,2020-05-08,2025-07-11,17897,1140,1,5,0.0011166315409354866
2025-08-18,601222,test,0.003342932,0.0042801946,2020-05-08,2025-07-11,17897,1140,1,5,0.0011166315409354866
2025-08-18,603237,test,0.0051943935,0.0004666075,2020-05-08,2025-07-11,17897,1140,1,5,0.0011166315409354866
2025-08-18,603335,test,-0.003931512,0.000989899,2020-05-08,2025-07-11,17897,1140,1,5,0.0011166315409354866
2025-08-18,603341,test,0.020132916,0.0008901693,2020-05-08,2025-07-11,17897,1140,1,5,0.0011166315409354866
2025-08-18,603658,test,0.004485206,0.0061969683,2020-05-08,2025-07-11,17897,1140,1,5,0.0011166315409354866
2025-08-18,605090,test,-0.069143996,0.008387363,2020-05-08,2025-07-11,17897,1140,1,5,0.0011166315409354866
2025-08-18,605589,test,-0.048816897,-0.00036320835,2020-05-08,2025-07-11,17897,1140,1,5,0.0011166315409354866
2025-08-18,688031,test,0.031738523,0.0003285557,2020-05-08,2025-07-11,17897,1140,1,5,0.0011166315409354866
2025-08-18,688045,test,0.054760203,-0.00050015,2020-05-08,2025-07-11,17897,1140,1,5,0.0011166315409354866
2025-08-18,688133,test,0.039848126,-0.0022949278,2020-05-08,2025-07-11,17897,1140,1,5,0.0011166315409354866
2025-08-18,688147,test,0.0058593624,-0.0011442304,2020-05-08,2025-07-11,17897,1140,1,5,0.0011166315409354866
2025-08-18,688528,test,-0.010542185,0.0030709878,2020-05-08,2025-07-11,17897,1140,1,5,0.0011166315409354866
2025-08-19,600025,test,-0.02596967,0.00020773709,2020-05-08,2025-07-11,17897,1140,1,5,0.0011166315409354866
2025-08-19,600051,test,-0.048284844,0.0029560067,2020-05-08,2025-07-11,17897,1140,1,5,0.0011166315409354866
2025-08-19,600127,test,-0.005571401,-0.0008644983,2020-05-08,2025-07-11,17897,1140,1,5,0.0011166315409354866
2025-08-19,600153,test,-0.005400723,-0.00066054985,2020-05-08,2025-07-11,17897,1140,1,5,0.0011166315409354866
2025-08-19,600548,test,-0.0059075262,0.0016297214,2020-05-08,2025-07-11,17897,1140,1,5,0.0011166315409354866
2025-08-19,600865,test,0.0012610676,0.0021028817,2020-05-08,2025-07-11,17897,1140,1,5,0.0011166315409354866
2025-08-19,600967,test,-0.07580528,0.012567261,2020-05-08,2025-07-11,17897,1140,1,5,0.0011166315409354866
2025-08-19,601222,test,0.03530869,0.0039301887,2020-05-08,2025-07-11,17897,1140,1,5,0.0011166315409354866
2025-08-19,603237,test,0.00048219127,-3.928691e-05,2020-05-08,2025-07-11,17897,1140,1,5,0.0011166315409354866
2025-08-19,603335,test,-0.025223138,7.302314e-05,2020-05-08,2025-07-11,17897,1140,1,5,0.0011166315409354866
2025-08-19,603341,test,0.02411973,0.0037760176,2020-05-08,2025-07-11,17897,1140,1,5,0.0011166315409354866
2025-08-19,603658,test,-0.0050007664,0.0037952624,2020-05-08,2025-07-11,17897,1140,1,5,0.0011166315409354866
2025-08-19,605090,test,0.008016501,0.009002542,2020-05-08,2025-07-11,17897,1140,1,5,0.0011166315409354866
2025-08-19,605589,test,-0.018261876,-0.0010727867,2020-05-08,2025-07-11,17897,1140,1,5,0.0011166315409354866
2025-08-19,688031,test,0.02451777,-0.0010539666,2020-05-08,2025-07-11,17897,1140,1,5,0.0011166315409354866
2025-08-19,688045,test,0.05969662,2.6449561e-05,2020-05-08,2025-07-11,17897,1140,1,5,0.0011166315409354866
2025-08-19,688133,test,0.034671478,-0.0019436926,2020-05-08,2025-07-11,17897,1140,1,5,0.0011166315409354866
2025-08-19,688147,test,0.037463393,-0.00017569959,2020-05-08,2025-07-11,17897,1140,1,5,0.0011166315409354866
2025-08-19,688528,test,-0.01011222,0.00073441863,2020-05-08,2025-07-11,17897,1140,1,5,0.0011166315409354866
2025-08-20,600025,test,-0.0066473074,0.00065172464,2020-05-08,2025-07-11,17897,1140,1,5,0.0011166315409354866
2025-08-20,600051,test,-0.04836713,0.0067773443,2020-05-08,2025-07-11,17897,1140,1,5,0.0011166315409354866
2025-08-20,600127,test,-0.0022506625,0.00034242123,2020-05-08,2025-07-11,17897,1140,1,5,0.0011166315409354866
2025-08-20,600153,test,0.010133444,0.0043131113,2020-05-08,2025-07-11,17897,1140,1,5,0.0011166315409354866
2025-08-20,600548,test,0.006804565,0.0010199994,2020-05-08,2025-07-11,17897,1140,1,5,0.0011166315409354866
2025-08-20,600865,test,-0.004433982,0.002945479,2020-05-08,2025-07-11,17897,1140,1,5,0.0011166315409354866
2025-08-20,600967,test,-0.08201972,0.015635313,2020-05-08,2025-07-11,17897,1140,1,5,0.0011166315409354866
2025-08-20,601222,test,0.03298111,0.0035878345,2020-05-08,2025-07-11,17897,1140,1,5,0.0011166315409354866
2025-08-20,603237,test,-0.0013300562,0.001006674,2020-05-08,2025-07-11,17897,1140,1,5,0.0011166315409354866
2025-08-20,603335,test,-0.06902755,-0.00058738515,2020-05-08,2025-07-11,17897,1140,1,5,0.0011166315409354866
2025-08-20,603341,test,-0.008175304,-0.006091729,2020-05-08,2025-07-11,17897,1140,1,5,0.0011166315409354866
2025-08-20,603658,test,-0.017358022,0.004265815,2020-05-08,2025-07-11,17897,1140,1,5,0.0011166315409354866
2025-08-20,605090,test,-0.04036218,0.008607741,2020-05-08,2025-07-11,17897,1140,1,5,0.0011166315409354866
2025-08-20,605589,test,0.0007424702,0.0018926002,2020-05-08,2025-07-11,17897,1140,1,5,0.0011166315409354866
2025-08-20,688031,test,0.05770214,-0.004207745,2020-05-08,2025-07-11,17897,1140,1,5,0.0011166315409354866
2025-08-20,688045,test,0.16647649,-0.00036064535,2020-05-08,2025-07-11,17897,1140,1,5,0.0011166315409354866
2025-08-20,688133,test,-0.00012909927,-0.0027457774,2020-05-08,2025-07-11,17897,1140,1,5,0.0011166315409354866
2025-08-20,688147,test,0.050707728,-0.0013345703,2020-05-08,2025-07-11,17897,1140,1,5,0.0011166315409354866
2025-08-20,688528,test,-0.045446925,3.9041042e-05,2020-05-08,2025-07-11,17897,1140,1,5,0.0011166315409354866
2025-08-21,600025,test,-0.022690378,0.0016027316,2020-05-08,2025-07-11,17897,1140,1,5,0.0011166315409354866
2025-08-21,600051,test,-0.07686357,0.007103961,2020-05-08,2025-07-11,17897,1140,1,5,0.0011166315409354866
2025-08-21,600127,test,-0.017192395,0.0022276565,2020-05-08,2025-07-11,17897,1140,1,5,0.0011166315409354866
2025-08-21,600153,test,0.03207911,0.006808255,2020-05-08,2025-07-11,17897,1140,1,5,0.0011166315409354866
2025-08-21,600548,test,-0.016257515,0.0025827438,2020-05-08,2025-07-11,17897,1140,1,5,0.0011166315409354866
2025-08-21,600865,test,-0.012959831,0.003632836,2020-05-08,2025-07-11,17897,1140,1,5,0.0011166315409354866
2025-08-21,600967,test,-0.056395475,0.020606402,2020-05-08,2025-07-11,17897,1140,1,5,0.0011166315409354866
2025-08-21,601222,test,0.0050592255,0.0035405718,2020-05-08,2025-07-11,17897,1140,1,5,0.0011166315409354866
2025-08-21,603237,test,-0.018659584,0.0026662536,2020-05-08,2025-07-11,17897,1140,1,5,0.0011166315409354866
2025-08-21,603335,test,-0.08221117,-0.0020065978,2020-05-08,2025-07-11,17897,1140,1,5,0.0011166315409354866
2025-08-21,603341,test,-0.021563852,-0.012632154,2020-05-08,2025-07-11,17897,1140,1,5,0.0011166315409354866
2025-08-21,603658,test,-0.035856966,0.0045562647,2020-05-08,2025-07-11,17897,1140,1,5,0.0011166315409354866
2025-08-21,605090,test,-0.013915897,0.004675191,2020-05-08,2025-07-11,17897,1140,1,5,0.0011166315409354866
2025-08-21,605589,test,0.015422271,0.003436979,2020-05-08,2025-07-11,17897,1140,1,5,0.0011166315409354866
2025-08-21,688031,test,0.083568476,-0.00575497,2020-05-08,2025-07-11,17897,1140,1,5,0.0011166315409354866
2025-08-21,688045,test,0.16435304,0.0033988021,2020-05-08,2025-07-11,17897,1140,1,5,0.0011166315409354866
2025-08-21,688133,test,-0.03554422,-0.0044192784,2020-05-08,2025-07-11,17897,1140,1,5,0.0011166315409354866
2025-08-21,688147,test,0.16869476,0.0016174391,2020-05-08,2025-07-11,17897,1140,1,5,0.0011166315409354866
2025-08-21,688528,test,-0.059066042,-0.0010426715,2020-05-08,2025-07-11,17897,1140,1,5,0.0011166315409354866
2025-08-22,600025,test,-0.011096485,0.00065466017,2020-05-08,2025-07-11,17897,1140,1,5,0.0011166315409354866
2025-08-22,600051,test,-0.064800896,0.005839914,2020-05-08,2025-07-11,17897,1140,1,5,0.0011166315409354866
2025-08-22,600127,test,0.005084745,0.002804421,2020-05-08,2025-07-11,17897,1140,1,5,0.0011166315409354866
2025-08-22,600153,test,0.04414015,0.0066203363,2020-05-08,2025-07-11,17897,1140,1,5,0.0011166315409354866
2025-08-22,600548,test,-0.0042697918,0.0053486526,2020-05-08,2025-07-11,17897,1140,1,5,0.0011166315409354866
2025-08-22,600865,test,0.005084745,0.006490536,2020-05-08,2025-07-11,17897,1140,1,5,0.0011166315409354866
2025-08-22,600967,test,0.0089879455,0.014452085,2020-05-08,2025-07-11,17897,1140,1,5,0.0011166315409354866
2025-08-22,601222,test,0.008508231,0.004517786,2020-05-08,2025-07-11,17897,1140,1,5,0.0011166315409354866
2025-08-22,603237,test,-0.0027496142,0.005643934,2020-05-08,2025-07-11,17897,1140,1,5,0.0011166315409354866
2025-08-22,603335,test,-0.07871414,-0.0023801997,2020-05-08,2025-07-11,17897,1140,1,5,0.0011166315409354866
2025-08-22,603341,test,-0.0008545423,-0.0035668835,2020-05-08,2025-07-11,17897,1140,1,5,0.0011166315409354866
2025-08-22,603658,test,-0.027580967,0.0051628835,2020-05-08,2025-07-11,17897,1140,1,5,0.0011166315409354866
2025-08-22,605090,test,-0.0098468475,-0.0006338507,2020-05-08,2025-07-11,17897,1140,1,5,0.0011166315409354866
2025-08-22,605589,test,0.0525531,0.0032922104,2020-05-08,2025-07-11,17897,1140,1,5,0.0011166315409354866
2025-08-22,688031,test,0.07462234,-0.014260761,2020-05-08,2025-07-11,17897,1140,1,5,0.0011166315409354866
2025-08-22,688045,test,0.06189499,-0.0059801564,2020-05-08,2025-07-11,17897,1140,1,5,0.0011166315409354866
2025-08-22,688133,test,-0.07575884,-0.004838951,2020-05-08,2025-07-11,17897,1140,1,5,0.0011166315409354866
2025-08-22,688147,test,0.09424199,0.0006182529,2020-05-08,2025-07-11,17897,1140,1,5,0.0011166315409354866
2025-08-22,688528,test,-0.07944611,-0.0016174018,2020-05-08,2025-07-11,17897,1140,1,5,0.0011166315409354866
2025-08-25,600025,test,-0.026343873,0.0019559376,2020-05-08,2025-07-11,17897,1140,1,5,0.0011166315409354866
2025-08-25,600051,test,-0.057399165,0.0026256293,2020-05-08,2025-07-11,17897,1140,1,5,0.0011166315409354866
2025-08-25,600127,test,-0.0035326711,0.0034782216,2020-05-08,2025-07-11,17897,1140,1,5,0.0011166315409354866
2025-08-25,600153,test,-0.05004284,0.007220529,2020-05-08,2025-07-11,17897,1140,1,5,0.0011166315409354866
2025-08-25,600548,test,-0.005324767,0.00778405,2020-05-08,2025-07-11,17897,1140,1,5,0.0011166315409354866
2025-08-25,600865,test,0.043637786,0.0068298243,2020-05-08,2025-07-11,17897,1140,1,5,0.0011166315409354866
2025-08-25,600967,test,-0.010840917,0.0068557262,2020-05-08,2025-07-11,17897,1140,1,5,0.0011166315409354866
2025-08-25,601222,test,0.033107057,0.006860502,2020-05-08,2025-07-11,17897,1140,1,5,0.0011166315409354866
2025-08-25,603237,test,-0.0016573308,0.006605111,2020-05-08,2025-07-11,17897,1140,1,5,0.0011166315409354866
2025-08-25,603335,test,-0.04844484,-0.0017287955,2020-05-08,2025-07-11,17897,1140,1,5,0.0011166315409354866
2025-08-25,603341,test,0.010793039,0.0056907907,2020-05-08,2025-07-11,17897,1140,1,5,0.0011166315409354866
2025-08-25,603658,test,-0.014639065,0.006149076,2020-05-08,2025-07-11,17897,1140,1,5,0.0011166315409354866
2025-08-25,605090,test,0.04129435,-0.0019815713,2020-05-08,2025-07-11,17897,1140,1,5,0.0011166315409354866
2025-08-25,605589,test,0.03986345,0.001731202,2020-05-08,2025-07-11,17897,1140,1,5,0.0011166315409354866
2025-08-25,688031,test,0.07003468,-0.00850033,2020-05-08,2025-07-11,17897,1140,1,5,0.0011166315409354866
2025-08-25,688045,test,0.022107758,-0.012712248,2020-05-08,2025-07-11,17897,1140,1,5,0.0011166315409354866
2025-08-25,688133,test,-0.14511652,-0.012734279,2020-05-08,2025-07-11,17897,1140,1,5,0.0011166315409354866
2025-08-25,688147,test,0.1612651,0.005418945,2020-05-08,2025-07-11,17897,1140,1,5,0.0011166315409354866
2025-08-25,688528,test,-0.058761228,-0.00079354644,2020-05-08,2025-07-11,17897,1140,1,5,0.0011166315409354866
2025-08-26,600025,test,0.04318571,0.0035200492,2020-05-08,2025-07-11,17897,1140,1,5,0.0011166315409354866
2025-08-26,600051,test,-0.047706563,0.0026109926,2020-05-08,2025-07-11,17897,1140,1,5,0.0011166315409354866
2025-08-26,600127,test,0.004854118,0.0047036707,2020-05-08,2025-07-11,17897,1140,1,5,0.0011166315409354866
2025-08-26,600153,test,-0.059123054,0.008496903,2020-05-08,2025-07-11,17897,1140,1,5,0.0011166315409354866
2025-08-26,600548,test,0.024449842,0.0072187185,2020-05-08,2025-07-11,17897,1140,1,5,0.0011166315409354866
2025-08-26,600865,test,0.09365888,0.006564334,2020-05-08,2025-07-11,17897,1140,1,5,0.0011166315409354866
2025-08-26,600967,test,0.00014291807,-0.001392439,2020-05-08,2025-07-11,17897,1140,1,5,0.0011166315409354866
2025-08-26,601222,test,-0.009039383,0.0016475655,2020-05-08,2025-07-11,17897,1140,1,5,0.0011166315409354866
2025-08-26,603237,test,0.007670676,0.0063329935,2020-05-08,2025-07-11,17897,1140,1,5,0.0011166315409354866
2025-08-26,603335,test,-0.039625213,-0.001906652,2020-05-08,2025-07-11,17897,1140,1,5,0.0011166315409354866
2025-08-26,603341,test,-0.04194274,0.009435371,2020-05-08,2025-07-11,17897,1140,1,5,0.0011166315409354866
2025-08-26,603658,test,0.0023481366,0.0056271963,2020-05-08,2025-07-11,17897,1140,1,5,0.0011166315409354866
2025-08-26,605090,test,0.017221697,-0.00032037497,2020-05-08,2025-07-11,17897,1140,1,5,0.0011166315409354866
2025-08-26,605589,test,0.01857308,0.0008065142,2020-05-08,2025-07-11,17897,1140,1,5,0.0011166315409354866
2025-08-26,688031,test,0.09105566,-0.0050417185,2020-05-08,2025-07-11,17897,1140,1,5,0.0011166315409354866
2025-08-26,688045,test,-0.00041791037,-0.0076355934,2020-05-08,2025-07-11,17897,1140,1,5,0.0011166315409354866
2025-08-26,688133,test,-0.11508915,-0.010575913,2020-05-08,2025-07-11,17897,1140,1,5,0.0011166315409354866
2025-08-26,688147,test,0.058017064,0.0051518157,2020-05-08,2025-07-11,17897,1140,1,5,0.0011166315409354866
2025-08-26,688528,test,-0.048233774,-0.0017701872,2020-05-08,2025-07-11,17897,1140,1,5,0.0011166315409354866
2025-08-27,600025,test,0.030475924,0.0071150716,2020-05-08,2025-07-11,17897,1140,1,5,0.0011166315409354866
2025-08-27,600051,test,-0.023900732,0.003088221,2020-05-08,2025-07-11,17897,1140,1,5,0.0011166315409354866
2025-08-27,600127,test,0.007651388,0.0049246997,2020-05-08,2025-07-11,17897,1140,1,5,0.0011166315409354866
2025-08-27,600153,test,-0.06621163,0.008195367,2020-05-08,2025-07-11,17897,1140,1,5,0.0011166315409354866
2025-08-27,600548,test,0.03810951,0.0047205687,2020-05-08,2025-07-11,17897,1140,1,5,0.0011166315409354866
2025-08-27,600865,test,0.07588133,0.0049772337,2020-05-08,2025-07-11,17897,1140,1,5,0.0011166315409354866
2025-08-27,600967,test,-0.050055414,-0.0061788037,2020-05-08,2025-07-11,17897,1140,1,5,0.0011166315409354866
2025-08-27,601222,test,0.00878033,0.0012646727,2020-05-08,2025-07-11,17897,1140,1,5,0.0011166315409354866
2025-08-27,603237,test,0.00533626,0.0050040483,2020-05-08,2025-07-11,17897,1140,1,5,0.0011166315409354866
2025-08-27,603335,test,-0.0028574087,-8.491799e-05,2020-05-08,2025-07-11,17897,1140,1,5,0.0011166315409354866
2025-08-27,603341,test,-0.036414456,0.011833828,2020-05-08,2025-07-11,17897,1140,1,5,0.0011166315409354866
2025-08-27,603658,test,0.026086751,0.0042371154,2020-05-08,2025-07-11,17897,1140,1,5,0.0011166315409354866
2025-08-27,605090,test,0.10566119,0.0022380985,2020-05-08,2025-07-11,17897,1140,1,5,0.0011166315409354866
2025-08-27,605589,test,0.022856876,-0.0009175837,2020-05-08,2025-07-11,17897,1140,1,5,0.0011166315409354866
2025-08-27,688031,test,0.033149246,-0.0040650778,2020-05-08,2025-07-11,17897,1140,1,5,0.0011166315409354866
2025-08-27,688045,test,-0.07880243,-0.018081412,2020-05-08,2025-07-11,17897,1140,1,5,0.0011166315409354866
2025-08-27,688133,test,-0.08996725,-0.009256709,2020-05-08,2025-07-11,17897,1140,1,5,0.0011166315409354866
2025-08-27,688147,test,0.010897611,0.004625082,2020-05-08,2025-07-11,17897,1140,1,5,0.0011166315409354866
2025-08-27,688528,test,-0.0166771,-0.00031178072,2020-05-08,2025-07-11,17897,1140,1,5,0.0011166315409354866
2025-08-28,600025,test,0.05455788,0.005896043,2020-05-08,2025-07-11,17897,1140,1,5,0.0011166315409354866
2025-08-28,600051,test,0.016484218,0.004409261,2020-05-08,2025-07-11,17897,1140,1,5,0.0011166315409354866
2025-08-28,600127,test,0.019566437,0.0040069334,2020-05-08,2025-07-11,17897,1140,1,5,0.0011166315409354866
2025-08-28,600153,test,-0.06279292,0.007289013,2020-05-08,2025-07-11,17897,1140,1,5,0.0011166315409354866
2025-08-28,600548,test,0.04770642,0.00024535507,2020-05-08,2025-07-11,17897,1140,1,5,0.0011166315409354866
2025-08-28,600865,test,0.18102157,0.0041444153,2020-05-08,2025-07-11,17897,1140,1,5,0.0011166315409354866
2025-08-28,600967,test,-0.12926772,-0.008910671,2020-05-08,2025-07-11,17897,1140,1,5,0.0011166315409354866
2025-08-28,601222,test,0.06357955,0.002633974,2020-05-08,2025-07-11,17897,1140,1,5,0.0011166315409354866
2025-08-28,603237,test,0.081277534,0.003424503,2020-05-08,2025-07-11,17897,1140,1,5,0.0011166315409354866
2025-08-28,603335,test,0.026259674,0.002607748,2020-05-08,2025-07-11,17897,1140,1,5,0.0011166315409354866
2025-08-28,603341,test,-0.06468891,0.012014084,2020-05-08,2025-07-11,17897,1140,1,5,0.0011166315409354866
2025-08-28,603658,test,0.026402611,0.002664104,2020-05-08,2025-07-11,17897,1140,1,5,0.0011166315409354866
2025-08-28,605090,test,0.09218436,0.0018541105,2020-05-08,2025-07-11,17897,1140,1,5,0.0011166315409354866
2025-08-28,605589,test,-0.028109953,-0.0017247573,2020-05-08,2025-07-11,17897,1140,1,5,0.0011166315409354866
2025-08-28,688031,test,-0.061168786,-0.0035586357,2020-05-08,2025-07-11,17897,1140,1,5,0.0011166315409354866
2025-08-28,688045,test,-0.0962754,-0.015320912,2020-05-08,2025-07-11,17897,1140,1,5,0.0011166315409354866
2025-08-28,688133,test,-0.06452235,-0.0073088855,2020-05-08,2025-07-11,17897,1140,1,5,0.0011166315409354866
2025-08-28,688147,test,-0.11609808,-0.0048359707,2020-05-08,2025-07-11,17897,1140,1,5,0.0011166315409354866
2025-08-28,688528,test,0.01388386,0.0017148554,2020-05-08,2025-07-11,17897,1140,1,5,0.0011166315409354866
2025-08-29,600025,test,0.043448847,0.006606929,2020-05-08,2025-07-11,17897,1140,1,5,0.0011166315409354866
2025-08-29,600051,test,0.0119561795,0.0049913228,2020-05-08,2025-07-11,17897,1140,1,5,0.0011166315409354866
2025-08-29,600127,test,-0.0011438685,0.0044988394,2020-05-08,2025-07-11,17897,1140,1,5,0.0011166315409354866
2025-08-29,600153,test,-0.086872585,0.0073941126,2020-05-08,2025-07-11,17897,1140,1,5,0.0011166315409354866
2025-08-29,600548,test,0.019630447,-0.002065502,2020-05-08,2025-07-11,17897,1140,1,5,0.0011166315409354866
2025-08-29,600865,test,0.13393871,0.0053000264,2020-05-08,2025-07-11,17897,1140,1,5,0.0011166315409354866
2025-08-29,600967,test,-0.2160393,-0.019243587,2020-05-08,2025-07-11,17897,1140,1,5,0.0011166315409354866
2025-08-29,601222,test,0.07099019,0.0040787198,2020-05-08,2025-07-11,17897,1140,1,5,0.0011166315409354866
2025-08-29,603237,test,0.06438422,0.003500715,2020-05-08,2025-07-11,17897,1140,1,5,0.0011166315409354866
2025-08-29,603335,test,0.052006826,0.003979858,2020-05-08,2025-07-11,17897,1140,1,5,0.0011166315409354866
2025-08-29,603341,test,-0.053055,0.011040114,2020-05-08,2025-07-11,17897,1140,1,5,0.0011166315409354866
2025-08-29,603658,test,0.021026045,-0.0008473247,2020-05-08,2025-07-11,17897,1140,1,5,0.0011166315409354866
2025-08-29,605090,test,0.14807007,-0.00039102137,2020-05-08,2025-07-11,17897,1140,1,5,0.0011166315409354866
2025-08-29,605589,test,-0.041925088,-0.0030597448,2020-05-08,2025-07-11,17897,1140,1,5,0.0011166315409354866
2025-08-29,688031,test,-0.08706184,-0.0062230453,2020-05-08,2025-07-11,17897,1140,1,5,0.0011166315409354866
2025-08-29,688045,test,-0.026068553,-0.00047878176,2020-05-08,2025-07-11,17897,1140,1,5,0.0011166315409354866
2025-08-29,688133,test,-0.025517307,-0.0048138723,2020-05-08,2025-07-11,17897,1140,1,5,0.0011166315409354866
2025-08-29,688147,test,-0.07237105,0.001226265,2020-05-08,2025-07-11,17897,1140,1,5,0.0011166315409354866
2025-08-29,688528,test,0.044603046,0.0038393587,2020-05-08,2025-07-11,17897,1140,1,5,0.0011166315409354866
2025-09-01,600025,test,0.054694057,0.0057657026,2020-05-08,2025-07-11,17897,1140,1,5,0.0011166315409354866
2025-09-01,600051,test,0.021258002,0.005737547,2020-05-08,2025-07-11,17897,1140,1,5,0.0011166315409354866
2025-09-01,600127,test,-0.0011253521,0.0031226054,2020-05-08,2025-07-11,17897,1140,1,5,0.0011166315409354866
2025-09-01,600153,test,-0.03075767,0.008759629,2020-05-08,2025-07-11,17897,1140,1,5,0.0011166315409354866
2025-09-01,600548,test,0.006024083,-0.0032413825,2020-05-08,2025-07-11,17897,1140,1,5,0.0011166315409354866
2025-09-01,600865,test,0.040237464,0.0029185265,2020-05-08,2025-07-11,17897,1140,1,5,0.0011166315409354866
2025-09-01,600967,test,-0.23120704,-0.020060942,2020-05-08,2025-07-11,17897,1140,1,5,0.0011166315409354866
2025-09-01,601222,test,0.03973871,0.0031139925,2020-05-08,2025-07-11,17897,1140,1,5,0.0011166315409354866
2025-09-01,603237,test,0.046274077,0.0045337416,2020-05-08,2025-07-11,17897,1140,1,5,0.0011166315409354866
2025-09-01,603335,test,0.035504684,0.0031820722,2020-05-08,2025-07-11,17897,1140,1,5,0.0011166315409354866
2025-09-01,603341,test,-0.033165466,0.009458335,2020-05-08,2025-07-11,17897,1140,1,5,0.0011166315409354866
2025-09-01,603658,test,0.032172155,-0.0011091642,2020-05-08,2025-07-11,17897,1140,1,5,0.0011166315409354866
2025-09-01,605090,test,0.091673285,-0.0024965033,2020-05-08,2025-07-11,17897,1140,1,5,0.0011166315409354866
2025-09-01,605589,test,-0.02781397,-0.00081100315,2020-05-08,2025-07-11,17897,1140,1,5,0.0011166315409354866
2025-09-01,688031,test,-0.08197106,-0.0013386384,2020-05-08,2025-07-11,17897,1140,1,5,0.0011166315409354866
2025-09-01,688045,test,-0.056359798,0.0066863503,2020-05-08,2025-07-11,17897,1140,1,5,0.0011166315409354866
2025-09-01,688133,test,0.0026932037,0.00028980523,2020-05-08,2025-07-11,17897,1140,1,5,0.0011166315409354866
2025-09-01,688147,test,0.0375131,-0.0018001646,2020-05-08,2025-07-11,17897,1140,1,5,0.0011166315409354866
2025-09-01,688528,test,0.054617535,0.003555607,2020-05-08,2025-07-11,17897,1140,1,5,0.0011166315409354866
2025-09-02,600025,test,0.010498349,0.0050087646,2020-05-08,2025-07-11,17897,1140,1,5,0.0011166315409354866
2025-09-02,600051,test,0.013102318,0.0055817366,2020-05-08,2025-07-11,17897,1140,1,5,0.0011166315409354866
2025-09-02,600127,test,-0.013567135,0.0004893802,2020-05-08,2025-07-11,17897,1140,1,5,0.0011166315409354866
2025-09-02,600153,test,0.014933517,0.010400655,2020-05-08,2025-07-11,17897,1140,1,5,0.0011166315409354866
2025-09-02,600548,test,-0.008230041,-0.0032174736,2020-05-08,2025-07-11,17897,1140,1,5,0.0011166315409354866
2025-09-02,600865,test,0.06622592,-0.0059598386,2020-05-08,2025-07-11,17897,1140,1,5,0.0011166315409354866
2025-09-02,600967,test,-0.23795272,-0.020200316,2020-05-08,2025-07-11,17897,1140,1,5,0.0011166315409354866
2025-09-02,601222,test,0.05930182,0.0029674098,2020-05-08,2025-07-11,17897,1140,1,5,0.0011166315409354866
2025-09-02,603237,test,0.04407056,0.0047179013,2020-05-08,2025-07-11,17897,1140,1,5,0.0011166315409354866
2025-09-02,603335,test,0.043842085,0.0014243945,2020-05-08,2025-07-11,17897,1140,1,5,0.0011166315409354866
2025-09-02,603341,test,0.014073659,0.0077833068,2020-05-08,2025-07-11,17897,1140,1,5,0.0011166315409354866
2025-09-02,603658,test,0.024072507,-0.0019871779,2020-05-08,2025-07-11,17897,1140,1,5,0.0011166315409354866
2025-09-02,605090,test,0.057271082,-0.0016617179,2020-05-08,2025-07-11,17897,1140,1,5,0.0011166315409354866
2025-09-02,605589,test,-0.023350218,2.719462e-06,2020-05-08,2025-07-11,17897,1140,1,5,0.0011166315409354866
2025-09-02,688031,test,-0.16547175,-0.0010210946,2020-05-08,2025-07-11,17897,1140,1,5,0.0011166315409354866
2025-09-02,688045,test,-0.029498842,0.010953046,2020-05-08,2025-07-11,17897,1140,1,5,0.0011166315409354866
2025-09-02,688133,test,-0.02895263,0.002932705,2020-05-08,2025-07-11,17897,1140,1,5,0.0011166315409354866
2025-09-02,688147,test,0.12153539,0.007700056,2020-05-08,2025-07-11,17897,1140,1,5,0.0011166315409354866
2025-09-02,688528,test,0.038096126,0.0011723228,2020-05-08,2025-07-11,17897,1140,1,5,0.0011166315409354866
2025-09-03,600025,test,0.00094145816,0.0046869144,2020-05-08,2025-07-11,17897,1140,1,5,0.0011166315409354866
2025-09-03,600051,test,0.0154137965,0.0048815645,2020-05-08,2025-07-11,17897,1140,1,5,0.0011166315409354866
2025-09-03,600127,test,-0.01942,-0.0013476014,2020-05-08,2025-07-11,17897,1140,1,5,0.0011166315409354866
2025-09-03,600153,test,-0.008411051,0.010509346,2020-05-08,2025-07-11,17897,1140,1,5,0.0011166315409354866
2025-09-03,600548,test,-0.04893366,-0.0017333739,2020-05-08,2025-07-11,17897,1140,1,5,0.0011166315409354866
2025-09-03,600865,test,0.09883572,-0.0059564933,2020-05-08,2025-07-11,17897,1140,1,5,0.0011166315409354866
2025-09-03,600967,test,-0.17424361,-0.013641559,2020-05-08,2025-07-11,17897,1140,1,5,0.0011166315409354866
2025-09-03,601222,test,0.017388145,0.0018994138,2020-05-08,2025-07-11,17897,1140,1,5,0.0011166315409354866
2025-09-03,603237,test,0.072734855,0.0032321103,2020-05-08,2025-07-11,17897,1140,1,5,0.0011166315409354866
2025-09-03,603335,test,0.10658643,0.0007045865,2020-05-08,2025-07-11,17897,1140,1,5,0.0011166315409354866
2025-09-03,603341,test,-0.015189888,0.0053159893,2020-05-08,2025-07-11,17897,1140,1,5,0.0011166315409354866
2025-09-03,603658,test,-0.013503353,-0.0034118071,2020-05-08,2025-07-11,17897,1140,1,5,0.0011166315409354866
2025-09-03,605090,test,0.0186378,-0.004476439,2020-05-08,2025-07-11,17897,1140,1,5,0.0011166315409354866
2025-09-03,605589,test,-0.032617062,0.0020952113,2020-05-08,2025-07-11,17897,1140,1,5,0.0011166315409354866
2025-09-03,688031,test,-0.1164432,0.0047504604,2020-05-08,2025-07-11,17897,1140,1,5,0.0011166315409354866
2025-09-03,688045,test,-0.05558349,0.008342763,2020-05-08,2025-07-11,17897,1140,1,5,0.0011166315409354866
2025-09-03,688133,test,-0.02363406,0.00426998,2020-05-08,2025-07-11,17897,1140,1,5,0.0011166315409354866
2025-09-03,688147,test,0.12707034,0.010605885,2020-05-08,2025-07-11,17897,1140,1,5,0.0011166315409354866
2025-09-03,688528,test,0.05037084,0.0009819493,2020-05-08,2025-07-11,17897,1140,1,5,0.0011166315409354866
2025-09-04,600025,test,-0.030313382,0.0039309524,2020-05-08,2025-07-11,17897,1140,1,5,0.0011166315409354866
2025-09-04,600051,test,-0.017666316,0.0036053136,2020-05-08,2025-07-11,17897,1140,1,5,0.0011166315409354866
2025-09-04,600127,test,-0.038078517,-0.0029217526,2020-05-08,2025-07-11,17897,1140,1,5,0.0011166315409354866
2025-09-04,600153,test,-0.040526874,0.007370595,2020-05-08,2025-07-11,17897,1140,1,5,0.0011166315409354866
2025-09-04,600548,test,-0.08506469,-0.00035823882,2020-05-08,2025-07-11,17897,1140,1,5,0.0011166315409354866
2025-09-04,600865,test,-0.044427298,-0.020057641,2020-05-08,2025-07-11,17897,1140,1,5,0.0011166315409354866
2025-09-04,600967,test,-0.082979985,-0.0070831254,2020-05-08,2025-07-11,17897,1140,1,5,0.0011166315409354866
2025-09-04,601222,test,-0.028843682,0.0023975074,2020-05-08,2025-07-11,17897,1140,1,5,0.0011166315409354866
2025-09-04,603237,test,-0.021212557,0.0007369332,2020-05-08,2025-07-11,17897,1140,1,5,0.0011166315409354866
2025-09-04,603335,test,0.03696217,0.0011953786,2020-05-08,2025-07-11,17897,1140,1,5,0.0011166315409354866
2025-09-04,603341,test,0.061881375,0.0014633648,2020-05-08,2025-07-11,17897,1140,1,5,0.0011166315409354866
2025-09-04,603658,test,-0.010901488,-0.0043728426,2020-05-08,2025-07-11,17897,1140,1,5,0.0011166315409354866
2025-09-04,605090,test,0.010942758,-0.00044821948,2020-05-08,2025-07-11,17897,1140,1,5,0.0011166315409354866
2025-09-04,605589,test,0.030254744,0.0029861778,2020-05-08,2025-07-11,17897,1140,1,5,0.0011166315409354866
2025-09-04,688031,test,0.09187659,0.008122209,2020-05-08,2025-07-11,17897,1140,1,5,0.0011166315409354866
2025-09-04,688045,test,0.0076050493,0.006033875,2020-05-08,2025-07-11,17897,1140,1,5,0.0011166315409354866
2025-09-04,688133,test,-0.015834743,0.005130604,2020-05-08,2025-07-11,17897,1140,1,5,0.0011166315409354866
2025-09-04,688147,test,0.15809952,0.011508545,2020-05-08,2025-07-11,17897,1140,1,5,0.0011166315409354866
2025-09-04,688528,test,0.018227324,0.0006805286,2020-05-08,2025-07-11,17897,1140,1,5,0.0011166315409354866
2025-09-05,600025,test,-0.018053928,0.0026589036,2020-05-08,2025-07-11,17897,1140,1,5,0.0011166315409354866
2025-09-05,600051,test,-0.008706585,0.0022497512,2020-05-08,2025-07-11,17897,1140,1,5,0.0011166315409354866
2025-09-05,600127,test,-0.02663762,-0.004094571,2020-05-08,2025-07-11,17897,1140,1,5,0.0011166315409354866
2025-09-05,600153,test,-0.008010168,0.0024061054,2020-05-08,2025-07-11,17897,1140,1,5,0.0011166315409354866
2025-09-05,600548,test,-0.07299524,-0.00045321882,2020-05-08,2025-07-11,17897,1140,1,5,0.0011166315409354866
2025-09-05,600865,test,-0.028562548,-0.015292395,2020-05-08,2025-07-11,17897,1140,1,5,0.0011166315409354866
2025-09-05,600967,test,-0.016438741,-0.0016961657,2020-05-08,2025-07-11,17897,1140,1,5,0.0011166315409354866
2025-09-05,601222,test,-0.028263107,0.0035376325,2020-05-08,2025-07-11,17897,1140,1,5,0.0011166315409354866
2025-09-05,603237,test,-0.016902627,0.004661236,2020-05-08,2025-07-11,17897,1140,1,5,0.0011166315409354866
2025-09-05,603335,test,0.018727273,0.002185531,2020-05-08,2025-07-11,17897,1140,1,5,0.0011166315409354866
2025-09-05,603341,test,0.08527056,-0.0013973191,2020-05-08,2025-07-11,17897,1140,1,5,0.0011166315409354866
2025-09-05,603658,test,-0.01233429,-0.004585311,2020-05-08,2025-07-11,17897,1140,1,5,0.0011166315409354866
2025-09-05,605090,test,-0.045036767,-0.011183664,2020-05-08,2025-07-11,17897,1140,1,5,0.0011166315409354866
2025-09-05,605589,test,0.01271722,0.0026451647,2020-05-08,2025-07-11,17897,1140,1,5,0.0011166315409354866
2025-09-05,688031,test,0.043336466,0.0076495856,2020-05-08,2025-07-11,17897,1140,1,5,0.0011166315409354866
2025-09-05,688045,test,-0.0004983638,0.0014575087,2020-05-08,2025-07-11,17897,1140,1,5,0.0011166315409354866
2025-09-05,688133,test,-0.027841471,0.0050585344,2020-05-08,2025-07-11,17897,1140,1,5,0.0011166315409354866
2025-09-05,688147,test,0.12722856,0.0071998164,2020-05-08,2025-07-11,17897,1140,1,5,0.0011166315409354866
2025-09-05,688528,test,0.023001371,0.0017315559,2020-05-08,2025-07-11,17897,1140,1,5,0.0011166315409354866
2025-09-08,600025,test,-0.027549315,-0.0010135397,2020-05-08,2025-09-05,18657,1140,2,6,0.0012174783507362009
2025-09-08,600051,test,-0.016048716,-0.0012541115,2020-05-08,2025-09-05,18657,1140,2,6,0.0012174783507362009
2025-09-08,600127,test,-0.0034209893,0.0012228563,2020-05-08,2025-09-05,18657,1140,2,6,0.0012174783507362009
2025-09-08,600153,test,0.013009324,-0.0047779456,2020-05-08,2025-09-05,18657,1140,2,6,0.0012174783507362009
2025-09-08,600548,test,-0.061016224,0.004394911,2020-05-08,2025-09-05,18657,1140,2,6,0.0012174783507362009
2025-09-08,600865,test,-0.005680595,-0.008297682,2020-05-08,2025-09-05,18657,1140,2,6,0.0012174783507362009
2025-09-08,600967,test,0.0023848368,-0.0015079305,2020-05-08,2025-09-05,18657,1140,2,6,0.0012174783507362009
2025-09-08,601222,test,-0.021868346,0.0038252622,2020-05-08,2025-09-05,18657,1140,2,6,0.0012174783507362009
2025-09-08,603237,test,-0.01117508,0.002549313,2020-05-08,2025-09-05,18657,1140,2,6,0.0012174783507362009
2025-09-08,603335,test,0.11920896,-0.0017357841,2020-05-08,2025-09-05,18657,1140,2,6,0.0012174783507362009
2025-09-08,603341,test,0.011707825,-0.0058112666,2020-05-08,2025-09-05,18657,1140,2,6,0.0012174783507362009
2025-09-08,603658,test,-0.041325327,9.4622374e-07,2020-05-08,2025-09-05,18657,1140,2,6,0.0012174783507362009
2025-09-08,605090,test,0.0005039491,-0.007002406,2020-05-08,2025-09-05,18657,1140,2,6,0.0012174783507362009
2025-09-08,605589,test,-0.020919574,0.0015657619,2020-05-08,2025-09-05,18657,1140,2,6,0.0012174783507362009
2025-09-08,688031,test,0.03687741,0.0012510791,2020-05-08,2025-09-05,18657,1140,2,6,0.0012174783507362009
2025-09-08,688045,test,0.025991509,-0.0022037402,2020-05-08,2025-09-05,18657,1140,2,6,0.0012174783507362009
2025-09-08,688133,test,-0.035517514,-0.00012293458,2020-05-08,2025-09-05,18657,1140,2,6,0.0012174783507362009
2025-09-08,688147,test,0.030587696,-0.013515711,2020-05-08,2025-09-05,18657,1140,2,6,0.0012174783507362009
2025-09-08,688528,test,0.0042501683,-0.0010500774,2020-05-08,2025-09-05,18657,1140,2,6,0.0012174783507362009
2025-09-09,600025,test,-0.04358477,0.00025943667,2020-05-08,2025-09-05,18657,1140,2,6,0.0012174783507362009
2025-09-09,600051,test,-0.014354737,-0.0011641905,2020-05-08,2025-09-05,18657,1140,2,6,0.0012174783507362009
2025-09-09,600127,test,-0.013518238,0.00033078343,2020-05-08,2025-09-05,18657,1140,2,6,0.0012174783507362009
2025-09-09,600153,test,-0.007552015,-0.0075130984,2020-05-08,2025-09-05,18657,1140,2,6,0.0012174783507362009
2025-09-09,600548,test,-0.0770278,0.004336141,2020-05-08,2025-09-05,18657,1140,2,6,0.0012174783507362009
2025-09-09,600865,test,-0.08339666,-0.013865016,2020-05-08,2025-09-05,18657,1140,2,6,0.0012174783507362009
2025-09-09,600967,test,-0.0016527127,-0.00093280524,2020-05-08,2025-09-05,18657,1140,2,6,0.0012174783507362009
2025-09-09,601222,test,-0.052150577,0.005315192,2020-05-08,2025-09-05,18657,1140,2,6,0.0012174783507362009
2025-09-09,603237,test,-0.035146642,0.0040893406,2020-05-08,2025-09-05,18657,1140,2,6,0.0012174783507362009
2025-09-09,603335,test,0.10146063,-0.0042819157,2020-05-08,2025-09-05,18657,1140,2,6,0.0012174783507362009
2025-09-09,603341,test,0.08072654,-0.0043643042,2020-05-08,2025-09-05,18657,1140,2,6,0.0012174783507362009
2025-09-09,603658,test,-0.05224066,0.0023948476,2020-05-08,2025-09-05,18657,1140,2,6,0.0012174783507362009
2025-09-09,605090,test,-0.0067925267,-0.0010626018,2020-05-08,2025-09-05,18657,1140,2,6,0.0012174783507362009
2025-09-09,605589,test,-0.014702528,0.0016906038,2020-05-08,2025-09-05,18657,1140,2,6,0.0012174783507362009
2025-09-09,688031,test,0.15529123,0.0006771162,2020-05-08,2025-09-05,18657,1140,2,6,0.0012174783507362009
2025-09-09,688045,test,0.05981723,-0.0030443147,2020-05-08,2025-09-05,18657,1140,2,6,0.0012174783507362009
2025-09-09,688133,test,-0.008232287,-0.0024081469,2020-05-08,2025-09-05,18657,1140,2,6,0.0012174783507362009
2025-09-09,688147,test,0.0040658726,-0.020130977,2020-05-08,2025-09-05,18657,1140,2,6,0.0012174783507362009
2025-09-09,688528,test,0.008990644,-0.0006373301,2020-05-08,2025-09-05,18657,1140,2,6,0.0012174783507362009
2025-09-10,600025,test,-0.04105885,0.00092024356,2020-05-08,2025-09-05,18657,1140,2,6,0.0012174783507362009
2025-09-10,600051,test,-0.024533644,-9.714812e-05,2020-05-08,2025-09-05,18657,1140,2,6,0.0012174783507362009
2025-09-10,600127,test,-0.01852079,0.00014203042,2020-05-08,2025-09-05,18657,1140,2,6,0.0012174783507362009
2025-09-10,600153,test,0.012731952,-0.006499976,2020-05-08,2025-09-05,18657,1140,2,6,0.0012174783507362009
2025-09-10,600548,test,-0.05438716,0.0027073398,2020-05-08,2025-09-05,18657,1140,2,6,0.0012174783507362009
2025-09-10,600865,test,-0.10266604,-0.010815509,2020-05-08,2025-09-05,18657,1140,2,6,0.0012174783507362009
2025-09-10,600967,test,0.005131681,-0.0015795901,2020-05-08,2025-09-05,18657,1140,2,6,0.0012174783507362009
2025-09-10,601222,test,-0.028865188,0.0065768138,2020-05-08,2025-09-05,18657,1140,2,6,0.0012174783507362009
2025-09-10,603237,test,-0.07368,0.00012779981,2020-05-08,2025-09-05,18657,1140,2,6,0.0012174783507362009
2025-09-10,603335,test,0.03907918,-0.015918523,2020-05-08,2025-09-05,18657,1140,2,6,0.0012174783507362009
2025-09-10,603341,test,0.07507334,-0.0035556927,2020-05-08,2025-09-05,18657,1140,2,6,0.0012174783507362009
2025-09-10,603658,test,-0.036427803,0.0032756254,2020-05-08,2025-09-05,18657,1140,2,6,0.0012174783507362009
2025-09-10,605090,test,-0.027549574,0.0024890974,2020-05-08,2025-09-05,18657,1140,2,6,0.0012174783507362009
2025-09-10,605589,test,0.016277222,0.0017719269,2020-05-08,2025-09-05,18657,1140,2,6,0.0012174783507362009
2025-09-10,688031,test,0.11300172,-0.00044902414,2020-05-08,2025-09-05,18657,1140,2,6,0.0012174783507362009
2025-09-10,688045,test,0.075659454,-0.0041960552,2020-05-08,2025-09-05,18657,1140,2,6,0.0012174783507362009
2025-09-10,688133,test,-0.021955227,-0.0030615106,2020-05-08,2025-09-05,18657,1140,2,6,0.0012174783507362009
2025-09-10,688147,test,0.057418793,-0.01564207,2020-05-08,2025-09-05,18657,1140,2,6,0.0012174783507362009
2025-09-10,688528,test,0.035270937,0.0016671643,2020-05-08,2025-09-05,18657,1140,2,6,0.0012174783507362009
2025-09-11,600025,test,-0.025938325,0.0016160384,2020-05-08,2025-09-05,18657,1140,2,6,0.0012174783507362009
2025-09-11,600051,test,-0.02400242,0.00083791465,2020-05-08,2025-09-05,18657,1140,2,6,0.0012174783507362009
2025-09-11,600127,test,-0.005631841,0.0001932159,2020-05-08,2025-09-05,18657,1140,2,6,0.0012174783507362009
2025-09-11,600153,test,0.0044942223,-0.0057158396,2020-05-08,2025-09-05,18657,1140,2,6,0.0012174783507362009
2025-09-11,600548,test,-0.02300225,0.0012300983,2020-05-08,2025-09-05,18657,1140,2,6,0.0012174783507362009
2025-09-11,600865,test,-0.0857199,0.00046683103,2020-05-08,2025-09-05,18657,1140,2,6,0.0012174783507362009
2025-09-11,600967,test,-0.0056914175,-0.0020671561,2020-05-08,2025-09-05,18657,1140,2,6,0.0012174783507362009
2025-09-11,601222,test,-0.01952729,0.0069957376,2020-05-08,2025-09-05,18657,1140,2,6,0.0012174783507362009
2025-09-11,603237,test,-0.016739767,0.003732562,2020-05-08,2025-09-05,18657,1140,2,6,0.0012174783507362009
2025-09-11,603335,test,0.07024969,-0.009269305,2020-05-08,2025-09-05,18657,1140,2,6,0.0012174783507362009
2025-09-11,603341,test,0.015854772,-0.0076320097,2020-05-08,2025-09-05,18657,1140,2,6,0.0012174783507362009
2025-09-11,603658,test,-0.027398827,0.0038717613,2020-05-08,2025-09-05,18657,1140,2,6,0.0012174783507362009
2025-09-11,605090,test,-0.025176039,0.0052489787,2020-05-08,2025-09-05,18657,1140,2,6,0.0012174783507362009
2025-09-11,605589,test,0.0059210393,-0.0006762743,2020-05-08,2025-09-05,18657,1140,2,6,0.0012174783507362009
2025-09-11,688031,test,0.049175408,-0.014403962,2020-05-08,2025-09-05,18657,1140,2,6,0.0012174783507362009
2025-09-11,688045,test,0.032790028,-0.007736072,2020-05-08,2025-09-05,18657,1140,2,6,0.0012174783507362009
2025-09-11,688133,test,-0.036244556,-0.0028632358,2020-05-08,2025-09-05,18657,1140,2,6,0.0012174783507362009
2025-09-11,688147,test,0.043926228,-0.012783825,2020-05-08,2025-09-05,18657,1140,2,6,0.0012174783507362009
2025-09-11,688528,test,0.07266124,0.0026749298,2020-05-08,2025-09-05,18657,1140,2,6,0.0012174783507362009
2025-09-12,600025,test,-0.028273428,0.0016733333,2020-05-08,2025-09-05,18657,1140,2,6,0.0012174783507362009
2025-09-12,600051,test,-0.030905614,0.00086212903,2020-05-08,2025-09-05,18657,1140,2,6,0.0012174783507362009
2025-09-12,600127,test,-0.01105172,-0.0005919337,2020-05-08,2025-09-05,18657,1140,2,6,0.0012174783507362009
2025-09-12,600153,test,0.008706688,-0.0047742724,2020-05-08,2025-09-05,18657,1140,2,6,0.0012174783507362009
2025-09-12,600548,test,-0.034559313,-0.00019741803,2020-05-08,2025-09-05,18657,1140,2,6,0.0012174783507362009
2025-09-12,600865,test,-0.05877159,0.0035525337,2020-05-08,2025-09-05,18657,1140,2,6,0.0012174783507362009
2025-09-12,600967,test,-0.01894921,-0.005657129,2020-05-08,2025-09-05,18657,1140,2,6,0.0012174783507362009
2025-09-12,601222,test,-0.02985549,0.0058917776,2020-05-08,2025-09-05,18657,1140,2,6,0.0012174783507362009
2025-09-12,603237,test,-0.023087615,0.0059779882,2020-05-08,2025-09-05,18657,1140,2,6,0.0012174783507362009
2025-09-12,603335,test,0.09430786,-0.003258817,2020-05-08,2025-09-05,18657,1140,2,6,0.0012174783507362009
2025-09-12,603341,test,-0.028321473,-0.016056448,2020-05-08,2025-09-05,18657,1140,2,6,0.0012174783507362009
2025-09-12,603658,test,-0.02544405,0.0040264055,2020-05-08,2025-09-05,18657,1140,2,6,0.0012174783507362009
2025-09-12,605090,test,0.060587388,0.006898135,2020-05-08,2025-09-05,18657,1140,2,6,0.0012174783507362009
2025-09-12,605589,test,0.015126997,0.0016608611,2020-05-08,2025-09-05,18657,1140,2,6,0.0012174783507362009
2025-09-12,688031,test,0.05726732,-0.012681901,2020-05-08,2025-09-05,18657,1140,2,6,0.0012174783507362009
2025-09-12,688045,test,-0.0006493469,-0.010813616,2020-05-08,2025-09-05,18657,1140,2,6,0.0012174783507362009
2025-09-12,688133,test,-0.039160907,-0.0021939054,2020-05-08,2025-09-05,18657,1140,2,6,0.0012174783507362009
2025-09-12,688147,test,0.060725342,-0.008612461,2020-05-08,2025-09-05,18657,1140,2,6,0.0012174783507362009
2025-09-12,688528,test,0.032308158,0.0037117824,2020-05-08,2025-09-05,18657,1140,2,6,0.0012174783507362009
2025-09-15,600025,test,-0.008411473,0.0012520179,2020-05-08,2025-09-05,18657,1140,2,6,0.0012174783507362009
2025-09-15,600051,test,-0.029236577,0.0004278943,2020-05-08,2025-09-05,18657,1140,2,6,0.0012174783507362009
2025-09-15,600127,test,-0.025236811,-0.0016498789,2020-05-08,2025-09-05,18657,1140,2,6,0.0012174783507362009
2025-09-15,600153,test,0.009191267,-0.004158996,2020-05-08,2025-09-05,18657,1140,2,6,0.0012174783507362009
2025-09-15,600548,test,-0.028615547,-0.0015091002,2020-05-08,2025-09-05,18657,1140,2,6,0.0012174783507362009
2025-09-15,600865,test,-0.05181034,0.005981609,2020-05-08,2025-09-05,18657,1140,2,6,0.0012174783507362009
2025-09-15,600967,test,-0.00018248762,-0.0071414784,2020-05-08,2025-09-05,18657,1140,2,6,0.0012174783507362009
2025-09-15,601222,test,-0.020926261,0.0045820996,2020-05-08,2025-09-05,18657,1140,2,6,0.0012174783507362009
2025-09-15,603237,test,-0.024091607,0.00690113,2020-05-08,2025-09-05,18657,1140,2,6,0.0012174783507362009
2025-09-15,603335,test,-0.005159845,-0.00934761,2020-05-08,2025-09-05,18657,1140,2,6,0.0012174783507362009
2025-09-15,603341,test,0.015905334,-0.008664437,2020-05-08,2025-09-05,18657,1140,2,6,0.0012174783507362009
2025-09-15,603658,test,-0.02580904,0.0039150342,2020-05-08,2025-09-05,18657,1140,2,6,0.0012174783507362009
2025-09-15,605090,test,0.012806156,0.0044850335,2020-05-08,2025-09-05,18657,1140,2,6,0.0012174783507362009
2025-09-15,605589,test,0.065759055,0.0025028214,2020-05-08,2025-09-05,18657,1140,2,6,0.0012174783507362009
2025-09-15,688031,test,0.101898655,-0.00970833,2020-05-08,2025-09-05,18657,1140,2,6,0.0012174783507362009
2025-09-15,688045,test,0.008972039,-0.015087284,2020-05-08,2025-09-05,18657,1140,2,6,0.0012174783507362009
2025-09-15,688133,test,-0.016429607,-0.001741074,2020-05-08,2025-09-05,18657,1140,2,6,0.0012174783507362009
2025-09-15,688147,test,-0.0053353393,-0.016405366,2020-05-08,2025-09-05,18657,1140,2,6,0.0012174783507362009
2025-09-15,688528,test,0.026712429,0.005043216,2020-05-08,2025-09-05,18657,1140,2,6,0.0012174783507362009
2025-09-16,600025,test,0.022639513,0.00052974373,2020-05-08,2025-09-05,18657,1140,2,6,0.0012174783507362009
2025-09-16,600051,test,-0.03542036,0.00072421134,2020-05-08,2025-09-05,18657,1140,2,6,0.0012174783507362009
2025-09-16,600127,test,-0.020756902,-0.0014893487,2020-05-08,2025-09-05,18657,1140,2,6,0.0012174783507362009
2025-09-16,600153,test,-0.018336648,-0.0051700845,2020-05-08,2025-09-05,18657,1140,2,6,0.0012174783507362009
2025-09-16,600548,test,0.0066853575,-0.0032964125,2020-05-08,2025-09-05,18657,1140,2,6,0.0012174783507362009
2025-09-16,600865,test,-0.054266755,0.0055924132,2020-05-08,2025-09-05,18657,1140,2,6,0.0012174783507362009
2025-09-16,600967,test,0.00093330455,-0.006940916,2020-05-08,2025-09-05,18657,1140,2,6,0.0012174783507362009
2025-09-16,601222,test,-0.005779099,0.005561568,2020-05-08,2025-09-05,18657,1140,2,6,0.0012174783507362009
2025-09-16,603237,test,-0.023694368,0.0066099837,2020-05-08,2025-09-05,18657,1140,2,6,0.0012174783507362009
2025-09-16,603335,test,-0.028033495,-0.021000616,2020-05-08,2025-09-05,18657,1140,2,6,0.0012174783507362009
2025-09-16,603341,test,-0.03548833,-0.012011051,2020-05-08,2025-09-05,18657,1140,2,6,0.0012174783507362009
2025-09-16,603658,test,-0.01940923,0.004207723,2020-05-08,2025-09-05,18657,1140,2,6,0.0012174783507362009
2025-09-16,605090,test,0.06370673,0.0045354366,2020-05-08,2025-09-05,18657,1140,2,6,0.0012174783507362009
2025-09-16,605589,test,0.05422467,0.0026898012,2020-05-08,2025-09-05,18657,1140,2,6,0.0012174783507362009
2025-09-16,688031,test,0.054499064,-0.01391115,2020-05-08,2025-09-05,18657,1140,2,6,0.0012174783507362009
2025-09-16,688045,test,-0.01098633,-0.016516827,2020-05-08,2025-09-05,18657,1140,2,6,0.0012174783507362009
2025-09-16,688133,test,-0.031190393,-0.00080437213,2020-05-08,2025-09-05,18657,1140,2,6,0.0012174783507362009
2025-09-16,688147,test,0.072041854,-0.009654045,2020-05-08,2025-09-05,18657,1140,2,6,0.0012174783507362009
2025-09-16,688528,test,0.008631412,0.003688179,2020-05-08,2025-09-05,18657,1140,2,6,0.0012174783507362009
2025-09-17,600025,test,0.001864113,-0.0002624914,2020-05-08,2025-09-05,18657,1140,2,6,0.0012174783507362009
2025-09-17,600051,test,-0.034691546,0.0007152483,2020-05-08,2025-09-05,18657,1140,2,6,0.0012174783507362009
2025-09-17,600127,test,-0.03302836,-0.0017490014,2020-05-08,2025-09-05,18657,1140,2,6,0.0012174783507362009
2025-09-17,600153,test,-0.029859388,-0.0022223368,2020-05-08,2025-09-05,18657,1140,2,6,0.0012174783507362009
2025-09-17,600548,test,-0.007027228,-0.0050989464,2020-05-08,2025-09-05,18657,1140,2,6,0.0012174783507362009
2025-09-17,600865,test,-0.05874868,0.0037251785,2020-05-08,2025-09-05,18657,1140,2,6,0.0012174783507362009
2025-09-17,600967,test,-0.029431239,-0.0054071993,2020-05-08,2025-09-05,18657,1140,2,6,0.0012174783507362009
2025-09-17,601222,test,-0.016722823,0.005596444,2020-05-08,2025-09-05,18657,1140,2,6,0.0012174783507362009
2025-09-17,603237,test,-0.026613789,0.005449176,2020-05-08,2025-09-05,18657,1140,2,6,0.0012174783507362009
2025-09-17,603335,test,-0.0037798274,-0.019577816,2020-05-08,2025-09-05,18657,1140,2,6,0.0012174783507362009
2025-09-17,603341,test,-0.025911573,-0.0037605017,2020-05-08,2025-09-05,18657,1140,2,6,0.0012174783507362009
2025-09-17,603658,test,-0.021244776,0.0041989908,2020-05-08,2025-09-05,18657,1140,2,6,0.0012174783507362009
2025-09-17,605090,test,0.057768125,0.004789017,2020-05-08,2025-09-05,18657,1140,2,6,0.0012174783507362009
2025-09-17,605589,test,0.017457994,-0.0017413571,2020-05-08,2025-09-05,18657,1140,2,6,0.0012174783507362009
2025-09-17,688031,test,0.062462587,-0.008856177,2020-05-08,2025-09-05,18657,1140,2,6,0.0012174783507362009
2025-09-17,688045,test,0.0066225156,-0.014058761,2020-05-08,2025-09-05,18657,1140,2,6,0.0012174783507362009
2025-09-17,688133,test,-0.031762544,-0.00084690005,2020-05-08,2025-09-05,18657,1140,2,6,0.0012174783507362009
2025-09-17,688147,test,0.17869051,-0.016694479,2020-05-08,2025-09-05,18657,1140,2,6,0.0012174783507362009
2025-09-17,688528,test,-0.0060440665,-0.004039578,2020-05-08,2025-09-05,18657,1140,2,6,0.0012174783507362009
2025-09-18,600025,test,0.009706689,-0.0010859892,2020-05-08,2025-09-05,18657,1140,2,6,0.0012174783507362009
2025-09-18,600051,test,-0.026376624,0.00028959662,2020-05-08,2025-09-05,18657,1140,2,6,0.0012174783507362009
2025-09-18,600127,test,-0.02925175,-0.0029429495,2020-05-08,2025-09-05,18657,1140,2,6,0.0012174783507362009
2025-09-18,600153,test,-0.028915675,-0.00023899972,2020-05-08,2025-09-05,18657,1140,2,6,0.0012174783507362009
2025-09-18,600548,test,-0.0021153956,-0.0060594752,2020-05-08,2025-09-05,18657,1140,2,6,0.0012174783507362009
2025-09-18,600865,test,-0.03610546,0.0017998591,2020-05-08,2025-09-05,18657,1140,2,6,0.0012174783507362009
2025-09-18,600967,test,-0.031593297,-0.0044342205,2020-05-08,2025-09-05,18657,1140,2,6,0.0012174783507362009
2025-09-18,601222,test,-0.0100607,0.0050292164,2020-05-08,2025-09-05,18657,1140,2,6,0.0012174783507362009
2025-09-18,603237,test,-0.06042825,0.0024299696,2020-05-08,2025-09-05,18657,1140,2,6,0.0012174783507362009
2025-09-18,603335,test,-0.0018333433,-0.0040449277,2020-05-08,2025-09-05,18657,1140,2,6,0.0012174783507362009
2025-09-18,603341,test,0.028881911,0.0006712824,2020-05-08,2025-09-05,18657,1140,2,6,0.0012174783507362009
2025-09-18,603658,test,-0.022807674,0.0041186884,2020-05-08,2025-09-05,18657,1140,2,6,0.0012174783507362009
2025-09-18,605090,test,0.04910963,0.0031472668,2020-05-08,2025-09-05,18657,1140,2,6,0.0012174783507362009
2025-09-18,605589,test,-0.0010183252,-0.0012434274,2020-05-08,2025-09-05,18657,1140,2,6,0.0012174783507362009
2025-09-18,688031,test,-0.0042399983,-0.018840931,2020-05-08,2025-09-05,18657,1140,2,6,0.0012174783507362009
2025-09-18,688045,test,0.0093950415,-0.008933514,2020-05-08,2025-09-05,18657,1140,2,6,0.0012174783507362009
2025-09-18,688133,test,0.031786826,0.00031267852,2020-05-08,2025-09-05,18657,1140,2,6,0.0012174783507362009
2025-09-18,688147,test,0.15508984,-0.009578355,2020-05-08,2025-09-05,18657,1140,2,6,0.0012174783507362009
2025-09-18,688528,test,-0.029223446,-0.0057435706,2020-05-08,2025-09-05,18657,1140,2,6,0.0012174783507362009
2025-09-19,600025,test,0.040198777,-0.0014453232,2020-05-08,2025-09-05,18657,1140,2,6,0.0012174783507362009
2025-09-19,600051,test,-0.0035401937,-0.0005738586,2020-05-08,2025-09-05,18657,1140,2,6,0.0012174783507362009
2025-09-19,600127,test,-0.02570639,-0.0039282963,2020-05-08,2025-09-05,18657,1140,2,6,0.0012174783507362009
2025-09-19,600153,test,-0.061657377,-9.8355114e-05,2020-05-08,2025-09-05,18657,1140,2,6,0.0012174783507362009
2025-09-19,600548,test,0.019431042,-0.0051729605,2020-05-08,2025-09-05,18657,1140,2,6,0.0012174783507362009
2025-09-19,600865,test,-0.024499776,8.234382e-05,2020-05-08,2025-09-05,18657,1140,2,6,0.0012174783507362009
2025-09-19,600967,test,-0.057938408,-0.0028887466,2020-05-08,2025-09-05,18657,1140,2,6,0.0012174783507362009
2025-09-19,601222,test,0.008717564,0.0037551075,2020-05-08,2025-09-05,18657,1140,2,6,0.0012174783507362009
2025-09-19,603237,test,-0.03237659,0.0026345626,2020-05-08,2025-09-05,18657,1140,2,6,0.0012174783507362009
2025-09-19,603335,test,0.089659706,-0.0012492537,2020-05-08,2025-09-05,18657,1140,2,6,0.0012174783507362009
2025-09-19,603341,test,0.015478808,0.0030097961,2020-05-08,2025-09-05,18657,1140,2,6,0.0012174783507362009
2025-09-19,603658,test,-0.019837951,0.0039933026,2020-05-08,2025-09-05,18657,1140,2,6,0.0012174783507362009
2025-09-19,605090,test,-0.050979048,-0.0139594,2020-05-08,2025-09-05,18657,1140,2,6,0.0012174783507362009
2025-09-19,605589,test,-0.046095878,0.0015775934,2020-05-08,2025-09-05,18657,1140,2,6,0.0012174783507362009
2025-09-19,688031,test,-0.019492071,-0.011051044,2020-05-08,2025-09-05,18657,1140,2,6,0.0012174783507362009
2025-09-19,688045,test,0.030794881,-0.004687883,2020-05-08,2025-09-05,18657,1140,2,6,0.0012174783507362009
2025-09-19,688133,test,0.025770945,0.0008851886,2020-05-08,2025-09-05,18657,1140,2,6,0.0012174783507362009
2025-09-19,688147,test,0.115850255,-0.0070082024,2020-05-08,2025-09-05,18657,1140,2,6,0.0012174783507362009
2025-09-19,688528,test,-0.0037782916,-0.0042175576,2020-05-08,2025-09-05,18657,1140,2,6,0.0012174783507362009
2025-09-22,600025,test,0.024505595,-0.0019314811,2020-05-08,2025-09-05,18657,1140,2,6,0.0012174783507362009
2025-09-22,600051,test,0.004519644,-0.0015026852,2020-05-08,2025-09-05,18657,1140,2,6,0.0012174783507362009
2025-09-22,600127,test,-0.028787551,-0.0036421344,2020-05-08,2025-09-05,18657,1140,2,6,0.0012174783507362009
2025-09-22,600153,test,-0.055985473,3.556162e-05,2020-05-08,2025-09-05,18657,1140,2,6,0.0012174783507362009
2025-09-22,600548,test,0.03426059,-0.0036250874,2020-05-08,2025-09-05,18657,1140,2,6,0.0012174783507362009
2025-09-22,600865,test,-0.023796204,-0.0007994026,2020-05-08,2025-09-05,18657,1140,2,6,0.0012174783507362009
2025-09-22,600967,test,-0.06077016,-0.00047838688,2020-05-08,2025-09-05,18657,1140,2,6,0.0012174783507362009
2025-09-22,601222,test,-0.0064752437,0.0025013164,2020-05-08,2025-09-05,18657,1140,2,6,0.0012174783507362009
2025-09-22,603237,test,-0.023668256,0.0021200702,2020-05-08,2025-09-05,18657,1140,2,6,0.0012174783507362009
2025-09-22,603335,test,0.035114013,0.005190529,2020-05-08,2025-09-05,18657,1140,2,6,0.0012174783507362009
2025-09-22,603341,test,0.029086085,0.005146362,2020-05-08,2025-09-05,18657,1140,2,6,0.0012174783507362009
2025-09-22,603658,test,-0.024696536,0.0037778094,2020-05-08,2025-09-05,18657,1140,2,6,0.0012174783507362009
2025-09-22,605090,test,-0.002247111,-0.011751153,2020-05-08,2025-09-05,18657,1140,2,6,0.0012174783507362009
2025-09-22,605589,test,-0.058227498,-0.008584127,2020-05-08,2025-09-05,18657,1140,2,6,0.0012174783507362009
2025-09-22,688031,test,-0.05007303,-0.011979058,2020-05-08,2025-09-05,18657,1140,2,6,0.0012174783507362009
2025-09-22,688045,test,0.0035741234,-0.004872203,2020-05-08,2025-09-05,18657,1140,2,6,0.0012174783507362009
2025-09-22,688133,test,-0.0019402367,0.0011895597,2020-05-08,2025-09-05,18657,1140,2,6,0.0012174783507362009
2025-09-22,688147,test,0.17496,-0.0071864054,2020-05-08,2025-09-05,18657,1140,2,6,0.0012174783507362009
2025-09-22,688528,test,0.030647252,-0.0007830113,2020-05-08,2025-09-05,18657,1140,2,6,0.0012174783507362009
2025-09-23,600025,test,-0.007173805,-0.003023304,2020-05-08,2025-09-05,18657,1140,2,6,0.0012174783507362009
2025-09-23,600051,test,-0.007366855,-0.0015430227,2020-05-08,2025-09-05,18657,1140,2,6,0.0012174783507362009
2025-09-23,600127,test,-0.030296927,-0.0032121912,2020-05-08,2025-09-05,18657,1140,2,6,0.0012174783507362009
2025-09-23,600153,test,-0.04733201,-0.0011461973,2020-05-08,2025-09-05,18657,1140,2,6,0.0012174783507362009
2025-09-23,600548,test,-0.0145242745,-0.003641285,2020-05-08,2025-09-05,18657,1140,2,6,0.0012174783507362009
2025-09-23,600865,test,-0.027724763,-0.0021903887,2020-05-08,2025-09-05,18657,1140,2,6,0.0012174783507362009
2025-09-23,600967,test,-0.034094844,0.0011574998,2020-05-08,2025-09-05,18657,1140,2,6,0.0012174783507362009
2025-09-23,601222,test,-0.0068433834,0.0017006695,2020-05-08,2025-09-05,18657,1140,2,6,0.0012174783507362009
2025-09-23,603237,test,-0.038410813,0.0005040243,2020-05-08,2025-09-05,18657,1140,2,6,0.0012174783507362009
2025-09-23,603335,test,-0.0023869758,0.009829991,2020-05-08,2025-09-05,18657,1140,2,6,0.0012174783507362009
2025-09-23,603341,test,0.04623257,0.0073684976,2020-05-08,2025-09-05,18657,1140,2,6,0.0012174783507362009
2025-09-23,603658,test,-0.030577958,0.0030361041,2020-05-08,2025-09-05,18657,1140,2,6,0.0012174783507362009
2025-09-23,605090,test,0.029794747,-0.010017954,2020-05-08,2025-09-05,18657,1140,2,6,0.0012174783507362009
2025-09-23,605589,test,0.016224617,-0.004501514,2020-05-08,2025-09-05,18657,1140,2,6,0.0012174783507362009
2025-09-23,688031,test,-0.041756872,-0.005209781,2020-05-08,2025-09-05,18657,1140,2,6,0.0012174783507362009
2025-09-23,688045,test,0.01251766,-0.003941588,2020-05-08,2025-09-05,18657,1140,2,6,0.0012174783507362009
2025-09-23,688133,test,0.03396963,0.0017250255,2020-05-08,2025-09-05,18657,1140,2,6,0.0012174783507362009
2025-09-23,688147,test,0.1521627,-0.011385687,2020-05-08,2025-09-05,18657,1140,2,6,0.0012174783507362009
2025-09-23,688528,test,-0.0024124477,0.0019232556,2020-05-08,2025-09-05,18657,1140,2,6,0.0012174783507362009
2025-09-24,600025,test,0.022243053,-0.0022492632,2020-05-08,2025-09-05,18657,1140,2,6,0.0012174783507362009
2025-09-24,600051,test,-0.014027565,-0.0025713071,2020-05-08,2025-09-05,18657,1140,2,6,0.0012174783507362009
2025-09-24,600127,test,-0.006756657,-0.0031355694,2020-05-08,2025-09-05,18657,1140,2,6,0.0012174783507362009
2025-09-24,600153,test,-0.044180006,-0.0009038374,2020-05-08,2025-09-05,18657,1140,2,6,0.0012174783507362009
2025-09-24,600548,test,-0.010227219,-0.0027032793,2020-05-08,2025-09-05,18657,1140,2,6,0.0012174783507362009
2025-09-24,600865,test,-0.03562451,-0.0039247945,2020-05-08,2025-09-05,18657,1140,2,6,0.0012174783507362009
2025-09-24,600967,test,-0.016544944,0.0005581379,2020-05-08,2025-09-05,18657,1140,2,6,0.0012174783507362009
2025-09-24,601222,test,0.015512639,0.0020667985,2020-05-08,2025-09-05,18657,1140,2,6,0.0012174783507362009
2025-09-24,603237,test,-0.042819154,-0.0007516965,2020-05-08,2025-09-05,18657,1140,2,6,0.0012174783507362009
2025-09-24,603335,test,-0.05015136,0.0074075833,2020-05-08,2025-09-05,18657,1140,2,6,0.0012174783507362009
2025-09-24,603341,test,0.12645975,0.007876493,2020-05-08,2025-09-05,18657,1140,2,6,0.0012174783507362009
2025-09-24,603658,test,-0.028760558,0.0020867214,2020-05-08,2025-09-05,18657,1140,2,6,0.0012174783507362009
2025-09-24,605090,test,0.06232196,-0.0052988455,2020-05-08,2025-09-05,18657,1140,2,6,0.0012174783507362009
2025-09-24,605589,test,0.023773342,-0.0003111884,2020-05-08,2025-09-05,18657,1140,2,6,0.0012174783507362009
2025-09-24,688031,test,-0.04636459,0.0016795173,2020-05-08,2025-09-05,18657,1140,2,6,0.0012174783507362009
2025-09-24,688045,test,-0.0010984049,-0.0031823665,2020-05-08,2025-09-05,18657,1140,2,6,0.0012174783507362009
2025-09-24,688133,test,0.062344328,0.00017555803,2020-05-08,2025-09-05,18657,1140,2,6,0.0012174783507362009
2025-09-24,688147,test,0.009149007,-0.026116975,2020-05-08,2025-09-05,18657,1140,2,6,0.0012174783507362009
2025-09-24,688528,test,-0.025249109,0.0035132915,2020-05-08,2025-09-05,18657,1140,2,6,0.0012174783507362009
2025-09-25,600025,test,0.043325845,-0.0017370805,2020-05-08,2025-09-05,18657,1140,2,6,0.0012174783507362009
2025-09-25,600051,test,0.016772388,-0.0036787912,2020-05-08,2025-09-05,18657,1140,2,6,0.0012174783507362009
2025-09-25,600127,test,0.012144179,-0.0031673089,2020-05-08,2025-09-05,18657,1140,2,6,0.0012174783507362009
2025-09-25,600153,test,-0.015288297,8.265674e-05,2020-05-08,2025-09-05,18657,1140,2,6,0.0012174783507362009
2025-09-25,600548,test,0.007791495,-0.0023682937,2020-05-08,2025-09-05,18657,1140,2,6,0.0012174783507362009
2025-09-25,600865,test,-0.023383878,-0.004542075,2020-05-08,2025-09-05,18657,1140,2,6,0.0012174783507362009
2025-09-25,600967,test,0.070131436,0.0008580759,2020-05-08,2025-09-05,18657,1140,2,6,0.0012174783507362009
2025-09-25,601222,test,0.014429423,0.0017985329,2020-05-08,2025-09-05,18657,1140,2,6,0.0012174783507362009
2025-09-25,603237,test,-0.024420794,-0.0011456534,2020-05-08,2025-09-05,18657,1140,2,6,0.0012174783507362009
2025-09-25,603335,test,-0.024766644,0.009123139,2020-05-08,2025-09-05,18657,1140,2,6,0.0012174783507362009
2025-09-25,603341,test,0.023134582,-0.0009943172,2020-05-08,2025-09-05,18657,1140,2,6,0.0012174783507362009
2025-09-25,603658,test,-0.022278093,0.0012969971,2020-05-08,2025-09-05,18657,1140,2,6,0.0012174783507362009
2025-09-25,605090,test,0.07192117,-0.002598241,2020-05-08,2025-09-05,18657,1140,2,6,0.0012174783507362009
2025-09-25,605589,test,0.021512182,0.0029477552,2020-05-08,2025-09-05,18657,1140,2,6,0.0012174783507362009
2025-09-25,688031,test,-0.12881534,-0.00019551814,2020-05-08,2025-09-05,18657,1140,2,6,0.0012174783507362009
2025-09-25,688045,test,-0.031210897,0.00052989274,2020-05-08,2025-09-05,18657,1140,2,6,0.0012174783507362009
2025-09-25,688133,test,0.0022554786,-0.008307345,2020-05-08,2025-09-05,18657,1140,2,6,0.0012174783507362009
2025-09-25,688147,test,0.0049544354,-0.01843854,2020-05-08,2025-09-05,18657,1140,2,6,0.0012174783507362009
2025-09-25,688528,test,-0.018208673,0.0047574043,2020-05-08,2025-09-05,18657,1140,2,6,0.0012174783507362009
2025-09-26,600025,test,0.017905628,-0.0040111467,2020-05-08,2025-09-05,18657,1140,2,6,0.0012174783507362009
2025-09-26,600051,test,-0.0048534763,-0.004680194,2020-05-08,2025-09-05,18657,1140,2,6,0.0012174783507362009
2025-09-26,600127,test,0.022274492,-0.0033781156,2020-05-08,2025-09-05,18657,1140,2,6,0.0012174783507362009
2025-09-26,600153,test,0.01506576,0.00045645982,2020-05-08,2025-09-05,18657,1140,2,6,0.0012174783507362009
2025-09-26,600548,test,0.005818398,-0.0018386468,2020-05-08,2025-09-05,18657,1140,2,6,0.0012174783507362009
2025-09-26,600865,test,-0.04189345,-0.0055198,2020-05-08,2025-09-05,18657,1140,2,6,0.0012174783507362009
2025-09-26,600967,test,0.16277541,0.0019281283,2020-05-08,2025-09-05,18657,1140,2,6,0.0012174783507362009
2025-09-26,601222,test,-0.007914614,0.00096892565,2020-05-08,2025-09-05,18657,1140,2,6,0.0012174783507362009
2025-09-26,603237,test,-0.035665803,-0.0012450367,2020-05-08,2025-09-05,18657,1140,2,6,0.0012174783507362009
2025-09-26,603335,test,-0.14685436,-0.0018892065,2020-05-08,2025-09-05,18657,1140,2,6,0.0012174783507362009
2025-09-26,603341,test,0.005275222,0.0012290478,2020-05-08,2025-09-05,18657,1140,2,6,0.0012174783507362009
2025-09-26,603658,test,-0.03064428,0.0007061213,2020-05-08,2025-09-05,18657,1140,2,6,0.0012174783507362009
2025-09-26,605090,test,0.09273395,0.0003977269,2020-05-08,2025-09-05,18657,1140,2,6,0.0012174783507362009
2025-09-26,605589,test,0.028625963,0.0040928572,2020-05-08,2025-09-05,18657,1140,2,6,0.0012174783507362009
2025-09-26,688031,test,-0.07974179,0.005274102,2020-05-08,2025-09-05,18657,1140,2,6,0.0012174783507362009
2025-09-26,688045,test,-0.02351048,0.0017543733,2020-05-08,2025-09-05,18657,1140,2,6,0.0012174783507362009
2025-09-26,688133,test,0.012460366,-0.007995643,2020-05-08,2025-09-05,18657,1140,2,6,0.0012174783507362009
2025-09-26,688147,test,0.021909617,-0.009184986,2020-05-08,2025-09-05,18657,1140,2,6,0.0012174783507362009
2025-09-26,688528,test,-0.013766557,0.0056336746,2020-05-08,2025-09-05,18657,1140,2,6,0.0012174783507362009
2025-09-29,600025,test,0.052268222,-0.0026522204,2020-05-08,2025-09-05,18657,1140,2,6,0.0012174783507362009
2025-09-29,600051,test,0.019602258,-0.0053690597,2020-05-08,2025-09-05,18657,1140,2,6,0.0012174783507362009
2025-09-29,600127,test,0.05273479,-0.0031162798,2020-05-08,2025-09-05,18657,1140,2,6,0.0012174783507362009
2025-09-29,600153,test,0.03568266,-0.00075209886,2020-05-08,2025-09-05,18657,1140,2,6,0.0012174783507362009
2025-09-29,600548,test,0.026546704,-0.0025497451,2020-05-08,2025-09-05,18657,1140,2,6,0.0012174783507362009
2025-09-29,600865,test,-0.0026670946,-0.0051466823,2020-05-08,2025-09-05,18657,1140,2,6,0.0012174783507362009
2025-09-29,600967,test,0.1405173,0.0023844466,2020-05-08,2025-09-05,18657,1140,2,6,0.0012174783507362009
2025-09-29,601222,test,0.019602258,0.0010651872,2020-05-08,2025-09-05,18657,1140,2,6,0.0012174783507362009
2025-09-29,603237,test,-0.008566756,-0.0016067699,2020-05-08,2025-09-05,18657,1140,2,6,0.0012174783507362009
2025-09-29,603335,test,-0.1080926,-0.0025112182,2020-05-08,2025-09-05,18657,1140,2,6,0.0012174783507362009
2025-09-29,603341,test,-0.029028025,0.00031350553,2020-05-08,2025-09-05,18657,1140,2,6,0.0012174783507362009
2025-09-29,603658,test,-0.002081415,0.00067991763,2020-05-08,2025-09-05,18657,1140,2,6,0.0012174783507362009
2025-09-29,605090,test,0.09790066,0.0013763234,2020-05-08,2025-09-05,18657,1140,2,6,0.0012174783507362009
2025-09-29,605589,test,-0.04061615,0.0040754974,2020-05-08,2025-09-05,18657,1140,2,6,0.0012174783507362009
2025-09-29,688031,test,-0.1140553,0.007907353,2020-05-08,2025-09-05,18657,1140,2,6,0.0012174783507362009
2025-09-29,688045,test,-0.034788307,0.0032880455,2020-05-08,2025-09-05,18657,1140,2,6,0.0012174783507362009
2025-09-29,688133,test,0.0056392197,-0.005627893,2020-05-08,2025-09-05,18657,1140,2,6,0.0012174783507362009
2025-09-29,688147,test,-0.081499375,-0.011433996,2020-05-08,2025-09-05,18657,1140,2,6,0.0012174783507362009
2025-09-29,688528,test,-0.02909904,0.0017773956,2020-05-08,2025-09-05,18657,1140,2,6,0.0012174783507362009
2025-09-30,600025,test,0.056254145,-0.0006709546,2020-05-08,2025-09-05,18657,1140,2,6,0.0012174783507362009
2025-09-30,600051,test,0.030065518,-0.0046745464,2020-05-08,2025-09-05,18657,1140,2,6,0.0012174783507362009
2025-09-30,600127,test,0.04433546,-0.002844289,2020-05-08,2025-09-05,18657,1140,2,6,0.0012174783507362009
2025-09-30,600153,test,0.02226338,-0.0021661967,2020-05-08,2025-09-05,18657,1140,2,6,0.0012174783507362009
2025-09-30,600548,test,0.033340633,-0.0008581504,2020-05-08,2025-09-05,18657,1140,2,6,0.0012174783507362009
2025-09-30,600865,test,0.025622902,-0.004059285,2020-05-08,2025-09-05,18657,1140,2,6,0.0012174783507362009
2025-09-30,600967,test,0.07461734,0.0033060983,2020-05-08,2025-09-05,18657,1140,2,6,0.0012174783507362009
2025-09-30,601222,test,0.031841733,0.0011756197,2020-05-08,2025-09-05,18657,1140,2,6,0.0012174783507362009
2025-09-30,603237,test,0.012850979,-0.0008695796,2020-05-08,2025-09-05,18657,1140,2,6,0.0012174783507362009
2025-09-30,603335,test,-0.056911655,0.0016046166,2020-05-08,2025-09-05,18657,1140,2,6,0.0012174783507362009
2025-09-30,603341,test,-0.017224692,-0.00015313923,2020-05-08,2025-09-05,18657,1140,2,6,0.0012174783507362009
2025-09-30,603658,test,0.008795716,0.0006977692,2020-05-08,2025-09-05,18657,1140,2,6,0.0012174783507362009
2025-09-30,605090,test,0.024311053,-0.010175921,2020-05-08,2025-09-05,18657,1140,2,6,0.0012174783507362009
2025-09-30,605589,test,-0.08418028,-0.0017568171,2020-05-08,2025-09-05,18657,1140,2,6,0.0012174783507362009
2025-09-30,688031,test,-0.1062207,0.007672183,2020-05-08,2025-09-05,18657,1140,2,6,0.0012174783507362009
2025-09-30,688045,test,-0.031837065,0.0016590804,2020-05-08,2025-09-05,18657,1140,2,6,0.0012174783507362009
2025-09-30,688133,test,-0.013643287,-0.004896909,2020-05-08,2025-09-05,18657,1140,2,6,0.0012174783507362009
2025-09-30,688147,test,-0.064606234,-0.010121435,2020-05-08,2025-09-05,18657,1140,2,6,0.0012174783507362009
2025-09-30,688528,test,0.010325059,0.0037526488,2020-05-08,2025-09-05,18657,1140,2,6,0.0012174783507362009
2025-10-09,600025,test,0.076392636,8.940697e-07,2020-05-08,2025-09-05,18657,1140,2,6,0.0012174783507362009
2025-10-09,600051,test,0.034261677,-0.0040131956,2020-05-08,2025-09-05,18657,1140,2,6,0.0012174783507362009
2025-10-09,600127,test,0.038889978,-0.0025428608,2020-05-08,2025-09-05,18657,1140,2,6,0.0012174783507362009
2025-10-09,600153,test,0.043484606,-0.0030895397,2020-05-08,2025-09-05,18657,1140,2,6,0.0012174783507362009
2025-10-09,600548,test,0.05962957,0.00036361068,2020-05-08,2025-09-05,18657,1140,2,6,0.0012174783507362009
2025-10-09,600865,test,0.04341708,-0.0033337176,2020-05-08,2025-09-05,18657,1140,2,6,0.0012174783507362009
2025-10-09,600967,test,0.08378304,0.0032667294,2020-05-08,2025-09-05,18657,1140,2,6,0.0012174783507362009
2025-10-09,601222,test,0.020063618,0.001519911,2020-05-08,2025-09-05,18657,1140,2,6,0.0012174783507362009
2025-10-09,603237,test,0.03728467,-0.00079300255,2020-05-08,2025-09-05,18657,1140,2,6,0.0012174783507362009
2025-10-09,603335,test,-0.021356342,0.0015550703,2020-05-08,2025-09-05,18657,1140,2,6,0.0012174783507362009
2025-10-09,603341,test,-0.07884932,-0.015429147,2020-05-08,2025-09-05,18657,1140,2,6,0.0012174783507362009
2025-10-09,603658,test,0.017953932,0.0014150217,2020-05-08,2025-09-05,18657,1140,2,6,0.0012174783507362009
2025-10-09,605090,test,-0.0044964068,-0.010685004,2020-05-08,2025-09-05,18657,1140,2,6,0.0012174783507362009
2025-10-09,605589,test,-0.12353944,0.0022139922,2020-05-08,2025-09-05,18657,1140,2,6,0.0012174783507362009
2025-10-09,688031,test,-0.090854876,0.006525226,2020-05-08,2025-09-05,18657,1140,2,6,0.0012174783507362009
2025-10-09,688045,test,-0.037924584,-1.8663704e-05,2020-05-08,2025-09-05,18657,1140,2,6,0.0012174783507362009
2025-10-09,688133,test,-0.03473882,-0.004345201,2020-05-08,2025-09-05,18657,1140,2,6,0.0012174783507362009
2025-10-09,688147,test,-0.08566425,-0.0042037293,2020-05-08,2025-09-05,18657,1140,2,6,0.0012174783507362009
2025-10-09,688528,test,0.022263234,0.0037792996,2020-05-08,2025-09-05,18657,1140,2,6,0.0012174783507362009
2025-10-10,600025,test,0.066581614,0.0008376166,2020-05-08,2025-09-05,18657,1140,2,6,0.0012174783507362009
2025-10-10,600051,test,0.036338996,-0.003531672,2020-05-08,2025-09-05,18657,1140,2,6,0.0012174783507362009
2025-10-10,600127,test,0.038683966,-0.0025253966,2020-05-08,2025-09-05,18657,1140,2,6,0.0012174783507362009
2025-10-10,600153,test,0.06100287,-0.0037342682,2020-05-08,2025-09-05,18657,1140,2,6,0.0012174783507362009
2025-10-10,600548,test,0.05999196,0.0012429282,2020-05-08,2025-09-05,18657,1140,2,6,0.0012174783507362009
2025-10-10,600865,test,0.04821693,-0.002957739,2020-05-08,2025-09-05,18657,1140,2,6,0.0012174783507362009
2025-10-10,600967,test,-0.0188416,-0.005875945,2020-05-08,2025-09-05,18657,1140,2,6,0.0012174783507362009
2025-10-10,601222,test,0.009934801,0.002908662,2020-05-08,2025-09-05,18657,1140,2,6,0.0012174783507362009
2025-10-10,603237,test,0.04026739,-0.001524426,2020-05-08,2025-09-05,18657,1140,2,6,0.0012174783507362009
2025-10-10,603335,test,-0.021208901,0.00010544062,2020-05-08,2025-09-05,18657,1140,2,6,0.0012174783507362009
2025-10-10,603341,test,-0.07237876,-0.011654027,2020-05-08,2025-09-05,18657,1140,2,6,0.0012174783507362009
2025-10-10,603658,test,0.028611839,0.0016727746,2020-05-08,2025-09-05,18657,1140,2,6,0.0012174783507362009
2025-10-10,605090,test,0.0008790678,-0.0043995753,2020-05-08,2025-09-05,18657,1140,2,6,0.0012174783507362009
2025-10-10,605589,test,-0.13435848,0.004067488,2020-05-08,2025-09-05,18657,1140,2,6,0.0012174783507362009
2025-10-10,688031,test,-0.036997247,0.0044260547,2020-05-08,2025-09-05,18657,1140,2,6,0.0012174783507362009
2025-10-10,688045,test,-0.022276636,0.0012889504,2020-05-08,2025-09-05,18657,1140,2,6,0.0012174783507362009
2025-10-10,688133,test,-0.02390457,-0.0031179115,2020-05-08,2025-09-05,18657,1140,2,6,0.0012174783507362009
2025-10-10,688147,test,-0.08047471,-0.0011038408,2020-05-08,2025-09-05,18657,1140,2,6,0.0012174783507362009
2025-10-10,688528,test,0.019931477,0.004288137,2020-05-08,2025-09-05,18657,1140,2,6,0.0012174783507362009
2025-10-13,600025,test,0.059049197,0.003338039,2020-05-08,2025-09-05,18657,1140,2,6,0.0012174783507362009
2025-10-13,600051,test,0.048140105,-0.0025007725,2020-05-08,2025-09-05,18657,1140,2,6,0.0012174783507362009
2025-10-13,600127,test,0.016758347,-0.0030022636,2020-05-08,2025-09-05,18657,1140,2,6,0.0012174783507362009
2025-10-13,600153,test,0.041297246,-0.004118152,2020-05-08,2025-09-05,18657,1140,2,6,0.0012174783507362009
2025-10-13,600548,test,0.039309174,0.0020650625,2020-05-08,2025-09-05,18657,1140,2,6,0.0012174783507362009
2025-10-13,600865,test,0.045487322,-0.0030680224,2020-05-08,2025-09-05,18657,1140,2,6,0.0012174783507362009
2025-10-13,600967,test,-0.10670281,-0.02150505,2020-05-08,2025-09-05,18657,1140,2,6,0.0012174783507362009
2025-10-13,601222,test,0.013060147,0.002777107,2020-05-08,2025-09-05,18657,1140,2,6,0.0012174783507362009
2025-10-13,603237,test,0.037767142,-0.002354987,2020-05-08,2025-09-05,18657,1140,2,6,0.0012174783507362009
2025-10-13,603335,test,0.024003945,-0.00096910447,2020-05-08,2025-09-05,18657,1140,2,6,0.0012174783507362009
2025-10-13,603341,test,-0.026707629,-0.0034230351,2020-05-08,2025-09-05,18657,1140,2,6,0.0012174783507362009
2025-10-13,603658,test,0.027450638,0.0014410093,2020-05-08,2025-09-05,18657,1140,2,6,0.0012174783507362009
2025-10-13,605090,test,-0.013247429,-0.0017344505,2020-05-08,2025-09-05,18657,1140,2,6,0.0012174783507362009
2025-10-13,605589,test,-0.11582926,0.0043044686,2020-05-08,2025-09-05,18657,1140,2,6,0.0012174783507362009
2025-10-13,688031,test,-0.054074768,0.0016697869,2020-05-08,2025-09-05,18657,1140,2,6,0.0012174783507362009
2025-10-13,688045,test,-0.019765584,0.0019121096,2020-05-08,2025-09-05,18657,1140,2,6,0.0012174783507362009
2025-10-13,688133,test,-0.021358768,0.00023917854,2020-05-08,2025-09-05,18657,1140,2,6,0.0012174783507362009
2025-10-13,688147,test,-0.05711248,0.00013305992,2020-05-08,2025-09-05,18657,1140,2,6,0.0012174783507362009
2025-10-13,688528,test,0.062475473,0.0019340813,2020-05-08,2025-09-05,18657,1140,2,6,0.0012174783507362009
2025-10-14,600025,test,0.020870328,0.005829379,2020-05-08,2025-09-05,18657,1140,2,6,0.0012174783507362009
2025-10-14,600051,test,0.036573276,-0.0008985251,2020-05-08,2025-09-05,18657,1140,2,6,0.0012174783507362009
2025-10-14,600127,test,-0.009741916,-0.0028836355,2020-05-08,2025-09-05,18657,1140,2,6,0.0012174783507362009
2025-10-14,600153,test,0.0044186437,-0.0042010695,2020-05-08,2025-09-05,18657,1140,2,6,0.0012174783507362009
2025-10-14,600548,test,-0.004463943,0.001427874,2020-05-08,2025-09-05,18657,1140,2,6,0.0012174783507362009
2025-10-14,600865,test,0.02974633,-0.0034151673,2020-05-08,2025-09-05,18657,1140,2,6,0.0012174783507362009
2025-10-14,600967,test,-0.09817729,-0.018837988,2020-05-08,2025-09-05,18657,1140,2,6,0.0012174783507362009
2025-10-14,601222,test,-0.016143614,0.0016319677,2020-05-08,2025-09-05,18657,1140,2,6,0.0012174783507362009
2025-10-14,603237,test,0.011476657,-0.0028830543,2020-05-08,2025-09-05,18657,1140,2,6,0.0012174783507362009
2025-10-14,603335,test,0.09361806,-0.0019879416,2020-05-08,2025-09-05,18657,1140,2,6,0.0012174783507362009
2025-10-14,603341,test,0.00805145,-0.0007770881,2020-05-08,2025-09-05,18657,1140,2,6,0.0012174783507362009
2025-10-14,603658,test,0.004634264,0.0014254376,2020-05-08,2025-09-05,18657,1140,2,6,0.0012174783507362009
2025-10-14,605090,test,-0.054140463,-0.0049835667,2020-05-08,2025-09-05,18657,1140,2,6,0.0012174783507362009
2025-10-14,605589,test,-0.073243015,0.0040060207,2020-05-08,2025-09-05,18657,1140,2,6,0.0012174783507362009
2025-10-14,688031,test,-0.0006992752,-0.00014475733,2020-05-08,2025-09-05,18657,1140,2,6,0.0012174783507362009
2025-10-14,688045,test,0.0046201693,0.002049856,2020-05-08,2025-09-05,18657,1140,2,6,0.0012174783507362009
2025-10-14,688133,test,0.008792028,0.001804851,2020-05-08,2025-09-05,18657,1140,2,6,0.0012174783507362009
2025-10-14,688147,test,-0.016141906,-0.00086802244,2020-05-08,2025-09-05,18657,1140,2,6,0.0012174783507362009
2025-10-14,688528,test,0.04995022,0.0030362606,2020-05-08,2025-09-05,18657,1140,2,6,0.0012174783507362009
2025-10-15,600025,test,0.028705068,0.0057810172,2020-05-08,2025-09-05,18657,1140,2,6,0.0012174783507362009
2025-10-15,600051,test,0.04122279,0.0005812794,2020-05-08,2025-09-05,18657,1140,2,6,0.0012174783507362009
2025-10-15,600127,test,0.009616994,-0.0012933835,2020-05-08,2025-09-05,18657,1140,2,6,0.0012174783507362009
2025-10-15,600153,test,0.018108534,-0.002330266,2020-05-08,2025-09-05,18657,1140,2,6,0.0012174783507362009
2025-10-15,600548,test,0.0131482165,0.0027452186,2020-05-08,2025-09-05,18657,1140,2,6,0.0012174783507362009
2025-10-15,600865,test,0.016913835,-0.005445443,2020-05-08,2025-09-05,18657,1140,2,6,0.0012174783507362009
2025-10-15,600967,test,-0.072100066,-0.012473963,2020-05-08,2025-09-05,18657,1140,2,6,0.0012174783507362009
2025-10-15,601222,test,-0.038891528,0.003331177,2020-05-08,2025-09-05,18657,1140,2,6,0.0012174783507362009
2025-10-15,603237,test,0.0069378302,-0.0031652823,2020-05-08,2025-09-05,18657,1140,2,6,0.0012174783507362009
2025-10-15,603335,test,0.101865984,-0.003265731,2020-05-08,2025-09-05,18657,1140,2,6,0.0012174783507362009
2025-10-15,603341,test,-0.034398682,-0.0011904612,2020-05-08,2025-09-05,18657,1140,2,6,0.0012174783507362009
2025-10-15,603658,test,0.011921385,0.0007154867,2020-05-08,2025-09-05,18657,1140,2,6,0.0012174783507362009
2025-10-15,605090,test,-0.020628085,0.0006067082,2020-05-08,2025-09-05,18657,1140,2,6,0.0012174783507362009
2025-10-15,605589,test,-0.066287465,0.003897041,2020-05-08,2025-09-05,18657,1140,2,6,0.0012174783507362009
2025-10-15,688031,test,-0.014769263,-0.0027710125,2020-05-08,2025-09-05,18657,1140,2,6,0.0012174783507362009
2025-10-15,688045,test,-0.018996436,0.00021082163,2020-05-08,2025-09-05,18657,1140,2,6,0.0012174783507362009
2025-10-15,688133,test,0.04569085,0.0017858967,2020-05-08,2025-09-05,18657,1140,2,6,0.0012174783507362009
2025-10-15,688147,test,-0.0625849,-0.003895618,2020-05-08,2025-09-05,18657,1140,2,6,0.0012174783507362009
2025-10-15,688528,test,0.03452494,0.0032302514,2020-05-08,2025-09-05,18657,1140,2,6,0.0012174783507362009
2025-10-16,600025,test,0.0117755225,5.4880977e-05,2020-05-08,2025-09-05,18657,1140,2,6,0.0012174783507362009
2025-10-16,600051,test,0.03846826,0.00072749704,2020-05-08,2025-09-05,18657,1140,2,6,0.0012174783507362009
2025-10-16,600127,test,0.0070498586,0.00028531998,2020-05-08,2025-09-05,18657,1140,2,6,0.0012174783507362009
2025-10-16,600153,test,0.009617106,-0.0018362924,2020-05-08,2025-09-05,18657,1140,2,6,0.0012174783507362009
2025-10-16,600548,test,0.0094310995,0.0018832535,2020-05-08,2025-09-05,18657,1140,2,6,0.0012174783507362009
2025-10-16,600865,test,0.019554256,-0.0031606406,2020-05-08,2025-09-05,18657,1140,2,6,0.0012174783507362009
2025-10-16,600967,test,-0.079791196,-0.007294528,2020-05-08,2025-09-05,18657,1140,2,6,0.0012174783507362009
2025-10-16,601222,test,-0.040809456,0.00530494,2020-05-08,2025-09-05,18657,1140,2,6,0.0012174783507362009
2025-10-16,603237,test,0.004777259,-0.0025241822,2020-05-08,2025-09-05,18657,1140,2,6,0.0012174783507362009
2025-10-16,603335,test,0.08485359,-0.004781395,2020-05-08,2025-09-05,18657,1140,2,6,0.0012174783507362009
2025-10-16,603341,test,-0.019148903,0.00049538165,2020-05-08,2025-09-05,18657,1140,2,6,0.0012174783507362009
2025-10-16,603658,test,0.00049213285,0.0001943782,2020-05-08,2025-09-05,18657,1140,2,6,0.0012174783507362009
2025-10-16,605090,test,0.008753495,0.0039386824,2020-05-08,2025-09-05,18657,1140,2,6,0.0012174783507362009
2025-10-16,605589,test,-0.022931753,0.0037650168,2020-05-08,2025-09-05,18657,1140,2,6,0.0012174783507362009
2025-10-16,688031,test,-0.01769456,-0.005457431,2020-05-08,2025-09-05,18657,1140,2,6,0.0012174783507362009
2025-10-16,688045,test,-0.036965474,-0.0005873665,2020-05-08,2025-09-05,18657,1140,2,6,0.0012174783507362009
2025-10-16,688133,test,0.034225896,0.0015033409,2020-05-08,2025-09-05,18657,1140,2,6,0.0012174783507362009
2025-10-16,688147,test,-0.0450951,-0.0048544556,2020-05-08,2025-09-05,18657,1140,2,6,0.0012174783507362009
2025-10-16,688528,test,0.03343797,-0.0019909218,2020-05-08,2025-09-05,18657,1140,2,6,0.0012174783507362009
2025-10-17,600025,test,-0.030284993,0.0022721589,2020-05-08,2025-09-05,18657,1140,2,6,0.0012174783507362009
2025-10-17,600051,test,-0.0015241929,0.00016852468,2020-05-08,2025-09-05,18657,1140,2,6,0.0012174783507362009
2025-10-17,600127,test,-0.025986204,-0.0009081885,2020-05-08,2025-09-05,18657,1140,2,6,0.0012174783507362009
2025-10-17,600153,test,-0.035410047,-0.0028053299,2020-05-08,2025-09-05,18657,1140,2,6,0.0012174783507362009
2025-10-17,600548,test,-0.024604544,0.0018515363,2020-05-08,2025-09-05,18657,1140,2,6,0.0012174783507362009
2025-10-17,600865,test,-0.015529796,-0.002127476,2020-05-08,2025-09-05,18657,1140,2,6,0.0012174783507362009
2025-10-17,600967,test,-0.042028937,-0.0015583932,2020-05-08,2025-09-05,18657,1140,2,6,0.0012174783507362009
2025-10-17,601222,test,-0.047854304,0.0015146136,2020-05-08,2025-09-05,18657,1140,2,6,0.0012174783507362009
2025-10-17,603237,test,-0.028874204,-0.003483884,2020-05-08,2025-09-05,18657,1140,2,6,0.0012174783507362009
2025-10-17,603335,test,0.09159047,-0.006208889,2020-05-08,2025-09-05,18657,1140,2,6,0.0012174783507362009
2025-10-17,603341,test,0.03628304,0.0010188892,2020-05-08,2025-09-05,18657,1140,2,6,0.0012174783507362009
2025-10-17,603658,test,-0.026030341,-0.000841327,2020-05-08,2025-09-05,18657,1140,2,6,0.0012174783507362009
2025-10-17,605090,test,-0.01688423,0.0057714656,2020-05-08,2025-09-05,18657,1140,2,6,0.0012174783507362009
2025-10-17,605589,test,0.008401206,0.0019572899,2020-05-08,2025-09-05,18657,1140,2,6,0.0012174783507362009
2025-10-17,688031,test,0.007532578,-0.0074042156,2020-05-08,2025-09-05,18657,1140,2,6,0.0012174783507362009
2025-10-17,688045,test,-0.0013494175,-0.00059212,2020-05-08,2025-09-05,18657,1140,2,6,0.0012174783507362009
2025-10-17,688133,test,0.031173501,5.531311e-05,2020-05-08,2025-09-05,18657,1140,2,6,0.0012174783507362009
2025-10-17,688147,test,0.070754334,-0.004520744,2020-05-08,2025-09-05,18657,1140,2,6,0.0012174783507362009
2025-10-17,688528,test,0.05062608,-0.002393417,2020-05-08,2025-09-05,18657,1140,2,6,0.0012174783507362009
2025-10-20,600025,test,-0.032796815,0.002202332,2020-05-08,2025-09-05,18657,1140,2,6,0.0012174783507362009
2025-10-20,600051,test,-0.016642053,-0.0012216195,2020-05-08,2025-09-05,18657,1140,2,6,0.0012174783507362009
2025-10-20,600127,test,-0.024999075,0.0011025891,2020-05-08,2025-09-05,18657,1140,2,6,0.0012174783507362009
2025-10-20,600153,test,-0.0417926,-0.00075627863,2020-05-08,2025-09-05,18657,1140,2,6,0.0012174783507362009
2025-10-20,600548,test,-0.014177248,0.00086423755,2020-05-08,2025-09-05,18657,1140,2,6,0.0012174783507362009
2025-10-20,600865,test,-0.033130553,-0.0007772222,2020-05-08,2025-09-05,18657,1140,2,6,0.0012174783507362009
2025-10-20,600967,test,-0.036283348,0.002989076,2020-05-08,2025-09-05,18657,1140,2,6,0.0012174783507362009
2025-10-20,601222,test,-0.05463724,0.0029697567,2020-05-08,2025-09-05,18657,1140,2,6,0.0012174783507362009
2025-10-20,603237,test,-0.034670312,-0.0016561076,2020-05-08,2025-09-05,18657,1140,2,6,0.0012174783507362009
2025-10-20,603335,test,0.062778704,-0.009195603,2020-05-08,2025-09-05,18657,1140,2,6,0.0012174783507362009
2025-10-20,603341,test,0.004483421,0.0005046725,2020-05-08,2025-09-05,18657,1140,2,6,0.0012174783507362009
2025-10-20,603658,test,-0.027613455,-0.0010907054,2020-05-08,2025-09-05,18657,1140,2,6,0.0012174783507362009
2025-10-20,605090,test,-0.019584082,0.0052706823,2020-05-08,2025-09-05,18657,1140,2,6,0.0012174783507362009
2025-10-20,605589,test,0.021762667,0.00029361248,2020-05-08,2025-09-05,18657,1140,2,6,0.0012174783507362009
2025-10-20,688031,test,0.16449945,-0.00833907,2020-05-08,2025-09-05,18657,1140,2,6,0.0012174783507362009
2025-10-20,688045,test,-0.02637957,-0.0021720082,2020-05-08,2025-09-05,18657,1140,2,6,0.0012174783507362009
2025-10-20,688133,test,0.012450803,-0.00033507496,2020-05-08,2025-09-05,18657,1140,2,6,0.0012174783507362009
2025-10-20,688147,test,0.103619084,-0.004067607,2020-05-08,2025-09-05,18657,1140,2,6,0.0012174783507362009
2025-10-20,688528,test,-0.0068877833,-0.016054742,2020-05-08,2025-09-05,18657,1140,2,6,0.0012174783507362009
2025-10-21,600025,test,-0.019713132,0.0049094036,2020-05-08,2025-09-05,18657,1140,2,6,0.0012174783507362009
2025-10-21,600051,test,-0.010605893,-0.004579209,2020-05-08,2025-09-05,18657,1140,2,6,0.0012174783507362009
2025-10-21,600127,test,-0.023349361,0.0025142953,2020-05-08,2025-09-05,18657,1140,2,6,0.0012174783507362009
2025-10-21,600153,test,-0.019875694,0.0014474466,2020-05-08,2025-09-05,18657,1140,2,6,0.0012174783507362009
2025-10-21,600548,test,-0.0049705575,0.001601927,2020-05-08,2025-09-05,18657,1140,2,6,0.0012174783507362009
2025-10-21,600865,test,-0.034928095,-0.0029007867,2020-05-08,2025-09-05,18657,1140,2,6,0.0012174783507362009
2025-10-21,600967,test,0.036672313,0.0016067848,2020-05-08,2025-09-05,18657,1140,2,6,0.0012174783507362009
2025-10-21,601222,test,-0.052665174,0.0035948232,2020-05-08,2025-09-05,18657,1140,2,6,0.0012174783507362009
2025-10-21,603237,test,-0.033580106,-0.002102755,2020-05-08,2025-09-05,18657,1140,2,6,0.0012174783507362009
2025-10-21,603335,test,0.023199912,-0.025424689,2020-05-08,2025-09-05,18657,1140,2,6,0.0012174783507362009
2025-10-21,603341,test,-0.007230633,-0.0022627935,2020-05-08,2025-09-05,18657,1140,2,6,0.0012174783507362009
2025-10-21,603658,test,-0.028376076,-0.0005793944,2020-05-08,2025-09-05,18657,1140,2,6,0.0012174783507362009
2025-10-21,605090,test,-0.05823052,0.005271159,2020-05-08,2025-09-05,18657,1140,2,6,0.0012174783507362009
2025-10-21,605589,test,0.043480415,-0.0015059784,2020-05-08,2025-09-05,18657,1140,2,6,0.0012174783507362009
2025-10-21,688031,test,0.1776202,-0.008906044,2020-05-08,2025-09-05,18657,1140,2,6,0.0012174783507362009
2025-10-21,688045,test,-0.0447458,-0.0023895353,2020-05-08,2025-09-05,18657,1140,2,6,0.0012174783507362009
2025-10-21,688133,test,-0.0104735615,-0.0015902221,2020-05-08,2025-09-05,18657,1140,2,6,0.0012174783507362009
2025-10-21,688147,test,0.084663756,-0.0046408474,2020-05-08,2025-09-05,18657,1140,2,6,0.0012174783507362009
2025-10-21,688528,test,-0.016891994,-0.0121247545,2020-05-08,2025-09-05,18657,1140,2,6,0.0012174783507362009
2025-10-22,600025,test,-0.015410931,0.0061106384,2020-05-08,2025-09-05,18657,1140,2,6,0.0012174783507362009
2025-10-22,600051,test,-0.015712466,-0.0010466799,2020-05-08,2025-09-05,18657,1140,2,6,0.0012174783507362009
2025-10-22,600127,test,-0.020934971,-0.00015480071,2020-05-08,2025-09-05,18657,1140,2,6,0.0012174783507362009
2025-10-22,600153,test,-0.034150142,0.0022817627,2020-05-08,2025-09-05,18657,1140,2,6,0.0012174783507362009
2025-10-22,600548,test,-0.008617431,0.0022613332,2020-05-08,2025-09-05,18657,1140,2,6,0.0012174783507362009
2025-10-22,600865,test,-0.04447898,-0.001124613,2020-05-08,2025-09-05,18657,1140,2,6,0.0012174783507362009
2025-10-22,600967,test,0.036748715,0.0004801005,2020-05-08,2025-09-05,18657,1140,2,6,0.0012174783507362009
2025-10-22,601222,test,-0.017270507,0.0030923635,2020-05-08,2025-09-05,18657,1140,2,6,0.0012174783507362009
2025-10-22,603237,test,-0.035033375,-0.00097415596,2020-05-08,2025-09-05,18657,1140,2,6,0.0012174783507362009
2025-10-22,603335,test,-0.017312214,-0.03290385,2020-05-08,2025-09-05,18657,1140,2,6,0.0012174783507362009
2025-10-22,603341,test,0.031242888,-0.0014081299,2020-05-08,2025-09-05,18657,1140,2,6,0.0012174783507362009
2025-10-22,603658,test,-0.031369016,-0.0007607043,2020-05-08,2025-09-05,18657,1140,2,6,0.0012174783507362009
2025-10-22,605090,test,-0.058058616,-0.002677083,2020-05-08,2025-09-05,18657,1140,2,6,0.0012174783507362009
2025-10-22,605589,test,0.056027457,-0.004296683,2020-05-08,2025-09-05,18657,1140,2,6,0.0012174783507362009
2025-10-22,688031,test,0.124204986,-0.008317158,2020-05-08,2025-09-05,18657,1140,2,6,0.0012174783507362009
2025-10-22,688045,test,-0.023788102,-0.0011560246,2020-05-08,2025-09-05,18657,1140,2,6,0.0012174783507362009
2025-10-22,688133,test,-0.024778856,-0.0106386915,2020-05-08,2025-09-05,18657,1140,2,6,0.0012174783507362009
2025-10-22,688147,test,0.119461186,-0.0063778535,2020-05-08,2025-09-05,18657,1140,2,6,0.0012174783507362009
2025-10-22,688528,test,-0.02076962,-0.0033662692,2020-05-08,2025-09-05,18657,1140,2,6,0.0012174783507362009
2025-10-23,600025,test,-0.0024482154,0.0029086247,2020-05-08,2025-09-05,18657,1140,2,6,0.0012174783507362009
2025-10-23,600051,test,0.0025447982,0.00028929114,2020-05-08,2025-09-05,18657,1140,2,6,0.0012174783507362009
2025-10-23,600127,test,-0.01311073,0.0013554171,2020-05-08,2025-09-05,18657,1140,2,6,0.0012174783507362009
2025-10-23,600153,test,-0.019984415,0.0029689297,2020-05-08,2025-09-05,18657,1140,2,6,0.0012174783507362009
2025-10-23,600548,test,-0.0120632,-0.0027545765,2020-05-08,2025-09-05,18657,1140,2,6,0.0012174783507362009
2025-10-23,600865,test,-0.053821918,0.00058255345,2020-05-08,2025-09-05,18657,1140,2,6,0.0012174783507362009
2025-10-23,600967,test,0.024273423,8.2574785e-05,2020-05-08,2025-09-05,18657,1140,2,6,0.0012174783507362009
2025-10-23,601222,test,-0.0065836045,0.0025434345,2020-05-08,2025-09-05,18657,1140,2,6,0.0012174783507362009
2025-10-23,603237,test,-0.02552088,-0.00074476004,2020-05-08,2025-09-05,18657,1140,2,6,0.0012174783507362009
2025-10-23,603335,test,0.0104591455,-0.021835707,2020-05-08,2025-09-05,18657,1140,2,6,0.0012174783507362009
2025-10-23,603341,test,0.0011972188,-0.0049241334,2020-05-08,2025-09-05,18657,1140,2,6,0.0012174783507362009
2025-10-23,603658,test,-0.027896484,0.0008332655,2020-05-08,2025-09-05,18657,1140,2,6,0.0012174783507362009
2025-10-23,605090,test,-0.061940435,-0.010136627,2020-05-08,2025-09-05,18657,1140,2,6,0.0012174783507362009
2025-10-23,605589,test,0.014109325,-0.0071559027,2020-05-08,2025-09-05,18657,1140,2,6,0.0012174783507362009
2025-10-23,688031,test,0.12829624,-0.008153893,2020-05-08,2025-09-05,18657,1140,2,6,0.0012174783507362009
2025-10-23,688045,test,0.0032678307,0.00024525076,2020-05-08,2025-09-05,18657,1140,2,6,0.0012174783507362009
2025-10-23,688133,test,-0.0062755165,-0.0063602477,2020-05-08,2025-09-05,18657,1140,2,6,0.0012174783507362009
2025-10-23,688147,test,0.05426851,-0.005856164,2020-05-08,2025-09-05,18657,1140,2,6,0.0012174783507362009
2025-10-23,688528,test,-0.008771092,0.0002149865,2020-05-08,2025-09-05,18657,1140,2,6,0.0012174783507362009
2025-10-24,600025,test,-0.019547975,0.005331412,2020-05-08,2025-09-05,18657,1140,2,6,0.0012174783507362009
2025-10-24,600051,test,0.027735276,0.002806522,2020-05-08,2025-09-05,18657,1140,2,6,0.0012174783507362009
2025-10-24,600127,test,-0.009389577,0.0028987005,2020-05-08,2025-09-05,18657,1140,2,6,0.0012174783507362009
2025-10-24,600153,test,-0.023109697,0.0017411783,2020-05-08,2025-09-05,18657,1140,2,6,0.0012174783507362009
2025-10-24,600548,test,-0.011253401,-0.0016274229,2020-05-08,2025-09-05,18657,1140,2,6,0.0012174783507362009
2025-10-24,600865,test,-0.03337436,0.0017849207,2020-05-08,2025-09-05,18657,1140,2,6,0.0012174783507362009
2025-10-24,600967,test,0.012879553,-0.00082258135,2020-05-08,2025-09-05,18657,1140,2,6,0.0012174783507362009
2025-10-24,601222,test,-0.012628164,0.0016628951,2020-05-08,2025-09-05,18657,1140,2,6,0.0012174783507362009
2025-10-24,603237,test,-0.010386162,-6.521493e-05,2020-05-08,2025-09-05,18657,1140,2,6,0.0012174783507362009
2025-10-24,603335,test,0.03966365,-0.012934513,2020-05-08,2025-09-05,18657,1140,2,6,0.0012174783507362009
2025-10-24,603341,test,-0.02025546,-0.006476186,2020-05-08,2025-09-05,18657,1140,2,6,0.0012174783507362009
2025-10-24,603658,test,-0.01013352,0.0010662451,2020-05-08,2025-09-05,18657,1140,2,6,0.0012174783507362009
2025-10-24,605090,test,-0.04950671,-0.007364787,2020-05-08,2025-09-05,18657,1140,2,6,0.0012174783507362009
2025-10-24,605589,test,-0.026343936,-0.0072248653,2020-05-08,2025-09-05,18657,1140,2,6,0.0012174783507362009
2025-10-24,688031,test,0.2316092,-0.0061182454,2020-05-08,2025-09-05,18657,1140,2,6,0.0012174783507362009
2025-10-24,688045,test,0.0035647575,-0.00032950938,2020-05-08,2025-09-05,18657,1140,2,6,0.0012174783507362009
2025-10-24,688133,test,-0.006592829,-0.002586864,2020-05-08,2025-09-05,18657,1140,2,6,0.0012174783507362009
2025-10-24,688147,test,-0.06565917,-0.020197324,2020-05-08,2025-09-05,18657,1140,2,6,0.0012174783507362009
2025-10-24,688528,test,-0.017271472,-0.00039358437,2020-05-08,2025-09-05,18657,1140,2,6,0.0012174783507362009
2025-10-27,600025,test,-0.02214775,0.0056836978,2020-05-08,2025-09-05,18657,1140,2,6,0.0012174783507362009
2025-10-27,600051,test,0.04002044,0.0034465715,2020-05-08,2025-09-05,18657,1140,2,6,0.0012174783507362009
2025-10-27,600127,test,-0.0022252486,0.002908267,2020-05-08,2025-09-05,18657,1140,2,6,0.0012174783507362009
2025-10-27,600153,test,-0.017090444,0.0014382079,2020-05-08,2025-09-05,18657,1140,2,6,0.0012174783507362009
2025-10-27,600548,test,-0.004038125,-0.00025320798,2020-05-08,2025-09-05,18657,1140,2,6,0.0012174783507362009
2025-10-27,600865,test,-0.020030903,0.0021134987,2020-05-08,2025-09-05,18657,1140,2,6,0.0012174783507362009
2025-10-27,600967,test,0.009196548,-0.002050653,2020-05-08,2025-09-05,18657,1140,2,6,0.0012174783507362009
2025-10-27,601222,test,0.004793698,0.00085267425,2020-05-08,2025-09-05,18657,1140,2,6,0.0012174783507362009
2025-10-27,603237,test,0.00019016786,0.000105820596,2020-05-08,2025-09-05,18657,1140,2,6,0.0012174783507362009
2025-10-27,603335,test,0.058434673,-0.0066715106,2020-05-08,2025-09-05,18657,1140,2,6,0.0012174783507362009
2025-10-27,603341,test,-0.0083161285,-0.004667707,2020-05-08,2025-09-05,18657,1140,2,6,0.0012174783507362009
2025-10-27,603658,test,-0.006368266,0.0008308217,2020-05-08,2025-09-05,18657,1140,2,6,0.0012174783507362009
2025-10-27,605090,test,-0.020279966,-0.0052025616,2020-05-08,2025-09-05,18657,1140,2,6,0.0012174783507362009
2025-10-27,605589,test,-0.06603931,-0.0056752637,2020-05-08,2025-09-05,18657,1140,2,6,0.0012174783507362009
2025-10-27,688031,test,0.19008876,-0.02448269,2020-05-08,2025-09-05,18657,1140,2,6,0.0012174783507362009
2025-10-27,688045,test,-0.027370399,-0.00024956465,2020-05-08,2025-09-05,18657,1140,2,6,0.0012174783507362009
2025-10-27,688133,test,-0.016663818,-0.0011256337,2020-05-08,2025-09-05,18657,1140,2,6,0.0012174783507362009
2025-10-27,688147,test,-0.08842609,-0.022226341,2020-05-08,2025-09-05,18657,1140,2,6,0.0012174783507362009
2025-10-27,688528,test,-0.0037278447,0.0044374764,2020-05-08,2025-09-05,18657,1140,2,6,0.0012174783507362009
2025-10-28,600025,test,-0.010131367,0.00601919,2020-05-08,2025-09-05,18657,1140,2,6,0.0012174783507362009
2025-10-28,600051,test,0.035296652,0.001222305,2020-05-08,2025-09-05,18657,1140,2,6,0.0012174783507362009
2025-10-28,600127,test,0.014123757,0.0023279116,2020-05-08,2025-09-05,18657,1140,2,6,0.0012174783507362009
2025-10-28,600153,test,0.008763134,0.00047569722,2020-05-08,2025-09-05,18657,1140,2,6,0.0012174783507362009
2025-10-28,600548,test,0.014620494,0.001125209,2020-05-08,2025-09-05,18657,1140,2,6,0.0012174783507362009
2025-10-28,600865,test,-0.012985683,0.0016206279,2020-05-08,2025-09-05,18657,1140,2,6,0.0012174783507362009
2025-10-28,600967,test,-0.056131426,-0.009847574,2020-05-08,2025-09-05,18657,1140,2,6,0.0012174783507362009
2025-10-28,601222,test,0.017312264,0.00057035685,2020-05-08,2025-09-05,18657,1140,2,6,0.0012174783507362009
2025-10-28,603237,test,0.0086852275,-0.00031399727,2020-05-08,2025-09-05,18657,1140,2,6,0.0012174783507362009
2025-10-28,603335,test,0.05353954,-0.005979374,2020-05-08,2025-09-05,18657,1140,2,6,0.0012174783507362009
2025-10-28,603341,test,-0.034630705,-0.0037216917,2020-05-08,2025-09-05,18657,1140,2,6,0.0012174783507362009
2025-10-28,603658,test,0.0026323774,0.00014019758,2020-05-08,2025-09-05,18657,1140,2,6,0.0012174783507362009
2025-10-28,605090,test,0.043259874,-0.0025022775,2020-05-08,2025-09-05,18657,1140,2,6,0.0012174783507362009
2025-10-28,605589,test,-0.09385703,-0.0036015585,2020-05-08,2025-09-05,18657,1140,2,6,0.0012174783507362009
2025-10-28,688031,test,0.10828823,-0.025678255,2020-05-08,2025-09-05,18657,1140,2,6,0.0012174783507362009
2025-10-28,688045,test,-0.031777762,0.00059372187,2020-05-08,2025-09-05,18657,1140,2,6,0.0012174783507362009
2025-10-28,688133,test,-0.010325186,6.265193e-05,2020-05-08,2025-09-05,18657,1140,2,6,0.0012174783507362009
2025-10-28,688147,test,-0.08028738,-0.017974012,2020-05-08,2025-09-05,18657,1140,2,6,0.0012174783507362009
2025-10-28,688528,test,0.02360499,0.008138433,2020-05-08,2025-09-05,18657,1140,2,6,0.0012174783507362009
2025-10-29,600025,test,-0.024923842,0.006083466,2020-05-08,2025-09-05,18657,1140,2,6,0.0012174783507362009
2025-10-29,600051,test,0.048613522,0.0022319853,2020-05-08,2025-09-05,18657,1140,2,6,0.0012174783507362009
2025-10-29,600127,test,0.008772886,0.0016810521,2020-05-08,2025-09-05,18657,1140,2,6,0.0012174783507362009
2025-10-29,600153,test,-0.002128997,0.00015749782,2020-05-08,2025-09-05,18657,1140,2,6,0.0012174783507362009
2025-10-29,600548,test,0.00974376,0.0025052503,2020-05-08,2025-09-05,18657,1140,2,6,0.0012174783507362009
2025-10-29,600865,test,0.0119986925,0.00046496093,2020-05-08,2025-09-05,18657,1140,2,6,0.0012174783507362009
2025-10-29,600967,test,-0.038279854,-0.009041555,2020-05-08,2025-09-05,18657,1140,2,6,0.0012174783507362009
2025-10-29,601222,test,0.027474009,-0.0016331598,2020-05-08,2025-09-05,18657,1140,2,6,0.0012174783507362009
2025-10-29,603237,test,0.019825824,-0.0006717518,2020-05-08,2025-09-05,18657,1140,2,6,0.0012174783507362009
2025-10-29,603335,test,0.07791285,-0.00032231957,2020-05-08,2025-09-05,18657,1140,2,6,0.0012174783507362009
2025-10-29,603341,test,-0.05026455,-0.0045733973,2020-05-08,2025-09-05,18657,1140,2,6,0.0012174783507362009
2025-10-29,603658,test,-0.0054537044,-0.00017104298,2020-05-08,2025-09-05,18657,1140,2,6,0.0012174783507362009
2025-10-29,605090,test,0.03719587,-0.0017731115,2020-05-08,2025-09-05,18657,1140,2,6,0.0012174783507362009
2025-10-29,605589,test,-0.109687135,-0.0012370348,2020-05-08,2025-09-05,18657,1140,2,6,0.0012174783507362009
2025-10-29,688031,test,0.15000913,-0.014374062,2020-05-08,2025-09-05,18657,1140,2,6,0.0012174783507362009
2025-10-29,688045,test,-0.03998495,-0.00016754866,2020-05-08,2025-09-05,18657,1140,2,6,0.0012174783507362009
2025-10-29,688133,test,-0.03619329,-0.0011554807,2020-05-08,2025-09-05,18657,1140,2,6,0.0012174783507362009
2025-10-29,688147,test,-0.113711804,-0.018934362,2020-05-08,2025-09-05,18657,1140,2,6,0.0012174783507362009
2025-10-29,688528,test,0.02908158,0.008024752,2020-05-08,2025-09-05,18657,1140,2,6,0.0012174783507362009
2025-10-30,600025,test,-0.044113986,0.0020457357,2020-05-08,2025-09-05,18657,1140,2,6,0.0012174783507362009
2025-10-30,600051,test,0.04860277,0.0025324896,2020-05-08,2025-09-05,18657,1140,2,6,0.0012174783507362009
2025-10-30,600127,test,-0.011176138,0.00036167353,2020-05-08,2025-09-05,18657,1140,2,6,0.0012174783507362009
2025-10-30,600153,test,-0.023572428,-0.0006526336,2020-05-08,2025-09-05,18657,1140,2,6,0.0012174783507362009
2025-10-30,600548,test,-0.0019380843,0.0024111867,2020-05-08,2025-09-05,18657,1140,2,6,0.0012174783507362009
2025-10-30,600865,test,0.006135638,1.385808e-06,2020-05-08,2025-09-05,18657,1140,2,6,0.0012174783507362009
2025-10-30,600967,test,-0.02546256,-0.0074724928,2020-05-08,2025-09-05,18657,1140,2,6,0.0012174783507362009
2025-10-30,601222,test,0.023359338,-0.0027992055,2020-05-08,2025-09-05,18657,1140,2,6,0.0012174783507362009
2025-10-30,603237,test,0.007304159,-0.0019062012,2020-05-08,2025-09-05,18657,1140,2,6,0.0012174783507362009
2025-10-30,603335,test,0.047957167,0.002113223,2020-05-08,2025-09-05,18657,1140,2,6,0.0012174783507362009
2025-10-30,603341,test,-0.040316,-0.0030618533,2020-05-08,2025-09-05,18657,1140,2,6,0.0012174783507362009
2025-10-30,603658,test,-0.0010516336,-0.00065053254,2020-05-08,2025-09-05,18657,1140,2,6,0.0012174783507362009
2025-10-30,605090,test,0.04494273,-0.0020815507,2020-05-08,2025-09-05,18657,1140,2,6,0.0012174783507362009
2025-10-30,605589,test,-0.06597758,0.00056729466,2020-05-08,2025-09-05,18657,1140,2,6,0.0012174783507362009
2025-10-30,688031,test,0.1350745,-0.0073094144,2020-05-08,2025-09-05,18657,1140,2,6,0.0012174783507362009
2025-10-30,688045,test,-0.03455702,-0.00011720508,2020-05-08,2025-09-05,18657,1140,2,6,0.0012174783507362009
2025-10-30,688133,test,-0.04486798,-0.0002617687,2020-05-08,2025-09-05,18657,1140,2,6,0.0012174783507362009
2025-10-30,688147,test,-0.0330415,-0.013591208,2020-05-08,2025-09-05,18657,1140,2,6,0.0012174783507362009
2025-10-30,688528,test,0.012698614,0.007547371,2020-05-08,2025-09-05,18657,1140,2,6,0.0012174783507362009
2025-10-31,600025,test,-0.008844851,0.00055620074,2020-05-08,2025-09-05,18657,1140,2,6,0.0012174783507362009
2025-10-31,600051,test,0.03518242,0.00083928555,2020-05-08,2025-09-05,18657,1140,2,6,0.0012174783507362009
2025-10-31,600127,test,0.003527404,-4.9211085e-05,2020-05-08,2025-09-05,18657,1140,2,6,0.0012174783507362009
2025-10-31,600153,test,-0.0018073252,-0.0015485436,2020-05-08,2025-09-05,18657,1140,2,6,0.0012174783507362009
2025-10-31,600548,test,0.007864773,0.0024749115,2020-05-08,2025-09-05,18657,1140,2,6,0.0012174783507362009
2025-10-31,600865,test,-0.0024407455,-0.0011685416,2020-05-08,2025-09-05,18657,1140,2,6,0.0012174783507362009
2025-10-31,600967,test,-0.039276406,-0.006049894,2020-05-08,2025-09-05,18657,1140,2,6,0.0012174783507362009
2025-10-31,601222,test,0.05403607,-0.0028012916,2020-05-08,2025-09-05,18657,1140,2,6,0.0012174783507362009
2025-10-31,603237,test,0.0007414177,-0.0026861057,2020-05-08,2025-09-05,18657,1140,2,6,0.0012174783507362009
2025-10-31,603335,test,0.012542509,-0.005871363,2020-05-08,2025-09-05,18657,1140,2,6,0.0012174783507362009
2025-10-31,603341,test,-0.02863861,-0.0006412342,2020-05-08,2025-09-05,18657,1140,2,6,0.0012174783507362009
2025-10-31,603658,test,-0.0029121742,-0.0013846979,2020-05-08,2025-09-05,18657,1140,2,6,0.0012174783507362009
2025-10-31,605090,test,0.053224616,-0.0031440333,2020-05-08,2025-09-05,18657,1140,2,6,0.0012174783507362009
2025-10-31,605589,test,-0.023235036,0.0014215708,2020-05-08,2025-09-05,18657,1140,2,6,0.0012174783507362009
2025-10-31,688031,test,0.032602604,-0.020249538,2020-05-08,2025-09-05,18657,1140,2,6,0.0012174783507362009
2025-10-31,688045,test,-0.06148361,9.769201e-05,2020-05-08,2025-09-05,18657,1140,2,6,0.0012174783507362009
2025-10-31,688133,test,-0.04496494,-0.00044279546,2020-05-08,2025-09-05,18657,1140,2,6,0.0012174783507362009
2025-10-31,688147,test,0.015044497,-0.005090259,2020-05-08,2025-09-05,18657,1140,2,6,0.0012174783507362009
2025-10-31,688528,test,-0.0011626126,0.0061252564,2020-05-08,2025-09-05,18657,1140,2,6,0.0012174783507362009
2025-11-03,600025,test,-0.0048134737,0.0032032505,2020-05-08,2025-09-05,18657,1140,2,6,0.0012174783507362009
2025-11-03,600051,test,0.025755486,0.000750795,2020-05-08,2025-09-05,18657,1140,2,6,0.0012174783507362009
2025-11-03,600127,test,0.006031687,-0.00010905415,2020-05-08,2025-09-05,18657,1140,2,6,0.0012174783507362009
2025-11-03,600153,test,0.040524237,-0.0024082437,2020-05-08,2025-09-05,18657,1140,2,6,0.0012174783507362009
2025-11-03,600548,test,0.0030350676,0.0027460232,2020-05-08,2025-09-05,18657,1140,2,6,0.0012174783507362009
2025-11-03,600865,test,0.022302903,-0.001989387,2020-05-08,2025-09-05,18657,1140,2,6,0.0012174783507362009
2025-11-03,600967,test,-0.036022853,-0.0060593113,2020-05-08,2025-09-05,18657,1140,2,6,0.0012174783507362009
2025-11-03,601222,test,0.04359693,-0.0022929758,2020-05-08,2025-09-05,18657,1140,2,6,0.0012174783507362009
2025-11-03,603237,test,0.01398412,-0.0030554906,2020-05-08,2025-09-05,18657,1140,2,6,0.0012174783507362009
2025-11-03,603335,test,0.0004058276,-0.0035940036,2020-05-08,2025-09-05,18657,1140,2,6,0.0012174783507362009
2025-11-03,603341,test,-0.033095326,-0.0012562275,2020-05-08,2025-09-05,18657,1140,2,6,0.0012174783507362009
2025-11-03,603658,test,0.018353386,-0.0015378967,2020-05-08,2025-09-05,18657,1140,2,6,0.0012174783507362009
2025-11-03,605090,test,0.0205121,-0.0046173558,2020-05-08,2025-09-05,18657,1140,2,6,0.0012174783507362009
2025-11-03,605589,test,-0.014163388,0.00091622025,2020-05-08,2025-09-05,18657,1140,2,6,0.0012174783507362009
2025-11-03,688031,test,-0.07613424,-0.03337851,2020-05-08,2025-09-05,18657,1140,2,6,0.0012174783507362009
2025-11-03,688045,test,-0.022101404,0.0005110353,2020-05-08,2025-09-05,18657,1140,2,6,0.0012174783507362009
2025-11-03,688133,test,-0.011776841,0.0005880818,2020-05-08,2025-09-05,18657,1140,2,6,0.0012174783507362009
2025-11-03,688147,test,0.02070448,-0.0030281618,2020-05-08,2025-09-05,18657,1140,2,6,0.0012174783507362009
2025-11-03,688528,test,-0.017098695,0.0036299676,2020-05-08,2025-09-05,18657,1140,2,6,0.0012174783507362009
2025-11-04,600025,test,-0.021424783,0.0031729713,2020-05-08,2025-09-05,18657,1140,2,6,0.0012174783507362009
2025-11-04,600051,test,0.015594422,-0.00016949326,2020-05-08,2025-09-05,18657,1140,2,6,0.0012174783507362009
2025-11-04,600127,test,0.002236133,-0.0010819212,2020-05-08,2025-09-05,18657,1140,2,6,0.0012174783507362009
2025-11-04,600153,test,0.010181798,-0.008780934,2020-05-08,2025-09-05,18657,1140,2,6,0.0012174783507362009
2025-11-04,600548,test,-0.014367229,0.003036715,2020-05-08,2025-09-05,18657,1140,2,6,0.0012174783507362009
2025-11-04,600865,test,0.022792948,-0.0031412318,2020-05-08,2025-09-05,18657,1140,2,6,0.0012174783507362009
2025-11-04,600967,test,-0.038184337,-0.005660087,2020-05-08,2025-09-05,18657,1140,2,6,0.0012174783507362009
2025-11-04,601222,test,0.06222605,-0.0030578002,2020-05-08,2025-09-05,18657,1140,2,6,0.0012174783507362009
2025-11-04,603237,test,0.018250838,-0.0024514347,2020-05-08,2025-09-05,18657,1140,2,6,0.0012174783507362009
2025-11-04,603335,test,0.02600204,-0.0015370175,2020-05-08,2025-09-05,18657,1140,2,6,0.0012174783507362009
2025-11-04,603341,test,-0.031969693,-0.0005654469,2020-05-08,2025-09-05,18657,1140,2,6,0.0012174783507362009
2025-11-04,603658,test,0.012488109,-0.0023636743,2020-05-08,2025-09-05,18657,1140,2,6,0.0012174783507362009
2025-11-04,605090,test,0.024303501,-0.0056235567,2020-05-08,2025-09-05,18657,1140,2,6,0.0012174783507362009
2025-11-04,605589,test,0.008645605,0.0007812232,2020-05-08,2025-09-05,18657,1140,2,6,0.0012174783507362009
2025-11-04,688031,test,-0.0443955,-0.014251746,2020-05-08,2025-09-05,18657,1140,2,6,0.0012174783507362009
2025-11-04,688045,test,-0.014598659,0.0007799193,2020-05-08,2025-09-05,18657,1140,2,6,0.0012174783507362009
2025-11-04,688133,test,0.009604243,0.00021000952,2020-05-08,2025-09-05,18657,1140,2,6,0.0012174783507362009
2025-11-04,688147,test,-0.020914437,-0.0009836182,2020-05-08,2025-09-05,18657,1140,2,6,0.0012174783507362009
2025-11-04,688528,test,-0.026471043,0.004467286,2020-05-08,2025-09-05,18657,1140,2,6,0.0012174783507362009
2025-11-05,600025,test,0.0020414414,0.0028599277,2020-05-08,2025-09-05,18657,1140,2,6,0.0012174783507362009
2025-11-05,600051,test,0.019901741,0.00028204173,2020-05-08,2025-09-05,18657,1140,2,6,0.0012174783507362009
2025-11-05,600127,test,0.008592068,-0.0010695681,2020-05-08,2025-09-05,18657,1140,2,6,0.0012174783507362009
2025-11-05,600153,test,0.052023456,-0.0069122016,2020-05-08,2025-09-05,18657,1140,2,6,0.0012174783507362009
2025-11-05,600548,test,-0.003086764,0.003219068,2020-05-08,2025-09-05,18657,1140,2,6,0.0012174783507362009
2025-11-05,600865,test,0.02263671,-0.0060778856,2020-05-08,2025-09-05,18657,1140,2,6,0.0012174783507362009
2025-11-05,600967,test,-0.07199615,-0.0040882453,2020-05-08,2025-09-05,18657,1140,2,6,0.0012174783507362009
2025-11-05,601222,test,0.0069265873,-0.012782298,2020-05-08,2025-09-05,18657,1140,2,6,0.0012174783507362009
2025-11-05,603237,test,0.026832683,-0.0029375777,2020-05-08,2025-09-05,18657,1140,2,6,0.0012174783507362009
2025-11-05,603335,test,0.007954245,-0.0016632229,2020-05-08,2025-09-05,18657,1140,2,6,0.0012174783507362009
2025-11-05,603341,test,-0.03559415,-0.0012487993,2020-05-08,2025-09-05,18657,1140,2,6,0.0012174783507362009
2025-11-05,603658,test,0.033386603,-0.003022045,2020-05-08,2025-09-05,18657,1140,2,6,0.0012174783507362009
2025-11-05,605090,test,0.013852315,-0.0072280243,2020-05-08,2025-09-05,18657,1140,2,6,0.0012174783507362009
2025-11-05,605589,test,0.02826822,0.00064434856,2020-05-08,2025-09-05,18657,1140,2,6,0.0012174783507362009
2025-11-05,688031,test,-0.049236044,-0.0019843876,2020-05-08,2025-09-05,18657,1140,2,6,0.0012174783507362009
2025-11-05,688045,test,-0.015046734,0.0009114742,2020-05-08,2025-09-05,18657,1140,2,6,0.0012174783507362009
2025-11-05,688133,test,0.007329903,-0.0005663261,2020-05-08,2025-09-05,18657,1140,2,6,0.0012174783507362009
2025-11-05,688147,test,-0.028610194,-0.00073266774,2020-05-08,2025-09-05,18657,1140,2,6,0.0012174783507362009
2025-11-05,688528,test,-0.026175937,0.0036478117,2020-05-08,2025-09-05,18657,1140,2,6,0.0012174783507362009
2025-11-06,600025,test,-0.03109131,0.00074091554,2020-05-08,2025-09-05,18657,1140,2,6,0.0012174783507362009
2025-11-06,600051,test,0.0032544923,-0.0038611144,2020-05-08,2025-09-05,18657,1140,2,6,0.0012174783507362009
2025-11-06,600127,test,0.008786266,-0.0007473007,2020-05-08,2025-09-05,18657,1140,2,6,0.0012174783507362009
2025-11-06,600153,test,0.063499235,-0.005723983,2020-05-08,2025-09-05,18657,1140,2,6,0.0012174783507362009
2025-11-06,600548,test,-0.032996576,0.0009977669,2020-05-08,2025-09-05,18657,1140,2,6,0.0012174783507362009
2025-11-06,600865,test,0.03049738,-0.0049306527,2020-05-08,2025-09-05,18657,1140,2,6,0.0012174783507362009
2025-11-06,600967,test,-0.07021192,-0.0023054779,2020-05-08,2025-09-05,18657,1140,2,6,0.0012174783507362009
2025-11-06,601222,test,0.0064039226,-0.010764055,2020-05-08,2025-09-05,18657,1140,2,6,0.0012174783507362009
2025-11-06,603237,test,0.026748087,-0.0026386008,2020-05-08,2025-09-05,18657,1140,2,6,0.0012174783507362009
2025-11-06,603335,test,0.04534089,0.0004317239,2020-05-08,2025-09-05,18657,1140,2,6,0.0012174783507362009
2025-11-06,603341,test,-0.042760313,-0.0013486594,2020-05-08,2025-09-05,18657,1140,2,6,0.0012174783507362009
2025-11-06,603658,test,0.012950506,-0.003780894,2020-05-08,2025-09-05,18657,1140,2,6,0.0012174783507362009
2025-11-06,605090,test,-0.011219558,-0.01512567,2020-05-08,2025-09-05,18657,1140,2,6,0.0012174783507362009
2025-11-06,605589,test,0.026857825,-0.000100277364,2020-05-08,2025-09-05,18657,1140,2,6,0.0012174783507362009
2025-11-06,688031,test,-0.040288173,0.0040691197,2020-05-08,2025-09-05,18657,1140,2,6,0.0012174783507362009
2025-11-06,688045,test,-0.03901777,0.00037833303,2020-05-08,2025-09-05,18657,1140,2,6,0.0012174783507362009
2025-11-06,688133,test,0.024818921,-0.0013962239,2020-05-08,2025-09-05,18657,1140,2,6,0.0012174783507362009
2025-11-06,688147,test,0.062127993,-0.003216423,2020-05-08,2025-09-05,18657,1140,2,6,0.0012174783507362009
2025-11-06,688528,test,-0.043699898,0.004001938,2020-05-08,2025-09-05,18657,1140,2,6,0.0012174783507362009
2025-11-07,600025,test,-0.038976055,0.00046024472,2020-05-08,2025-09-05,18657,1140,2,6,0.0012174783507362009
2025-11-07,600051,test,0.016521644,-0.00097384304,2020-05-08,2025-09-05,18657,1140,2,6,0.0012174783507362009
2025-11-07,600127,test,0.007212057,-0.0013174042,2020-05-08,2025-09-05,18657,1140,2,6,0.0012174783507362009
2025-11-07,600153,test,0.048369065,-0.0054211244,2020-05-08,2025-09-05,18657,1140,2,6,0.0012174783507362009
2025-11-07,600548,test,-0.03344447,0.0013307258,2020-05-08,2025-09-05,18657,1140,2,6,0.0012174783507362009
2025-11-07,600865,test,0.051351696,-0.004055999,2020-05-08,2025-09-05,18657,1140,2,6,0.0012174783507362009
2025-11-07,600967,test,-0.039311018,-0.00095083565,2020-05-08,2025-09-05,18657,1140,2,6,0.0012174783507362009
2025-11-07,601222,test,-0.0123242475,-0.011331275,2020-05-08,2025-09-05,18657,1140,2,6,0.0012174783507362009
2025-11-07,603237,test,0.022003938,-0.0017790422,2020-05-08,2025-09-05,18657,1140,2,6,0.0012174783507362009
2025-11-07,603335,test,0.028984578,-0.001577504,2020-05-08,2025-09-05,18657,1140,2,6,0.0012174783507362009
2025-11-07,603341,test,-0.059092708,-0.0025357157,2020-05-08,2025-09-05,18657,1140,2,6,0.0012174783507362009
2025-11-07,603658,test,0.011240193,-0.0035842657,2020-05-08,2025-09-05,18657,1140,2,6,0.0012174783507362009
2025-11-07,605090,test,-0.0074078264,-0.009584509,2020-05-08,2025-09-05,18657,1140,2,6,0.0012174783507362009
2025-11-07,605589,test,-0.006318897,-0.0021903217,2020-05-08,2025-09-05,18657,1140,2,6,0.0012174783507362009
2025-11-07,688031,test,-0.08917349,0.0071008503,2020-05-08,2025-09-05,18657,1140,2,6,0.0012174783507362009
2025-11-07,688045,test,-0.028393673,-0.0010245293,2020-05-08,2025-09-05,18657,1140,2,6,0.0012174783507362009
2025-11-07,688133,test,0.028917853,-0.0024624243,2020-05-08,2025-09-05,18657,1140,2,6,0.0012174783507362009
2025-11-07,688147,test,0.12249798,-0.0037316903,2020-05-08,2025-09-05,18657,1140,2,6,0.0012174783507362009
2025-11-07,688528,test,-0.022656623,0.0035653487,2020-05-08,2025-09-05,18657,1140,2,6,0.0012174783507362009
2025-11-10,600025,test,-0.048779536,0.0013950989,2020-05-08,2025-09-05,18657,1140,2,6,0.0012174783507362009
2025-11-10,600051,test,0.01338006,0.004228197,2020-05-08,2025-09-05,18657,1140,2,6,0.0012174783507362009
2025-11-10,600127,test,0.011643615,-0.00032696128,2020-05-08,2025-09-05,18657,1140,2,6,0.0012174783507362009
2025-11-10,600153,test,0.010064368,-0.011072867,2020-05-08,2025-09-05,18657,1140,2,6,0.0012174783507362009
2025-11-10,600548,test,-0.04296678,0.0028426573,2020-05-08,2025-09-05,18657,1140,2,6,0.0012174783507362009
2025-11-10,600865,test,0.016685579,-0.0073706433,2020-05-08,2025-09-05,18657,1140,2,6,0.0012174783507362009
2025-11-10,600967,test,0.04014294,0.0007276982,2020-05-08,2025-09-05,18657,1140,2,6,0.0012174783507362009
2025-11-10,601222,test,-0.026233632,-0.0026030317,2020-05-08,2025-09-05,18657,1140,2,6,0.0012174783507362009
2025-11-10,603237,test,0.006227509,-0.004610665,2020-05-08,2025-09-05,18657,1140,2,6,0.0012174783507362009
2025-11-10,603335,test,0.015469774,-0.0013943836,2020-05-08,2025-09-05,18657,1140,2,6,0.0012174783507362009
2025-11-10,603341,test,-0.068327576,-0.003053479,2020-05-08,2025-09-05,18657,1140,2,6,0.0012174783507362009
2025-11-10,603658,test,-0.035074063,-0.0038020238,2020-05-08,2025-09-05,18657,1140,2,6,0.0012174783507362009
2025-11-10,605090,test,0.032124475,-0.004222557,2020-05-08,2025-09-05,18657,1140,2,6,0.0012174783507362009
2025-11-10,605589,test,0.0069577806,-0.002669707,2020-05-08,2025-09-05,18657,1140,2,6,0.0012174783507362009
2025-11-10,688031,test,0.011701553,0.007683739,2020-05-08,2025-09-05,18657,1140,2,6,0.0012174783507362009
2025-11-10,688045,test,-0.038886137,-0.0019966215,2020-05-08,2025-09-05,18657,1140,2,6,0.0012174783507362009
2025-11-10,688133,test,0.00093053654,-0.0035598204,2020-05-08,2025-09-05,18657,1140,2,6,0.0012174783507362009
2025-11-10,688147,test,0.12418324,-0.011874832,2020-05-08,2025-09-05,18657,1140,2,6,0.0012174783507362009
2025-11-10,688528,test,-0.029243706,0.0038658902,2020-05-08,2025-09-05,18657,1140,2,6,0.0012174783507362009
2025-11-11,600025,test,-0.03665039,0.0033938885,2020-05-08,2025-11-10,19417,1140,1,5,0.0013832858065143227
2025-11-11,600051,test,0.007850377,0.008121803,2020-05-08,2025-11-10,19417,1140,1,5,0.0013832858065143227
2025-11-11,600127,test,0.004855773,0.0015776604,2020-05-08,2025-11-10,19417,1140,1,5,0.0013832858065143227
2025-11-11,600153,test,-0.012382876,-6.9752336e-05,2020-05-08,2025-11-10,19417,1140,1,5,0.0013832858065143227
2025-11-11,600548,test,-0.033718154,0.008139938,2020-05-08,2025-11-10,19417,1140,1,5,0.0013832858065143227
2025-11-11,600865,test,-0.0019489406,0.0028870404,2020-05-08,2025-11-10,19417,1140,1,5,0.0013832858065143227
2025-11-11,600967,test,-0.0064675515,0.0054772347,2020-05-08,2025-11-10,19417,1140,1,5,0.0013832858065143227
2025-11-11,601222,test,-0.056881707,-0.000695616,2020-05-08,2025-11-10,19417,1140,1,5,0.0013832858065143227
2025-11-11,603237,test,-0.0025802949,-0.00021649897,2020-05-08,2025-11-10,19417,1140,1,5,0.0013832858065143227
2025-11-11,603335,test,-0.036014125,-0.001844734,2020-05-08,2025-11-10,19417,1140,1,5,0.0013832858065143227
2025-11-11,603341,test,-0.05049406,0.0015061051,2020-05-08,2025-11-10,19417,1140,1,5,0.0013832858065143227
2025-11-11,603658,test,-0.029244874,0.0032314956,2020-05-08,2025-11-10,19417,1140,1,5,0.0013832858065143227
2025-11-11,605090,test,0.005503171,-0.0011279285,2020-05-08,2025-11-10,19417,1140,1,5,0.0013832858065143227
2025-11-11,605589,test,-0.012608368,0.004284188,2020-05-08,2025-11-10,19417,1140,1,5,0.0013832858065143227
2025-11-11,688031,test,0.05881315,0.0008571744,2020-05-08,2025-11-10,19417,1140,1,5,0.0013832858065143227
2025-11-11,688045,test,-0.019254982,0.004815489,2020-05-08,2025-11-10,19417,1140,1,5,0.0013832858065143227
2025-11-11,688133,test,-0.028069127,0.0045816004,2020-05-08,2025-11-10,19417,1140,1,5,0.0013832858065143227
2025-11-11,688147,test,0.2678917,-0.008945659,2020-05-08,2025-11-10,19417,1140,1,5,0.0013832858065143227
2025-11-11,688528,test,-0.018598737,0.0042664707,2020-05-08,2025-11-10,19417,1140,1,5,0.0013832858065143227
2025-11-12,600025,test,-0.030900177,0.0026860237,2020-05-08,2025-11-10,19417,1140,1,5,0.0013832858065143227
2025-11-12,600051,test,-0.0036969364,0.00804612,2020-05-08,2025-11-10,19417,1140,1,5,0.0013832858065143227
2025-11-12,600127,test,0.025438722,0.0025412738,2020-05-08,2025-11-10,19417,1140,1,5,0.0013832858065143227
2025-11-12,600153,test,-0.03229367,0.00038456917,2020-05-08,2025-11-10,19417,1140,1,5,0.0013832858065143227
2025-11-12,600548,test,-0.02433433,0.0074689835,2020-05-08,2025-11-10,19417,1140,1,5,0.0013832858065143227
2025-11-12,600865,test,0.00065890397,0.0016505867,2020-05-08,2025-11-10,19417,1140,1,5,0.0013832858065143227
2025-11-12,600967,test,0.06323426,0.0018793344,2020-05-08,2025-11-10,19417,1140,1,5,0.0013832858065143227
2025-11-12,601222,test,-0.035862613,0.0031891167,2020-05-08,2025-11-10,19417,1140,1,5,0.0013832858065143227
2025-11-12,603237,test,-0.006262166,-0.0017184019,2020-05-08,2025-11-10,19417,1140,1,5,0.0013832858065143227
2025-11-12,603335,test,-0.02896761,-0.0001385063,2020-05-08,2025-11-10,19417,1140,1,5,0.0013832858065143227
2025-11-12,603341,test,-0.05283224,0.0019122958,2020-05-08,2025-11-10,19417,1140,1,5,0.0013832858065143227
2025-11-12,603658,test,-0.044307567,0.0021221638,2020-05-08,2025-11-10,19417,1140,1,5,0.0013832858065143227
2025-11-12,605090,test,-0.0026352888,0.00020360947,2020-05-08,2025-11-10,19417,1140,1,5,0.0013832858065143227
2025-11-12,605589,test,-0.029141515,0.0058879256,2020-05-08,2025-11-10,19417,1140,1,5,0.0013832858065143227
2025-11-12,688031,test,0.09013471,0.0029335916,2020-05-08,2025-11-10,19417,1140,1,5,0.0013832858065143227
2025-11-12,688045,test,-0.037708275,0.0030299723,2020-05-08,2025-11-10,19417,1140,1,5,0.0013832858065143227
2025-11-12,688133,test,-0.031670216,0.004213631,2020-05-08,2025-11-10,19417,1140,1,5,0.0013832858065143227
2025-11-12,688147,test,0.23358703,-0.007532507,2020-05-08,2025-11-10,19417,1140,1,5,0.0013832858065143227
2025-11-12,688528,test,-0.05244102,0.004554108,2020-05-08,2025-11-10,19417,1140,1,5,0.0013832858065143227
2025-11-13,600025,test,0.012082014,0.0006137639,2020-05-08,2025-11-10,19417,1140,1,5,0.0013832858065143227
2025-11-13,600051,test,0.0069981623,0.0069388896,2020-05-08,2025-11-10,19417,1140,1,5,0.0013832858065143227
2025-11-13,600127,test,0.035626028,0.00485,2020-05-08,2025-11-10,19417,1140,1,5,0.0013832858065143227
2025-11-13,600153,test,-0.015543529,0.0016815811,2020-05-08,2025-11-10,19417,1140,1,5,0.0013832858065143227
2025-11-13,600548,test,0.01963406,0.0059853643,2020-05-08,2025-11-10,19417,1140,1,5,0.0013832858065143227
2025-11-13,600865,test,-0.009840242,0.0024284124,2020-05-08,2025-11-10,19417,1140,1,5,0.0013832858065143227
2025-11-13,600967,test,0.03185778,0.0045953393,2020-05-08,2025-11-10,19417,1140,1,5,0.0013832858065143227
2025-11-13,601222,test,-0.034603473,0.0056459606,2020-05-08,2025-11-10,19417,1140,1,5,0.0013832858065143227
2025-11-13,603237,test,-0.007701426,0.0005182177,2020-05-08,2025-11-10,19417,1140,1,5,0.0013832858065143227
2025-11-13,603335,test,-0.054040007,-0.0022062361,2020-05-08,2025-11-10,19417,1140,1,5,0.0013832858065143227
2025-11-13,603341,test,-0.03905991,0.002041459,2020-05-08,2025-11-10,19417,1140,1,5,0.0013832858065143227
2025-11-13,603658,test,-0.037008103,0.0034632385,2020-05-08,2025-11-10,19417,1140,1,5,0.0013832858065143227
2025-11-13,605090,test,0.029614076,0.0005918443,2020-05-08,2025-11-10,19417,1140,1,5,0.0013832858065143227
2025-11-13,605589,test,-0.0084909145,0.005395934,2020-05-08,2025-11-10,19417,1140,1,5,0.0013832858065143227
2025-11-13,688031,test,0.074818045,0.0020642579,2020-05-08,2025-11-10,19417,1140,1,5,0.0013832858065143227
2025-11-13,688045,test,-0.031157631,0.004251182,2020-05-08,2025-11-10,19417,1140,1,5,0.0013832858065143227
2025-11-13,688133,test,-0.048326347,0.003932625,2020-05-08,2025-11-10,19417,1140,1,5,0.0013832858065143227
2025-11-13,688147,test,0.09655406,-0.018919796,2020-05-08,2025-11-10,19417,1140,1,5,0.0013832858065143227
2025-11-13,688528,test,-0.021412652,0.0047686845,2020-05-08,2025-11-10,19417,1140,1,5,0.0013832858065143227
2025-11-14,600025,test,0.04746808,0.0015568286,2020-05-08,2025-11-10,19417,1140,1,5,0.0013832858065143227
2025-11-14,600051,test,-0.02212656,0.0049005,2020-05-08,2025-11-10,19417,1140,1,5,0.0013832858065143227
2025-11-14,600127,test,0.07328801,0.005064547,2020-05-08,2025-11-10,19417,1140,1,5,0.0013832858065143227
2025-11-14,600153,test,0.046013802,0.0034582317,2020-05-08,2025-11-10,19417,1140,1,5,0.0013832858065143227
2025-11-14,600548,test,0.036822695,0.0066825747,2020-05-08,2025-11-10,19417,1140,1,5,0.0013832858065143227
2025-11-14,600865,test,-0.035684504,-0.0001437813,2020-05-08,2025-11-10,19417,1140,1,5,0.0013832858065143227
2025-11-14,600967,test,0.03349236,0.007455334,2020-05-08,2025-11-10,19417,1140,1,5,0.0013832858065143227
2025-11-14,601222,test,-0.027377205,0.007918492,2020-05-08,2025-11-10,19417,1140,1,5,0.0013832858065143227
2025-11-14,603237,test,-0.008830022,0.0033627748,2020-05-08,2025-11-10,19417,1140,1,5,0.0013832858065143227
2025-11-14,603335,test,-0.05519605,-0.00042650104,2020-05-08,2025-11-10,19417,1140,1,5,0.0013832858065143227
2025-11-14,603341,test,-0.022275401,0.0016403794,2020-05-08,2025-11-10,19417,1140,1,5,0.0013832858065143227
2025-11-14,603658,test,-0.006805353,0.0041784495,2020-05-08,2025-11-10,19417,1140,1,5,0.0013832858065143227
2025-11-14,605090,test,0.017401742,0.0005542338,2020-05-08,2025-11-10,19417,1140,1,5,0.0013832858065143227
2025-11-14,605589,test,-0.008876945,0.0067171156,2020-05-08,2025-11-10,19417,1140,1,5,0.0013832858065143227
2025-11-14,688031,test,0.100230396,0.0026179254,2020-05-08,2025-11-10,19417,1140,1,5,0.0013832858065143227
2025-11-14,688045,test,-0.045534197,0.0055288374,2020-05-08,2025-11-10,19417,1140,1,5,0.0013832858065143227
2025-11-14,688133,test,-0.055900358,0.005281955,2020-05-08,2025-11-10,19417,1140,1,5,0.0013832858065143227
2025-11-14,688147,test,-0.021615157,-0.029135853,2020-05-08,2025-11-10,19417,1140,1,5,0.0013832858065143227
2025-11-14,688528,test,-0.04449534,0.004159838,2020-05-08,2025-11-10,19417,1140,1,5,0.0013832858065143227
2025-11-17,600025,test,0.043353207,0.002557367,2020-05-08,2025-11-10,19417,1140,1,5,0.0013832858065143227
2025-11-17,600051,test,-0.0054154326,0.0049824417,2020-05-08,2025-11-10,19417,1140,1,5,0.0013832858065143227
2025-11-17,600127,test,0.07562726,0.003388524,2020-05-08,2025-11-10,19417,1140,1,5,0.0013832858065143227
2025-11-17,600153,test,-0.010795341,0.0041309,2020-05-08,2025-11-10,19417,1140,1,5,0.0013832858065143227
2025-11-17,600548,test,0.053603865,0.006533414,2020-05-08,2025-11-10,19417,1140,1,5,0.0013832858065143227
2025-11-17,600865,test,-0.018510139,0.001993075,2020-05-08,2025-11-10,19417,1140,1,5,0.0013832858065143227
2025-11-17,600967,test,0.0028250352,0.008650452,2020-05-08,2025-11-10,19417,1140,1,5,0.0013832858065143227
2025-11-17,601222,test,-0.014568298,0.008521631,2020-05-08,2025-11-10,19417,1140,1,5,0.0013832858065143227
2025-11-17,603237,test,-0.008807001,0.006158158,2020-05-08,2025-11-10,19417,1140,1,5,0.0013832858065143227
2025-11-17,603335,test,-0.033151504,0.001988709,2020-05-08,2025-11-10,19417,1140,1,5,0.0013832858065143227
2025-11-17,603341,test,-0.005950751,0.002362132,2020-05-08,2025-11-10,19417,1140,1,5,0.0013832858065143227
2025-11-17,603658,test,0.01729066,0.0025808513,2020-05-08,2025-11-10,19417,1140,1,5,0.0013832858065143227
2025-11-17,605090,test,-0.01866907,-0.0025977492,2020-05-08,2025-11-10,19417,1140,1,5,0.0013832858065143227
2025-11-17,605589,test,0.0067595243,0.007717967,2020-05-08,2025-11-10,19417,1140,1,5,0.0013832858065143227
2025-11-17,688031,test,0.040812533,-0.0046433806,2020-05-08,2025-11-10,19417,1140,1,5,0.0013832858065143227
2025-11-17,688045,test,-0.026767122,0.0063245893,2020-05-08,2025-11-10,19417,1140,1,5,0.0013832858065143227
2025-11-17,688133,test,-0.036424465,0.005822107,2020-05-08,2025-11-10,19417,1140,1,5,0.0013832858065143227
2025-11-17,688147,test,-0.026176443,-0.027383208,2020-05-08,2025-11-10,19417,1140,1,5,0.0013832858065143227
2025-11-17,688528,test,-0.035036523,0.0041251928,2020-05-08,2025-11-10,19417,1140,1,5,0.0013832858065143227
2025-11-18,600025,test,0.03536338,0.0034464449,2020-05-08,2025-11-10,19417,1140,1,5,0.0013832858065143227
2025-11-18,600051,test,-0.0028706647,0.004452646,2020-05-08,2025-11-10,19417,1140,1,5,0.0013832858065143227
2025-11-18,600127,test,0.055763286,0.0033320487,2020-05-08,2025-11-10,19417,1140,1,5,0.0013832858065143227
2025-11-18,600153,test,-0.0053861663,0.004877791,2020-05-08,2025-11-10,19417,1140,1,5,0.0013832858065143227
2025-11-18,600548,test,0.03729807,0.006502807,2020-05-08,2025-11-10,19417,1140,1,5,0.0013832858065143227
2025-11-18,600865,test,-0.011914431,0.0040637106,2020-05-08,2025-11-10,19417,1140,1,5,0.0013832858065143227
2025-11-18,600967,test,0.024225669,0.0059014857,2020-05-08,2025-11-10,19417,1140,1,5,0.0013832858065143227
2025-11-18,601222,test,-0.009748807,0.007240668,2020-05-08,2025-11-10,19417,1140,1,5,0.0013832858065143227
2025-11-18,603237,test,-0.011150489,0.0064469874,2020-05-08,2025-11-10,19417,1140,1,5,0.0013832858065143227
2025-11-18,603335,test,0.0010762084,0.0038808584,2020-05-08,2025-11-10,19417,1140,1,5,0.0013832858065143227
2025-11-18,603341,test,0.011138975,0.004091203,2020-05-08,2025-11-10,19417,1140,1,5,0.0013832858065143227
2025-11-18,603658,test,0.011965029,0.0026991218,2020-05-08,2025-11-10,19417,1140,1,5,0.0013832858065143227
2025-11-18,605090,test,-0.010808726,-5.657971e-05,2020-05-08,2025-11-10,19417,1140,1,5,0.0013832858065143227
2025-11-18,605589,test,0.012090062,0.007684365,2020-05-08,2025-11-10,19417,1140,1,5,0.0013832858065143227
2025-11-18,688031,test,0.035159975,-0.0111347735,2020-05-08,2025-11-10,19417,1140,1,5,0.0013832858065143227
2025-11-18,688045,test,-0.02403551,0.0071474463,2020-05-08,2025-11-10,19417,1140,1,5,0.0013832858065143227
2025-11-18,688133,test,-0.017384147,0.0058865547,2020-05-08,2025-11-10,19417,1140,1,5,0.0013832858065143227
2025-11-18,688147,test,-0.08891869,-0.029561564,2020-05-08,2025-11-10,19417,1140,1,5,0.0013832858065143227
2025-11-18,688528,test,-0.04186302,0.002633661,2020-05-08,2025-11-10,19417,1140,1,5,0.0013832858065143227
2025-11-19,600025,test,0.023446986,0.0017901808,2020-05-08,2025-11-10,19417,1140,1,5,0.0013832858065143227
2025-11-19,600051,test,-0.0033696655,0.0046541244,2020-05-08,2025-11-10,19417,1140,1,5,0.0013832858065143227
2025-11-19,600127,test,0.0057871407,-0.0010942966,2020-05-08,2025-11-10,19417,1140,1,5,0.0013832858065143227
2025-11-19,600153,test,-0.0020250548,0.0049084127,2020-05-08,2025-11-10,19417,1140,1,5,0.0013832858065143227
2025-11-19,600548,test,0.023565143,0.005353123,2020-05-08,2025-11-10,19417,1140,1,5,0.0013832858065143227
2025-11-19,600865,test,-0.014271133,0.0045772493,2020-05-08,2025-11-10,19417,1140,1,5,0.0013832858065143227
2025-11-19,600967,test,-0.025593963,0.0078457,2020-05-08,2025-11-10,19417,1140,1,5,0.0013832858065143227
2025-11-19,601222,test,-0.007129832,0.0059524924,2020-05-08,2025-11-10,19417,1140,1,5,0.0013832858065143227
2025-11-19,603237,test,-0.020714242,0.0056671053,2020-05-08,2025-11-10,19417,1140,1,5,0.0013832858065143227
2025-11-19,603335,test,0.02878696,0.0044671893,2020-05-08,2025-11-10,19417,1140,1,5,0.0013832858065143227
2025-11-19,603341,test,0.015349446,0.0030734837,2020-05-08,2025-11-10,19417,1140,1,5,0.0013832858065143227
2025-11-19,603658,test,0.006412216,0.003259644,2020-05-08,2025-11-10,19417,1140,1,5,0.0013832858065143227
2025-11-19,605090,test,0.0052670343,0.002973497,2020-05-08,2025-11-10,19417,1140,1,5,0.0013832858065143227
2025-11-19,605589,test,0.012088099,0.0077947974,2020-05-08,2025-11-10,19417,1140,1,5,0.0013832858065143227
2025-11-19,688031,test,-0.019834809,-0.012702286,2020-05-08,2025-11-10,19417,1140,1,5,0.0013832858065143227
2025-11-19,688045,test,0.010354967,0.006557539,2020-05-08,2025-11-10,19417,1140,1,5,0.0013832858065143227
2025-11-19,688133,test,-0.018902294,0.005150318,2020-05-08,2025-11-10,19417,1140,1,5,0.0013832858065143227
2025-11-19,688147,test,-0.0050544883,-0.018523097,2020-05-08,2025-11-10,19417,1140,1,5,0.0013832858065143227
2025-11-19,688528,test,-0.01416251,0.002547413,2020-05-08,2025-11-10,19417,1140,1,5,0.0013832858065143227
2025-11-20,600025,test,0.016615897,-0.0006034523,2020-05-08,2025-11-10,19417,1140,1,5,0.0013832858065143227
2025-11-20,600051,test,-0.008783148,0.004698232,2020-05-08,2025-11-10,19417,1140,1,5,0.0013832858065143227
2025-11-20,600127,test,-0.013718522,-0.0013713241,2020-05-08,2025-11-10,19417,1140,1,5,0.0013832858065143227
2025-11-20,600153,test,-0.037836246,0.0035314113,2020-05-08,2025-11-10,19417,1140,1,5,0.0013832858065143227
2025-11-20,600548,test,0.0057840273,0.0038917214,2020-05-08,2025-11-10,19417,1140,1,5,0.0013832858065143227
2025-11-20,600865,test,0.050027676,0.005450979,2020-05-08,2025-11-10,19417,1140,1,5,0.0013832858065143227
2025-11-20,600967,test,0.0005419278,0.008774847,2020-05-08,2025-11-10,19417,1140,1,5,0.0013832858065143227
2025-11-20,601222,test,-0.013465881,0.004080683,2020-05-08,2025-11-10,19417,1140,1,5,0.0013832858065143227
2025-11-20,603237,test,-0.0149995405,0.006037399,2020-05-08,2025-11-10,19417,1140,1,5,0.0013832858065143227
2025-11-20,603335,test,0.03234711,0.0028829277,2020-05-08,2025-11-10,19417,1140,1,5,0.0013832858065143227
2025-11-20,603341,test,0.03725336,0.00470078,2020-05-08,2025-11-10,19417,1140,1,5,0.0013832858065143227
2025-11-20,603658,test,0.014410537,0.0009058863,2020-05-08,2025-11-10,19417,1140,1,5,0.0013832858065143227
2025-11-20,605090,test,-0.034508698,0.0011251122,2020-05-08,2025-11-10,19417,1140,1,5,0.0013832858065143227
2025-11-20,605589,test,-0.013894417,0.004742667,2020-05-08,2025-11-10,19417,1140,1,5,0.0013832858065143227
2025-11-20,688031,test,-0.032517668,-0.011961311,2020-05-08,2025-11-10,19417,1140,1,5,0.0013832858065143227
2025-11-20,688045,test,0.04994868,0.0073660165,2020-05-08,2025-11-10,19417,1140,1,5,0.0013832858065143227
2025-11-20,688133,test,-0.00097370957,0.0054536164,2020-05-08,2025-11-10,19417,1140,1,5,0.0013832858065143227
2025-11-20,688147,test,-0.029696083,-0.011580795,2020-05-08,2025-11-10,19417,1140,1,5,0.0013832858065143227
2025-11-20,688528,test,-0.0065353033,0.0040162057,2020-05-08,2025-11-10,19417,1140,1,5,0.0013832858065143227
2025-11-21,600025,test,-0.028605945,-0.0006046146,2020-05-08,2025-11-10,19417,1140,1,5,0.0013832858065143227
2025-11-21,600051,test,0.011234692,0.0066606402,2020-05-08,2025-11-10,19417,1140,1,5,0.0013832858065143227
2025-11-21,600127,test,-0.061046,-0.0063067377,2020-05-08,2025-11-10,19417,1140,1,5,0.0013832858065143227
2025-11-21,600153,test,-0.1035585,-0.0017070472,2020-05-08,2025-11-10,19417,1140,1,5,0.0013832858065143227
2025-11-21,600548,test,-0.03765117,0.0029499233,2020-05-08,2025-11-10,19417,1140,1,5,0.0013832858065143227
2025-11-21,600865,test,0.05360126,0.006115958,2020-05-08,2025-11-10,19417,1140,1,5,0.0013832858065143227
2025-11-21,600967,test,-0.029184649,0.00849998,2020-05-08,2025-11-10,19417,1140,1,5,0.0013832858065143227
2025-11-21,601222,test,-0.025029408,0.0018743426,2020-05-08,2025-11-10,19417,1140,1,5,0.0013832858065143227
2025-11-21,603237,test,-0.016083583,0.005340904,2020-05-08,2025-11-10,19417,1140,1,5,0.0013832858065143227
2025-11-21,603335,test,0.043188926,0.0015275776,2020-05-08,2025-11-10,19417,1140,1,5,0.0013832858065143227
2025-11-21,603341,test,0.0201366,0.0058694333,2020-05-08,2025-11-10,19417,1140,1,5,0.0013832858065143227
2025-11-21,603658,test,-0.041028306,0.0025368333,2020-05-08,2025-11-10,19417,1140,1,5,0.0013832858065143227
2025-11-21,605090,test,-0.021087147,0.002622947,2020-05-08,2025-11-10,19417,1140,1,5,0.0013832858065143227
2025-11-21,605589,test,-0.007764571,0.005307123,2020-05-08,2025-11-10,19417,1140,1,5,0.0013832858065143227
2025-11-21,688031,test,-0.020759791,-0.01089941,2020-05-08,2025-11-10,19417,1140,1,5,0.0013832858065143227
2025-11-21,688045,test,0.05919085,0.0073093325,2020-05-08,2025-11-10,19417,1140,1,5,0.0013832858065143227
2025-11-21,688133,test,0.0057055675,0.0056933165,2020-05-08,2025-11-10,19417,1140,1,5,0.0013832858065143227
2025-11-21,688147,test,0.18316317,-0.0022850782,2020-05-08,2025-11-10,19417,1140,1,5,0.0013832858065143227
2025-11-21,688528,test,0.0155780045,0.004630536,2020-05-08,2025-11-10,19417,1140,1,5,0.0013832858065143227
2025-11-24,600025,test,-0.0086144395,-0.0010455698,2020-05-08,2025-11-10,19417,1140,1,5,0.0013832858065143227
2025-11-24,600051,test,-0.0064904215,0.007570341,2020-05-08,2025-11-10,19417,1140,1,5,0.0013832858065143227
2025-11-24,600127,test,-0.06382189,-0.007906735,2020-05-08,2025-11-10,19417,1140,1,5,0.0013832858065143227
2025-11-24,600153,test,-0.06030511,-0.0028404295,2020-05-08,2025-11-10,19417,1140,1,5,0.0013832858065143227
2025-11-24,600548,test,-0.06560957,0.0016106665,2020-05-08,2025-11-10,19417,1140,1,5,0.0013832858065143227
2025-11-24,600865,test,0.03608483,0.006560713,2020-05-08,2025-11-10,19417,1140,1,5,0.0013832858065143227
2025-11-24,600967,test,-0.06288072,0.006775528,2020-05-08,2025-11-10,19417,1140,1,5,0.0013832858065143227
2025-11-24,601222,test,-0.018178733,0.0013236552,2020-05-08,2025-11-10,19417,1140,1,5,0.0013832858065143227
2025-11-24,603237,test,-0.008119562,0.00566788,2020-05-08,2025-11-10,19417,1140,1,5,0.0013832858065143227
2025-11-24,603335,test,0.03728345,0.0003209412,2020-05-08,2025-11-10,19417,1140,1,5,0.0013832858065143227
2025-11-24,603341,test,0.11058979,0.0064905137,2020-05-08,2025-11-10,19417,1140,1,5,0.0013832858065143227
2025-11-24,603658,test,-0.033281215,0.005008355,2020-05-08,2025-11-10,19417,1140,1,5,0.0013832858065143227
2025-11-24,605090,test,-0.042739075,0.003840685,2020-05-08,2025-11-10,19417,1140,1,5,0.0013832858065143227
2025-11-24,605589,test,0.0012055313,0.0064090937,2020-05-08,2025-11-10,19417,1140,1,5,0.0013832858065143227
2025-11-24,688031,test,-0.058202103,-0.014175534,2020-05-08,2025-11-10,19417,1140,1,5,0.0013832858065143227
2025-11-24,688045,test,0.059055943,0.00814566,2020-05-08,2025-11-10,19417,1140,1,5,0.0013832858065143227
2025-11-24,688133,test,0.019187815,0.006172359,2020-05-08,2025-11-10,19417,1140,1,5,0.0013832858065143227
2025-11-24,688147,test,0.16063282,0.00014209747,2020-05-08,2025-11-10,19417,1140,1,5,0.0013832858065143227
2025-11-24,688528,test,0.0042026453,0.0048145056,2020-05-08,2025-11-10,19417,1140,1,5,0.0013832858065143227
2025-11-25,600025,test,-0.003478076,0.0011485219,2020-05-08,2025-11-10,19417,1140,1,5,0.0013832858065143227
2025-11-25,600051,test,-0.0008182735,0.007658288,2020-05-08,2025-11-10,19417,1140,1,5,0.0013832858065143227
2025-11-25,600127,test,-0.0014239212,-0.0041351467,2020-05-08,2025-11-10,19417,1140,1,5,0.0013832858065143227
2025-11-25,600153,test,-0.059222445,-0.00039100647,2020-05-08,2025-11-10,19417,1140,1,5,0.0013832858065143227
2025-11-25,600548,test,-0.057588477,0.0034395754,2020-05-08,2025-11-10,19417,1140,1,5,0.0013832858065143227
2025-11-25,600865,test,0.050745405,0.006026134,2020-05-08,2025-11-10,19417,1140,1,5,0.0013832858065143227
2025-11-25,600967,test,-0.03980466,0.007415533,2020-05-08,2025-11-10,19417,1140,1,5,0.0013832858065143227
2025-11-25,601222,test,-0.0062824404,0.00022999942,2020-05-08,2025-11-10,19417,1140,1,5,0.0013832858065143227
2025-11-25,603237,test,-0.0021847193,0.004390493,2020-05-08,2025-11-10,19417,1140,1,5,0.0013832858065143227
2025-11-25,603335,test,0.016359298,-0.003308177,2020-05-08,2025-11-10,19417,1140,1,5,0.0013832858065143227
2025-11-25,603341,test,0.115984,0.0059453547,2020-05-08,2025-11-10,19417,1140,1,5,0.0013832858065143227
2025-11-25,603658,test,-0.040203627,0.0055075735,2020-05-08,2025-11-10,19417,1140,1,5,0.0013832858065143227
2025-11-25,605090,test,-0.032843634,0.0045785755,2020-05-08,2025-11-10,19417,1140,1,5,0.0013832858065143227
2025-11-25,605589,test,0.009862229,0.0039107352,2020-05-08,2025-11-10,19417,1140,1,5,0.0013832858065143227
2025-11-25,688031,test,-0.094775975,-0.015405342,2020-05-08,2025-11-10,19417,1140,1,5,0.0013832858065143227
2025-11-25,688045,test,0.02538585,0.0077926666,2020-05-08,2025-11-10,19417,1140,1,5,0.0013832858065143227
2025-11-25,688133,test,-0.0005965133,0.0045747757,2020-05-08,2025-11-10,19417,1140,1,5,0.0013832858065143227
2025-11-25,688147,test,0.13071325,0.0011303127,2020-05-08,2025-11-10,19417,1140,1,5,0.0013832858065143227
2025-11-25,688528,test,-0.009827282,0.004541561,2020-05-08,2025-11-10,19417,1140,1,5,0.0013832858065143227
2025-11-26,600025,test,0.0075483774,0.0050117373,2020-05-08,2025-11-10,19417,1140,1,5,0.0013832858065143227
2025-11-26,600051,test,-0.0056300275,0.006810844,2020-05-08,2025-11-10,19417,1140,1,5,0.0013832858065143227
2025-11-26,600127,test,0.011239214,0.002653852,2020-05-08,2025-11-10,19417,1140,1,5,0.0013832858065143227
2025-11-26,600153,test,-0.06332961,0.0020385087,2020-05-08,2025-11-10,19417,1140,1,5,0.0013832858065143227
2025-11-26,600548,test,-0.054697387,0.0071641505,2020-05-08,2025-11-10,19417,1140,1,5,0.0013832858065143227
2025-11-26,600865,test,0.05517161,0.0027279109,2020-05-08,2025-11-10,19417,1140,1,5,0.0013832858065143227
2025-11-26,600967,test,-0.035566952,0.007912442,2020-05-08,2025-11-10,19417,1140,1,5,0.0013832858065143227
2025-11-26,601222,test,-0.011139932,-0.0009947419,2020-05-08,2025-11-10,19417,1140,1,5,0.0013832858065143227
2025-11-26,603237,test,0.005420958,0.0031110048,2020-05-08,2025-11-10,19417,1140,1,5,0.0013832858065143227
2025-11-26,603335,test,-0.024343688,-0.0054507554,2020-05-08,2025-11-10,19417,1140,1,5,0.0013832858065143227
2025-11-26,603341,test,0.14282653,0.0077064633,2020-05-08,2025-11-10,19417,1140,1,5,0.0013832858065143227
2025-11-26,603658,test,-0.030695217,0.005338192,2020-05-08,2025-11-10,19417,1140,1,5,0.0013832858065143227
2025-11-26,605090,test,-0.049521763,0.0051531643,2020-05-08,2025-11-10,19417,1140,1,5,0.0013832858065143227
2025-11-26,605589,test,-0.005592681,0.0042791516,2020-05-08,2025-11-10,19417,1140,1,5,0.0013832858065143227
2025-11-26,688031,test,-0.06735265,-0.010819942,2020-05-08,2025-11-10,19417,1140,1,5,0.0013832858065143227
2025-11-26,688045,test,-0.016529366,0.006381348,2020-05-08,2025-11-10,19417,1140,1,5,0.0013832858065143227
2025-11-26,688133,test,-0.002616848,0.002906412,2020-05-08,2025-11-10,19417,1140,1,5,0.0013832858065143227
2025-11-26,688147,test,0.15231258,-0.006273985,2020-05-08,2025-11-10,19417,1140,1,5,0.0013832858065143227
2025-11-26,688528,test,-0.0075031407,0.004007876,2020-05-08,2025-11-10,19417,1140,1,5,0.0013832858065143227
2025-11-27,600025,test,0.010164595,0.0054845214,2020-05-08,2025-11-10,19417,1140,1,5,0.0013832858065143227
2025-11-27,600051,test,-0.024675926,0.0061679035,2020-05-08,2025-11-10,19417,1140,1,5,0.0013832858065143227
2025-11-27,600127,test,0.026592301,0.009908304,2020-05-08,2025-11-10,19417,1140,1,5,0.0013832858065143227
2025-11-27,600153,test,-0.027163222,0.0023651123,2020-05-08,2025-11-10,19417,1140,1,5,0.0013832858065143227
2025-11-27,600548,test,-0.05750225,0.007983625,2020-05-08,2025-11-10,19417,1140,1,5,0.0013832858065143227
2025-11-27,600865,test,-0.00034509448,-0.010291994,2020-05-08,2025-11-10,19417,1140,1,5,0.0013832858065143227
2025-11-27,600967,test,-0.03971755,0.008291915,2020-05-08,2025-11-10,19417,1140,1,5,0.0013832858065143227
2025-11-27,601222,test,0.002180127,-0.0019751638,2020-05-08,2025-11-10,19417,1140,1,5,0.0013832858065143227
2025-11-27,603237,test,-0.00672178,0.003549531,2020-05-08,2025-11-10,19417,1140,1,5,0.0013832858065143227
2025-11-27,603335,test,-0.030328933,-0.0050087124,2020-05-08,2025-11-10,19417,1140,1,5,0.0013832858065143227
2025-11-27,603341,test,0.104028694,0.007722527,2020-05-08,2025-11-10,19417,1140,1,5,0.0013832858065143227
2025-11-27,603658,test,-0.023975061,0.0054097474,2020-05-08,2025-11-10,19417,1140,1,5,0.0013832858065143227
2025-11-27,605090,test,-0.01973865,0.0055307895,2020-05-08,2025-11-10,19417,1140,1,5,0.0013832858065143227
2025-11-27,605589,test,0.0016414247,0.004615128,2020-05-08,2025-11-10,19417,1140,1,5,0.0013832858065143227
2025-11-27,688031,test,-0.04097721,-0.004652828,2020-05-08,2025-11-10,19417,1140,1,5,0.0013832858065143227
2025-11-27,688045,test,-0.03952885,0.0069874525,2020-05-08,2025-11-10,19417,1140,1,5,0.0013832858065143227
2025-11-27,688133,test,-0.016407695,0.0025395304,2020-05-08,2025-11-10,19417,1140,1,5,0.0013832858065143227
2025-11-27,688147,test,0.21132304,-0.0065130293,2020-05-08,2025-11-10,19417,1140,1,5,0.0013832858065143227
2025-11-27,688528,test,-0.028847953,0.0035299808,2020-05-08,2025-11-10,19417,1140,1,5,0.0013832858065143227
2025-11-28,600025,test,0.010416447,0.0054522604,2020-05-08,2025-11-10,19417,1140,1,5,0.0013832858065143227
2025-11-28,600051,test,-0.016082507,0.00571163,2020-05-08,2025-11-10,19417,1140,1,5,0.0013832858065143227
2025-11-28,600127,test,0.033132035,0.012481436,2020-05-08,2025-11-10,19417,1140,1,5,0.0013832858065143227
2025-11-28,600153,test,-0.025875216,0.0013066232,2020-05-08,2025-11-10,19417,1140,1,5,0.0013832858065143227
2025-11-28,600548,test,-0.049964257,0.004731372,2020-05-08,2025-11-10,19417,1140,1,5,0.0013832858065143227
2025-11-28,600865,test,-0.008514027,-0.009823278,2020-05-08,2025-11-10,19417,1140,1,5,0.0013832858065143227
2025-11-28,600967,test,-0.036895365,0.0077990443,2020-05-08,2025-11-10,19417,1140,1,5,0.0013832858065143227
2025-11-28,601222,test,0.007380262,-0.0014801621,2020-05-08,2025-11-10,19417,1140,1,5,0.0013832858065143227
2025-11-28,603237,test,-0.010378252,0.0043984056,2020-05-08,2025-11-10,19417,1140,1,5,0.0013832858065143227
2025-11-28,603335,test,-0.025639663,-0.0023303628,2020-05-08,2025-11-10,19417,1140,1,5,0.0013832858065143227
2025-11-28,603341,test,0.12153438,0.007842854,2020-05-08,2025-11-10,19417,1140,1,5,0.0013832858065143227
2025-11-28,603658,test,-0.014795938,0.0033465177,2020-05-08,2025-11-10,19417,1140,1,5,0.0013832858065143227
2025-11-28,605090,test,-0.022415591,0.0057373494,2020-05-08,2025-11-10,19417,1140,1,5,0.0013832858065143227
2025-11-28,605589,test,0.007274898,0.0054166615,2020-05-08,2025-11-10,19417,1140,1,5,0.0013832858065143227
2025-11-28,688031,test,0.11041198,-0.0004325807,2020-05-08,2025-11-10,19417,1140,1,5,0.0013832858065143227
2025-11-28,688045,test,-0.034529388,0.00661166,2020-05-08,2025-11-10,19417,1140,1,5,0.0013832858065143227
2025-11-28,688133,test,-0.015532851,0.0032637417,2020-05-08,2025-11-10,19417,1140,1,5,0.0013832858065143227
2025-11-28,688147,test,0.010917157,-0.016572312,2020-05-08,2025-11-10,19417,1140,1,5,0.0013832858065143227
2025-11-28,688528,test,-0.040444102,0.003652528,2020-05-08,2025-11-10,19417,1140,1,5,0.0013832858065143227
2025-12-01,600025,test,-0.017657045,0.0059091747,2020-05-08,2025-11-10,19417,1140,1,5,0.0013832858065143227
2025-12-01,600051,test,-0.015885543,0.005009055,2020-05-08,2025-11-10,19417,1140,1,5,0.0013832858065143227
2025-12-01,600127,test,0.025149973,0.011623204,2020-05-08,2025-11-10,19417,1140,1,5,0.0013832858065143227
2025-12-01,600153,test,-0.0029477582,-0.00053730607,2020-05-08,2025-11-10,19417,1140,1,5,0.0013832858065143227
2025-12-01,600548,test,-0.04345307,0.0027565062,2020-05-08,2025-11-10,19417,1140,1,5,0.0013832858065143227
2025-12-01,600865,test,0.0075729424,-0.0044190437,2020-05-08,2025-11-10,19417,1140,1,5,0.0013832858065143227
2025-12-01,600967,test,-0.043423105,0.006196961,2020-05-08,2025-11-10,19417,1140,1,5,0.0013832858065143227
2025-12-01,601222,test,-0.0028566557,-0.0003440082,2020-05-08,2025-11-10,19417,1140,1,5,0.0013832858065143227
2025-12-01,603237,test,-0.018142352,0.0044109225,2020-05-08,2025-11-10,19417,1140,1,5,0.0013832858065143227
2025-12-01,603335,test,-0.033661067,-0.0004209131,2020-05-08,2025-11-10,19417,1140,1,5,0.0013832858065143227
2025-12-01,603341,test,0.019430945,-0.00048723817,2020-05-08,2025-11-10,19417,1140,1,5,0.0013832858065143227
2025-12-01,603658,test,-0.022969779,0.0024307817,2020-05-08,2025-11-10,19417,1140,1,5,0.0013832858065143227
2025-12-01,605090,test,0.028185928,0.0074468553,2020-05-08,2025-11-10,19417,1140,1,5,0.0013832858065143227
2025-12-01,605589,test,-0.001844807,0.0055108964,2020-05-08,2025-11-10,19417,1140,1,5,0.0013832858065143227
2025-12-01,688031,test,0.15630233,0.0007676482,2020-05-08,2025-11-10,19417,1140,1,5,0.0013832858065143227
2025-12-01,688045,test,-0.031998854,0.004332766,2020-05-08,2025-11-10,19417,1140,1,5,0.0013832858065143227
2025-12-01,688133,test,-0.040344596,0.0035929382,2020-05-08,2025-11-10,19417,1140,1,5,0.0013832858065143227
2025-12-01,688147,test,0.055482432,-0.014566183,2020-05-08,2025-11-10,19417,1140,1,5,0.0013832858065143227
2025-12-01,688528,test,-0.016939927,0.0053592473,2020-05-08,2025-11-10,19417,1140,1,5,0.0013832858065143227
2025-12-02,600025,test,-0.016137103,0.005245194,2020-05-08,2025-11-10,19417,1140,1,5,0.0013832858065143227
2025-12-02,600051,test,-0.02437494,0.0039664805,2020-05-08,2025-11-10,19417,1140,1,5,0.0013832858065143227
2025-12-02,600127,test,-0.008360201,0.0022590905,2020-05-08,2025-11-10,19417,1140,1,5,0.0013832858065143227
2025-12-02,600153,test,0.002826025,8.60244e-05,2020-05-08,2025-11-10,19417,1140,1,5,0.0013832858065143227
2025-12-02,600548,test,-0.045302905,0.0032355487,2020-05-08,2025-11-10,19417,1140,1,5,0.0013832858065143227
2025-12-02,600865,test,0.013122146,-0.001956284,2020-05-08,2025-11-10,19417,1140,1,5,0.0013832858065143227
2025-12-02,600967,test,-0.045730624,0.0042637587,2020-05-08,2025-11-10,19417,1140,1,5,0.0013832858065143227
2025-12-02,601222,test,-0.0049480773,0.00055879354,2020-05-08,2025-11-10,19417,1140,1,5,0.0013832858065143227
2025-12-02,603237,test,-0.016584951,0.0035798252,2020-05-08,2025-11-10,19417,1140,1,5,0.0013832858065143227
2025-12-02,603335,test,-0.034908578,0.0003669858,2020-05-08,2025-11-10,19417,1140,1,5,0.0013832858065143227
2025-12-02,603341,test,-0.0003071091,-0.0051783025,2020-05-08,2025-11-10,19417,1140,1,5,0.0013832858065143227
2025-12-02,603658,test,-0.012505305,0.0027223825,2020-05-08,2025-11-10,19417,1140,1,5,0.0013832858065143227
2025-12-02,605090,test,0.008503648,0.006824702,2020-05-08,2025-11-10,19417,1140,1,5,0.0013832858065143227
2025-12-02,605589,test,0.0004409089,0.005910948,2020-05-08,2025-11-10,19417,1140,1,5,0.0013832858065143227
2025-12-02,688031,test,0.1669643,0.0027126968,2020-05-08,2025-11-10,19417,1140,1,5,0.0013832858065143227
2025-12-02,688045,test,-0.016505271,0.006165892,2020-05-08,2025-11-10,19417,1140,1,5,0.0013832858065143227
2025-12-02,688133,test,-0.0388722,0.0050723404,2020-05-08,2025-11-10,19417,1140,1,5,0.0013832858065143227
2025-12-02,688147,test,0.09005344,-0.010215521,2020-05-08,2025-11-10,19417,1140,1,5,0.0013832858065143227
2025-12-02,688528,test,-0.017373204,0.0058673024,2020-05-08,2025-11-10,19417,1140,1,5,0.0013832858065143227
2025-12-03,600025,test,-0.024197493,0.0008496195,2020-05-08,2025-11-10,19417,1140,1,5,0.0013832858065143227
2025-12-03,600051,test,-0.027073506,0.0035799593,2020-05-08,2025-11-10,19417,1140,1,5,0.0013832858065143227
2025-12-03,600127,test,0.0070274007,0.0020045936,2020-05-08,2025-11-10,19417,1140,1,5,0.0013832858065143227
2025-12-03,600153,test,0.02841939,0.0011196136,2020-05-08,2025-11-10,19417,1140,1,5,0.0013832858065143227
2025-12-03,600548,test,-0.053482898,0.0037161857,2020-05-08,2025-11-10,19417,1140,1,5,0.0013832858065143227
2025-12-03,600865,test,0.0006412505,-0.002287671,2020-05-08,2025-11-10,19417,1140,1,5,0.0013832858065143227
2025-12-03,600967,test,-0.03277908,0.0031305999,2020-05-08,2025-11-10,19417,1140,1,5,0.0013832858065143227
2025-12-03,601222,test,-0.003171987,0.0017666072,2020-05-08,2025-11-10,19417,1140,1,5,0.0013832858065143227
2025-12-03,603237,test,-0.032142024,0.0025669932,2020-05-08,2025-11-10,19417,1140,1,5,0.0013832858065143227
2025-12-03,603335,test,-0.035490476,0.00054222345,2020-05-08,2025-11-10,19417,1140,1,5,0.0013832858065143227
2025-12-03,603341,test,-0.024443043,-0.0077636987,2020-05-08,2025-11-10,19417,1140,1,5,0.0013832858065143227
2025-12-03,603658,test,-0.016555255,0.004155278,2020-05-08,2025-11-10,19417,1140,1,5,0.0013832858065143227
2025-12-03,605090,test,0.0368586,0.005551964,2020-05-08,2025-11-10,19417,1140,1,5,0.0013832858065143227
2025-12-03,605589,test,0.0072470508,0.006100163,2020-05-08,2025-11-10,19417,1140,1,5,0.0013832858065143227
2025-12-03,688031,test,0.17484747,0.0030510724,2020-05-08,2025-11-10,19417,1140,1,5,0.0013832858065143227
2025-12-03,688045,test,-0.0034971011,0.008186385,2020-05-08,2025-11-10,19417,1140,1,5,0.0013832858065143227
2025-12-03,688133,test,-0.023945985,0.0061060935,2020-05-08,2025-11-10,19417,1140,1,5,0.0013832858065143227
2025-12-03,688147,test,0.06331583,-0.011996999,2020-05-08,2025-11-10,19417,1140,1,5,0.0013832858065143227
2025-12-03,688528,test,-0.041578136,0.0068428814,2020-05-08,2025-11-10,19417,1140,1,5,0.0013832858065143227
2025-12-04,600025,test,-0.019453088,-0.0012972653,2020-05-08,2025-11-10,19417,1140,1,5,0.0013832858065143227
2025-12-04,600051,test,-0.024602558,0.0022586435,2020-05-08,2025-11-10,19417,1140,1,5,0.0013832858065143227
2025-12-04,600127,test,0.0035364947,0.003399521,2020-05-08,2025-11-10,19417,1140,1,5,0.0013832858065143227
2025-12-04,600153,test,-0.016634515,-0.0005297959,2020-05-08,2025-11-10,19417,1140,1,5,0.0013832858065143227
2025-12-04,600548,test,-0.05702477,0.0020520538,2020-05-08,2025-11-10,19417,1140,1,5,0.0013832858065143227
2025-12-04,600865,test,0.12658714,0.0014786124,2020-05-08,2025-11-10,19417,1140,1,5,0.0013832858065143227
2025-12-04,600967,test,-0.029747007,0.0026850551,2020-05-08,2025-11-10,19417,1140,1,5,0.0013832858065143227
2025-12-04,601222,test,-0.013212585,0.0020451397,2020-05-08,2025-11-10,19417,1140,1,5,0.0013832858065143227
2025-12-04,603237,test,-0.023989612,0.0022023022,2020-05-08,2025-11-10,19417,1140,1,5,0.0013832858065143227
2025-12-04,603335,test,-0.04215223,0.0022946894,2020-05-08,2025-11-10,19417,1140,1,5,0.0013832858065143227
2025-12-04,603341,test,-0.033961143,-0.0051056594,2020-05-08,2025-11-10,19417,1140,1,5,0.0013832858065143227
2025-12-04,603658,test,-0.015794907,0.0036504567,2020-05-08,2025-11-10,19417,1140,1,5,0.0013832858065143227
2025-12-04,605090,test,0.07151265,0.002538845,2020-05-08,2025-11-10,19417,1140,1,5,0.0013832858065143227
2025-12-04,605589,test,0.004527507,0.0073634386,2020-05-08,2025-11-10,19417,1140,1,5,0.0013832858065143227
2025-12-04,688031,test,0.13797146,0.0011292696,2020-05-08,2025-11-10,19417,1140,1,5,0.0013832858065143227
2025-12-04,688045,test,-0.014242863,0.008535996,2020-05-08,2025-11-10,19417,1140,1,5,0.0013832858065143227
2025-12-04,688133,test,-0.031703204,0.0075685233,2020-05-08,2025-11-10,19417,1140,1,5,0.0013832858065143227
2025-12-04,688147,test,0.025592819,-0.012816399,2020-05-08,2025-11-10,19417,1140,1,5,0.0013832858065143227
2025-12-04,688528,test,-0.047209587,0.0055110753,2020-05-08,2025-11-10,19417,1140,1,5,0.0013832858065143227
2025-12-05,600025,test,-0.019599915,0.0005336553,2020-05-08,2025-11-10,19417,1140,1,5,0.0013832858065143227
2025-12-05,600051,test,-0.060358323,0.002828464,2020-05-08,2025-11-10,19417,1140,1,5,0.0013832858065143227
2025-12-05,600127,test,-0.037418127,0.004557207,2020-05-08,2025-11-10,19417,1140,1,5,0.0013832858065143227
2025-12-05,600153,test,-0.019737637,-0.00011393428,2020-05-08,2025-11-10,19417,1140,1,5,0.0013832858065143227
2025-12-05,600548,test,-0.056169063,0.002887398,2020-05-08,2025-11-10,19417,1140,1,5,0.0013832858065143227
2025-12-05,600865,test,0.2418279,0.0048158616,2020-05-08,2025-11-10,19417,1140,1,5,0.0013832858065143227
2025-12-05,600967,test,-0.017027266,0.003257528,2020-05-08,2025-11-10,19417,1140,1,5,0.0013832858065143227
2025-12-05,601222,test,-0.017069943,0.0018842667,2020-05-08,2025-11-10,19417,1140,1,5,0.0013832858065143227
2025-12-05,603237,test,-0.035250865,0.004269764,2020-05-08,2025-11-10,19417,1140,1,5,0.0013832858065143227
2025-12-05,603335,test,-0.08730995,0.0029706955,2020-05-08,2025-11-10,19417,1140,1,5,0.0013832858065143227
2025-12-05,603341,test,-0.039970793,-0.002516985,2020-05-08,2025-11-10,19417,1140,1,5,0.0013832858065143227
2025-12-05,603658,test,-0.019383801,0.003950909,2020-05-08,2025-11-10,19417,1140,1,5,0.0013832858065143227
2025-12-05,605090,test,0.15131077,0.0009458214,2020-05-08,2025-11-10,19417,1140,1,5,0.0013832858065143227
2025-12-05,605589,test,0.0058840923,0.007970601,2020-05-08,2025-11-10,19417,1140,1,5,0.0013832858065143227
2025-12-05,688031,test,0.027795918,-0.012607262,2020-05-08,2025-11-10,19417,1140,1,5,0.0013832858065143227
2025-12-05,688045,test,-0.0076615466,0.006962061,2020-05-08,2025-11-10,19417,1140,1,5,0.0013832858065143227
2025-12-05,688133,test,-0.042829588,0.0079634935,2020-05-08,2025-11-10,19417,1140,1,5,0.0013832858065143227
2025-12-05,688147,test,0.10467006,-0.009780794,2020-05-08,2025-11-10,19417,1140,1,5,0.0013832858065143227
2025-12-05,688528,test,-0.07170193,0.0054520667,2020-05-08,2025-11-10,19417,1140,1,5,0.0013832858065143227
2025-12-08,600025,test,-0.009887214,0.001481548,2020-05-08,2025-11-10,19417,1140,1,5,0.0013832858065143227
2025-12-08,600051,test,-0.05267014,0.0037870556,2020-05-08,2025-11-10,19417,1140,1,5,0.0013832858065143227
2025-12-08,600127,test,-0.025951412,0.005425036,2020-05-08,2025-11-10,19417,1140,1,5,0.0013832858065143227
2025-12-08,600153,test,-0.03163602,0.00047564507,2020-05-08,2025-11-10,19417,1140,1,5,0.0013832858065143227
2025-12-08,600548,test,-0.05727446,0.0015804619,2020-05-08,2025-11-10,19417,1140,1,5,0.0013832858065143227
2025-12-08,600865,test,0.34809187,0.0064056367,2020-05-08,2025-11-10,19417,1140,1,5,0.0013832858065143227
2025-12-08,600967,test,-0.05081641,0.003935188,2020-05-08,2025-11-10,19417,1140,1,5,0.0013832858065143227
2025-12-08,601222,test,-0.016227374,0.003599003,2020-05-08,2025-11-10,19417,1140,1,5,0.0013832858065143227
2025-12-08,603237,test,-0.032505102,0.005871877,2020-05-08,2025-11-10,19417,1140,1,5,0.0013832858065143227
2025-12-08,603335,test,-0.0933803,0.0035171807,2020-05-08,2025-11-10,19417,1140,1,5,0.0013832858065143227
2025-12-08,603341,test,-0.055933926,0.0037443638,2020-05-08,2025-11-10,19417,1140,1,5,0.0013832858065143227
2025-12-08,603658,test,-0.010459323,0.0050252974,2020-05-08,2025-11-10,19417,1140,1,5,0.0013832858065143227
2025-12-08,605090,test,0.14225982,-0.0029259622,2020-05-08,2025-11-10,19417,1140,1,5,0.0013832858065143227
2025-12-08,605589,test,-0.013514724,0.0067465603,2020-05-08,2025-11-10,19417,1140,1,5,0.0013832858065143227
2025-12-08,688031,test,0.14649552,-0.021630764,2020-05-08,2025-11-10,19417,1140,1,5,0.0013832858065143227
2025-12-08,688045,test,-0.03817974,0.0053875893,2020-05-08,2025-11-10,19417,1140,1,5,0.0013832858065143227
2025-12-08,688133,test,-0.052691348,0.008048743,2020-05-08,2025-11-10,19417,1140,1,5,0.0013832858065143227
2025-12-08,688147,test,-0.018003773,-0.009559363,2020-05-08,2025-11-10,19417,1140,1,5,0.0013832858065143227
2025-12-08,688528,test,-0.07771596,0.005668968,2020-05-08,2025-11-10,19417,1140,1,5,0.0013832858065143227
2025-12-09,600025,test,-0.005933797,0.002624616,2020-05-08,2025-11-10,19417,1140,1,5,0.0013832858065143227
2025-12-09,600051,test,-0.06479478,0.0037258863,2020-05-08,2025-11-10,19417,1140,1,5,0.0013832858065143227
2025-12-09,600127,test,-0.037843402,0.003061369,2020-05-08,2025-11-10,19417,1140,1,5,0.0013832858065143227
2025-12-09,600153,test,-0.036613166,0.0004287809,2020-05-08,2025-11-10,19417,1140,1,5,0.0013832858065143227
2025-12-09,600548,test,-0.032035004,0.00024709105,2020-05-08,2025-11-10,19417,1140,1,5,0.0013832858065143227
2025-12-09,600865,test,0.46058264,-0.00020031631,2020-05-08,2025-11-10,19417,1140,1,5,0.0013832858065143227
2025-12-09,600967,test,-0.048487794,0.0049752444,2020-05-08,2025-11-10,19417,1140,1,5,0.0013832858065143227
2025-12-09,601222,test,-0.034665935,0.0046257526,2020-05-08,2025-11-10,19417,1140,1,5,0.0013832858065143227
2025-12-09,603237,test,-0.026080403,0.0044984818,2020-05-08,2025-11-10,19417,1140,1,5,0.0013832858065143227
2025-12-09,603335,test,-0.100378886,0.0035781711,2020-05-08,2025-11-10,19417,1140,1,5,0.0013832858065143227
2025-12-09,603341,test,-0.07926555,0.0056301653,2020-05-08,2025-11-10,19417,1140,1,5,0.0013832858065143227
2025-12-09,603658,test,-0.0028595475,0.0052698553,2020-05-08,2025-11-10,19417,1140,1,5,0.0013832858065143227
2025-12-09,605090,test,0.12408914,0.0007751584,2020-05-08,2025-11-10,19417,1140,1,5,0.0013832858065143227
2025-12-09,605589,test,-0.04833447,0.0049136877,2020-05-08,2025-11-10,19417,1140,1,5,0.0013832858065143227
2025-12-09,688031,test,0.22456525,-0.017918631,2020-05-08,2025-11-10,19417,1140,1,5,0.0013832858065143227
2025-12-09,688045,test,-0.06060781,0.005899027,2020-05-08,2025-11-10,19417,1140,1,5,0.0013832858065143227
2025-12-09,688133,test,-0.056518845,0.007708952,2020-05-08,2025-11-10,19417,1140,1,5,0.0013832858065143227
2025-12-09,688147,test,-0.07886297,-0.009030297,2020-05-08,2025-11-10,19417,1140,1,5,0.0013832858065143227
2025-12-09,688528,test,-0.095954664,0.006956801,2020-05-08,2025-11-10,19417,1140,1,5,0.0013832858065143227
2025-12-10,600025,test,-0.0298189,0.0036111325,2020-05-08,2025-11-10,19417,1140,1,5,0.0013832858065143227
2025-12-10,600051,test,-0.073522106,0.0039770007,2020-05-08,2025-11-10,19417,1140,1,5,0.0013832858065143227
2025-12-10,600127,test,-0.09170135,0.0019376427,2020-05-08,2025-11-10,19417,1140,1,5,0.0013832858065143227
2025-12-10,600153,test,-0.06378715,-0.0017054528,2020-05-08,2025-11-10,19417,1140,1,5,0.0013832858065143227
2025-12-10,600548,test,-0.04763205,-0.00025580823,2020-05-08,2025-11-10,19417,1140,1,5,0.0013832858065143227
2025-12-10,600865,test,0.58754176,-0.0046610087,2020-05-08,2025-11-10,19417,1140,1,5,0.0013832858065143227
2025-12-10,600967,test,-0.053407326,0.006806165,2020-05-08,2025-11-10,19417,1140,1,5,0.0013832858065143227
2025-12-10,601222,test,-0.04334259,0.0037514716,2020-05-08,2025-11-10,19417,1140,1,5,0.0013832858065143227
2025-12-10,603237,test,-0.028243778,0.0030935109,2020-05-08,2025-11-10,19417,1140,1,5,0.0013832858065143227
2025-12-10,603335,test,-0.09236379,0.0030826628,2020-05-08,2025-11-10,19417,1140,1,5,0.0013832858065143227
2025-12-10,603341,test,-0.06796001,0.0083402395,2020-05-08,2025-11-10,19417,1140,1,5,0.0013832858065143227
2025-12-10,603658,test,-0.016461262,0.0038798302,2020-05-08,2025-11-10,19417,1140,1,5,0.0013832858065143227
2025-12-10,605090,test,0.053535983,0.0013854802,2020-05-08,2025-11-10,19417,1140,1,5,0.0013832858065143227
2025-12-10,605589,test,-0.02830155,0.006158024,2020-05-08,2025-11-10,19417,1140,1,5,0.0013832858065143227
2025-12-10,688031,test,0.2957414,-0.013349697,2020-05-08,2025-11-10,19417,1140,1,5,0.0013832858065143227
2025-12-10,688045,test,-0.05156973,0.006241739,2020-05-08,2025-11-10,19417,1140,1,5,0.0013832858065143227
2025-12-10,688133,test,-0.06551864,0.008344948,2020-05-08,2025-11-10,19417,1140,1,5,0.0013832858065143227
2025-12-10,688147,test,-0.10205825,-0.011032939,2020-05-08,2025-11-10,19417,1140,1,5,0.0013832858065143227
2025-12-10,688528,test,-0.081130646,0.0063198954,2020-05-08,2025-11-10,19417,1140,1,5,0.0013832858065143227
2025-12-11,600025,test,-0.057071194,0.004167855,2020-05-08,2025-11-10,19417,1140,1,5,0.0013832858065143227
2025-12-11,600051,test,-0.05207884,0.003357336,2020-05-08,2025-11-10,19417,1140,1,5,0.0013832858065143227
2025-12-11,600127,test,-0.09494452,0.0024087727,2020-05-08,2025-11-10,19417,1140,1,5,0.0013832858065143227
2025-12-11,600153,test,-0.06685102,0.00048734248,2020-05-08,2025-11-10,19417,1140,1,5,0.0013832858065143227
2025-12-11,600548,test,-0.051846847,-0.00059872866,2020-05-08,2025-11-10,19417,1140,1,5,0.0013832858065143227
2025-12-11,600865,test,0.5603891,-0.017202556,2020-05-08,2025-11-10,19417,1140,1,5,0.0013832858065143227
2025-12-11,600967,test,-0.06502547,0.007008791,2020-05-08,2025-11-10,19417,1140,1,5,0.0013832858065143227
2025-12-11,601222,test,-0.056485675,0.002849564,2020-05-08,2025-11-10,19417,1140,1,5,0.0013832858065143227
2025-12-11,603237,test,-0.023892717,0.003432706,2020-05-08,2025-11-10,19417,1140,1,5,0.0013832858065143227
2025-12-11,603335,test,-0.097354114,0.002514571,2020-05-08,2025-11-10,19417,1140,1,5,0.0013832858065143227
2025-12-11,603341,test,-0.083217956,0.010786101,2020-05-08,2025-11-10,19417,1140,1,5,0.0013832858065143227
2025-12-11,603658,test,-0.03263267,0.0046291947,2020-05-08,2025-11-10,19417,1140,1,5,0.0013832858065143227
2025-12-11,605090,test,0.016971216,0.00011457503,2020-05-08,2025-11-10,19417,1140,1,5,0.0013832858065143227
2025-12-11,605589,test,-0.047715597,0.0071732104,2020-05-08,2025-11-10,19417,1140,1,5,0.0013832858065143227
2025-12-11,688031,test,0.43589774,-0.009646386,2020-05-08,2025-11-10,19417,1140,1,5,0.0013832858065143227
2025-12-11,688045,test,-0.041879542,0.005732402,2020-05-08,2025-11-10,19417,1140,1,5,0.0013832858065143227
2025-12-11,688133,test,-0.05997696,0.008046269,2020-05-08,2025-11-10,19417,1140,1,5,0.0013832858065143227
2025-12-11,688147,test,-0.13060786,-0.009229481,2020-05-08,2025-11-10,19417,1140,1,5,0.0013832858065143227
2025-12-11,688528,test,-0.051677097,0.0061973035,2020-05-08,2025-11-10,19417,1140,1,5,0.0013832858065143227
2025-12-12,600025,test,-0.04533388,0.0041127056,2020-05-08,2025-11-10,19417,1140,1,5,0.0013832858065143227
2025-12-12,600051,test,-0.0001360675,0.003342539,2020-05-08,2025-11-10,19417,1140,1,5,0.0013832858065143227
2025-12-12,600127,test,-0.025427487,0.0038129091,2020-05-08,2025-11-10,19417,1140,1,5,0.0013832858065143227
2025-12-12,600153,test,-0.0614164,0.0027596503,2020-05-08,2025-11-10,19417,1140,1,5,0.0013832858065143227
2025-12-12,600548,test,-0.040026028,-0.00050087273,2020-05-08,2025-11-10,19417,1140,1,5,0.0013832858065143227
2025-12-12,600865,test,0.47596723,-0.023417845,2020-05-08,2025-11-10,19417,1140,1,5,0.0013832858065143227
2025-12-12,600967,test,-0.06255952,0.0063293427,2020-05-08,2025-11-10,19417,1140,1,5,0.0013832858065143227
2025-12-12,601222,test,-0.040026028,0.0028858036,2020-05-08,2025-11-10,19417,1140,1,5,0.0013832858065143227
2025-12-12,603237,test,0.017713532,0.00449647,2020-05-08,2025-11-10,19417,1140,1,5,0.0013832858065143227
2025-12-12,603335,test,-0.015026026,0.0028410852,2020-05-08,2025-11-10,19417,1140,1,5,0.0013832858065143227
2025-12-12,603341,test,-0.08302694,0.011596262,2020-05-08,2025-11-10,19417,1140,1,5,0.0013832858065143227
2025-12-12,603658,test,-0.019732904,0.0057385266,2020-05-08,2025-11-10,19417,1140,1,5,0.0013832858065143227
2025-12-12,605090,test,-0.036856454,-0.009268746,2020-05-08,2025-11-10,19417,1140,1,5,0.0013832858065143227
2025-12-12,605589,test,-0.040397637,0.0067582577,2020-05-08,2025-11-10,19417,1140,1,5,0.0013832858065143227
2025-12-12,688031,test,0.2528454,-0.009467185,2020-05-08,2025-11-10,19417,1140,1,5,0.0013832858065143227
2025-12-12,688045,test,-0.04767572,0.0055598617,2020-05-08,2025-11-10,19417,1140,1,5,0.0013832858065143227
2025-12-12,688133,test,-0.04509983,0.007657349,2020-05-08,2025-11-10,19417,1140,1,5,0.0013832858065143227
2025-12-12,688147,test,-0.17657775,-0.009605363,2020-05-08,2025-11-10,19417,1140,1,5,0.0013832858065143227
2025-12-12,688528,test,-0.0072074933,0.0066041052,2020-05-08,2025-11-10,19417,1140,1,5,0.0013832858065143227
2025-12-15,600025,test,-0.04343663,0.004829213,2020-05-08,2025-11-10,19417,1140,1,5,0.0013832858065143227
2025-12-15,600051,test,-0.012042255,0.0034579933,2020-05-08,2025-11-10,19417,1140,1,5,0.0013832858065143227
2025-12-15,600127,test,-0.02663736,0.0043765306,2020-05-08,2025-11-10,19417,1140,1,5,0.0013832858065143227
2025-12-15,600153,test,-0.056319002,0.005004987,2020-05-08,2025-11-10,19417,1140,1,5,0.0013832858065143227
2025-12-15,600548,test,-0.02358369,0.0014720261,2020-05-08,2025-11-10,19417,1140,1,5,0.0013832858065143227
2025-12-15,600865,test,0.41989982,-0.0258286,2020-05-08,2025-11-10,19417,1140,1,5,0.0013832858065143227
2025-12-15,600967,test,-0.011183684,0.0064139664,2020-05-08,2025-11-10,19417,1140,1,5,0.0013832858065143227
2025-12-15,601222,test,-0.03917769,0.0040691495,2020-05-08,2025-11-10,19417,1140,1,5,0.0013832858065143227
2025-12-15,603237,test,0.0033614933,0.0049067438,2020-05-08,2025-11-10,19417,1140,1,5,0.0013832858065143227
2025-12-15,603335,test,-0.01585764,0.003055498,2020-05-08,2025-11-10,19417,1140,1,5,0.0013832858065143227
2025-12-15,603341,test,-0.06286722,0.011074573,2020-05-08,2025-11-10,19417,1140,1,5,0.0013832858065143227
2025-12-15,603658,test,-0.027373794,0.006137356,2020-05-08,2025-11-10,19417,1140,1,5,0.0013832858065143227
2025-12-15,605090,test,-0.040617246,-0.01201354,2020-05-08,2025-11-10,19417,1140,1,5,0.0013832858065143227
2025-12-15,605589,test,-0.006490603,0.006248936,2020-05-08,2025-11-10,19417,1140,1,5,0.0013832858065143227
2025-12-15,688031,test,0.055610694,-0.017058134,2020-05-08,2025-11-10,19417,1140,1,5,0.0013832858065143227
2025-12-15,688045,test,-0.033810962,0.0050130337,2020-05-08,2025-11-10,19417,1140,1,5,0.0013832858065143227
2025-12-15,688133,test,-0.025423264,0.007475376,2020-05-08,2025-11-10,19417,1140,1,5,0.0013832858065143227
2025-12-15,688147,test,-0.038369786,-0.006201744,2020-05-08,2025-11-10,19417,1140,1,5,0.0013832858065143227
2025-12-15,688528,test,-0.015681192,0.0057220906,2020-05-08,2025-11-10,19417,1140,1,5,0.0013832858065143227
2025-12-16,600025,test,-0.048144747,0.0022303015,2020-05-08,2025-11-10,19417,1140,1,5,0.0013832858065143227
2025-12-16,600051,test,0.0013083608,0.0039220005,2020-05-08,2025-11-10,19417,1140,1,5,0.0013832858065143227
2025-12-16,600127,test,-0.04771463,0.0039512515,2020-05-08,2025-11-10,19417,1140,1,5,0.0013832858065143227
2025-12-16,600153,test,-0.037703857,0.0063761324,2020-05-08,2025-11-10,19417,1140,1,5,0.0013832858065143227
2025-12-16,600548,test,-0.033500753,0.0027369559,2020-05-08,2025-11-10,19417,1140,1,5,0.0013832858065143227
2025-12-16,600865,test,0.24843223,-0.016833663,2020-05-08,2025-11-10,19417,1140,1,5,0.0013832858065143227
2025-12-16,600967,test,-0.015094768,0.006915331,2020-05-08,2025-11-10,19417,1140,1,5,0.0013832858065143227
2025-12-16,601222,test,-0.021776939,0.005071819,2020-05-08,2025-11-10,19417,1140,1,5,0.0013832858065143227
2025-12-16,603237,test,-0.022421915,0.0025784373,2020-05-08,2025-11-10,19417,1140,1,5,0.0013832858065143227
2025-12-16,603335,test,-0.014543713,0.0030368418,2020-05-08,2025-11-10,19417,1140,1,5,0.0013832858065143227
2025-12-16,603341,test,-0.035452817,0.0076190233,2020-05-08,2025-11-10,19417,1140,1,5,0.0013832858065143227
2025-12-16,603658,test,-0.03348462,0.005984381,2020-05-08,2025-11-10,19417,1140,1,5,0.0013832858065143227
2025-12-16,605090,test,-0.036876425,-0.007836506,2020-05-08,2025-11-10,19417,1140,1,5,0.0013832858065143227
2025-12-16,605589,test,0.04602127,0.004440382,2020-05-08,2025-11-10,19417,1140,1,5,0.0013832858065143227
2025-12-16,688031,test,0.013466231,-0.019004092,2020-05-08,2025-11-10,19417,1140,1,5,0.0013832858065143227
2025-12-16,688045,test,-0.0011752266,0.005035311,2020-05-08,2025-11-10,19417,1140,1,5,0.0013832858065143227
2025-12-16,688133,test,-0.0077094524,0.006653309,2020-05-08,2025-11-10,19417,1140,1,5,0.0013832858065143227
2025-12-16,688147,test,0.052770425,-0.0038971603,2020-05-08,2025-11-10,19417,1140,1,5,0.0013832858065143227
2025-12-16,688528,test,-0.0063986713,0.0070418566,2020-05-08,2025-11-10,19417,1140,1,5,0.0013832858065143227
2025-12-17,600025,test,-0.057843115,0.0033657253,2020-05-08,2025-11-10,19417,1140,1,5,0.0013832858065143227
2025-12-17,600051,test,-0.0012929367,0.0040377527,2020-05-08,2025-11-10,19417,1140,1,5,0.0013832858065143227
2025-12-17,600127,test,-0.017490752,0.004302606,2020-05-08,2025-11-10,19417,1140,1,5,0.0013832858065143227
2025-12-17,600153,test,-0.045056984,0.0062665343,2020-05-08,2025-11-10,19417,1140,1,5,0.0013832858065143227
2025-12-17,600548,test,-0.03839731,0.0052559376,2020-05-08,2025-11-10,19417,1140,1,5,0.0013832858065143227
2025-12-17,600865,test,0.20425369,-0.01958853,2020-05-08,2025-11-10,19417,1140,1,5,0.0013832858065143227
2025-12-17,600967,test,-0.015176546,0.007795736,2020-05-08,2025-11-10,19417,1140,1,5,0.0013832858065143227
2025-12-17,601222,test,-0.03384384,0.0058767498,2020-05-08,2025-11-10,19417,1140,1,5,0.0013832858065143227
2025-12-17,603237,test,-0.03388197,0.0017139614,2020-05-08,2025-11-10,19417,1140,1,5,0.0013832858065143227
2025-12-17,603335,test,-0.02846138,0.0032245815,2020-05-08,2025-11-10,19417,1140,1,5,0.0013832858065143227
2025-12-17,603341,test,-0.04872389,0.004253745,2020-05-08,2025-11-10,19417,1140,1,5,0.0013832858065143227
2025-12-17,603658,test,-0.041512538,0.0060233027,2020-05-08,2025-11-10,19417,1140,1,5,0.0013832858065143227
2025-12-17,605090,test,0.08004673,-0.00054073334,2020-05-08,2025-11-10,19417,1140,1,5,0.0013832858065143227
2025-12-17,605589,test,0.05934538,0.0046848804,2020-05-08,2025-11-10,19417,1140,1,5,0.0013832858065143227
2025-12-17,688031,test,0.008225853,-0.01894103,2020-05-08,2025-11-10,19417,1140,1,5,0.0013832858065143227
2025-12-17,688045,test,-0.0061351196,0.0053955317,2020-05-08,2025-11-10,19417,1140,1,5,0.0013832858065143227
2025-12-17,688133,test,-0.0004088954,0.006482944,2020-05-08,2025-11-10,19417,1140,1,5,0.0013832858065143227
2025-12-17,688147,test,0.007922774,-0.0051288307,2020-05-08,2025-11-10,19417,1140,1,5,0.0013832858065143227
2025-12-17,688528,test,0.008430862,0.0077100396,2020-05-08,2025-11-10,19417,1140,1,5,0.0013832858065143227
2025-12-18,600025,test,-0.05627997,0.0040008426,2020-05-08,2025-11-10,19417,1140,1,5,0.0013832858065143227
2025-12-18,600051,test,-0.0025557827,0.002687782,2020-05-08,2025-11-10,19417,1140,1,5,0.0013832858065143227
2025-12-18,600127,test,-0.022822656,0.005946815,2020-05-08,2025-11-10,19417,1140,1,5,0.0013832858065143227
2025-12-18,600153,test,-0.019568434,0.005389616,2020-05-08,2025-11-10,19417,1140,1,5,0.0013832858065143227
2025-12-18,600548,test,-0.03473606,0.007017806,2020-05-08,2025-11-10,19417,1140,1,5,0.0013832858065143227
2025-12-18,600865,test,0.20788588,-0.022451416,2020-05-08,2025-11-10,19417,1140,1,5,0.0013832858065143227
2025-12-18,600967,test,-0.0026475054,0.0074851215,2020-05-08,2025-11-10,19417,1140,1,5,0.0013832858065143227
2025-12-18,601222,test,-0.030182594,0.006531462,2020-05-08,2025-11-10,19417,1140,1,5,0.0013832858065143227
2025-12-18,603237,test,-0.041022036,0.002693504,2020-05-08,2025-11-10,19417,1140,1,5,0.0013832858065143227
2025-12-18,603335,test,-0.00663187,0.0021294355,2020-05-08,2025-11-10,19417,1140,1,5,0.0013832858065143227
2025-12-18,603341,test,-0.025186254,0.0027352124,2020-05-08,2025-11-10,19417,1140,1,5,0.0013832858065143227
2025-12-18,603658,test,-0.03479859,0.006418243,2020-05-08,2025-11-10,19417,1140,1,5,0.0013832858065143227
2025-12-18,605090,test,0.06933086,0.0023179352,2020-05-08,2025-11-10,19417,1140,1,5,0.0013832858065143227
2025-12-18,605589,test,0.05742485,0.0055148154,2020-05-08,2025-11-10,19417,1140,1,5,0.0013832858065143227
2025-12-18,688031,test,-0.06823157,-0.019834831,2020-05-08,2025-11-10,19417,1140,1,5,0.0013832858065143227
2025-12-18,688045,test,-0.0065712426,0.006510198,2020-05-08,2025-11-10,19417,1140,1,5,0.0013832858065143227
2025-12-18,688133,test,0.0041970806,0.006267622,2020-05-08,2025-11-10,19417,1140,1,5,0.0013832858065143227
2025-12-18,688147,test,0.021999745,-0.003678605,2020-05-08,2025-11-10,19417,1140,1,5,0.0013832858065143227
2025-12-18,688528,test,-0.009603854,0.0075220466,2020-05-08,2025-11-10,19417,1140,1,5,0.0013832858065143227
2025-12-19,600025,test,-0.045863386,0.003654793,2020-05-08,2025-11-10,19417,1140,1,5,0.0013832858065143227
2025-12-19,600051,test,-0.021362137,0.002554521,2020-05-08,2025-11-10,19417,1140,1,5,0.0013832858065143227
2025-12-19,600127,test,-0.030969689,0.003387466,2020-05-08,2025-11-10,19417,1140,1,5,0.0013832858065143227
2025-12-19,600153,test,-0.00042363437,0.0050141066,2020-05-08,2025-11-10,19417,1140,1,5,0.0013832858065143227
2025-12-19,600548,test,-0.022148639,0.0073726177,2020-05-08,2025-11-10,19417,1140,1,5,0.0013832858065143227
2025-12-19,600865,test,0.15768889,-0.02400875,2020-05-08,2025-11-10,19417,1140,1,5,0.0013832858065143227
2025-12-19,600967,test,-0.008584606,0.0071891695,2020-05-08,2025-11-10,19417,1140,1,5,0.0013832858065143227
2025-12-19,601222,test,-0.030237371,0.0053207576,2020-05-08,2025-11-10,19417,1140,1,5,0.0013832858065143227
2025-12-19,603237,test,-0.05568915,0.0012616068,2020-05-08,2025-11-10,19417,1140,1,5,0.0013832858065143227
2025-12-19,603335,test,-0.047559068,0.0019582808,2020-05-08,2025-11-10,19417,1140,1,5,0.0013832858065143227
2025-12-19,603341,test,-0.02569712,0.0024689734,2020-05-08,2025-11-10,19417,1140,1,5,0.0013832858065143227
2025-12-19,603658,test,-0.027758114,0.006025642,2020-05-08,2025-11-10,19417,1140,1,5,0.0013832858065143227
2025-12-19,605090,test,0.07287292,0.0037463158,2020-05-08,2025-11-10,19417,1140,1,5,0.0013832858065143227
2025-12-19,605589,test,0.0476963,0.005605325,2020-05-08,2025-11-10,19417,1140,1,5,0.0013832858065143227
2025-12-19,688031,test,0.053631306,-0.01015608,2020-05-08,2025-11-10,19417,1140,1,5,0.0013832858065143227
2025-12-19,688045,test,-0.016552132,0.00786294,2020-05-08,2025-11-10,19417,1140,1,5,0.0013832858065143227
2025-12-19,688133,test,0.001626876,0.0068610907,2020-05-08,2025-11-10,19417,1140,1,5,0.0013832858065143227
2025-12-19,688147,test,0.035327688,-0.0012967587,2020-05-08,2025-11-10,19417,1140,1,5,0.0013832858065143227
2025-12-19,688528,test,-0.035998937,0.0076693594,2020-05-08,2025-11-10,19417,1140,1,5,0.0013832858065143227
2025-12-22,600025,test,-0.033457957,0.0025580972,2020-05-08,2025-11-10,19417,1140,1,5,0.0013832858065143227
2025-12-22,600051,test,-0.0068584345,0.003160417,2020-05-08,2025-11-10,19417,1140,1,5,0.0013832858065143227
2025-12-22,600127,test,-0.044669367,0.0033168942,2020-05-08,2025-11-10,19417,1140,1,5,0.0013832858065143227
2025-12-22,600153,test,0.0013645198,0.0052392334,2020-05-08,2025-11-10,19417,1140,1,5,0.0013832858065143227
2025-12-22,600548,test,-0.017304199,0.0068122745,2020-05-08,2025-11-10,19417,1140,1,5,0.0013832858065143227
2025-12-22,600865,test,-0.005653024,-0.024734005,2020-05-08,2025-11-10,19417,1140,1,5,0.0013832858065143227
2025-12-22,600967,test,-0.0063452893,0.0069681257,2020-05-08,2025-11-10,19417,1140,1,5,0.0013832858065143227
2025-12-22,601222,test,-0.023373585,0.0053146333,2020-05-08,2025-11-10,19417,1140,1,5,0.0013832858065143227
2025-12-22,603237,test,-0.037330925,0.0032755136,2020-05-08,2025-11-10,19417,1140,1,5,0.0013832858065143227
2025-12-22,603335,test,-0.026761351,0.0041231513,2020-05-08,2025-11-10,19417,1140,1,5,0.0013832858065143227
2025-12-22,603341,test,-0.017615778,0.003134057,2020-05-08,2025-11-10,19417,1140,1,5,0.0013832858065143227
2025-12-22,603658,test,-0.023131508,0.006879002,2020-05-08,2025-11-10,19417,1140,1,5,0.0013832858065143227
2025-12-22,605090,test,0.19467992,0.0049425364,2020-05-08,2025-11-10,19417,1140,1,5,0.0013832858065143227
2025-12-22,605589,test,0.031543795,0.004417807,2020-05-08,2025-11-10,19417,1140,1,5,0.0013832858065143227
2025-12-22,688031,test,0.026686743,-0.005327776,2020-05-08,2025-11-10,19417,1140,1,5,0.0013832858065143227
2025-12-22,688045,test,0.018404325,0.0073958337,2020-05-08,2025-11-10,19417,1140,1,5,0.0013832858065143227
2025-12-22,688133,test,0.007388128,0.0060766786,2020-05-08,2025-11-10,19417,1140,1,5,0.0013832858065143227
2025-12-22,688147,test,-0.028884318,-0.007937521,2020-05-08,2025-11-10,19417,1140,1,5,0.0013832858065143227
2025-12-22,688528,test,-0.008681683,0.0069851577,2020-05-08,2025-11-10,19417,1140,1,5,0.0013832858065143227
2025-12-23,600025,test,-0.025082696,0.002989903,2020-05-08,2025-11-10,19417,1140,1,5,0.0013832858065143227
2025-12-23,600051,test,0.00083482655,0.0036345422,2020-05-08,2025-11-10,19417,1140,1,5,0.0013832858065143227
2025-12-23,600127,test,-0.019161215,0.0036289692,2020-05-08,2025-11-10,19417,1140,1,5,0.0013832858065143227
2025-12-23,600153,test,-0.0077986144,0.004827827,2020-05-08,2025-11-10,19417,1140,1,5,0.0013832858065143227
2025-12-23,600548,test,-0.02133607,0.0049013495,2020-05-08,2025-11-10,19417,1140,1,5,0.0013832858065143227
2025-12-23,600865,test,-0.0638558,-0.01807712,2020-05-08,2025-11-10,19417,1140,1,5,0.0013832858065143227
2025-12-23,600967,test,0.026730074,0.0069707036,2020-05-08,2025-11-10,19417,1140,1,5,0.0013832858065143227
2025-12-23,601222,test,-0.011727133,0.0041078925,2020-05-08,2025-11-10,19417,1140,1,5,0.0013832858065143227
2025-12-23,603237,test,-0.016467357,0.005507618,2020-05-08,2025-11-10,19417,1140,1,5,0.0013832858065143227
2025-12-23,603335,test,-0.0027342115,0.005297467,2020-05-08,2025-11-10,19417,1140,1,5,0.0013832858065143227
2025-12-23,603341,test,0.0036121,0.0028752387,2020-05-08,2025-11-10,19417,1140,1,5,0.0013832858065143227
2025-12-23,603658,test,-0.0061954353,0.0074709356,2020-05-08,2025-11-10,19417,1140,1,5,0.0013832858065143227
2025-12-23,605090,test,0.15678798,0.005363509,2020-05-08,2025-11-10,19417,1140,1,5,0.0013832858065143227
2025-12-23,605589,test,0.020184692,0.00026655197,2020-05-08,2025-11-10,19417,1140,1,5,0.0013832858065143227
2025-12-23,688031,test,0.0047929883,-0.0024626702,2020-05-08,2025-11-10,19417,1140,1,5,0.0013832858065143227
2025-12-23,688045,test,0.015942471,0.0073285997,2020-05-08,2025-11-10,19417,1140,1,5,0.0013832858065143227
2025-12-23,688133,test,0.016361745,0.00507316,2020-05-08,2025-11-10,19417,1140,1,5,0.0013832858065143227
2025-12-23,688147,test,-0.08946755,-0.011381343,2020-05-08,2025-11-10,19417,1140,1,5,0.0013832858065143227
2025-12-23,688528,test,0.018579207,0.004712701,2020-05-08,2025-11-10,19417,1140,1,5,0.0013832858065143227
2025-12-24,600025,test,0.010427323,0.0040234774,2020-05-08,2025-11-10,19417,1140,1,5,0.0013832858065143227
2025-12-24,600051,test,0.030673351,0.0039024204,2020-05-08,2025-11-10,19417,1140,1,5,0.0013832858065143227
2025-12-24,600127,test,0.0062705143,0.004721403,2020-05-08,2025-11-10,19417,1140,1,5,0.0013832858065143227
2025-12-24,600153,test,0.0040004915,0.004468322,2020-05-08,2025-11-10,19417,1140,1,5,0.0013832858065143227
2025-12-24,600548,test,0.013225762,0.005504489,2020-05-08,2025-11-10,19417,1140,1,5,0.0013832858065143227
2025-12-24,600865,test,-0.14209983,-0.015297532,2020-05-08,2025-11-10,19417,1140,1,5,0.0013832858065143227
2025-12-24,600967,test,0.056721594,0.006473437,2020-05-08,2025-11-10,19417,1140,1,5,0.0013832858065143227
2025-12-24,601222,test,0.008725356,0.0034886152,2020-05-08,2025-11-10,19417,1140,1,5,0.0013832858065143227
2025-12-24,603237,test,0.020719202,0.0070429146,2020-05-08,2025-11-10,19417,1140,1,5,0.0013832858065143227
2025-12-24,603335,test,0.028458036,0.0067195594,2020-05-08,2025-11-10,19417,1140,1,5,0.0013832858065143227
2025-12-24,603341,test,0.01660606,0.0013188124,2020-05-08,2025-11-10,19417,1140,1,5,0.0013832858065143227
2025-12-24,603658,test,0.00947557,0.006793171,2020-05-08,2025-11-10,19417,1140,1,5,0.0013832858065143227
2025-12-24,605090,test,0.09430315,-0.0006376207,2020-05-08,2025-11-10,19417,1140,1,5,0.0013832858065143227
2025-12-24,605589,test,-0.011717517,-0.004486352,2020-05-08,2025-11-10,19417,1140,1,5,0.0013832858065143227
2025-12-24,688031,test,0.077067025,-0.0038116425,2020-05-08,2025-11-10,19417,1140,1,5,0.0013832858065143227
2025-12-24,688045,test,0.035544388,0.0050343126,2020-05-08,2025-11-10,19417,1140,1,5,0.0013832858065143227
2025-12-24,688133,test,0.029396068,0.00462763,2020-05-08,2025-11-10,19417,1140,1,5,0.0013832858065143227
2025-12-24,688147,test,-0.07747313,-0.009397,2020-05-08,2025-11-10,19417,1140,1,5,0.0013832858065143227
2025-12-24,688528,test,0.037946284,0.0060464293,2020-05-08,2025-11-10,19417,1140,1,5,0.0013832858065143227
2025-12-25,600025,test,-0.00011838052,0.005180776,2020-05-08,2025-11-10,19417,1140,1,5,0.0013832858065143227
2025-12-25,600051,test,0.0074130464,0.0033930242,2020-05-08,2025-11-10,19417,1140,1,5,0.0013832858065143227
2025-12-25,600127,test,0.00075026747,0.0051881224,2020-05-08,2025-11-10,19417,1140,1,5,0.0013832858065143227
2025-12-25,600153,test,3.2578828e-05,0.0056506097,2020-05-08,2025-11-10,19417,1140,1,5,0.0013832858065143227
2025-12-25,600548,test,0.0038764405,0.004961863,2020-05-08,2025-11-10,19417,1140,1,5,0.0013832858065143227
2025-12-25,600865,test,-0.22474355,-0.015131101,2020-05-08,2025-11-10,19417,1140,1,5,0.0013832858065143227
2025-12-25,600967,test,0.05900569,0.0068589747,2020-05-08,2025-11-10,19417,1140,1,5,0.0013832858065143227
2025-12-25,601222,test,0.006784798,0.004021287,2020-05-08,2025-11-10,19417,1140,1,5,0.0013832858065143227
2025-12-25,603237,test,0.013371242,0.007517606,2020-05-08,2025-11-10,19417,1140,1,5,0.0013832858065143227
2025-12-25,603335,test,-0.0053321193,0.0060935915,2020-05-08,2025-11-10,19417,1140,1,5,0.0013832858065143227
2025-12-25,603341,test,0.106049754,0.0030425638,2020-05-08,2025-11-10,19417,1140,1,5,0.0013832858065143227
2025-12-25,603658,test,0.018112063,0.005772814,2020-05-08,2025-11-10,19417,1140,1,5,0.0013832858065143227
2025-12-25,605090,test,0.10944968,-0.0046245605,2020-05-08,2025-11-10,19417,1140,1,5,0.0013832858065143227
2025-12-25,605589,test,-0.0031162102,-0.00269109,2020-05-08,2025-11-10,19417,1140,1,5,0.0013832858065143227
2025-12-25,688031,test,0.041090723,-0.0038970858,2020-05-08,2025-11-10,19417,1140,1,5,0.0013832858065143227
2025-12-25,688045,test,0.03634267,0.002913177,2020-05-08,2025-11-10,19417,1140,1,5,0.0013832858065143227
2025-12-25,688133,test,0.02426156,0.0053544194,2020-05-08,2025-11-10,19417,1140,1,5,0.0013832858065143227
2025-12-25,688147,test,-0.052797936,-0.0066712797,2020-05-08,2025-11-10,19417,1140,1,5,0.0013832858065143227
2025-12-25,688528,test,0.024179682,0.0053181946,2020-05-08,2025-11-10,19417,1140,1,5,0.0013832858065143227
2025-12-26,600025,test,-0.01906465,0.0038868934,2020-05-08,2025-11-10,19417,1140,1,5,0.0013832858065143227
2025-12-26,600051,test,-0.010131885,0.00315848,2020-05-08,2025-11-10,19417,1140,1,5,0.0013832858065143227
2025-12-26,600127,test,-0.034569062,0.0018406659,2020-05-08,2025-11-10,19417,1140,1,5,0.0013832858065143227
2025-12-26,600153,test,-0.024227228,0.0051364154,2020-05-08,2025-11-10,19417,1140,1,5,0.0013832858065143227
2025-12-26,600548,test,-0.017053057,0.005667731,2020-05-08,2025-11-10,19417,1140,1,5,0.0013832858065143227
2025-12-26,600865,test,-0.23695166,-0.010098174,2020-05-08,2025-11-10,19417,1140,1,5,0.0013832858065143227
2025-12-26,600967,test,0.05954376,0.006959468,2020-05-08,2025-11-10,19417,1140,1,5,0.0013832858065143227
2025-12-26,601222,test,-0.006051991,0.0029986352,2020-05-08,2025-11-10,19417,1140,1,5,0.0013832858065143227
2025-12-26,603237,test,-0.003672555,0.006250769,2020-05-08,2025-11-10,19417,1140,1,5,0.0013832858065143227
2025-12-26,603335,test,-0.011447675,0.0060751885,2020-05-08,2025-11-10,19417,1140,1,5,0.0013832858065143227
2025-12-26,603341,test,0.1265657,0.004577473,2020-05-08,2025-11-10,19417,1140,1,5,0.0013832858065143227
2025-12-26,603658,test,-0.0045339577,0.003875196,2020-05-08,2025-11-10,19417,1140,1,5,0.0013832858065143227
2025-12-26,605090,test,0.048178762,-0.0098321885,2020-05-08,2025-11-10,19417,1140,1,5,0.0013832858065143227
2025-12-26,605589,test,-0.0024511348,0.0013661236,2020-05-08,2025-11-10,19417,1140,1,5,0.0013832858065143227
2025-12-26,688031,test,0.19366585,-0.006821871,2020-05-08,2025-11-10,19417,1140,1,5,0.0013832858065143227
2025-12-26,688045,test,0.03776285,0.0034134388,2020-05-08,2025-11-10,19417,1140,1,5,0.0013832858065143227
2025-12-26,688133,test,0.02552257,0.0049524605,2020-05-08,2025-11-10,19417,1140,1,5,0.0013832858065143227
2025-12-26,688147,test,0.041049317,-0.0041200668,2020-05-08,2025-11-10,19417,1140,1,5,0.0013832858065143227
2025-12-26,688528,test,-0.0020137124,0.0060653836,2020-05-08,2025-11-10,19417,1140,1,5,0.0013832858065143227
2025-12-29,600025,test,-0.029333817,-0.00019982457,2020-05-08,2025-11-10,19417,1140,1,5,0.0013832858065143227
2025-12-29,600051,test,-0.038789004,0.0034141392,2020-05-08,2025-11-10,19417,1140,1,5,0.0013832858065143227
2025-12-29,600127,test,-0.039965123,0.0011342466,2020-05-08,2025-11-10,19417,1140,1,5,0.0013832858065143227
2025-12-29,600153,test,-0.04332112,0.0054907054,2020-05-08,2025-11-10,19417,1140,1,5,0.0013832858065143227
2025-12-29,600548,test,-0.033865545,0.0037951767,2020-05-08,2025-11-10,19417,1140,1,5,0.0013832858065143227
2025-12-29,600865,test,-0.16313075,-0.004692167,2020-05-08,2025-11-10,19417,1140,1,5,0.0013832858065143227
2025-12-29,600967,test,0.008283648,0.0065031797,2020-05-08,2025-11-10,19417,1140,1,5,0.0013832858065143227
2025-12-29,601222,test,-0.013742162,0.003633052,2020-05-08,2025-11-10,19417,1140,1,5,0.0013832858065143227
2025-12-29,603237,test,-0.019231314,0.0056549907,2020-05-08,2025-11-10,19417,1140,1,5,0.0013832858065143227
2025-12-29,603335,test,-0.054972883,0.006045252,2020-05-08,2025-11-10,19417,1140,1,5,0.0013832858065143227
2025-12-29,603341,test,0.12256825,0.0057065487,2020-05-08,2025-11-10,19417,1140,1,5,0.0013832858065143227
2025-12-29,603658,test,-0.0072323955,0.0015001595,2020-05-08,2025-11-10,19417,1140,1,5,0.0013832858065143227
2025-12-29,605090,test,-0.099850066,-0.016867086,2020-05-08,2025-11-10,19417,1140,1,5,0.0013832858065143227
2025-12-29,605589,test,0.01070806,0.0035299063,2020-05-08,2025-11-10,19417,1140,1,5,0.0013832858065143227
2025-12-29,688031,test,0.37870577,-0.007068813,2020-05-08,2025-11-10,19417,1140,1,5,0.0013832858065143227
2025-12-29,688045,test,0.0018499388,0.0028784573,2020-05-08,2025-11-10,19417,1140,1,5,0.0013832858065143227
2025-12-29,688133,test,0.0015619238,0.0056075156,2020-05-08,2025-11-10,19417,1140,1,5,0.0013832858065143227
2025-12-29,688147,test,0.104639545,-0.0041709244,2020-05-08,2025-11-10,19417,1140,1,5,0.0013832858065143227
2025-12-29,688528,test,-0.057072125,0.0064333975,2020-05-08,2025-11-10,19417,1140,1,5,0.0013832858065143227
2025-12-30,600025,test,-0.05480834,0.0007711947,2020-05-08,2025-11-10,19417,1140,1,5,0.0013832858065143227
2025-12-30,600051,test,-0.051890682,0.0042922795,2020-05-08,2025-11-10,19417,1140,1,5,0.0013832858065143227
2025-12-30,600127,test,-0.05659961,0.00017654896,2020-05-08,2025-11-10,19417,1140,1,5,0.0013832858065143227
2025-12-30,600153,test,-0.053771216,0.004705608,2020-05-08,2025-11-10,19417,1140,1,5,0.0013832858065143227
2025-12-30,600548,test,-0.057982143,0.003586918,2020-05-08,2025-11-10,19417,1140,1,5,0.0013832858065143227
2025-12-30,600865,test,-0.06833018,-0.00022399426,2020-05-08,2025-11-10,19417,1140,1,5,0.0013832858065143227
2025-12-30,600967,test,0.07260837,0.005008191,2020-05-08,2025-11-10,19417,1140,1,5,0.0013832858065143227
2025-12-30,601222,test,-0.042579446,0.004383862,2020-05-08,2025-11-10,19417,1140,1,5,0.0013832858065143227
2025-12-30,603237,test,-0.040777728,0.003530085,2020-05-08,2025-11-10,19417,1140,1,5,0.0013832858065143227
2025-12-30,603335,test,-0.064325675,0.00583449,2020-05-08,2025-11-10,19417,1140,1,5,0.0013832858065143227
2025-12-30,603341,test,0.09190525,0.005799085,2020-05-08,2025-11-10,19417,1140,1,5,0.0013832858065143227
2025-12-30,603658,test,-0.040165525,0.0027827919,2020-05-08,2025-11-10,19417,1140,1,5,0.0013832858065143227
2025-12-30,605090,test,-0.016320717,-0.01231204,2020-05-08,2025-11-10,19417,1140,1,5,0.0013832858065143227
2025-12-30,605589,test,-0.031096606,0.004736826,2020-05-08,2025-11-10,19417,1140,1,5,0.0013832858065143227
2025-12-30,688031,test,0.37092006,-0.0080290735,2020-05-08,2025-11-10,19417,1140,1,5,0.0013832858065143227
2025-12-30,688045,test,-0.010720231,0.0033359975,2020-05-08,2025-11-10,19417,1140,1,5,0.0013832858065143227
2025-12-30,688133,test,-0.011634056,0.0042392313,2020-05-08,2025-11-10,19417,1140,1,5,0.0013832858065143227
2025-12-30,688147,test,0.091447756,-0.004083261,2020-05-08,2025-11-10,19417,1140,1,5,0.0013832858065143227
2025-12-30,688528,test,-0.035261866,0.0058072507,2020-05-08,2025-11-10,19417,1140,1,5,0.0013832858065143227
2025-12-31,600025,test,-0.07318926,0.0035994202,2020-05-08,2025-11-10,19417,1140,1,5,0.0013832858065143227
2025-12-31,600051,test,-0.07559347,0.0041441023,2020-05-08,2025-11-10,19417,1140,1,5,0.0013832858065143227
2025-12-31,600127,test,-0.07196994,0.0009417385,2020-05-08,2025-11-10,19417,1140,1,5,0.0013832858065143227
2025-12-31,600153,test,-0.06100901,0.006346345,2020-05-08,2025-11-10,19417,1140,1,5,0.0013832858065143227
2025-12-31,600548,test,-0.08203488,0.00078098476,2020-05-08,2025-11-10,19417,1140,1,5,0.0013832858065143227
2025-12-31,600865,test,-0.036996074,0.0023417473,2020-05-08,2025-11-10,19417,1140,1,5,0.0013832858065143227
2025-12-31,600967,test,0.05303006,0.0015712827,2020-05-08,2025-11-10,19417,1140,1,5,0.0013832858065143227
2025-12-31,601222,test,-0.053476207,0.0057403147,2020-05-08,2025-11-10,19417,1140,1,5,0.0013832858065143227
2025-12-31,603237,test,-0.065310985,0.002464801,2020-05-08,2025-11-10,19417,1140,1,5,0.0013832858065143227
2025-12-31,603335,test,-0.07379372,0.0063216984,2020-05-08,2025-11-10,19417,1140,1,5,0.0013832858065143227
2025-12-31,603341,test,0.106749386,0.005223125,2020-05-08,2025-11-10,19417,1140,1,5,0.0013832858065143227
2025-12-31,603658,test,-0.03346768,0.0019892454,2020-05-08,2025-11-10,19417,1140,1,5,0.0013832858065143227
2025-12-31,605090,test,0.0014680781,-0.009957001,2020-05-08,2025-11-10,19417,1140,1,5,0.0013832858065143227
2025-12-31,605589,test,-0.022947982,0.0057478994,2020-05-08,2025-11-10,19417,1140,1,5,0.0013832858065143227
2025-12-31,688031,test,0.41646722,-0.013039976,2020-05-08,2025-11-10,19417,1140,1,5,0.0013832858065143227
2025-12-31,688045,test,-0.025328597,0.0040764213,2020-05-08,2025-11-10,19417,1140,1,5,0.0013832858065143227
2025-12-31,688133,test,0.077186406,0.004421428,2020-05-08,2025-11-10,19417,1140,1,5,0.0013832858065143227
2025-12-31,688147,test,0.06673646,-0.00015723705,2020-05-08,2025-11-10,19417,1140,1,5,0.0013832858065143227
2025-12-31,688528,test,-0.06789944,0.0058158934,2020-05-08,2025-11-10,19417,1140,1,5,0.0013832858065143227
2026-01-05,600025,test,-0.08898076,0.004214525,2020-05-08,2025-11-10,19417,1140,1,5,0.0013832858065143227
2026-01-05,600051,test,-0.09337346,0.003038779,2020-05-08,2025-11-10,19417,1140,1,5,0.0013832858065143227
2026-01-05,600127,test,-0.08657691,0.0024891049,2020-05-08,2025-11-10,19417,1140,1,5,0.0013832858065143227
2026-01-05,600153,test,-0.09779586,0.0066091865,2020-05-08,2025-11-10,19417,1140,1,5,0.0013832858065143227
2026-01-05,600548,test,-0.09430726,0.0037855208,2020-05-08,2025-11-10,19417,1140,1,5,0.0013832858065143227
2026-01-05,600865,test,-0.027935872,0.0023543537,2020-05-08,2025-11-10,19417,1140,1,5,0.0013832858065143227
2026-01-05,600967,test,0.038061682,-0.00043907762,2020-05-08,2025-11-10,19417,1140,1,5,0.0013832858065143227
2026-01-05,601222,test,-0.08007827,0.0063112676,2020-05-08,2025-11-10,19417,1140,1,5,0.0013832858065143227
2026-01-05,603237,test,-0.08687453,0.0028734654,2020-05-08,2025-11-10,19417,1140,1,5,0.0013832858065143227
2026-01-05,603335,test,-0.09818086,0.0071258247,2020-05-08,2025-11-10,19417,1140,1,5,0.0013832858065143227
2026-01-05,603341,test,0.014248342,-0.0001950115,2020-05-08,2025-11-10,19417,1140,1,5,0.0013832858065143227
2026-01-05,603658,test,-0.07079278,0.00082209706,2020-05-08,2025-11-10,19417,1140,1,5,0.0013832858065143227
2026-01-05,605090,test,0.041639015,-0.007975757,2020-05-08,2025-11-10,19417,1140,1,5,0.0013832858065143227
2026-01-05,605589,test,-0.0749437,0.005577132,2020-05-08,2025-11-10,19417,1140,1,5,0.0013832858065143227
2026-01-05,688031,test,0.7467102,-0.010347083,2020-05-08,2025-11-10,19417,1140,1,5,0.0013832858065143227
2026-01-05,688045,test,-0.05015845,0.0041270107,2020-05-08,2025-11-10,19417,1140,1,5,0.0013832858065143227
2026-01-05,688133,test,0.16188225,0.0027822405,2020-05-08,2025-11-10,19417,1140,1,5,0.0013832858065143227
2026-01-05,688147,test,0.041232485,0.0034903586,2020-05-08,2025-11-10,19417,1140,1,5,0.0013832858065143227
2026-01-05,688528,test,-0.06688154,0.0031007826,2020-05-08,2025-11-10,19417,1140,1,5,0.0013832858065143227
2026-01-06,600025,test,-0.052979365,0.0043862015,2020-05-08,2025-11-10,19417,1140,1,5,0.0013832858065143227
2026-01-06,600051,test,-0.057156406,0.0035041273,2020-05-08,2025-11-10,19417,1140,1,5,0.0013832858065143227
2026-01-06,600127,test,-0.06799935,0.0028083175,2020-05-08,2025-11-10,19417,1140,1,5,0.0013832858065143227
2026-01-06,600153,test,-0.07367076,0.0067905784,2020-05-08,2025-11-10,19417,1140,1,5,0.0013832858065143227
2026-01-06,600548,test,-0.06729556,0.0061724484,2020-05-08,2025-11-10,19417,1140,1,5,0.0013832858065143227
2026-01-06,600865,test,-0.10014973,0.0007032752,2020-05-08,2025-11-10,19417,1140,1,5,0.0013832858065143227
2026-01-06,600967,test,0.09953066,0.0010880828,2020-05-08,2025-11-10,19417,1140,1,5,0.0013832858065143227
2026-01-06,601222,test,-0.009584598,0.0055684894,2020-05-08,2025-11-10,19417,1140,1,5,0.0013832858065143227
2026-01-06,603237,test,-0.060292996,0.003265798,2020-05-08,2025-11-10,19417,1140,1,5,0.0013832858065143227
2026-01-06,603335,test,-0.07037885,0.0066149533,2020-05-08,2025-11-10,19417,1140,1,5,0.0013832858065143227
2026-01-06,603341,test,0.018467413,-0.0056856275,2020-05-08,2025-11-10,19417,1140,1,5,0.0013832858065143227
2026-01-06,603658,test,-0.03620254,0.0020176768,2020-05-08,2025-11-10,19417,1140,1,5,0.0013832858065143227
2026-01-06,605090,test,0.016993128,-0.0010570437,2020-05-08,2025-11-10,19417,1140,1,5,0.0013832858065143227
2026-01-06,605589,test,-0.062983155,0.0051283836,2020-05-08,2025-11-10,19417,1140,1,5,0.0013832858065143227
2026-01-06,688031,test,0.4642499,-0.013566241,2020-05-08,2025-11-10,19417,1140,1,5,0.0013832858065143227
2026-01-06,688045,test,-0.03042828,0.0045399815,2020-05-08,2025-11-10,19417,1140,1,5,0.0013832858065143227
2026-01-06,688133,test,0.14452444,0.0031238198,2020-05-08,2025-11-10,19417,1140,1,5,0.0013832858065143227
2026-01-06,688147,test,-0.07333004,0.003225863,2020-05-08,2025-11-10,19417,1140,1,5,0.0013832858065143227
2026-01-06,688528,test,-0.023919275,0.003531441,2020-05-08,2025-11-10,19417,1140,1,5,0.0013832858065143227
2026-01-07,600025,test,-0.048578914,0.0043175817,2020-05-08,2025-11-10,19417,1140,1,5,0.0013832858065143227
2026-01-07,600051,test,-0.03981324,0.004221499,2020-05-08,2025-11-10,19417,1140,1,5,0.0013832858065143227
2026-01-07,600127,test,-0.054028865,0.0035996437,2020-05-08,2025-11-10,19417,1140,1,5,0.0013832858065143227
2026-01-07,600153,test,-0.057385813,0.006503582,2020-05-08,2025-11-10,19417,1140,1,5,0.0013832858065143227
2026-01-07,600548,test,-0.061877415,0.0074427575,2020-05-08,2025-11-10,19417,1140,1,5,0.0013832858065143227
2026-01-07,600865,test,-0.16444017,-0.0020070374,2020-05-08,2025-11-10,19417,1140,1,5,0.0013832858065143227
2026-01-07,600967,test,0.093604654,0.004415244,2020-05-08,2025-11-10,19417,1140,1,5,0.0013832858065143227
2026-01-07,601222,test,-0.020979906,0.00493899,2020-05-08,2025-11-10,19417,1140,1,5,0.0013832858065143227
2026-01-07,603237,test,-0.052531064,0.004358962,2020-05-08,2025-11-10,19417,1140,1,5,0.0013832858065143227
2026-01-07,603335,test,-0.0511539,0.005205244,2020-05-08,2025-11-10,19417,1140,1,5,0.0013832858065143227
2026-01-07,603341,test,0.010478429,-0.004178658,2020-05-08,2025-11-10,19417,1140,1,5,0.0013832858065143227
2026-01-07,603658,test,-0.03489241,0.0034320205,2020-05-08,2025-11-10,19417,1140,1,5,0.0013832858065143227
2026-01-07,605090,test,0.058987856,0.004408568,2020-05-08,2025-11-10,19417,1140,1,5,0.0013832858065143227
2026-01-07,605589,test,-0.081906945,0.0027957708,2020-05-08,2025-11-10,19417,1140,1,5,0.0013832858065143227
2026-01-07,688031,test,0.4662571,-0.01746422,2020-05-08,2025-11-10,19417,1140,1,5,0.0013832858065143227
2026-01-07,688045,test,-0.0025637792,0.004845783,2020-05-08,2025-11-10,19417,1140,1,5,0.0013832858065143227
2026-01-07,688133,test,0.19447932,0.0050573647,2020-05-08,2025-11-10,19417,1140,1,5,0.0013832858065143227
2026-01-07,688147,test,-0.13389927,-5.2034855e-05,2020-05-08,2025-11-10,19417,1140,1,5,0.0013832858065143227
2026-01-07,688528,test,0.021979865,0.0043745786,2020-05-08,2025-11-10,19417,1140,1,5,0.0013832858065143227
2026-01-08,600025,test,-0.020771254,0.004159607,2020-05-08,2026-01-07,20177,1140,1,5,0.0029073488432914017
2026-01-08,600051,test,-0.01725208,0.009644918,2020-05-08,2026-01-07,20177,1140,1,5,0.0029073488432914017
2026-01-08,600127,test,-0.02811143,0.004447706,2020-05-08,2026-01-07,20177,1140,1,5,0.0029073488432914017
2026-01-08,600153,test,-0.03167896,0.0040209442,2020-05-08,2026-01-07,20177,1140,1,5,0.0029073488432914017
2026-01-08,600548,test,-0.029697515,0.0039287806,2020-05-08,2026-01-07,20177,1140,1,5,0.0029073488432914017
2026-01-08,600865,test,-0.18580914,-0.004332125,2020-05-08,2026-01-07,20177,1140,1,5,0.0029073488432914017
2026-01-08,600967,test,0.037843313,-0.0058920793,2020-05-08,2026-01-07,20177,1140,1,5,0.0029073488432914017
2026-01-08,601222,test,0.0033125316,0.006880462,2020-05-08,2026-01-07,20177,1140,1,5,0.0029073488432914017
2026-01-08,603237,test,-0.018648343,0.0069084167,2020-05-08,2026-01-07,20177,1140,1,5,0.0029073488432914017
2026-01-08,603335,test,-0.04122865,0.005254708,2020-05-08,2026-01-07,20177,1140,1,5,0.0029073488432914017
2026-01-08,603341,test,0.011628642,-0.00893341,2020-05-08,2026-01-07,20177,1140,1,5,0.0029073488432914017
2026-01-08,603658,test,-0.011750926,0.008941069,2020-05-08,2026-01-07,20177,1140,1,5,0.0029073488432914017
2026-01-08,605090,test,-0.013719677,0.0060134605,2020-05-08,2026-01-07,20177,1140,1,5,0.0029073488432914017
2026-01-08,605589,test,-0.014317111,0.0071606264,2020-05-08,2026-01-07,20177,1140,1,5,0.0029073488432914017
2026-01-08,688031,test,0.20213501,-0.02196075,2020-05-08,2026-01-07,20177,1140,1,5,0.0029073488432914017
2026-01-08,688045,test,0.0077717234,0.008804798,2020-05-08,2026-01-07,20177,1140,1,5,0.0029073488432914017
2026-01-08,688133,test,0.1266594,0.009121835,2020-05-08,2026-01-07,20177,1140,1,5,0.0029073488432914017
2026-01-08,688147,test,-0.0030074706,-0.0014412105,2020-05-08,2026-01-07,20177,1140,1,5,0.0029073488432914017
2026-01-08,688528,test,-0.0031791972,0.0068221614,2020-05-08,2026-01-07,20177,1140,1,5,0.0029073488432914017
2026-01-09,600025,test,-0.0042115944,0.0040894523,2020-05-08,2026-01-07,20177,1140,1,5,0.0029073488432914017
2026-01-09,600051,test,0.00042528458,0.009524278,2020-05-08,2026-01-07,20177,1140,1,5,0.0029073488432914017
2026-01-09,600127,test,-0.01633984,0.004279755,2020-05-08,2026-01-07,20177,1140,1,5,0.0029073488432914017
2026-01-09,600153,test,-0.03674272,0.004643902,2020-05-08,2026-01-07,20177,1140,1,5,0.0029073488432914017
2026-01-09,600548,test,-0.017729191,0.003918998,2020-05-08,2026-01-07,20177,1140,1,5,0.0029073488432914017
2026-01-09,600865,test,-0.17921926,-0.0057501867,2020-05-08,2026-01-07,20177,1140,1,5,0.0029073488432914017
2026-01-09,600967,test,-0.0043406766,-0.0037981197,2020-05-08,2026-01-07,20177,1140,1,5,0.0029073488432914017
2026-01-09,601222,test,0.033434983,0.007831231,2020-05-08,2026-01-07,20177,1140,1,5,0.0029073488432914017
2026-01-09,603237,test,-0.00394837,0.007095471,2020-05-08,2026-01-07,20177,1140,1,5,0.0029073488432914017
2026-01-09,603335,test,-0.000435609,0.0053098425,2020-05-08,2026-01-07,20177,1140,1,5,0.0029073488432914017
2026-01-09,603341,test,-0.012072869,-0.0053380877,2020-05-08,2026-01-07,20177,1140,1,5,0.0029073488432914017
2026-01-09,603658,test,-0.01315066,0.009397738,2020-05-08,2026-01-07,20177,1140,1,5,0.0029073488432914017
2026-01-09,605090,test,-0.04050207,0.0045225844,2020-05-08,2026-01-07,20177,1140,1,5,0.0029073488432914017
2026-01-09,605589,test,-0.007824284,0.008041002,2020-05-08,2026-01-07,20177,1140,1,5,0.0029073488432914017
2026-01-09,688031,test,0.09065787,-0.02501605,2020-05-08,2026-01-07,20177,1140,1,5,0.0029073488432914017
2026-01-09,688045,test,0.04809248,0.009226806,2020-05-08,2026-01-07,20177,1140,1,5,0.0029073488432914017
2026-01-09,688133,test,0.024490997,-0.0010199696,2020-05-08,2026-01-07,20177,1140,1,5,0.0029073488432914017
2026-01-09,688147,test,0.09575701,0.0018862486,2020-05-08,2026-01-07,20177,1140,1,5,0.0029073488432914017
2026-01-09,688528,test,0.008091752,0.006648816,2020-05-08,2026-01-07,20177,1140,1,5,0.0029073488432914017
2026-01-12,600025,test,0.014872815,0.0035131872,2020-05-08,2026-01-07,20177,1140,1,5,0.0029073488432914017
2026-01-12,600051,test,0.035203032,0.009734601,2020-05-08,2026-01-07,20177,1140,1,5,0.0029073488432914017
2026-01-12,600127,test,0.008675088,0.003995687,2020-05-08,2026-01-07,20177,1140,1,5,0.0029073488432914017
2026-01-12,600153,test,-0.041533392,0.005027935,2020-05-08,2026-01-07,20177,1140,1,5,0.0029073488432914017
2026-01-12,600548,test,-0.00077544124,0.0033783987,2020-05-08,2026-01-07,20177,1140,1,5,0.0029073488432914017
2026-01-12,600865,test,-0.1826286,-0.0060210004,2020-05-08,2026-01-07,20177,1140,1,5,0.0029073488432914017
2026-01-12,600967,test,-0.011417736,-0.00026287884,2020-05-08,2026-01-07,20177,1140,1,5,0.0029073488432914017
2026-01-12,601222,test,0.06834953,0.008496001,2020-05-08,2026-01-07,20177,1140,1,5,0.0029073488432914017
2026-01-12,603237,test,0.023950372,0.006670393,2020-05-08,2026-01-07,20177,1140,1,5,0.0029073488432914017
2026-01-12,603335,test,0.07054052,0.005774237,2020-05-08,2026-01-07,20177,1140,1,5,0.0029073488432914017
2026-01-12,603341,test,-0.037422802,-0.00082241744,2020-05-08,2026-01-07,20177,1140,1,5,0.0029073488432914017
2026-01-12,603658,test,0.0035884103,0.009527512,2020-05-08,2026-01-07,20177,1140,1,5,0.0029073488432914017
2026-01-12,605090,test,-0.07003673,0.0020735487,2020-05-08,2026-01-07,20177,1140,1,5,0.0029073488432914017
2026-01-12,605589,test,0.030940533,0.008535184,2020-05-08,2026-01-07,20177,1140,1,5,0.0029073488432914017
2026-01-12,688031,test,-0.012565008,-0.028464373,2020-05-08,2026-01-07,20177,1140,1,5,0.0029073488432914017
2026-01-12,688045,test,0.036534064,0.009221427,2020-05-08,2026-01-07,20177,1140,1,5,0.0029073488432914017
2026-01-12,688133,test,-0.05545266,-0.01051598,2020-05-08,2026-01-07,20177,1140,1,5,0.0029073488432914017
2026-01-12,688147,test,0.081296444,0.003569208,2020-05-08,2026-01-07,20177,1140,1,5,0.0029073488432914017
2026-01-12,688528,test,0.0356333,0.006028138,2020-05-08,2026-01-07,20177,1140,1,5,0.0029073488432914017
2026-01-13,600025,test,0.013947199,0.0035795495,2020-05-08,2026-01-07,20177,1140,1,5,0.0029073488432914017
2026-01-13,600051,test,0.024414172,0.009025045,2020-05-08,2026-01-07,20177,1140,1,5,0.0029073488432914017
2026-01-13,600127,test,0.008364513,0.0031786412,2020-05-08,2026-01-07,20177,1140,1,5,0.0029073488432914017
2026-01-13,600153,test,-0.016464112,0.0046060085,2020-05-08,2026-01-07,20177,1140,1,5,0.0029073488432914017
2026-01-13,600548,test,0.012245551,0.0033636168,2020-05-08,2026-01-07,20177,1140,1,5,0.0029073488432914017
2026-01-13,600865,test,-0.12766117,-0.005617641,2020-05-08,2026-01-07,20177,1140,1,5,0.0029073488432914017
2026-01-13,600967,test,-0.104058795,-0.0015185848,2020-05-08,2026-01-07,20177,1140,1,5,0.0029073488432914017
2026-01-13,601222,test,0.012810522,0.0037580505,2020-05-08,2026-01-07,20177,1140,1,5,0.0029073488432914017
2026-01-13,603237,test,0.026344815,0.006663069,2020-05-08,2026-01-07,20177,1140,1,5,0.0029073488432914017
2026-01-13,603335,test,0.05103556,0.005370982,2020-05-08,2026-01-07,20177,1140,1,5,0.0029073488432914017
2026-01-13,603341,test,-0.06295784,0.0032310188,2020-05-08,2026-01-07,20177,1140,1,5,0.0029073488432914017
2026-01-13,603658,test,-0.014270116,0.009876646,2020-05-08,2026-01-07,20177,1140,1,5,0.0029073488432914017
2026-01-13,605090,test,-0.0028132831,0.003837496,2020-05-08,2026-01-07,20177,1140,1,5,0.0029073488432914017
2026-01-13,605589,test,0.024217848,0.008722149,2020-05-08,2026-01-07,20177,1140,1,5,0.0029073488432914017
2026-01-13,688031,test,0.01176504,-0.027176596,2020-05-08,2026-01-07,20177,1140,1,5,0.0029073488432914017
2026-01-13,688045,test,0.03488551,0.009344928,2020-05-08,2026-01-07,20177,1140,1,5,0.0029073488432914017
2026-01-13,688133,test,-0.025294,-0.01116097,2020-05-08,2026-01-07,20177,1140,1,5,0.0029073488432914017
2026-01-13,688147,test,0.13655643,0.0043594316,2020-05-08,2026-01-07,20177,1140,1,5,0.0029073488432914017
2026-01-13,688528,test,0.025183098,0.0062654614,2020-05-08,2026-01-07,20177,1140,1,5,0.0029073488432914017
2026-01-14,600025,test,-0.005374822,0.0035958663,2020-05-08,2026-01-07,20177,1140,1,5,0.0029073488432914017
2026-01-14,600051,test,0.021681493,0.009112202,2020-05-08,2026-01-07,20177,1140,1,5,0.0029073488432914017
2026-01-14,600127,test,-0.0038237008,0.0028638318,2020-05-08,2026-01-07,20177,1140,1,5,0.0029073488432914017
2026-01-14,600153,test,-0.021753978,0.002569832,2020-05-08,2026-01-07,20177,1140,1,5,0.0029073488432914017
2026-01-14,600548,test,0.005040607,0.0029255375,2020-05-08,2026-01-07,20177,1140,1,5,0.0029073488432914017
2026-01-14,600865,test,-0.0878466,-0.0038112327,2020-05-08,2026-01-07,20177,1140,1,5,0.0029073488432914017
2026-01-14,600967,test,-0.07904914,0.0023913682,2020-05-08,2026-01-07,20177,1140,1,5,0.0029073488432914017
2026-01-14,601222,test,0.009200755,0.005675398,2020-05-08,2026-01-07,20177,1140,1,5,0.0029073488432914017
2026-01-14,603237,test,0.013331156,0.0061333925,2020-05-08,2026-01-07,20177,1140,1,5,0.0029073488432914017
2026-01-14,603335,test,0.084813334,0.005104445,2020-05-08,2026-01-07,20177,1140,1,5,0.0029073488432914017
2026-01-14,603341,test,-0.06254833,0.005803846,2020-05-08,2026-01-07,20177,1140,1,5,0.0029073488432914017
2026-01-14,603658,test,-0.023129763,0.009618506,2020-05-08,2026-01-07,20177,1140,1,5,0.0029073488432914017
2026-01-14,605090,test,0.027405942,0.0052719265,2020-05-08,2026-01-07,20177,1140,1,5,0.0029073488432914017
2026-01-14,605589,test,0.031049237,0.008662455,2020-05-08,2026-01-07,20177,1140,1,5,0.0029073488432914017
2026-01-14,688031,test,-0.05961557,-0.028638318,2020-05-08,2026-01-07,20177,1140,1,5,0.0029073488432914017
2026-01-14,688045,test,0.028802158,0.008148193,2020-05-08,2026-01-07,20177,1140,1,5,0.0029073488432914017
2026-01-14,688133,test,-0.044021834,-0.014199708,2020-05-08,2026-01-07,20177,1140,1,5,0.0029073488432914017
2026-01-14,688147,test,0.102839306,0.0045856014,2020-05-08,2026-01-07,20177,1140,1,5,0.0029073488432914017
2026-01-14,688528,test,0.016863624,0.0065747425,2020-05-08,2026-01-07,20177,1140,1,5,0.0029073488432914017
2026-01-15,600025,test,-0.032362543,0.0038279518,2020-05-08,2026-01-07,20177,1140,1,5,0.0029073488432914017
2026-01-15,600051,test,0.012297389,0.008828342,2020-05-08,2026-01-07,20177,1140,1,5,0.0029073488432914017
2026-01-15,600127,test,-0.011232023,0.0025975928,2020-05-08,2026-01-07,20177,1140,1,5,0.0029073488432914017
2026-01-15,600153,test,-0.029077878,0.0026442334,2020-05-08,2026-01-07,20177,1140,1,5,0.0029073488432914017
2026-01-15,600548,test,-0.0072284755,0.0024675354,2020-05-08,2026-01-07,20177,1140,1,5,0.0029073488432914017
2026-01-15,600865,test,-0.06674135,-0.0013858154,2020-05-08,2026-01-07,20177,1140,1,5,0.0029073488432914017
2026-01-15,600967,test,-0.10628197,0.0027907416,2020-05-08,2026-01-07,20177,1140,1,5,0.0029073488432914017
2026-01-15,601222,test,-0.007502688,0.0062760785,2020-05-08,2026-01-07,20177,1140,1,5,0.0029073488432914017
2026-01-15,603237,test,-0.009350777,0.005834289,2020-05-08,2026-01-07,20177,1140,1,5,0.0029073488432914017
2026-01-15,603335,test,0.05184521,0.0047094077,2020-05-08,2026-01-07,20177,1140,1,5,0.0029073488432914017
2026-01-15,603341,test,-0.078845724,0.007223733,2020-05-08,2026-01-07,20177,1140,1,5,0.0029073488432914017
2026-01-15,603658,test,-0.038853813,0.009804055,2020-05-08,2026-01-07,20177,1140,1,5,0.0029073488432914017
2026-01-15,605090,test,0.1277431,0.003981255,2020-05-08,2026-01-07,20177,1140,1,5,0.0029073488432914017
2026-01-15,605589,test,-0.008320197,0.007077478,2020-05-08,2026-01-07,20177,1140,1,5,0.0029073488432914017
2026-01-15,688031,test,0.15127769,-0.018815167,2020-05-08,2026-01-07,20177,1140,1,5,0.0029073488432914017
2026-01-15,688045,test,0.09693885,0.00783363,2020-05-08,2026-01-07,20177,1140,1,5,0.0029073488432914017
2026-01-15,688133,test,-0.0278215,-0.012252882,2020-05-08,2026-01-07,20177,1140,1,5,0.0029073488432914017
2026-01-15,688147,test,-0.04116496,-0.0013194978,2020-05-08,2026-01-07,20177,1140,1,5,0.0029073488432914017
2026-01-15,688528,test,0.021205252,0.0056565106,2020-05-08,2026-01-07,20177,1140,1,5,0.0029073488432914017
2026-01-16,600025,test,-0.0608673,0.003228955,2020-05-08,2026-01-07,20177,1140,1,5,0.0029073488432914017
2026-01-16,600051,test,-0.008958982,0.009237304,2020-05-08,2026-01-07,20177,1140,1,5,0.0029073488432914017
2026-01-16,600127,test,-0.023878891,0.0024688318,2020-05-08,2026-01-07,20177,1140,1,5,0.0029073488432914017
2026-01-16,600153,test,-0.026483057,0.0029812828,2020-05-08,2026-01-07,20177,1140,1,5,0.0029073488432914017
2026-01-16,600548,test,-0.022267643,0.002214782,2020-05-08,2026-01-07,20177,1140,1,5,0.0029073488432914017
2026-01-16,600865,test,-0.043690078,-0.00045826286,2020-05-08,2026-01-07,20177,1140,1,5,0.0029073488432914017
2026-01-16,600967,test,-0.08407316,0.0058616325,2020-05-08,2026-01-07,20177,1140,1,5,0.0029073488432914017
2026-01-16,601222,test,-0.019674068,0.0031387433,2020-05-08,2026-01-07,20177,1140,1,5,0.0029073488432914017
2026-01-16,603237,test,-0.028035052,0.0062089935,2020-05-08,2026-01-07,20177,1140,1,5,0.0029073488432914017
2026-01-16,603335,test,0.0038893316,0.00093822926,2020-05-08,2026-01-07,20177,1140,1,5,0.0029073488432914017
2026-01-16,603341,test,-0.06296135,0.008072339,2020-05-08,2026-01-07,20177,1140,1,5,0.0029073488432914017
2026-01-16,603658,test,-0.040767502,0.009868041,2020-05-08,2026-01-07,20177,1140,1,5,0.0029073488432914017
2026-01-16,605090,test,0.09482136,0.0034831017,2020-05-08,2026-01-07,20177,1140,1,5,0.0029073488432914017
2026-01-16,605589,test,-0.010388584,0.0072150603,2020-05-08,2026-01-07,20177,1140,1,5,0.0029073488432914017
2026-01-16,688031,test,0.20866798,-0.013701223,2020-05-08,2026-01-07,20177,1140,1,5,0.0029073488432914017
2026-01-16,688045,test,0.18097186,0.0045332164,2020-05-08,2026-01-07,20177,1140,1,5,0.0029073488432914017
2026-01-16,688133,test,0.025322735,-0.005528573,2020-05-08,2026-01-07,20177,1140,1,5,0.0029073488432914017
2026-01-16,688147,test,-0.076303646,-0.008571684,2020-05-08,2026-01-07,20177,1140,1,5,0.0029073488432914017
2026-01-16,688528,test,0.02185452,0.006524481,2020-05-08,2026-01-07,20177,1140,1,5,0.0029073488432914017
2026-01-19,600025,test,-0.041587505,0.0046268776,2020-05-08,2026-01-07,20177,1140,1,5,0.0029073488432914017
2026-01-19,600051,test,-0.009577262,0.0084179565,2020-05-08,2026-01-07,20177,1140,1,5,0.0029073488432914017
2026-01-19,600127,test,0.0048975903,0.0020712465,2020-05-08,2026-01-07,20177,1140,1,5,0.0029073488432914017
2026-01-19,600153,test,0.018316016,0.002095282,2020-05-08,2026-01-07,20177,1140,1,5,0.0029073488432914017
2026-01-19,600548,test,-0.0001369782,0.0030413345,2020-05-08,2026-01-07,20177,1140,1,5,0.0029073488432914017
2026-01-19,600865,test,-0.057636146,0.00039672107,2020-05-08,2026-01-07,20177,1140,1,5,0.0029073488432914017
2026-01-19,600967,test,-0.0914108,0.006741084,2020-05-08,2026-01-07,20177,1140,1,5,0.0029073488432914017
2026-01-19,601222,test,-0.030858703,0.0034094527,2020-05-08,2026-01-07,20177,1140,1,5,0.0029073488432914017
2026-01-19,603237,test,-0.019377636,0.005762145,2020-05-08,2026-01-07,20177,1140,1,5,0.0029073488432914017
2026-01-19,603335,test,-0.00052154844,-0.00394278,2020-05-08,2026-01-07,20177,1140,1,5,0.0029073488432914017
2026-01-19,603341,test,-0.07439703,0.008566707,2020-05-08,2026-01-07,20177,1140,1,5,0.0029073488432914017
2026-01-19,603658,test,0.014017627,0.00973434,2020-05-08,2026-01-07,20177,1140,1,5,0.0029073488432914017
2026-01-19,605090,test,0.040887684,0.00012557954,2020-05-08,2026-01-07,20177,1140,1,5,0.0029073488432914017
2026-01-19,605589,test,-0.023843652,0.007662162,2020-05-08,2026-01-07,20177,1140,1,5,0.0029073488432914017
2026-01-19,688031,test,0.13380432,-0.0138771795,2020-05-08,2026-01-07,20177,1140,1,5,0.0029073488432914017
2026-01-19,688045,test,0.23483041,0.006388508,2020-05-08,2026-01-07,20177,1140,1,5,0.0029073488432914017
2026-01-19,688133,test,-0.0060502323,-0.0010561273,2020-05-08,2026-01-07,20177,1140,1,5,0.0029073488432914017
2026-01-19,688147,test,-0.08238887,-0.0030669346,2020-05-08,2026-01-07,20177,1140,1,5,0.0029073488432914017
2026-01-19,688528,test,-0.02142133,0.00452964,2020-05-08,2026-01-07,20177,1140,1,5,0.0029073488432914017
2026-01-20,600025,test,-0.06338769,0.004750848,2020-05-08,2026-01-07,20177,1140,1,5,0.0029073488432914017
2026-01-20,600051,test,-0.022793666,0.009004317,2020-05-08,2026-01-07,20177,1140,1,5,0.0029073488432914017
2026-01-20,600127,test,-0.012962798,0.002258353,2020-05-08,2026-01-07,20177,1140,1,5,0.0029073488432914017
2026-01-20,600153,test,-0.021411154,-0.0008023605,2020-05-08,2026-01-07,20177,1140,1,5,0.0029073488432914017
2026-01-20,600548,test,-0.029163092,0.0014015958,2020-05-08,2026-01-07,20177,1140,1,5,0.0029073488432914017
2026-01-20,600865,test,-0.03204286,0.0017071739,2020-05-08,2026-01-07,20177,1140,1,5,0.0029073488432914017
2026-01-20,600967,test,-0.04451397,0.0062579587,2020-05-08,2026-01-07,20177,1140,1,5,0.0029073488432914017
2026-01-20,601222,test,-0.0375383,0.006386377,2020-05-08,2026-01-07,20177,1140,1,5,0.0029073488432914017
2026-01-20,603237,test,-0.04068383,0.0070394278,2020-05-08,2026-01-07,20177,1140,1,5,0.0029073488432914017
2026-01-20,603335,test,-0.008720162,-0.00039001554,2020-05-08,2026-01-07,20177,1140,1,5,0.0029073488432914017
2026-01-20,603341,test,-0.03164551,0.008218296,2020-05-08,2026-01-07,20177,1140,1,5,0.0029073488432914017
2026-01-20,603658,test,0.00607681,0.009243242,2020-05-08,2026-01-07,20177,1140,1,5,0.0029073488432914017
2026-01-20,605090,test,0.011717411,-0.0026797578,2020-05-08,2026-01-07,20177,1140,1,5,0.0029073488432914017
2026-01-20,605589,test,-0.013778477,0.008067228,2020-05-08,2026-01-07,20177,1140,1,5,0.0029073488432914017
2026-01-20,688031,test,0.14101154,-0.013511665,2020-05-08,2026-01-07,20177,1140,1,5,0.0029073488432914017
2026-01-20,688045,test,0.28150514,0.007013656,2020-05-08,2026-01-07,20177,1140,1,5,0.0029073488432914017
2026-01-20,688133,test,-0.011444377,-0.00073529035,2020-05-08,2026-01-07,20177,1140,1,5,0.0029073488432914017
2026-01-20,688147,test,-0.068757,-0.0003251806,2020-05-08,2026-01-07,20177,1140,1,5,0.0029073488432914017
2026-01-20,688528,test,-0.010758185,0.0055410117,2020-05-08,2026-01-07,20177,1140,1,5,0.0029073488432914017
2026-01-21,600025,test,-0.033390004,0.006298505,2020-05-08,2026-01-07,20177,1140,1,5,0.0029073488432914017
2026-01-21,600051,test,-0.0037369651,0.009873055,2020-05-08,2026-01-07,20177,1140,1,5,0.0029073488432914017
2026-01-21,600127,test,0.03484097,0.002102472,2020-05-08,2026-01-07,20177,1140,1,5,0.0029073488432914017
2026-01-21,600153,test,0.005893105,0.0008461848,2020-05-08,2026-01-07,20177,1140,1,5,0.0029073488432914017
2026-01-21,600548,test,0.008282634,0.003937915,2020-05-08,2026-01-07,20177,1140,1,5,0.0029073488432914017
2026-01-21,600865,test,-0.0062750364,0.0030019656,2020-05-08,2026-01-07,20177,1140,1,5,0.0029073488432914017
2026-01-21,600967,test,-0.05446781,0.006039463,2020-05-08,2026-01-07,20177,1140,1,5,0.0029073488432914017
2026-01-21,601222,test,-0.013031793,0.009016223,2020-05-08,2026-01-07,20177,1140,1,5,0.0029073488432914017
2026-01-21,603237,test,-0.018413765,0.008631438,2020-05-08,2026-01-07,20177,1140,1,5,0.0029073488432914017
2026-01-21,603335,test,-0.021225203,-0.002812706,2020-05-08,2026-01-07,20177,1140,1,5,0.0029073488432914017
2026-01-21,603341,test,-0.030349111,0.007259153,2020-05-08,2026-01-07,20177,1140,1,5,0.0029073488432914017
2026-01-21,603658,test,0.008390906,0.008563079,2020-05-08,2026-01-07,20177,1140,1,5,0.0029073488432914017
2026-01-21,605090,test,-0.030551791,-0.008923672,2020-05-08,2026-01-07,20177,1140,1,5,0.0029073488432914017
2026-01-21,605589,test,0.007883673,0.006610714,2020-05-08,2026-01-07,20177,1140,1,5,0.0029073488432914017
2026-01-21,688031,test,-0.054361396,-0.014398657,2020-05-08,2026-01-07,20177,1140,1,5,0.0029073488432914017
2026-01-21,688045,test,0.33904707,0.0056555197,2020-05-08,2026-01-07,20177,1140,1,5,0.0029073488432914017
2026-01-21,688133,test,-0.0421446,-0.00026843697,2020-05-08,2026-01-07,20177,1140,1,5,0.0029073488432914017
2026-01-21,688147,test,-0.025278632,0.0034731105,2020-05-08,2026-01-07,20177,1140,1,5,0.0029073488432914017
2026-01-21,688528,test,-0.012319941,0.0051888824,2020-05-08,2026-01-07,20177,1140,1,5,0.0029073488432914017
2026-01-22,600025,test,-0.0029301983,0.006484516,2020-05-08,2026-01-07,20177,1140,1,5,0.0029073488432914017
2026-01-22,600051,test,-0.00407251,0.009875096,2020-05-08,2026-01-07,20177,1140,1,5,0.0029073488432914017
2026-01-22,600127,test,0.05110865,0.0033045337,2020-05-08,2026-01-07,20177,1140,1,5,0.0029073488432914017
2026-01-22,600153,test,0.042839255,0.001177445,2020-05-08,2026-01-07,20177,1140,1,5,0.0029073488432914017
2026-01-22,600548,test,0.030094156,0.005325429,2020-05-08,2026-01-07,20177,1140,1,5,0.0029073488432914017
2026-01-22,600865,test,-0.008810674,0.0026773438,2020-05-08,2026-01-07,20177,1140,1,5,0.0029073488432914017
2026-01-22,600967,test,-0.060245316,0.004824929,2020-05-08,2026-01-07,20177,1140,1,5,0.0029073488432914017
2026-01-22,601222,test,-0.008494939,0.010216653,2020-05-08,2026-01-07,20177,1140,1,5,0.0029073488432914017
2026-01-22,603237,test,0.0019464336,0.009196259,2020-05-08,2026-01-07,20177,1140,1,5,0.0029073488432914017
2026-01-22,603335,test,-0.0083116405,0.0012218133,2020-05-08,2026-01-07,20177,1140,1,5,0.0029073488432914017
2026-01-22,603341,test,-0.02290972,0.0062455684,2020-05-08,2026-01-07,20177,1140,1,5,0.0029073488432914017
2026-01-22,603658,test,0.022928033,0.00833495,2020-05-08,2026-01-07,20177,1140,1,5,0.0029073488432914017
2026-01-22,605090,test,-0.07956468,-0.013627943,2020-05-08,2026-01-07,20177,1140,1,5,0.0029073488432914017
2026-01-22,605589,test,-0.016320795,0.007426463,2020-05-08,2026-01-07,20177,1140,1,5,0.0029073488432914017
2026-01-22,688031,test,0.021297632,-0.011902168,2020-05-08,2026-01-07,20177,1140,1,5,0.0029073488432914017
2026-01-22,688045,test,0.21571757,-0.0069012046,2020-05-08,2026-01-07,20177,1140,1,5,0.0029073488432914017
2026-01-22,688133,test,-0.040717393,0.0028608218,2020-05-08,2026-01-07,20177,1140,1,5,0.0029073488432914017
2026-01-22,688147,test,-0.0326604,0.0044001564,2020-05-08,2026-01-07,20177,1140,1,5,0.0029073488432914017
2026-01-22,688528,test,-0.02310607,0.0056848675,2020-05-08,2026-01-07,20177,1140,1,5,0.0029073488432914017
2026-01-23,600025,test,0.033472877,0.0054671913,2020-05-08,2026-01-07,20177,1140,1,5,0.0029073488432914017
2026-01-23,600051,test,0.03567068,0.010361314,2020-05-08,2026-01-07,20177,1140,1,5,0.0029073488432914017
2026-01-23,600127,test,0.08921626,0.0054816306,2020-05-08,2026-01-07,20177,1140,1,5,0.0029073488432914017
2026-01-23,600153,test,0.051992767,0.003141202,2020-05-08,2026-01-07,20177,1140,1,5,0.0029073488432914017
2026-01-23,600548,test,0.047947463,0.0069364384,2020-05-08,2026-01-07,20177,1140,1,5,0.0029073488432914017
2026-01-23,600865,test,0.005600748,0.001803197,2020-05-08,2026-01-07,20177,1140,1,5,0.0029073488432914017
2026-01-23,600967,test,-0.05189689,0.003945969,2020-05-08,2026-01-07,20177,1140,1,5,0.0029073488432914017
2026-01-23,601222,test,-0.010686938,0.009199418,2020-05-08,2026-01-07,20177,1140,1,5,0.0029073488432914017
2026-01-23,603237,test,0.028778087,0.009691916,2020-05-08,2026-01-07,20177,1140,1,5,0.0029073488432914017
2026-01-23,603335,test,0.012453431,0.005530536,2020-05-08,2026-01-07,20177,1140,1,5,0.0029073488432914017
2026-01-23,603341,test,-0.047291685,0.0057945102,2020-05-08,2026-01-07,20177,1140,1,5,0.0029073488432914017
2026-01-23,603658,test,0.0185171,0.0073449984,2020-05-08,2026-01-07,20177,1140,1,5,0.0029073488432914017
2026-01-23,605090,test,-0.09092383,-0.008893244,2020-05-08,2026-01-07,20177,1140,1,5,0.0029073488432914017
2026-01-23,605589,test,0.0023159636,0.007859349,2020-05-08,2026-01-07,20177,1140,1,5,0.0029073488432914017
2026-01-23,688031,test,-0.028350722,-0.013695866,2020-05-08,2026-01-07,20177,1140,1,5,0.0029073488432914017
2026-01-23,688045,test,0.06463983,-0.020038769,2020-05-08,2026-01-07,20177,1140,1,5,0.0029073488432914017
2026-01-23,688133,test,-0.06990631,0.0014841035,2020-05-08,2026-01-07,20177,1140,1,5,0.0029073488432914017
2026-01-23,688147,test,-0.051207382,0.004437357,2020-05-08,2026-01-07,20177,1140,1,5,0.0029073488432914017
2026-01-23,688528,test,-0.0013041117,0.0068728104,2020-05-08,2026-01-07,20177,1140,1,5,0.0029073488432914017
2026-01-26,600025,test,0.042910207,0.004727684,2020-05-08,2026-01-07,20177,1140,1,5,0.0029073488432914017
2026-01-26,600051,test,0.030953608,0.010089733,2020-05-08,2026-01-07,20177,1140,1,5,0.0029073488432914017
2026-01-26,600127,test,0.04302621,0.0046292543,2020-05-08,2026-01-07,20177,1140,1,5,0.0029073488432914017
2026-01-26,600153,test,0.03854349,0.0037854537,2020-05-08,2026-01-07,20177,1140,1,5,0.0029073488432914017
2026-01-26,600548,test,0.043976177,0.0065378025,2020-05-08,2026-01-07,20177,1140,1,5,0.0029073488432914017
2026-01-26,600865,test,0.06247922,0.0013317317,2020-05-08,2026-01-07,20177,1140,1,5,0.0029073488432914017
2026-01-26,600967,test,-0.034395367,0.0030892417,2020-05-08,2026-01-07,20177,1140,1,5,0.0029073488432914017
2026-01-26,601222,test,0.008585271,0.009553865,2020-05-08,2026-01-07,20177,1140,1,5,0.0029073488432914017
2026-01-26,603237,test,0.033488885,0.0093905255,2020-05-08,2026-01-07,20177,1140,1,5,0.0029073488432914017
2026-01-26,603335,test,0.014465087,0.005428359,2020-05-08,2026-01-07,20177,1140,1,5,0.0029073488432914017
2026-01-26,603341,test,-0.02468567,0.004747398,2020-05-08,2026-01-07,20177,1140,1,5,0.0029073488432914017
2026-01-26,603658,test,-0.017410731,0.0021284893,2020-05-08,2026-01-07,20177,1140,1,5,0.0029073488432914017
2026-01-26,605090,test,-0.045112673,-0.0021814406,2020-05-08,2026-01-07,20177,1140,1,5,0.0029073488432914017
2026-01-26,605589,test,0.012834481,0.0077149644,2020-05-08,2026-01-07,20177,1140,1,5,0.0029073488432914017
2026-01-26,688031,test,-0.12468693,-0.01216428,2020-05-08,2026-01-07,20177,1140,1,5,0.0029073488432914017
2026-01-26,688045,test,0.04767625,-0.025555294,2020-05-08,2026-01-07,20177,1140,1,5,0.0029073488432914017
2026-01-26,688133,test,-0.06470598,0.002981633,2020-05-08,2026-01-07,20177,1140,1,5,0.0029073488432914017
2026-01-26,688147,test,-0.057171803,0.004299544,2020-05-08,2026-01-07,20177,1140,1,5,0.0029073488432914017
2026-01-26,688528,test,0.027443979,0.0067545623,2020-05-08,2026-01-07,20177,1140,1,5,0.0029073488432914017
2026-01-27,600025,test,0.020311536,0.0042789504,2020-05-08,2026-01-07,20177,1140,1,5,0.0029073488432914017
2026-01-27,600051,test,0.03217775,0.009655267,2020-05-08,2026-01-07,20177,1140,1,5,0.0029073488432914017
2026-01-27,600127,test,0.03599356,0.006119691,2020-05-08,2026-01-07,20177,1140,1,5,0.0029073488432914017
2026-01-27,600153,test,0.03244204,0.0045535564,2020-05-08,2026-01-07,20177,1140,1,5,0.0029073488432914017
2026-01-27,600548,test,0.024731316,0.007069938,2020-05-08,2026-01-07,20177,1140,1,5,0.0029073488432914017
2026-01-27,600865,test,0.060505673,0.0007863492,2020-05-08,2026-01-07,20177,1140,1,5,0.0029073488432914017
2026-01-27,600967,test,-0.035955373,0.0026076064,2020-05-08,2026-01-07,20177,1140,1,5,0.0029073488432914017
2026-01-27,601222,test,0.01740269,0.009400301,2020-05-08,2026-01-07,20177,1140,1,5,0.0029073488432914017
2026-01-27,603237,test,0.03051064,0.009632789,2020-05-08,2026-01-07,20177,1140,1,5,0.0029073488432914017
2026-01-27,603335,test,0.022509737,0.007108055,2020-05-08,2026-01-07,20177,1140,1,5,0.0029073488432914017
2026-01-27,603341,test,-0.04341723,0.0030519739,2020-05-08,2026-01-07,20177,1140,1,5,0.0029073488432914017
2026-01-27,603658,test,-0.014476057,0.0027047247,2020-05-08,2026-01-07,20177,1140,1,5,0.0029073488432914017
2026-01-27,605090,test,-0.02853203,0.001413025,2020-05-08,2026-01-07,20177,1140,1,5,0.0029073488432914017
2026-01-27,605589,test,0.013661547,0.007465534,2020-05-08,2026-01-07,20177,1140,1,5,0.0029073488432914017
2026-01-27,688031,test,-0.10544239,-0.015097432,2020-05-08,2026-01-07,20177,1140,1,5,0.0029073488432914017
2026-01-27,688045,test,-0.022630792,-0.028800301,2020-05-08,2026-01-07,20177,1140,1,5,0.0029073488432914017
2026-01-27,688133,test,-0.064104214,0.0031013489,2020-05-08,2026-01-07,20177,1140,1,5,0.0029073488432914017
2026-01-27,688147,test,0.0023285504,0.0022403821,2020-05-08,2026-01-07,20177,1140,1,5,0.0029073488432914017
2026-01-27,688528,test,0.043920923,0.0065026507,2020-05-08,2026-01-07,20177,1140,1,5,0.0029073488432914017
2026-01-28,600025,test,0.028296351,0.0034603477,2020-05-08,2026-01-07,20177,1140,1,5,0.0029073488432914017
2026-01-28,600051,test,0.03562458,0.009767927,2020-05-08,2026-01-07,20177,1140,1,5,0.0029073488432914017
2026-01-28,600127,test,-0.003940866,0.0032176748,2020-05-08,2026-01-07,20177,1140,1,5,0.0029073488432914017
2026-01-28,600153,test,0.048732415,0.0052968413,2020-05-08,2026-01-07,20177,1140,1,5,0.0029073488432914017
2026-01-28,600548,test,0.01819646,0.005851835,2020-05-08,2026-01-07,20177,1140,1,5,0.0029073488432914017
2026-01-28,600865,test,0.07585444,0.0005664155,2020-05-08,2026-01-07,20177,1140,1,5,0.0029073488432914017
2026-01-28,600967,test,-0.018345503,0.0015069544,2020-05-08,2026-01-07,20177,1140,1,5,0.0029073488432914017
2026-01-28,601222,test,0.04218619,0.009494297,2020-05-08,2026-01-07,20177,1140,1,5,0.0029073488432914017
2026-01-28,603237,test,0.036149718,0.0089923665,2020-05-08,2026-01-07,20177,1140,1,5,0.0029073488432914017
2026-01-28,603335,test,0.038555395,0.007179834,2020-05-08,2026-01-07,20177,1140,1,5,0.0029073488432914017
2026-01-28,603341,test,-0.037972756,0.0022931919,2020-05-08,2026-01-07,20177,1140,1,5,0.0029073488432914017
2026-01-28,603658,test,-0.006627341,0.003944978,2020-05-08,2026-01-07,20177,1140,1,5,0.0029073488432914017
2026-01-28,605090,test,-0.0323821,0.003314361,2020-05-08,2026-01-07,20177,1140,1,5,0.0029073488432914017
2026-01-28,605589,test,-0.010179303,0.0073230043,2020-05-08,2026-01-07,20177,1140,1,5,0.0029073488432914017
2026-01-28,688031,test,-0.037395127,-0.009813182,2020-05-08,2026-01-07,20177,1140,1,5,0.0029073488432914017
2026-01-28,688045,test,-0.13715702,-0.03426694,2020-05-08,2026-01-07,20177,1140,1,5,0.0029073488432914017
2026-01-28,688133,test,-0.045923237,0.00329303,2020-05-08,2026-01-07,20177,1140,1,5,0.0029073488432914017
2026-01-28,688147,test,0.027935201,0.0015843585,2020-05-08,2026-01-07,20177,1140,1,5,0.0029073488432914017
2026-01-28,688528,test,0.02808133,0.007195659,2020-05-08,2026-01-07,20177,1140,1,5,0.0029073488432914017
2026-01-29,600025,test,0.02338518,0.002615057,2020-05-08,2026-01-07,20177,1140,1,5,0.0029073488432914017
2026-01-29,600051,test,0.03314579,0.009312995,2020-05-08,2026-01-07,20177,1140,1,5,0.0029073488432914017
2026-01-29,600127,test,-0.05946299,0.0015628487,2020-05-08,2026-01-07,20177,1140,1,5,0.0029073488432914017
2026-01-29,600153,test,0.014263768,0.0013543367,2020-05-08,2026-01-07,20177,1140,1,5,0.0029073488432914017
2026-01-29,600548,test,0.010065659,0.0054948106,2020-05-08,2026-01-07,20177,1140,1,5,0.0029073488432914017
2026-01-29,600865,test,0.14617012,0.00020509213,2020-05-08,2026-01-07,20177,1140,1,5,0.0029073488432914017
2026-01-29,600967,test,-0.01558864,0.00084336847,2020-05-08,2026-01-07,20177,1140,1,5,0.0029073488432914017
2026-01-29,601222,test,0.014145177,0.008756168,2020-05-08,2026-01-07,20177,1140,1,5,0.0029073488432914017
2026-01-29,603237,test,0.03452445,0.0075658485,2020-05-08,2026-01-07,20177,1140,1,5,0.0029073488432914017
2026-01-29,603335,test,0.053417206,0.0068783164,2020-05-08,2026-01-07,20177,1140,1,5,0.0029073488432914017
2026-01-29,603341,test,-0.03153575,0.0023663044,2020-05-08,2026-01-07,20177,1140,1,5,0.0029073488432914017
2026-01-29,603658,test,-0.0025894851,0.0029855818,2020-05-08,2026-01-07,20177,1140,1,5,0.0029073488432914017
2026-01-29,605090,test,-0.023027238,0.0040240064,2020-05-08,2026-01-07,20177,1140,1,5,0.0029073488432914017
2026-01-29,605589,test,-0.010232089,0.0074125007,2020-05-08,2026-01-07,20177,1140,1,5,0.0029073488432914017
2026-01-29,688031,test,-0.09537082,-0.009994376,2020-05-08,2026-01-07,20177,1140,1,5,0.0029073488432914017
2026-01-29,688045,test,-0.11183853,-0.02014663,2020-05-08,2026-01-07,20177,1140,1,5,0.0029073488432914017
2026-01-29,688133,test,-0.016688509,0.0027277991,2020-05-08,2026-01-07,20177,1140,1,5,0.0029073488432914017
2026-01-29,688147,test,0.016416583,0.0027372614,2020-05-08,2026-01-07,20177,1140,1,5,0.0029073488432914017
2026-01-29,688528,test,0.0460098,0.006890662,2020-05-08,2026-01-07,20177,1140,1,5,0.0029073488432914017
2026-01-30,600025,test,0.028308664,0.0025705174,2020-05-08,2026-01-07,20177,1140,1,5,0.0029073488432914017
2026-01-30,600051,test,0.035014704,0.008168668,2020-05-08,2026-01-07,20177,1140,1,5,0.0029073488432914017
2026-01-30,600127,test,-0.06622346,-0.0045838803,2020-05-08,2026-01-07,20177,1140,1,5,0.0029073488432914017
2026-01-30,600153,test,0.014052799,0.0033072606,2020-05-08,2026-01-07,20177,1140,1,5,0.0029073488432914017
2026-01-30,600548,test,0.02060427,0.006674662,2020-05-08,2026-01-07,20177,1140,1,5,0.0029073488432914017
2026-01-30,600865,test,0.022682952,-0.0013914481,2020-05-08,2026-01-07,20177,1140,1,5,0.0029073488432914017
2026-01-30,600967,test,0.004345785,0.00075178593,2020-05-08,2026-01-07,20177,1140,1,5,0.0029073488432914017
2026-01-30,601222,test,0.033555236,0.008216329,2020-05-08,2026-01-07,20177,1140,1,5,0.0029073488432914017
2026-01-30,603237,test,0.0260264,0.0068804696,2020-05-08,2026-01-07,20177,1140,1,5,0.0029073488432914017
2026-01-30,603335,test,0.06882571,0.0068677217,2020-05-08,2026-01-07,20177,1140,1,5,0.0029073488432914017
2026-01-30,603341,test,-0.0014581244,0.002425991,2020-05-08,2026-01-07,20177,1140,1,5,0.0029073488432914017
2026-01-30,603658,test,0.010467374,0.0044548213,2020-05-08,2026-01-07,20177,1140,1,5,0.0029073488432914017
2026-01-30,605090,test,0.017300567,0.0051488206,2020-05-08,2026-01-07,20177,1140,1,5,0.0029073488432914017
2026-01-30,605589,test,-0.018311514,0.0071064457,2020-05-08,2026-01-07,20177,1140,1,5,0.0029073488432914017
2026-01-30,688031,test,-0.13584931,-0.009523194,2020-05-08,2026-01-07,20177,1140,1,5,0.0029073488432914017
2026-01-30,688045,test,-0.09806547,-0.007004082,2020-05-08,2026-01-07,20177,1140,1,5,0.0029073488432914017
2026-01-30,688133,test,-0.014394109,0.003136441,2020-05-08,2026-01-07,20177,1140,1,5,0.0029073488432914017
2026-01-30,688147,test,0.018452737,0.0036250204,2020-05-08,2026-01-07,20177,1140,1,5,0.0029073488432914017
2026-01-30,688528,test,0.058078945,0.0056266785,2020-05-08,2026-01-07,20177,1140,1,5,0.0029073488432914017
2026-02-02,600025,test,-0.018443907,0.0011673793,2020-05-08,2026-01-07,20177,1140,1,5,0.0029073488432914017
2026-02-02,600051,test,0.017483104,0.0065965876,2020-05-08,2026-01-07,20177,1140,1,5,0.0029073488432914017
2026-02-02,600127,test,-0.06738854,-0.00078777224,2020-05-08,2026-01-07,20177,1140,1,5,0.0029073488432914017
2026-02-02,600153,test,0.016924966,0.0039835647,2020-05-08,2026-01-07,20177,1140,1,5,0.0029073488432914017
2026-02-02,600548,test,-0.007229386,0.005461268,2020-05-08,2026-01-07,20177,1140,1,5,0.0029073488432914017
2026-02-02,600865,test,-0.05716717,-0.00530684,2020-05-08,2026-01-07,20177,1140,1,5,0.0029073488432914017
2026-02-02,600967,test,0.0050234506,0.0004985854,2020-05-08,2026-01-07,20177,1140,1,5,0.0029073488432914017
2026-02-02,601222,test,0.067297,0.007044837,2020-05-08,2026-01-07,20177,1140,1,5,0.0029073488432914017
2026-02-02,603237,test,0.0013308577,0.0065117776,2020-05-08,2026-01-07,20177,1140,1,5,0.0029073488432914017
2026-02-02,603335,test,0.042335577,0.004202895,2020-05-08,2026-01-07,20177,1140,1,5,0.0029073488432914017
2026-02-02,603341,test,0.031941127,0.0034602433,2020-05-08,2026-01-07,20177,1140,1,5,0.0029073488432914017
2026-02-02,603658,test,-0.0134350145,0.0053139254,2020-05-08,2026-01-07,20177,1140,1,5,0.0029073488432914017
2026-02-02,605090,test,-0.036310736,0.0053975806,2020-05-08,2026-01-07,20177,1140,1,5,0.0029073488432914017
2026-02-02,605589,test,-0.010452783,0.0066396967,2020-05-08,2026-01-07,20177,1140,1,5,0.0029073488432914017
2026-02-02,688031,test,0.0006302428,-0.006279193,2020-05-08,2026-01-07,20177,1140,1,5,0.0029073488432914017
2026-02-02,688045,test,-0.10670366,-0.0007549226,2020-05-08,2026-01-07,20177,1140,1,5,0.0029073488432914017
2026-02-02,688133,test,0.02666798,0.0034764484,2020-05-08,2026-01-07,20177,1140,1,5,0.0029073488432914017
2026-02-02,688147,test,0.0769685,0.0038002431,2020-05-08,2026-01-07,20177,1140,1,5,0.0029073488432914017
2026-02-02,688528,test,0.03792431,0.0047220364,2020-05-08,2026-01-07,20177,1140,1,5,0.0029073488432914017
2026-02-03,600025,test,0.017892813,0.0031116232,2020-05-08,2026-01-07,20177,1140,1,5,0.0029073488432914017
2026-02-03,600051,test,0.025521224,0.009140566,2020-05-08,2026-01-07,20177,1140,1,5,0.0029073488432914017
2026-02-03,600127,test,-0.043758616,0.0038678795,2020-05-08,2026-01-07,20177,1140,1,5,0.0029073488432914017
2026-02-03,600153,test,0.032782767,0.0065524504,2020-05-08,2026-01-07,20177,1140,1,5,0.0029073488432914017
2026-02-03,600548,test,0.02357534,0.007169336,2020-05-08,2026-01-07,20177,1140,1,5,0.0029073488432914017
2026-02-03,600865,test,-0.09217267,-0.0068610646,2020-05-08,2026-01-07,20177,1140,1,5,0.0029073488432914017
2026-02-03,600967,test,0.0037829874,5.891919e-05,2020-05-08,2026-01-07,20177,1140,1,5,0.0029073488432914017
2026-02-03,601222,test,0.054066326,0.0054634884,2020-05-08,2026-01-07,20177,1140,1,5,0.0029073488432914017
2026-02-03,603237,test,0.020470079,0.008719914,2020-05-08,2026-01-07,20177,1140,1,5,0.0029073488432914017
2026-02-03,603335,test,0.06652499,0.004507087,2020-05-08,2026-01-07,20177,1140,1,5,0.0029073488432914017
2026-02-03,603341,test,0.016119214,0.0038615689,2020-05-08,2026-01-07,20177,1140,1,5,0.0029073488432914017
2026-02-03,603658,test,-0.0029702845,0.005941607,2020-05-08,2026-01-07,20177,1140,1,5,0.0029073488432914017
2026-02-03,605090,test,-0.05497388,0.0037184954,2020-05-08,2026-01-07,20177,1140,1,5,0.0029073488432914017
2026-02-03,605589,test,0.045864273,0.0063885525,2020-05-08,2026-01-07,20177,1140,1,5,0.0029073488432914017
2026-02-03,688031,test,-0.08839858,-0.0057626404,2020-05-08,2026-01-07,20177,1140,1,5,0.0029073488432914017
2026-02-03,688045,test,-0.082241975,0.0045866594,2020-05-08,2026-01-07,20177,1140,1,5,0.0029073488432914017
2026-02-03,688133,test,-0.005340252,0.0031385645,2020-05-08,2026-01-07,20177,1140,1,5,0.0029073488432914017
2026-02-03,688147,test,0.061583046,-0.0035024062,2020-05-08,2026-01-07,20177,1140,1,5,0.0029073488432914017
2026-02-03,688528,test,0.024898142,0.004594244,2020-05-08,2026-01-07,20177,1140,1,5,0.0029073488432914017
2026-02-04,600025,test,0.006694971,0.0034181997,2020-05-08,2026-01-07,20177,1140,1,5,0.0029073488432914017
2026-02-04,600051,test,0.0057380823,0.008553408,2020-05-08,2026-01-07,20177,1140,1,5,0.0029073488432914017
2026-02-04,600127,test,-0.03991062,0.0056503117,2020-05-08,2026-01-07,20177,1140,1,5,0.0029073488432914017
2026-02-04,600153,test,0.002394507,0.0040615723,2020-05-08,2026-01-07,20177,1140,1,5,0.0029073488432914017
2026-02-04,600548,test,0.016563391,0.0060372725,2020-05-08,2026-01-07,20177,1140,1,5,0.0029073488432914017
2026-02-04,600865,test,-0.09844928,-0.008692756,2020-05-08,2026-01-07,20177,1140,1,5,0.0029073488432914017
2026-02-04,600967,test,0.00035014984,0.000207223,2020-05-08,2026-01-07,20177,1140,1,5,0.0029073488432914017
2026-02-04,601222,test,0.035855126,0.0012876317,2020-05-08,2026-01-07,20177,1140,1,5,0.0029073488432914017
2026-02-04,603237,test,-6.68293e-05,0.007175274,2020-05-08,2026-01-07,20177,1140,1,5,0.0029073488432914017
2026-02-04,603335,test,0.04226882,0.004164614,2020-05-08,2026-01-07,20177,1140,1,5,0.0029073488432914017
2026-02-04,603341,test,0.0122659635,0.0042482316,2020-05-08,2026-01-07,20177,1140,1,5,0.0029073488432914017
2026-02-04,603658,test,-0.0012232023,0.0063671544,2020-05-08,2026-01-07,20177,1140,1,5,0.0029073488432914017
2026-02-04,605090,test,-0.049499314,0.0033254772,2020-05-08,2026-01-07,20177,1140,1,5,0.0029073488432914017
2026-02-04,605589,test,0.058600895,0.0069445595,2020-05-08,2026-01-07,20177,1140,1,5,0.0029073488432914017
2026-02-04,688031,test,-0.01826224,-0.0023274496,2020-05-08,2026-01-07,20177,1140,1,5,0.0029073488432914017
2026-02-04,688045,test,-0.032270025,0.0073492303,2020-05-08,2026-01-07,20177,1140,1,5,0.0029073488432914017
2026-02-04,688133,test,-0.0042699412,0.0021368936,2020-05-08,2026-01-07,20177,1140,1,5,0.0029073488432914017
2026-02-04,688147,test,0.015963675,-0.0097659975,2020-05-08,2026-01-07,20177,1140,1,5,0.0029073488432914017
2026-02-04,688528,test,0.054074638,0.005374126,2020-05-08,2026-01-07,20177,1140,1,5,0.0029073488432914017
2026-02-05,600025,test,-0.0132331615,0.0032776892,2020-05-08,2026-01-07,20177,1140,1,5,0.0029073488432914017
2026-02-05,600051,test,-0.01427854,0.008425385,2020-05-08,2026-01-07,20177,1140,1,5,0.0029073488432914017
2026-02-05,600127,test,-0.014578391,0.0063662753,2020-05-08,2026-01-07,20177,1140,1,5,0.0029073488432914017
2026-02-05,600153,test,-0.009793415,0.0038157105,2020-05-08,2026-01-07,20177,1140,1,5,0.0029073488432914017
2026-02-05,600548,test,-0.013224809,0.0052429587,2020-05-08,2026-01-07,20177,1140,1,5,0.0029073488432914017
2026-02-05,600865,test,-0.18493773,-0.018055405,2020-05-08,2026-01-07,20177,1140,1,5,0.0029073488432914017
2026-02-05,600967,test,0.0016113563,0.0015363023,2020-05-08,2026-01-07,20177,1140,1,5,0.0029073488432914017
2026-02-05,601222,test,0.07331934,0.004039727,2020-05-08,2026-01-07,20177,1140,1,5,0.0029073488432914017
2026-02-05,603237,test,-0.031064201,0.006542094,2020-05-08,2026-01-07,20177,1140,1,5,0.0029073488432914017
2026-02-05,603335,test,0.010783724,0.00332693,2020-05-08,2026-01-07,20177,1140,1,5,0.0029073488432914017
2026-02-05,603341,test,0.029225105,0.004702486,2020-05-08,2026-01-07,20177,1140,1,5,0.0029073488432914017
2026-02-05,603658,test,-0.018912595,0.0056980327,2020-05-08,2026-01-07,20177,1140,1,5,0.0029073488432914017
2026-02-05,605090,test,-0.058431953,0.0026827827,2020-05-08,2026-01-07,20177,1140,1,5,0.0029073488432914017
2026-02-05,605589,test,0.09438276,0.006920032,2020-05-08,2026-01-07,20177,1140,1,5,0.0029073488432914017
2026-02-05,688031,test,0.029726615,-0.0011495799,2020-05-08,2026-01-07,20177,1140,1,5,0.0029073488432914017
2026-02-05,688045,test,-0.021430431,0.006146699,2020-05-08,2026-01-07,20177,1140,1,5,0.0029073488432914017
2026-02-05,688133,test,-0.019764412,0.001371555,2020-05-08,2026-01-07,20177,1140,1,5,0.0029073488432914017
2026-02-05,688147,test,0.15013996,-0.0035811067,2020-05-08,2026-01-07,20177,1140,1,5,0.0029073488432914017
2026-02-05,688528,test,0.020777656,0.0051094145,2020-05-08,2026-01-07,20177,1140,1,5,0.0029073488432914017
2026-02-06,600025,test,-0.043570507,0.0015988797,2020-05-08,2026-01-07,20177,1140,1,5,0.0029073488432914017
2026-02-06,600051,test,-0.037387412,0.0059570447,2020-05-08,2026-01-07,20177,1140,1,5,0.0029073488432914017
2026-02-06,600127,test,-0.03255717,0.007229395,2020-05-08,2026-01-07,20177,1140,1,5,0.0029073488432914017
2026-02-06,600153,test,-0.029363986,0.004154168,2020-05-08,2026-01-07,20177,1140,1,5,0.0029073488432914017
2026-02-06,600548,test,-0.037146784,0.0047272295,2020-05-08,2026-01-07,20177,1140,1,5,0.0029073488432914017
2026-02-06,600865,test,-0.11962801,-0.0077792704,2020-05-08,2026-01-07,20177,1140,1,5,0.0029073488432914017
2026-02-06,600967,test,-0.016079335,0.0022192374,2020-05-08,2026-01-07,20177,1140,1,5,0.0029073488432914017
2026-02-06,601222,test,0.026122399,0.0042240396,2020-05-08,2026-01-07,20177,1140,1,5,0.0029073488432914017
2026-02-06,603237,test,-0.045690697,0.00719174,2020-05-08,2026-01-07,20177,1140,1,5,0.0029073488432914017
2026-02-06,603335,test,-0.013781818,-0.0015005469,2020-05-08,2026-01-07,20177,1140,1,5,0.0029073488432914017
2026-02-06,603341,test,0.026814653,0.004538201,2020-05-08,2026-01-07,20177,1140,1,5,0.0029073488432914017
2026-02-06,603658,test,-0.03275179,0.0050541237,2020-05-08,2026-01-07,20177,1140,1,5,0.0029073488432914017
2026-02-06,605090,test,-0.073259585,0.0022718534,2020-05-08,2026-01-07,20177,1140,1,5,0.0029073488432914017
2026-02-06,605589,test,0.053278375,0.0071241558,2020-05-08,2026-01-07,20177,1140,1,5,0.0029073488432914017
2026-02-06,688031,test,0.14052723,4.4718385e-05,2020-05-08,2026-01-07,20177,1140,1,5,0.0029073488432914017
2026-02-06,688045,test,-0.002161924,0.0041342974,2020-05-08,2026-01-07,20177,1140,1,5,0.0029073488432914017
2026-02-06,688133,test,-0.049748518,0.0015139803,2020-05-08,2026-01-07,20177,1140,1,5,0.0029073488432914017
2026-02-06,688147,test,0.31267434,0.000101201236,2020-05-08,2026-01-07,20177,1140,1,5,0.0029073488432914017
2026-02-06,688528,test,0.0017285293,0.003554657,2020-05-08,2026-01-07,20177,1140,1,5,0.0029073488432914017
2026-02-09,600025,test,-0.011611183,0.0034005493,2020-05-08,2026-01-07,20177,1140,1,5,0.0029073488432914017
2026-02-09,600051,test,-0.011221488,0.0065651014,2020-05-08,2026-01-07,20177,1140,1,5,0.0029073488432914017
2026-02-09,600127,test,-0.016385997,0.0069284216,2020-05-08,2026-01-07,20177,1140,1,5,0.0029073488432914017
2026-02-09,600153,test,-0.024417268,0.00419908,2020-05-08,2026-01-07,20177,1140,1,5,0.0029073488432914017
2026-02-09,600548,test,-0.029085599,0.0047360137,2020-05-08,2026-01-07,20177,1140,1,5,0.0029073488432914017
2026-02-09,600865,test,-0.08239163,0.0011923537,2020-05-08,2026-01-07,20177,1140,1,5,0.0029073488432914017
2026-02-09,600967,test,0.016393436,0.0029750243,2020-05-08,2026-01-07,20177,1140,1,5,0.0029073488432914017
2026-02-09,601222,test,-0.026093459,-0.010433339,2020-05-08,2026-01-07,20177,1140,1,5,0.0029073488432914017
2026-02-09,603237,test,-0.035324786,0.0074792504,2020-05-08,2026-01-07,20177,1140,1,5,0.0029073488432914017
2026-02-09,603335,test,0.010503367,-0.0012789369,2020-05-08,2026-01-07,20177,1140,1,5,0.0029073488432914017
2026-02-09,603341,test,-0.031578183,0.0025650188,2020-05-08,2026-01-07,20177,1140,1,5,0.0029073488432914017
2026-02-09,603658,test,-0.024175469,0.0051886886,2020-05-08,2026-01-07,20177,1140,1,5,0.0029073488432914017
2026-02-09,605090,test,-0.029573174,0.0038357377,2020-05-08,2026-01-07,20177,1140,1,5,0.0029073488432914017
2026-02-09,605589,test,0.088752724,0.0065848157,2020-05-08,2026-01-07,20177,1140,1,5,0.0029073488432914017
2026-02-09,688031,test,0.0009998747,-0.0003401637,2020-05-08,2026-01-07,20177,1140,1,5,0.0029073488432914017
2026-02-09,688045,test,-0.022134006,0.0013841018,2020-05-08,2026-01-07,20177,1140,1,5,0.0029073488432914017
2026-02-09,688133,test,-0.027098183,0.0019907057,2020-05-08,2026-01-07,20177,1140,1,5,0.0029073488432914017
2026-02-09,688147,test,0.25157195,0.002087064,2020-05-08,2026-01-07,20177,1140,1,5,0.0029073488432914017
2026-02-09,688528,test,0.0148832165,0.0036983863,2020-05-08,2026-01-07,20177,1140,1,5,0.0029073488432914017
2026-02-10,600025,test,-0.025149928,0.004370995,2020-05-08,2026-01-07,20177,1140,1,5,0.0029073488432914017
2026-02-10,600051,test,-0.022701949,0.0075468943,2020-05-08,2026-01-07,20177,1140,1,5,0.0029073488432914017
2026-02-10,600127,test,-0.019161904,0.0054695755,2020-05-08,2026-01-07,20177,1140,1,5,0.0029073488432914017
2026-02-10,600153,test,-0.004052882,0.004777953,2020-05-08,2026-01-07,20177,1140,1,5,0.0029073488432914017
2026-02-10,600548,test,-0.04805069,0.005247943,2020-05-08,2026-01-07,20177,1140,1,5,0.0029073488432914017
2026-02-10,600865,test,-0.03895361,0.0059378445,2020-05-08,2026-01-07,20177,1140,1,5,0.0029073488432914017
2026-02-10,600967,test,-0.0015511087,0.0040113777,2020-05-08,2026-01-07,20177,1140,1,5,0.0029073488432914017
2026-02-10,601222,test,-0.029988639,-0.009657681,2020-05-08,2026-01-07,20177,1140,1,5,0.0029073488432914017
2026-02-10,603237,test,-0.038195875,0.007759042,2020-05-08,2026-01-07,20177,1140,1,5,0.0029073488432914017
2026-02-10,603335,test,-0.023582531,-0.0009564385,2020-05-08,2026-01-07,20177,1140,1,5,0.0029073488432914017
2026-02-10,603341,test,-0.027338112,0.0039051622,2020-05-08,2026-01-07,20177,1140,1,5,0.0029073488432914017
2026-02-10,603658,test,-0.030611426,0.0049483925,2020-05-08,2026-01-07,20177,1140,1,5,0.0029073488432914017
2026-02-10,605090,test,-0.004686695,0.004454553,2020-05-08,2026-01-07,20177,1140,1,5,0.0029073488432914017
2026-02-10,605589,test,0.063300595,-0.0040847585,2020-05-08,2026-01-07,20177,1140,1,5,0.0029073488432914017
2026-02-10,688031,test,0.19879979,0.0018515065,2020-05-08,2026-01-07,20177,1140,1,5,0.0029073488432914017
2026-02-10,688045,test,-0.026784917,0.00043513626,2020-05-08,2026-01-07,20177,1140,1,5,0.0029073488432914017
2026-02-10,688133,test,-0.026749289,0.0026977882,2020-05-08,2026-01-07,20177,1140,1,5,0.0029073488432914017
2026-02-10,688147,test,0.12355889,-0.00406231,2020-05-08,2026-01-07,20177,1140,1,5,0.0029073488432914017
2026-02-10,688528,test,0.0028336104,0.004486397,2020-05-08,2026-01-07,20177,1140,1,5,0.0029073488432914017
2026-02-11,600025,test,-0.012470562,0.004702531,2020-05-08,2026-01-07,20177,1140,1,5,0.0029073488432914017
2026-02-11,600051,test,-0.022990054,0.008184724,2020-05-08,2026-01-07,20177,1140,1,5,0.0029073488432914017
2026-02-11,600127,test,-0.025194505,0.0036246926,2020-05-08,2026-01-07,20177,1140,1,5,0.0029073488432914017
2026-02-11,600153,test,-0.012966196,0.004438035,2020-05-08,2026-01-07,20177,1140,1,5,0.0029073488432914017
2026-02-11,600548,test,-0.060279887,0.004432671,2020-05-08,2026-01-07,20177,1140,1,5,0.0029073488432914017
2026-02-11,600865,test,-0.058828417,0.0068109706,2020-05-08,2026-01-07,20177,1140,1,5,0.0029073488432914017
2026-02-11,600967,test,0.008446207,0.0052121356,2020-05-08,2026-01-07,20177,1140,1,5,0.0029073488432914017
2026-02-11,601222,test,-0.034693755,-0.0074857585,2020-05-08,2026-01-07,20177,1140,1,5,0.0029073488432914017
2026-02-11,603237,test,-0.033004716,0.0082599595,2020-05-08,2026-01-07,20177,1140,1,5,0.0029073488432914017
2026-02-11,603335,test,-0.028276036,0.0014234558,2020-05-08,2026-01-07,20177,1140,1,5,0.0029073488432914017
2026-02-11,603341,test,0.0028021713,0.0052789524,2020-05-08,2026-01-07,20177,1140,1,5,0.0029073488432914017
2026-02-11,603658,test,-0.034645498,0.0041034743,2020-05-08,2026-01-07,20177,1140,1,5,0.0029073488432914017
2026-02-11,605090,test,0.027409866,0.0056222454,2020-05-08,2026-01-07,20177,1140,1,5,0.0029073488432914017
2026-02-11,605589,test,0.0668201,-0.011100441,2020-05-08,2026-01-07,20177,1140,1,5,0.0029073488432914017
2026-02-11,688031,test,0.15467064,0.0020974055,2020-05-08,2026-01-07,20177,1140,1,5,0.0029073488432914017
2026-02-11,688045,test,-0.008121738,-0.0004862398,2020-05-08,2026-01-07,20177,1140,1,5,0.0029073488432914017
2026-02-11,688133,test,-0.013017167,0.0018081516,2020-05-08,2026-01-07,20177,1140,1,5,0.0029073488432914017
2026-02-11,688147,test,0.08636965,-0.0046223775,2020-05-08,2026-01-07,20177,1140,1,5,0.0029073488432914017
2026-02-11,688528,test,-0.028322421,0.0031774044,2020-05-08,2026-01-07,20177,1140,1,5,0.0029073488432914017
2026-02-12,600025,test,-0.0043108175,0.0048615113,2020-05-08,2026-01-07,20177,1140,1,5,0.0029073488432914017
2026-02-12,600051,test,-0.011186487,0.0089343935,2020-05-08,2026-01-07,20177,1140,1,5,0.0029073488432914017
2026-02-12,600127,test,-0.013556254,0.0030699968,2020-05-08,2026-01-07,20177,1140,1,5,0.0029073488432914017
2026-02-12,600153,test,-0.009822082,0.004719697,2020-05-08,2026-01-07,20177,1140,1,5,0.0029073488432914017
2026-02-12,600548,test,-0.045050025,0.005609274,2020-05-08,2026-01-07,20177,1140,1,5,0.0029073488432914017
2026-02-12,600865,test,-0.029959835,0.0076243207,2020-05-08,2026-01-07,20177,1140,1,5,0.0029073488432914017
2026-02-12,600967,test,-0.0035110482,0.0061491504,2020-05-08,2026-01-07,20177,1140,1,5,0.0029073488432914017
2026-02-12,601222,test,-0.04101862,-0.0027212203,2020-05-08,2026-01-07,20177,1140,1,5,0.0029073488432914017
2026-02-12,603237,test,-0.012425785,0.0083186105,2020-05-08,2026-01-07,20177,1140,1,5,0.0029073488432914017
2026-02-12,603335,test,-0.031418227,0.0032605007,2020-05-08,2026-01-07,20177,1140,1,5,0.0029073488432914017
2026-02-12,603341,test,-0.016283866,0.0039458573,2020-05-08,2026-01-07,20177,1140,1,5,0.0029073488432914017
2026-02-12,603658,test,-0.035146303,0.004103981,2020-05-08,2026-01-07,20177,1140,1,5,0.0029073488432914017
2026-02-12,605090,test,0.08866475,0.0057231486,2020-05-08,2026-01-07,20177,1140,1,5,0.0029073488432914017
2026-02-12,605589,test,0.014031931,-0.009618171,2020-05-08,2026-01-07,20177,1140,1,5,0.0029073488432914017
2026-02-12,688031,test,0.15217191,-0.0032534376,2020-05-08,2026-01-07,20177,1140,1,5,0.0029073488432914017
2026-02-12,688045,test,-0.027484365,-0.0021617338,2020-05-08,2026-01-07,20177,1140,1,5,0.0029073488432914017
2026-02-12,688133,test,-0.0025458962,0.0020203367,2020-05-08,2026-01-07,20177,1140,1,5,0.0029073488432914017
2026-02-12,688147,test,0.018033125,-0.009360295,2020-05-08,2026-01-07,20177,1140,1,5,0.0029073488432914017
2026-02-12,688528,test,-0.021336136,0.003736198,2020-05-08,2026-01-07,20177,1140,1,5,0.0029073488432914017
2026-02-13,600025,test,0.045071643,0.005204551,2020-05-08,2026-01-07,20177,1140,1,5,0.0029073488432914017
2026-02-13,600051,test,-0.024911381,0.008532897,2020-05-08,2026-01-07,20177,1140,1,5,0.0029073488432914017
2026-02-13,600127,test,0.033650734,0.0029266998,2020-05-08,2026-01-07,20177,1140,1,5,0.0029073488432914017
2026-02-13,600153,test,0.023749294,0.0051656514,2020-05-08,2026-01-07,20177,1140,1,5,0.0029073488432914017
2026-02-13,600548,test,-0.025886722,0.0064823106,2020-05-08,2026-01-07,20177,1140,1,5,0.0029073488432914017
2026-02-13,600865,test,-0.029993612,0.008249484,2020-05-08,2026-01-07,20177,1140,1,5,0.0029073488432914017
2026-02-13,600967,test,0.063085355,0.006046362,2020-05-08,2026-01-07,20177,1140,1,5,0.0029073488432914017
2026-02-13,601222,test,-0.017170992,0.0020502731,2020-05-08,2026-01-07,20177,1140,1,5,0.0029073488432914017
2026-02-13,603237,test,-0.010214207,0.008489981,2020-05-08,2026-01-07,20177,1140,1,5,0.0029073488432914017
2026-02-13,603335,test,-0.07151139,0.00403215,2020-05-08,2026-01-07,20177,1140,1,5,0.0029073488432914017
2026-02-13,603341,test,-0.058684785,0.002691649,2020-05-08,2026-01-07,20177,1140,1,5,0.0029073488432914017
2026-02-13,603658,test,-0.034996726,0.00434085,2020-05-08,2026-01-07,20177,1140,1,5,0.0029073488432914017
2026-02-13,605090,test,0.11776606,0.005311273,2020-05-08,2026-01-07,20177,1140,1,5,0.0029073488432914017
2026-02-13,605589,test,0.11687087,-0.0027231947,2020-05-08,2026-01-07,20177,1140,1,5,0.0029073488432914017
2026-02-13,688031,test,0.099709,-0.012332853,2020-05-08,2026-01-07,20177,1140,1,5,0.0029073488432914017
2026-02-13,688045,test,-0.061598316,-0.0042490736,2020-05-08,2026-01-07,20177,1140,1,5,0.0029073488432914017
2026-02-13,688133,test,-0.022005437,0.004255876,2020-05-08,2026-01-07,20177,1140,1,5,0.0029073488432914017
2026-02-13,688147,test,-0.11642087,-0.021204744,2020-05-08,2026-01-07,20177,1140,1,5,0.0029073488432914017
2026-02-13,688528,test,-0.068525836,0.004866816,2020-05-08,2026-01-07,20177,1140,1,5,0.0029073488432914017
2026-02-24,600025,test,0.08603987,0.004715748,2020-05-08,2026-01-07,20177,1140,1,5,0.0029073488432914017
2026-02-24,600051,test,-0.020338295,0.008085631,2020-05-08,2026-01-07,20177,1140,1,5,0.0029073488432914017
2026-02-24,600127,test,0.077532575,0.0023771971,2020-05-08,2026-01-07,20177,1140,1,5,0.0029073488432914017
2026-02-24,600153,test,0.04402485,0.0047371984,2020-05-08,2026-01-07,20177,1140,1,5,0.0029073488432914017
2026-02-24,600548,test,0.012924813,0.006566204,2020-05-08,2026-01-07,20177,1140,1,5,0.0029073488432914017
2026-02-24,600865,test,-0.020731686,0.008121647,2020-05-08,2026-01-07,20177,1140,1,5,0.0029073488432914017
2026-02-24,600967,test,0.007088514,0.0031112507,2020-05-08,2026-01-07,20177,1140,1,5,0.0029073488432914017
2026-02-24,601222,test,0.0033020878,0.006885171,2020-05-08,2026-01-07,20177,1140,1,5,0.0029073488432914017
2026-02-24,603237,test,0.006977083,0.008453995,2020-05-08,2026-01-07,20177,1140,1,5,0.0029073488432914017
2026-02-24,603335,test,-0.095208034,0.0025247857,2020-05-08,2026-01-07,20177,1140,1,5,0.0029073488432914017
2026-02-24,603341,test,-0.04413195,0.0068515614,2020-05-08,2026-01-07,20177,1140,1,5,0.0029073488432914017
2026-02-24,603658,test,-0.011308729,0.0044091865,2020-05-08,2026-01-07,20177,1140,1,5,0.0029073488432914017
2026-02-24,605090,test,0.19006197,0.0036945194,2020-05-08,2026-01-07,20177,1140,1,5,0.0029073488432914017
2026-02-24,605589,test,0.06763893,-0.005316429,2020-05-08,2026-01-07,20177,1140,1,5,0.0029073488432914017
2026-02-24,688031,test,0.0347267,-0.009262964,2020-05-08,2026-01-07,20177,1140,1,5,0.0029073488432914017
2026-02-24,688045,test,-0.07188097,-0.0053136423,2020-05-08,2026-01-07,20177,1140,1,5,0.0029073488432914017
2026-02-24,688133,test,-0.07980713,0.0020477101,2020-05-08,2026-01-07,20177,1140,1,5,0.0029073488432914017
2026-02-24,688147,test,-0.10119605,-0.017024547,2020-05-08,2026-01-07,20177,1140,1,5,0.0029073488432914017
2026-02-24,688528,test,-0.0761224,0.0042146444,2020-05-08,2026-01-07,20177,1140,1,5,0.0029073488432914017
2026-02-25,600025,test,0.13154203,0.0059756413,2020-05-08,2026-01-07,20177,1140,1,5,0.0029073488432914017
2026-02-25,600051,test,-0.009001074,0.008110099,2020-05-08,2026-01-07,20177,1140,1,5,0.0029073488432914017
2026-02-25,600127,test,0.13507707,0.002001971,2020-05-08,2026-01-07,20177,1140,1,5,0.0029073488432914017
2026-02-25,600153,test,0.007814181,0.0028274506,2020-05-08,2026-01-07,20177,1140,1,5,0.0029073488432914017
2026-02-25,600548,test,0.029794332,0.0062228665,2020-05-08,2026-01-07,20177,1140,1,5,0.0029073488432914017
2026-02-25,600865,test,-0.014593374,0.0073738247,2020-05-08,2026-01-07,20177,1140,1,5,0.0029073488432914017
2026-02-25,600967,test,0.048484508,0.0046367124,2020-05-08,2026-01-07,20177,1140,1,5,0.0029073488432914017
2026-02-25,601222,test,0.03497674,0.008743383,2020-05-08,2026-01-07,20177,1140,1,5,0.0029073488432914017
2026-02-25,603237,test,0.009953917,0.008248232,2020-05-08,2026-01-07,20177,1140,1,5,0.0029073488432914017
2026-02-25,603335,test,-0.072837085,0.004092358,2020-05-08,2026-01-07,20177,1140,1,5,0.0029073488432914017
2026-02-25,603341,test,-0.042617165,0.008379482,2020-05-08,2026-01-07,20177,1140,1,5,0.0029073488432914017
2026-02-25,603658,test,-0.0117810145,0.0037881806,2020-05-08,2026-01-07,20177,1140,1,5,0.0029073488432914017
2026-02-25,605090,test,0.12181341,0.0027824417,2020-05-08,2026-01-07,20177,1140,1,5,0.0029073488432914017
2026-02-25,605589,test,0.05094684,-0.0066553354,2020-05-08,2026-01-07,20177,1140,1,5,0.0029073488432914017
2026-02-25,688031,test,-0.12227814,-0.018592909,2020-05-08,2026-01-07,20177,1140,1,5,0.0029073488432914017
2026-02-25,688045,test,-0.04818559,-0.005061023,2020-05-08,2026-01-07,20177,1140,1,5,0.0029073488432914017
2026-02-25,688133,test,-0.07189511,0.0027262792,2020-05-08,2026-01-07,20177,1140,1,5,0.0029073488432914017
2026-02-25,688147,test,-0.085963905,-0.00776425,2020-05-08,2026-01-07,20177,1140,1,5,0.0029073488432914017
2026-02-25,688528,test,-0.07385198,0.005730048,2020-05-08,2026-01-07,20177,1140,1,5,0.0029073488432914017
2026-02-26,600025,test,0.11513915,0.0038084984,2020-05-08,2026-01-07,20177,1140,1,5,0.0029073488432914017
2026-02-26,600051,test,-0.00022724447,0.008390106,2020-05-08,2026-01-07,20177,1140,1,5,0.0029073488432914017
2026-02-26,600127,test,0.073507205,0.0018017367,2020-05-08,2026-01-07,20177,1140,1,5,0.0029073488432914017
2026-02-26,600153,test,-0.0046053194,0.0026673898,2020-05-08,2026-01-07,20177,1140,1,5,0.0029073488432914017
2026-02-26,600548,test,0.025603013,0.005647801,2020-05-08,2026-01-07,20177,1140,1,5,0.0029073488432914017
2026-02-26,600865,test,-0.0028554841,0.0071164966,2020-05-08,2026-01-07,20177,1140,1,5,0.0029073488432914017
2026-02-26,600967,test,0.016972404,0.0051093474,2020-05-08,2026-01-07,20177,1140,1,5,0.0029073488432914017
2026-02-26,601222,test,0.04334495,0.008731529,2020-05-08,2026-01-07,20177,1140,1,5,0.0029073488432914017
2026-02-26,603237,test,0.0001988568,0.008217692,2020-05-08,2026-01-07,20177,1140,1,5,0.0029073488432914017
2026-02-26,603335,test,-0.052051503,0.005106874,2020-05-08,2026-01-07,20177,1140,1,5,0.0029073488432914017
2026-02-26,603341,test,-0.06954345,0.002906926,2020-05-08,2026-01-07,20177,1140,1,5,0.0029073488432914017
2026-02-26,603658,test,-0.02359544,0.0035732463,2020-05-08,2026-01-07,20177,1140,1,5,0.0029073488432914017
2026-02-26,605090,test,0.079322025,0.00046557933,2020-05-08,2026-01-07,20177,1140,1,5,0.0029073488432914017
2026-02-26,605589,test,0.024451273,-0.008780643,2020-05-08,2026-01-07,20177,1140,1,5,0.0029073488432914017
2026-02-26,688031,test,0.07353728,-0.016642429,2020-05-08,2026-01-07,20177,1140,1,5,0.0029073488432914017
2026-02-26,688045,test,-0.047127943,-0.005362116,2020-05-08,2026-01-07,20177,1140,1,5,0.0029073488432914017
2026-02-26,688133,test,-0.085111275,0.002874039,2020-05-08,2026-01-07,20177,1140,1,5,0.0029073488432914017
2026-02-26,688147,test,-0.06899776,0.0017520487,2020-05-08,2026-01-07,20177,1140,1,5,0.0029073488432914017
2026-02-26,688528,test,-0.051069092,0.0062918216,2020-05-08,2026-01-07,20177,1140,1,5,0.0029073488432914017
2026-02-27,600025,test,0.11630927,0.003908515,2020-05-08,2026-01-07,20177,1140,1,5,0.0029073488432914017
2026-02-27,600051,test,0.01583384,0.008723579,2020-05-08,2026-01-07,20177,1140,1,5,0.0029073488432914017
2026-02-27,600127,test,0.06883148,0.0014007613,2020-05-08,2026-01-07,20177,1140,1,5,0.0029073488432914017
2026-02-27,600153,test,-0.017959114,0.0030064806,2020-05-08,2026-01-07,20177,1140,1,5,0.0029073488432914017
2026-02-27,600548,test,0.0137267,0.0049448237,2020-05-08,2026-01-07,20177,1140,1,5,0.0029073488432914017
2026-02-27,600865,test,-0.007162416,0.0067628473,2020-05-08,2026-01-07,20177,1140,1,5,0.0029073488432914017
2026-02-27,600967,test,-0.0025402077,0.0059777647,2020-05-08,2026-01-07,20177,1140,1,5,0.0029073488432914017
2026-02-27,601222,test,0.055394992,0.0077912137,2020-05-08,2026-01-07,20177,1140,1,5,0.0029073488432914017
2026-02-27,603237,test,0.0040029855,0.008430272,2020-05-08,2026-01-07,20177,1140,1,5,0.0029073488432914017
2026-02-27,603335,test,-0.014994948,0.0055464283,2020-05-08,2026-01-07,20177,1140,1,5,0.0029073488432914017
2026-02-27,603341,test,-0.069964945,0.0032893345,2020-05-08,2026-01-07,20177,1140,1,5,0.0029073488432914017
2026-02-27,603658,test,-0.019021882,0.0033552647,2020-05-08,2026-01-07,20177,1140,1,5,0.0029073488432914017
2026-02-27,605090,test,-0.04091468,-0.01008036,2020-05-08,2026-01-07,20177,1140,1,5,0.0029073488432914017
2026-02-27,605589,test,0.02508488,-0.001969695,2020-05-08,2026-01-07,20177,1140,1,5,0.0029073488432914017
2026-02-27,688031,test,0.13751692,-0.019299936,2020-05-08,2026-01-07,20177,1140,1,5,0.0029073488432914017
2026-02-27,688045,test,-0.051644415,-0.004106082,2020-05-08,2026-01-07,20177,1140,1,5,0.0029073488432914017
2026-02-27,688133,test,-0.07519019,0.004025124,2020-05-08,2026-01-07,20177,1140,1,5,0.0029073488432914017
2026-02-27,688147,test,-0.09770339,0.005479157,2020-05-08,2026-01-07,20177,1140,1,5,0.0029073488432914017
2026-02-27,688528,test,-0.01722938,0.005349241,2020-05-08,2026-01-07,20177,1140,1,5,0.0029073488432914017
2026-03-02,600025,test,0.10180031,0.001707904,2020-05-08,2026-01-07,20177,1140,1,5,0.0029073488432914017
2026-03-02,600051,test,0.03731012,0.00830134,2020-05-08,2026-01-07,20177,1140,1,5,0.0029073488432914017
2026-03-02,600127,test,0.081708975,-0.0032163188,2020-05-08,2026-01-07,20177,1140,1,5,0.0029073488432914017
2026-03-02,600153,test,-0.02948139,0.003856577,2020-05-08,2026-01-07,20177,1140,1,5,0.0029073488432914017
2026-03-02,600548,test,0.023846995,0.0041609555,2020-05-08,2026-01-07,20177,1140,1,5,0.0029073488432914017
2026-03-02,600865,test,0.003781172,0.0064072534,2020-05-08,2026-01-07,20177,1140,1,5,0.0029073488432914017
2026-03-02,600967,test,-0.07015328,0.00043340772,2020-05-08,2026-01-07,20177,1140,1,5,0.0029073488432914017
2026-03-02,601222,test,0.084138684,0.007985227,2020-05-08,2026-01-07,20177,1140,1,5,0.0029073488432914017
2026-03-02,603237,test,0.01972679,0.0080864355,2020-05-08,2026-01-07,20177,1140,1,5,0.0029073488432914017
2026-03-02,603335,test,0.039474502,0.005615346,2020-05-08,2026-01-07,20177,1140,1,5,0.0029073488432914017
2026-03-02,603341,test,-0.040090915,0.0065246746,2020-05-08,2026-01-07,20177,1140,1,5,0.0029073488432914017
2026-03-02,603658,test,0.0023112358,0.0033749565,2020-05-08,2026-01-07,20177,1140,1,5,0.0029073488432914017
2026-03-02,605090,test,-0.08033479,-0.006888449,2020-05-08,2026-01-07,20177,1140,1,5,0.0029073488432914017
2026-03-02,605589,test,-0.057468724,-0.0056301355,2020-05-08,2026-01-07,20177,1140,1,5,0.0029073488432914017
2026-03-02,688031,test,0.0599223,-0.014341749,2020-05-08,2026-01-07,20177,1140,1,5,0.0029073488432914017
2026-03-02,688045,test,-0.013984559,-0.0013055801,2020-05-08,2026-01-07,20177,1140,1,5,0.0029073488432914017
2026-03-02,688133,test,-0.041420657,0.0056675747,2020-05-08,2026-01-07,20177,1140,1,5,0.0029073488432914017
2026-03-02,688147,test,-0.10413356,0.004658371,2020-05-08,2026-01-07,20177,1140,1,5,0.0029073488432914017
2026-03-02,688528,test,0.022658281,0.0059568435,2020-05-08,2026-01-07,20177,1140,1,5,0.0029073488432914017
2026-03-03,600025,test,0.027932884,0.0002547577,2020-05-08,2026-01-07,20177,1140,1,5,0.0029073488432914017
2026-03-03,600051,test,0.017683718,0.007835917,2020-05-08,2026-01-07,20177,1140,1,5,0.0029073488432914017
2026-03-03,600127,test,-0.0023911607,-0.00821919,2020-05-08,2026-01-07,20177,1140,1,5,0.0029073488432914017
2026-03-03,600153,test,-0.068652764,0.0042897984,2020-05-08,2026-01-07,20177,1140,1,5,0.0029073488432914017
2026-03-03,600548,test,-0.029151725,0.002441518,2020-05-08,2026-01-07,20177,1140,1,5,0.0029073488432914017
2026-03-03,600865,test,-0.015262836,0.0056312606,2020-05-08,2026-01-07,20177,1140,1,5,0.0029073488432914017
2026-03-03,600967,test,-0.06496917,0.003650479,2020-05-08,2026-01-07,20177,1140,1,5,0.0029073488432914017
2026-03-03,601222,test,0.047897454,0.007163927,2020-05-08,2026-01-07,20177,1140,1,5,0.0029073488432914017
2026-03-03,603237,test,-0.0063447068,0.0068306103,2020-05-08,2026-01-07,20177,1140,1,5,0.0029073488432914017
2026-03-03,603335,test,0.082346536,0.0063158944,2020-05-08,2026-01-07,20177,1140,1,5,0.0029073488432914017
2026-03-03,603341,test,-0.017660167,0.007871211,2020-05-08,2026-01-07,20177,1140,1,5,0.0029073488432914017
2026-03-03,603658,test,-0.030285189,0.003272824,2020-05-08,2026-01-07,20177,1140,1,5,0.0029073488432914017
2026-03-03,605090,test,-0.18684404,-0.015900902,2020-05-08,2026-01-07,20177,1140,1,5,0.0029073488432914017
2026-03-03,605589,test,-0.05155498,-0.002398789,2020-05-08,2026-01-07,20177,1140,1,5,0.0029073488432914017
2026-03-03,688031,test,0.28528127,-0.0016927645,2020-05-08,2026-01-07,20177,1140,1,5,0.0029073488432914017
2026-03-03,688045,test,0.03350102,0.0012322366,2020-05-08,2026-01-07,20177,1140,1,5,0.0029073488432914017
2026-03-03,688133,test,-0.0026966976,0.007035941,2020-05-08,2026-01-07,20177,1140,1,5,0.0029073488432914017
2026-03-03,688147,test,-0.088935666,0.0027718171,2020-05-08,2026-01-07,20177,1140,1,5,0.0029073488432914017
2026-03-03,688528,test,0.049609337,0.0065343305,2020-05-08,2026-01-07,20177,1140,1,5,0.0029073488432914017
2026-03-04,600025,test,0.01901883,-0.00428655,2020-05-08,2026-01-07,20177,1140,1,5,0.0029073488432914017
2026-03-04,600051,test,0.021785198,0.006948106,2020-05-08,2026-01-07,20177,1140,1,5,0.0029073488432914017
2026-03-04,600127,test,-0.046850733,-0.017669562,2020-05-08,2026-01-07,20177,1140,1,5,0.0029073488432914017
2026-03-04,600153,test,-0.048788,0.0044621006,2020-05-08,2026-01-07,20177,1140,1,5,0.0029073488432914017
2026-03-04,600548,test,-0.011178463,0.0013224706,2020-05-08,2026-01-07,20177,1140,1,5,0.0029073488432914017
2026-03-04,600865,test,-0.02529038,0.004762344,2020-05-08,2026-01-07,20177,1140,1,5,0.0029073488432914017
2026-03-04,600967,test,-0.100552596,0.002005197,2020-05-08,2026-01-07,20177,1140,1,5,0.0029073488432914017
2026-03-04,601222,test,0.06499603,0.00646355,2020-05-08,2026-01-07,20177,1140,1,5,0.0029073488432914017
2026-03-04,603237,test,-0.0069527323,0.006121643,2020-05-08,2026-01-07,20177,1140,1,5,0.0029073488432914017
2026-03-04,603335,test,0.08747562,0.006361842,2020-05-08,2026-01-07,20177,1140,1,5,0.0029073488432914017
2026-03-04,603341,test,-0.013753635,0.008035079,2020-05-08,2026-01-07,20177,1140,1,5,0.0029073488432914017
2026-03-04,603658,test,-0.019189043,0.003436692,2020-05-08,2026-01-07,20177,1140,1,5,0.0029073488432914017
2026-03-04,605090,test,-0.16714206,-0.0074852183,2020-05-08,2026-01-07,20177,1140,1,5,0.0029073488432914017
2026-03-04,605589,test,-0.069516875,-0.00092211366,2020-05-08,2026-01-07,20177,1140,1,5,0.0029073488432914017
2026-03-04,688031,test,0.2629275,0.005558461,2020-05-08,2026-01-07,20177,1140,1,5,0.0029073488432914017
2026-03-04,688045,test,0.01250368,0.0029318854,2020-05-08,2026-01-07,20177,1140,1,5,0.0029073488432914017
2026-03-04,688133,test,0.0027925014,0.0075976253,2020-05-08,2026-01-07,20177,1140,1,5,0.0029073488432914017
2026-03-04,688147,test,-0.060556795,0.0018710196,2020-05-08,2026-01-07,20177,1140,1,5,0.0029073488432914017
2026-03-04,688528,test,0.05525641,0.006631814,2020-05-08,2026-01-07,20177,1140,1,5,0.0029073488432914017
2026-03-05,600025,test,0.03700861,-0.0023057014,2020-05-08,2026-01-07,20177,1140,1,5,0.0029073488432914017
2026-03-05,600051,test,0.026100019,0.006493211,2020-05-08,2026-01-07,20177,1140,1,5,0.0029073488432914017
2026-03-05,600127,test,0.032341,-0.013518568,2020-05-08,2026-01-07,20177,1140,1,5,0.0029073488432914017
2026-03-05,600153,test,-0.009442028,0.0057086125,2020-05-08,2026-01-07,20177,1140,1,5,0.0029073488432914017
2026-03-05,600548,test,0.013026459,0.002280958,2020-05-08,2026-01-07,20177,1140,1,5,0.0029073488432914017
2026-03-05,600865,test,-0.029230544,0.0044694617,2020-05-08,2026-01-07,20177,1140,1,5,0.0029073488432914017
2026-03-05,600967,test,-0.077840574,0.0036831498,2020-05-08,2026-01-07,20177,1140,1,5,0.0029073488432914017
2026-03-05,601222,test,0.062384017,0.0041157603,2020-05-08,2026-01-07,20177,1140,1,5,0.0029073488432914017
2026-03-05,603237,test,0.010218455,0.0058781877,2020-05-08,2026-01-07,20177,1140,1,5,0.0029073488432914017
2026-03-05,603335,test,0.06680345,0.0054389015,2020-05-08,2026-01-07,20177,1140,1,5,0.0029073488432914017
2026-03-05,603341,test,-0.018550169,0.0069724843,2020-05-08,2026-01-07,20177,1140,1,5,0.0029073488432914017
2026-03-05,603658,test,0.004890835,0.004134871,2020-05-08,2026-01-07,20177,1140,1,5,0.0029073488432914017
2026-03-05,605090,test,-0.124241635,-0.00040872395,2020-05-08,2026-01-07,20177,1140,1,5,0.0029073488432914017
2026-03-05,605589,test,-0.039054625,0.00218302,2020-05-08,2026-01-07,20177,1140,1,5,0.0029073488432914017
2026-03-05,688031,test,0.019142028,-0.0057124197,2020-05-08,2026-01-07,20177,1140,1,5,0.0029073488432914017
2026-03-05,688045,test,-0.0059279837,0.0035366118,2020-05-08,2026-01-07,20177,1140,1,5,0.0029073488432914017
2026-03-05,688133,test,0.033660565,0.0070938617,2020-05-08,2026-01-07,20177,1140,1,5,0.0029073488432914017
2026-03-05,688147,test,-0.08809037,0.0011547133,2020-05-08,2026-01-07,20177,1140,1,5,0.0029073488432914017
2026-03-05,688528,test,0.028353116,0.0061573386,2020-05-08,2026-01-07,20177,1140,1,5,0.0029073488432914017
2026-03-06,600025,test,0.030770335,-0.0011051968,2020-05-08,2026-01-07,20177,1140,1,5,0.0029073488432914017
2026-03-06,600051,test,0.017219694,0.0061054826,2020-05-08,2026-01-07,20177,1140,1,5,0.0029073488432914017
2026-03-06,600127,test,0.04607901,-0.00874877,2020-05-08,2026-01-07,20177,1140,1,5,0.0029073488432914017
2026-03-06,600153,test,0.02086162,0.0070408955,2020-05-08,2026-01-07,20177,1140,1,5,0.0029073488432914017
2026-03-06,600548,test,0.025686763,0.0036737546,2020-05-08,2026-01-07,20177,1140,1,5,0.0029073488432914017
2026-03-06,600865,test,-0.030110214,0.0041697174,2020-05-08,2026-01-07,20177,1140,1,5,0.0029073488432914017
2026-03-06,600967,test,-0.052931998,0.0057225376,2020-05-08,2026-01-07,20177,1140,1,5,0.0029073488432914017
2026-03-06,601222,test,0.044631425,0.0005810037,2020-05-08,2026-01-07,20177,1140,1,5,0.0029073488432914017
2026-03-06,603237,test,0.0019729575,0.0051800534,2020-05-08,2026-01-07,20177,1140,1,5,0.0029073488432914017
2026-03-06,603335,test,0.060336977,0.0034508929,2020-05-08,2026-01-07,20177,1140,1,5,0.0029073488432914017
2026-03-06,603341,test,-0.021234877,0.005728118,2020-05-08,2026-01-07,20177,1140,1,5,0.0029073488432914017
2026-03-06,603658,test,0.0077523054,0.004486546,2020-05-08,2026-01-07,20177,1140,1,5,0.0029073488432914017
2026-03-06,605090,test,-0.0580988,0.006324701,2020-05-08,2026-01-07,20177,1140,1,5,0.0029073488432914017
2026-03-06,605589,test,0.012913704,0.0053377673,2020-05-08,2026-01-07,20177,1140,1,5,0.0029073488432914017
2026-03-06,688031,test,-0.12000828,-0.017941736,2020-05-08,2026-01-07,20177,1140,1,5,0.0029073488432914017
2026-03-06,688045,test,0.0112389,0.0042154863,2020-05-08,2026-01-07,20177,1140,1,5,0.0029073488432914017
2026-03-06,688133,test,0.017579976,0.0058427677,2020-05-08,2026-01-07,20177,1140,1,5,0.0029073488432914017
2026-03-06,688147,test,-0.061348233,0.00070627034,2020-05-08,2026-01-07,20177,1140,1,5,0.0029073488432914017
2026-03-06,688528,test,0.00302534,0.0028981566,2020-05-08,2026-01-07,20177,1140,1,5,0.0029073488432914017
2026-03-09,600025,test,0.0024232194,0.0009672195,2020-05-08,2026-01-07,20177,1140,1,5,0.0029073488432914017
2026-03-09,600051,test,-0.0023983812,0.006710589,2020-05-08,2026-01-07,20177,1140,1,5,0.0029073488432914017
2026-03-09,600127,test,0.012466484,-0.014592089,2020-05-08,2026-01-07,20177,1140,1,5,0.0029073488432914017
2026-03-09,600153,test,0.050978526,0.007332891,2020-05-08,2026-01-07,20177,1140,1,5,0.0029073488432914017
2026-03-09,600548,test,0.015458762,0.0036686286,2020-05-08,2026-01-07,20177,1140,1,5,0.0029073488432914017
2026-03-09,600865,test,-0.022756688,0.004698038,2020-05-08,2026-01-07,20177,1140,1,5,0.0029073488432914017
2026-03-09,600967,test,-0.033251375,0.005480401,2020-05-08,2026-01-07,20177,1140,1,5,0.0029073488432914017
2026-03-09,601222,test,-0.005447162,-0.0023383126,2020-05-08,2026-01-07,20177,1140,1,5,0.0029073488432914017
2026-03-09,603237,test,-0.0012369411,0.006353803,2020-05-08,2026-01-07,20177,1140,1,5,0.0029073488432914017
2026-03-09,603335,test,0.020742115,0.0018740818,2020-05-08,2026-01-07,20177,1140,1,5,0.0029073488432914017
2026-03-09,603341,test,-0.011403121,0.0045633838,2020-05-08,2026-01-07,20177,1140,1,5,0.0029073488432914017
2026-03-09,603658,test,-0.005834807,0.004411362,2020-05-08,2026-01-07,20177,1140,1,5,0.0029073488432914017
2026-03-09,605090,test,-0.02744392,0.0073440894,2020-05-08,2026-01-07,20177,1140,1,5,0.0029073488432914017
2026-03-09,605589,test,0.026565034,0.0055018216,2020-05-08,2026-01-07,20177,1140,1,5,0.0029073488432914017
2026-03-09,688031,test,-0.07289923,-0.017965041,2020-05-08,2026-01-07,20177,1140,1,5,0.0029073488432914017
2026-03-09,688045,test,0.012458512,0.00420364,2020-05-08,2026-01-07,20177,1140,1,5,0.0029073488432914017
2026-03-09,688133,test,0.018471956,0.0050953627,2020-05-08,2026-01-07,20177,1140,1,5,0.0029073488432914017
2026-03-09,688147,test,-0.064439744,0.000368841,2020-05-08,2026-01-07,20177,1140,1,5,0.0029073488432914017
2026-03-09,688528,test,0.009598191,0.0033200756,2020-05-08,2026-01-07,20177,1140,1,5,0.0029073488432914017
2026-03-10,600025,test,0.040680394,0.0044764876,2020-05-08,2026-01-07,20177,1140,1,5,0.0029073488432914017
2026-03-10,600051,test,0.016236568,0.006233737,2020-05-08,2026-01-07,20177,1140,1,5,0.0029073488432914017
2026-03-10,600127,test,0.045094572,-0.005169682,2020-05-08,2026-01-07,20177,1140,1,5,0.0029073488432914017
2026-03-10,600153,test,0.08542735,0.0067591593,2020-05-08,2026-01-07,20177,1140,1,5,0.0029073488432914017
2026-03-10,600548,test,0.05979965,0.004807405,2020-05-08,2026-01-07,20177,1140,1,5,0.0029073488432914017
2026-03-10,600865,test,0.0037588202,0.005285032,2020-05-08,2026-01-07,20177,1140,1,5,0.0029073488432914017
2026-03-10,600967,test,-0.005660708,0.0056130663,2020-05-08,2026-01-07,20177,1140,1,5,0.0029073488432914017
2026-03-10,601222,test,0.032767683,-0.00042095035,2020-05-08,2026-01-07,20177,1140,1,5,0.0029073488432914017
2026-03-10,603237,test,0.02531137,0.006901093,2020-05-08,2026-01-07,20177,1140,1,5,0.0029073488432914017
2026-03-10,603335,test,-0.0068252217,-0.00414975,2020-05-08,2026-01-07,20177,1140,1,5,0.0029073488432914017
2026-03-10,603341,test,-0.012193551,0.003949292,2020-05-08,2026-01-07,20177,1140,1,5,0.0029073488432914017
2026-03-10,603658,test,0.040508866,0.004611112,2020-05-08,2026-01-07,20177,1140,1,5,0.0029073488432914017
2026-03-10,605090,test,-0.034583915,0.008459397,2020-05-08,2026-01-07,20177,1140,1,5,0.0029073488432914017
2026-03-10,605589,test,-0.019605115,0.005829677,2020-05-08,2026-01-07,20177,1140,1,5,0.0029073488432914017
2026-03-10,688031,test,-0.2507886,-0.02313611,2020-05-08,2026-01-07,20177,1140,1,5,0.0029073488432914017
2026-03-10,688045,test,-0.006429358,0.0028119013,2020-05-08,2026-01-07,20177,1140,1,5,0.0029073488432914017
2026-03-10,688133,test,-0.014959803,0.0037270933,2020-05-08,2026-01-07,20177,1140,1,5,0.0029073488432914017
2026-03-10,688147,test,-0.068953454,-0.0011515543,2020-05-08,2026-01-07,20177,1140,1,5,0.0029073488432914017
2026-03-10,688528,test,-0.01752056,0.0005039349,2020-05-08,2026-01-07,20177,1140,1,5,0.0029073488432914017
2026-03-11,600025,test,0.007888903,0.00073159486,2020-05-08,2026-01-07,20177,1140,1,5,0.0029073488432914017
2026-03-11,600051,test,0.01110521,0.006755054,2020-05-08,2026-01-07,20177,1140,1,5,0.0029073488432914017
2026-03-11,600127,test,0.028508922,-0.00042797625,2020-05-08,2026-01-07,20177,1140,1,5,0.0029073488432914017
2026-03-11,600153,test,0.06456625,0.006328322,2020-05-08,2026-01-07,20177,1140,1,5,0.0029073488432914017
2026-03-11,600548,test,0.030976614,0.0041415915,2020-05-08,2026-01-07,20177,1140,1,5,0.0029073488432914017
2026-03-11,600865,test,-0.0012380797,0.0055837557,2020-05-08,2026-01-07,20177,1140,1,5,0.0029073488432914017
2026-03-11,600967,test,-0.014103703,0.005320728,2020-05-08,2026-01-07,20177,1140,1,5,0.0029073488432914017
2026-03-11,601222,test,-0.014918803,-0.009233199,2020-05-08,2026-01-07,20177,1140,1,5,0.0029073488432914017
2026-03-11,603237,test,0.029044297,0.007763982,2020-05-08,2026-01-07,20177,1140,1,5,0.0029073488432914017
2026-03-11,603335,test,-0.0022995546,-0.0042417273,2020-05-08,2026-01-07,20177,1140,1,5,0.0029073488432914017
2026-03-11,603341,test,-0.0064747105,0.0037133098,2020-05-08,2026-01-07,20177,1140,1,5,0.0029073488432914017
2026-03-11,603658,test,0.027689127,0.0047561973,2020-05-08,2026-01-07,20177,1140,1,5,0.0029073488432914017
2026-03-11,605090,test,-0.006348215,0.009695977,2020-05-08,2026-01-07,20177,1140,1,5,0.0029073488432914017
2026-03-11,605589,test,0.0075577307,0.0033734813,2020-05-08,2026-01-07,20177,1140,1,5,0.0029073488432914017
2026-03-11,688031,test,-0.21974483,-0.014530804,2020-05-08,2026-01-07,20177,1140,1,5,0.0029073488432914017
2026-03-11,688045,test,0.0330221,0.0039508417,2020-05-08,2026-01-07,20177,1140,1,5,0.0029073488432914017
2026-03-11,688133,test,-0.0132340565,0.003414251,2020-05-08,2026-01-07,20177,1140,1,5,0.0029073488432914017
2026-03-11,688147,test,-0.07059697,-0.0021053925,2020-05-08,2026-01-07,20177,1140,1,5,0.0029073488432914017
2026-03-11,688528,test,0.003920101,0.0024024844,2020-05-08,2026-01-07,20177,1140,1,5,0.0029073488432914017
2026-03-12,600025,test,0.022154404,0.00069061667,2020-05-08,2026-01-07,20177,1140,1,5,0.0029073488432914017
2026-03-12,600051,test,0.0036790795,0.0067713335,2020-05-08,2026-01-07,20177,1140,1,5,0.0029073488432914017
2026-03-12,600127,test,0.041441247,0.0028457716,2020-05-08,2026-01-07,20177,1140,1,5,0.0029073488432914017
2026-03-12,600153,test,0.056691997,0.004637301,2020-05-08,2026-01-07,20177,1140,1,5,0.0029073488432914017
2026-03-12,600548,test,0.05678131,0.004082851,2020-05-08,2026-01-07,20177,1140,1,5,0.0029073488432914017
2026-03-12,600865,test,0.011769969,0.0055870935,2020-05-08,2026-01-07,20177,1140,1,5,0.0029073488432914017
2026-03-12,600967,test,-0.011072157,0.0057068616,2020-05-08,2026-01-07,20177,1140,1,5,0.0029073488432914017
2026-03-12,601222,test,0.0021785856,-0.010222252,2020-05-08,2026-01-07,20177,1140,1,5,0.0029073488432914017
2026-03-12,603237,test,0.03731019,0.007882796,2020-05-08,2026-01-07,20177,1140,1,5,0.0029073488432914017
2026-03-12,603335,test,0.002958365,-0.0004733652,2020-05-08,2026-01-07,20177,1140,1,5,0.0029073488432914017
2026-03-12,603341,test,0.004282,0.003378965,2020-05-08,2026-01-07,20177,1140,1,5,0.0029073488432914017
2026-03-12,603658,test,0.03865838,0.0047339723,2020-05-08,2026-01-07,20177,1140,1,5,0.0029073488432914017
2026-03-12,605090,test,-0.019793607,0.0074898005,2020-05-08,2026-01-07,20177,1140,1,5,0.0029073488432914017
2026-03-12,605589,test,-0.019706674,0.00057386607,2020-05-08,2026-01-07,20177,1140,1,5,0.0029073488432914017
2026-03-12,688031,test,-0.2492576,-0.0048413128,2020-05-08,2026-01-07,20177,1140,1,5,0.0029073488432914017
2026-03-12,688045,test,0.031304024,0.0046059713,2020-05-08,2026-01-07,20177,1140,1,5,0.0029073488432914017
2026-03-12,688133,test,-0.042471644,-0.0008402318,2020-05-08,2026-01-07,20177,1140,1,5,0.0029073488432914017
2026-03-12,688147,test,-0.04936673,-0.00085653365,2020-05-08,2026-01-07,20177,1140,1,5,0.0029073488432914017
2026-03-12,688528,test,0.013284505,0.004086256,2020-05-08,2026-01-07,20177,1140,1,5,0.0029073488432914017
2026-03-13,600025,test,0.044459432,-0.0019541383,2020-05-08,2026-03-12,20937,1140,1,5,0.003165825305040926
2026-03-13,600051,test,-0.016016934,-0.0024686232,2020-05-08,2026-03-12,20937,1140,1,5,0.003165825305040926
2026-03-13,600127,test,0.022986438,-0.0006135702,2020-05-08,2026-03-12,20937,1140,1,5,0.003165825305040926
2026-03-13,600153,test,0.032207906,-0.007054955,2020-05-08,2026-03-12,20937,1140,1,5,0.003165825305040926
2026-03-13,600548,test,0.08682736,-0.0035840273,2020-05-08,2026-03-12,20937,1140,1,5,0.003165825305040926
2026-03-13,600865,test,0.006535912,0.00055643916,2020-05-08,2026-03-12,20937,1140,1,5,0.003165825305040926
2026-03-13,600967,test,-0.005597825,-0.0017543733,2020-05-08,2026-03-12,20937,1140,1,5,0.003165825305040926
2026-03-13,601222,test,0.026025865,-0.009063207,2020-05-08,2026-03-12,20937,1140,1,5,0.003165825305040926
2026-03-13,603237,test,0.033800434,-0.0018425211,2020-05-08,2026-03-12,20937,1140,1,5,0.003165825305040926
2026-03-13,603335,test,-0.047658693,-0.007775873,2020-05-08,2026-03-12,20937,1140,1,5,0.003165825305040926
2026-03-13,603341,test,0.0140243005,-0.0028136596,2020-05-08,2026-03-12,20937,1140,1,5,0.003165825305040926
2026-03-13,603658,test,0.052310385,-0.001513131,2020-05-08,2026-03-12,20937,1140,1,5,0.003165825305040926
2026-03-13,605090,test,-0.04241007,0.0010078996,2020-05-08,2026-03-12,20937,1140,1,5,0.003165825305040926
2026-03-13,605589,test,-0.02273619,-0.006571889,2020-05-08,2026-03-12,20937,1140,1,5,0.003165825305040926
2026-03-13,688031,test,-0.24339172,0.019019604,2020-05-08,2026-03-12,20937,1140,1,5,0.003165825305040926
2026-03-13,688045,test,0.01277231,-0.0041813254,2020-05-08,2026-03-12,20937,1140,1,5,0.003165825305040926
2026-03-13,688133,test,-0.03315157,-0.0012773275,2020-05-08,2026-03-12,20937,1140,1,5,0.003165825305040926
2026-03-13,688147,test,0.040223036,-0.0024695098,2020-05-08,2026-03-12,20937,1140,1,5,0.003165825305040926
2026-03-13,688528,test,-0.0041338974,-0.00082132965,2020-05-08,2026-03-12,20937,1140,1,5,0.003165825305040926
2026-03-16,600025,test,0.08106027,0.00023072958,2020-05-08,2026-03-12,20937,1140,1,5,0.003165825305040926
2026-03-16,600051,test,-0.02911011,-0.00022219121,2020-05-08,2026-03-12,20937,1140,1,5,0.003165825305040926
2026-03-16,600127,test,-0.013923773,-0.0012652278,2020-05-08,2026-03-12,20937,1140,1,5,0.003165825305040926
2026-03-16,600153,test,0.021429297,-0.0115915015,2020-05-08,2026-03-12,20937,1140,1,5,0.003165825305040926
2026-03-16,600548,test,0.10341101,-0.0019297078,2020-05-08,2026-03-12,20937,1140,1,5,0.003165825305040926
2026-03-16,600865,test,0.0018556867,0.00053723156,2020-05-08,2026-03-12,20937,1140,1,5,0.003165825305040926
2026-03-16,600967,test,-0.030746952,-0.001117371,2020-05-08,2026-03-12,20937,1140,1,5,0.003165825305040926
2026-03-16,601222,test,0.0722264,-0.0034695938,2020-05-08,2026-03-12,20937,1140,1,5,0.003165825305040926
2026-03-16,603237,test,0.034202315,-0.0030124784,2020-05-08,2026-03-12,20937,1140,1,5,0.003165825305040926
2026-03-16,603335,test,-0.03528893,-0.0055195987,2020-05-08,2026-03-12,20937,1140,1,5,0.003165825305040926
2026-03-16,603341,test,0.00083480513,-0.0027455017,2020-05-08,2026-03-12,20937,1140,1,5,0.003165825305040926
2026-03-16,603658,test,0.057948213,-0.0011269599,2020-05-08,2026-03-12,20937,1140,1,5,0.003165825305040926
2026-03-16,605090,test,0.032963112,-0.0002680719,2020-05-08,2026-03-12,20937,1140,1,5,0.003165825305040926
2026-03-16,605589,test,-0.010838504,-0.008437902,2020-05-08,2026-03-12,20937,1140,1,5,0.003165825305040926
2026-03-16,688031,test,-0.24057396,0.016331136,2020-05-08,2026-03-12,20937,1140,1,5,0.003165825305040926
2026-03-16,688045,test,-0.022720655,-0.0063490793,2020-05-08,2026-03-12,20937,1140,1,5,0.003165825305040926
2026-03-16,688133,test,-0.0526351,-7.1167946e-05,2020-05-08,2026-03-12,20937,1140,1,5,0.003165825305040926
2026-03-16,688147,test,0.05398,-0.002531752,2020-05-08,2026-03-12,20937,1140,1,5,0.003165825305040926
2026-03-16,688528,test,-0.036691047,0.0001385957,2020-05-08,2026-03-12,20937,1140,1,5,0.003165825305040926
2026-03-17,600025,test,0.052833434,0.0012449324,2020-05-08,2026-03-12,20937,1140,1,5,0.003165825305040926
2026-03-17,600051,test,-0.018653706,-0.00022876263,2020-05-08,2026-03-12,20937,1140,1,5,0.003165825305040926
2026-03-17,600127,test,-0.04024807,-0.0005802661,2020-05-08,2026-03-12,20937,1140,1,5,0.003165825305040926
2026-03-17,600153,test,-0.013221973,-0.010236271,2020-05-08,2026-03-12,20937,1140,1,5,0.003165825305040926
2026-03-17,600548,test,0.08935478,-0.0015974641,2020-05-08,2026-03-12,20937,1140,1,5,0.003165825305040926
2026-03-17,600865,test,-0.011212293,0.00065583736,2020-05-08,2026-03-12,20937,1140,1,5,0.003165825305040926
2026-03-17,600967,test,-0.0007654305,-0.0018567592,2020-05-08,2026-03-12,20937,1140,1,5,0.003165825305040926
2026-03-17,601222,test,0.052480187,0.0004524216,2020-05-08,2026-03-12,20937,1140,1,5,0.003165825305040926
2026-03-17,603237,test,0.00783527,-0.0036224276,2020-05-08,2026-03-12,20937,1140,1,5,0.003165825305040926
2026-03-17,603335,test,-0.0108833965,-0.00065586716,2020-05-08,2026-03-12,20937,1140,1,5,0.003165825305040926
2026-03-17,603341,test,-0.013760766,-0.0023569465,2020-05-08,2026-03-12,20937,1140,1,5,0.003165825305040926
2026-03-17,603658,test,0.004429283,-0.0015372261,2020-05-08,2026-03-12,20937,1140,1,5,0.003165825305040926
2026-03-17,605090,test,0.014677872,-0.003113076,2020-05-08,2026-03-12,20937,1140,1,5,0.003165825305040926
2026-03-17,605589,test,0.01085188,-0.008413456,2020-05-08,2026-03-12,20937,1140,1,5,0.003165825305040926
2026-03-17,688031,test,-0.13013045,0.012233123,2020-05-08,2026-03-12,20937,1140,1,5,0.003165825305040926
2026-03-17,688045,test,-0.0040401295,-0.0056883246,2020-05-08,2026-03-12,20937,1140,1,5,0.003165825305040926
2026-03-17,688133,test,-0.009081527,-0.00046636164,2020-05-08,2026-03-12,20937,1140,1,5,0.003165825305040926
2026-03-17,688147,test,0.047435313,-0.0020081922,2020-05-08,2026-03-12,20937,1140,1,5,0.003165825305040926
2026-03-17,688528,test,-0.007955211,0.00020696223,2020-05-08,2026-03-12,20937,1140,1,5,0.003165825305040926
2026-03-18,600025,test,0.04503227,0.0021189004,2020-05-08,2026-03-12,20937,1140,1,5,0.003165825305040926
2026-03-18,600051,test,0.003180127,-0.000455603,2020-05-08,2026-03-12,20937,1140,1,5,0.003165825305040926
2026-03-18,600127,test,-0.018433794,0.0017716885,2020-05-08,2026-03-12,20937,1140,1,5,0.003165825305040926
2026-03-18,600153,test,-0.0066656023,-0.009725317,2020-05-08,2026-03-12,20937,1140,1,5,0.003165825305040926
2026-03-18,600548,test,0.102099895,-0.0016598701,2020-05-08,2026-03-12,20937,1140,1,5,0.003165825305040926
2026-03-18,600865,test,-0.0069424026,0.0006300956,2020-05-08,2026-03-12,20937,1140,1,5,0.003165825305040926
2026-03-18,600967,test,0.05052694,-0.004326977,2020-05-08,2026-03-12,20937,1140,1,5,0.003165825305040926
2026-03-18,601222,test,0.071320735,0.0024217293,2020-05-08,2026-03-12,20937,1140,1,5,0.003165825305040926
2026-03-18,603237,test,0.0010269299,-0.0033088028,2020-05-08,2026-03-12,20937,1140,1,5,0.003165825305040926
2026-03-18,603335,test,-0.015665287,0.0019123033,2020-05-08,2026-03-12,20937,1140,1,5,0.003165825305040926
2026-03-18,603341,test,-0.012073036,-0.0012978241,2020-05-08,2026-03-12,20937,1140,1,5,0.003165825305040926
2026-03-18,603658,test,0.0011843668,-0.000986591,2020-05-08,2026-03-12,20937,1140,1,5,0.003165825305040926
2026-03-18,605090,test,-0.00292438,-0.0038397908,2020-05-08,2026-03-12,20937,1140,1,5,0.003165825305040926
2026-03-18,605589,test,-0.008351446,-0.008476928,2020-05-08,2026-03-12,20937,1140,1,5,0.003165825305040926
2026-03-18,688031,test,-0.1519104,0.010804549,2020-05-08,2026-03-12,20937,1140,1,5,0.003165825305040926
2026-03-18,688045,test,-0.01856736,-0.0045325905,2020-05-08,2026-03-12,20937,1140,1,5,0.003165825305040926
2026-03-18,688133,test,-0.021843024,-0.0001488626,2020-05-08,2026-03-12,20937,1140,1,5,0.003165825305040926
2026-03-18,688147,test,0.057834223,-0.0019137412,2020-05-08,2026-03-12,20937,1140,1,5,0.003165825305040926
2026-03-18,688528,test,-0.034095034,-0.0030538067,2020-05-08,2026-03-12,20937,1140,1,5,0.003165825305040926
2026-03-19,600025,test,0.043432076,0.0026314333,2020-05-08,2026-03-12,20937,1140,1,5,0.003165825305040926
2026-03-19,600051,test,0.013007993,-0.00066272914,2020-05-08,2026-03-12,20937,1140,1,5,0.003165825305040926
2026-03-19,600127,test,-0.033719867,0.0030070469,2020-05-08,2026-03-12,20937,1140,1,5,0.003165825305040926
2026-03-19,600153,test,0.009337759,-0.007904276,2020-05-08,2026-03-12,20937,1140,1,5,0.003165825305040926
2026-03-19,600548,test,0.04354793,-0.005436063,2020-05-08,2026-03-12,20937,1140,1,5,0.003165825305040926
2026-03-19,600865,test,-0.005079316,0.00080437213,2020-05-08,2026-03-12,20937,1140,1,5,0.003165825305040926
2026-03-19,600967,test,0.017872699,-0.004548706,2020-05-08,2026-03-12,20937,1140,1,5,0.003165825305040926
2026-03-19,601222,test,0.058009516,0.0019600838,2020-05-08,2026-03-12,20937,1140,1,5,0.003165825305040926
2026-03-19,603237,test,0.010636557,-0.0037346035,2020-05-08,2026-03-12,20937,1140,1,5,0.003165825305040926
2026-03-19,603335,test,-0.011233859,0.0025069416,2020-05-08,2026-03-12,20937,1140,1,5,0.003165825305040926
2026-03-19,603341,test,-0.010095135,-0.00036017597,2020-05-08,2026-03-12,20937,1140,1,5,0.003165825305040926
2026-03-19,603658,test,-0.0060186354,-0.0012495294,2020-05-08,2026-03-12,20937,1140,1,5,0.003165825305040926
2026-03-19,605090,test,0.010077898,-0.0061442107,2020-05-08,2026-03-12,20937,1140,1,5,0.003165825305040926
2026-03-19,605589,test,-0.0019941342,-0.0060341805,2020-05-08,2026-03-12,20937,1140,1,5,0.003165825305040926
2026-03-19,688031,test,-0.084022336,0.011336252,2020-05-08,2026-03-12,20937,1140,1,5,0.003165825305040926
2026-03-19,688045,test,-0.02441661,-0.004154876,2020-05-08,2026-03-12,20937,1140,1,5,0.003165825305040926
2026-03-19,688133,test,-0.019393386,-0.0012922212,2020-05-08,2026-03-12,20937,1140,1,5,0.003165825305040926
2026-03-19,688147,test,0.06395788,-0.0015759766,2020-05-08,2026-03-12,20937,1140,1,5,0.003165825305040926
2026-03-19,688528,test,-0.029223999,-0.002333179,2020-05-08,2026-03-12,20937,1140,1,5,0.003165825305040926
2026-03-20,600025,test,-5.744982e-05,0.0028663725,2020-05-08,2026-03-12,20937,1140,1,5,0.003165825305040926
2026-03-20,600051,test,0.028090097,-0.002074793,2020-05-08,2026-03-12,20937,1140,1,5,0.003165825305040926
2026-03-20,600127,test,-0.018892433,0.0039078295,2020-05-08,2026-03-12,20937,1140,1,5,0.003165825305040926
2026-03-20,600153,test,0.0012906644,-0.0055694655,2020-05-08,2026-03-12,20937,1140,1,5,0.003165825305040926
2026-03-20,600548,test,0.0024655154,-0.0074248686,2020-05-08,2026-03-12,20937,1140,1,5,0.003165825305040926
2026-03-20,600865,test,0.0032169272,0.00089496374,2020-05-08,2026-03-12,20937,1140,1,5,0.003165825305040926
2026-03-20,600967,test,0.019021744,-0.0035886317,2020-05-08,2026-03-12,20937,1140,1,5,0.003165825305040926
2026-03-20,601222,test,0.014573332,0.00043933094,2020-05-08,2026-03-12,20937,1140,1,5,0.003165825305040926
2026-03-20,603237,test,0.004977941,-0.004364103,2020-05-08,2026-03-12,20937,1140,1,5,0.003165825305040926
2026-03-20,603335,test,0.062241342,0.0019749776,2020-05-08,2026-03-12,20937,1140,1,5,0.003165825305040926
2026-03-20,603341,test,-0.018993288,0.0002635792,2020-05-08,2026-03-12,20937,1140,1,5,0.003165825305040926
2026-03-20,603658,test,-0.01890826,-0.0017529577,2020-05-08,2026-03-12,20937,1140,1,5,0.003165825305040926
2026-03-20,605090,test,0.032500204,-0.0060274377,2020-05-08,2026-03-12,20937,1140,1,5,0.003165825305040926
2026-03-20,605589,test,-0.02178626,-0.0050963536,2020-05-08,2026-03-12,20937,1140,1,5,0.003165825305040926
2026-03-20,688031,test,-0.044046562,0.011660367,2020-05-08,2026-03-12,20937,1140,1,5,0.003165825305040926
2026-03-20,688045,test,-0.016235087,-0.0034302175,2020-05-08,2026-03-12,20937,1140,1,5,0.003165825305040926
2026-03-20,688133,test,-0.009719685,-0.0008916706,2020-05-08,2026-03-12,20937,1140,1,5,0.003165825305040926
2026-03-20,688147,test,-0.026696652,-0.003947474,2020-05-08,2026-03-12,20937,1140,1,5,0.003165825305040926
2026-03-20,688528,test,-0.0033437435,-0.0045175552,2020-05-08,2026-03-12,20937,1140,1,5,0.003165825305040926
2026-03-23,600025,test,-0.049093857,-0.00054229796,2020-05-08,2026-03-12,20937,1140,1,5,0.003165825305040926
2026-03-23,600051,test,0.070208475,-0.0017482713,2020-05-08,2026-03-12,20937,1140,1,5,0.003165825305040926
2026-03-23,600127,test,0.09600759,0.0033969134,2020-05-08,2026-03-12,20937,1140,1,5,0.003165825305040926
2026-03-23,600153,test,-0.02206898,-0.003540881,2020-05-08,2026-03-12,20937,1140,1,5,0.003165825305040926
2026-03-23,600548,test,-0.038513426,-0.0090709105,2020-05-08,2026-03-12,20937,1140,1,5,0.003165825305040926
2026-03-23,600865,test,0.0060249167,0.0010205954,2020-05-08,2026-03-12,20937,1140,1,5,0.003165825305040926
2026-03-23,600967,test,0.051348295,-0.0033836514,2020-05-08,2026-03-12,20937,1140,1,5,0.003165825305040926
2026-03-23,601222,test,-0.05086898,-0.00066342205,2020-05-08,2026-03-12,20937,1140,1,5,0.003165825305040926
2026-03-23,603237,test,0.011038478,-0.005643934,2020-05-08,2026-03-12,20937,1140,1,5,0.003165825305040926
2026-03-23,603335,test,0.09069292,0.0009874701,2020-05-08,2026-03-12,20937,1140,1,5,0.003165825305040926
2026-03-23,603341,test,-0.031083582,-4.181266e-05,2020-05-08,2026-03-12,20937,1140,1,5,0.003165825305040926
2026-03-23,603658,test,-0.030259456,-0.0027810037,2020-05-08,2026-03-12,20937,1140,1,5,0.003165825305040926
2026-03-23,605090,test,-0.017626574,-0.005189061,2020-05-08,2026-03-12,20937,1140,1,5,0.003165825305040926
2026-03-23,605589,test,-0.0489756,-0.0048242062,2020-05-08,2026-03-12,20937,1140,1,5,0.003165825305040926
2026-03-23,688031,test,-0.063374534,0.012465879,2020-05-08,2026-03-12,20937,1140,1,5,0.003165825305040926
2026-03-23,688045,test,0.020218164,-0.0022901073,2020-05-08,2026-03-12,20937,1140,1,5,0.003165825305040926
2026-03-23,688133,test,0.0003812818,-0.0016002879,2020-05-08,2026-03-12,20937,1140,1,5,0.003165825305040926
2026-03-23,688147,test,-0.04724045,-0.00081546605,2020-05-08,2026-03-12,20937,1140,1,5,0.003165825305040926
2026-03-23,688528,test,0.03793102,-0.003070727,2020-05-08,2026-03-12,20937,1140,1,5,0.003165825305040926
2026-03-24,600025,test,-0.034802172,-0.0015891343,2020-05-08,2026-03-12,20937,1140,1,5,0.003165825305040926
2026-03-24,600051,test,0.0416118,-0.0036897212,2020-05-08,2026-03-12,20937,1140,1,5,0.003165825305040926
2026-03-24,600127,test,0.14318563,0.0023951605,2020-05-08,2026-03-12,20937,1140,1,5,0.003165825305040926
2026-03-24,600153,test,-0.0049984446,-0.0016933307,2020-05-08,2026-03-12,20937,1140,1,5,0.003165825305040926
2026-03-24,600548,test,-0.00801442,-0.01250194,2020-05-08,2026-03-12,20937,1140,1,5,0.003165825305040926
2026-03-24,600865,test,0.012848197,0.0011368245,2020-05-08,2026-03-12,20937,1140,1,5,0.003165825305040926
2026-03-24,600967,test,-0.01238413,-0.0053706095,2020-05-08,2026-03-12,20937,1140,1,5,0.003165825305040926
2026-03-24,601222,test,-0.049768087,-0.0026248842,2020-05-08,2026-03-12,20937,1140,1,5,0.003165825305040926
2026-03-24,603237,test,0.022983944,-0.0051635727,2020-05-08,2026-03-12,20937,1140,1,5,0.003165825305040926
2026-03-24,603335,test,0.06598422,-0.0015180185,2020-05-08,2026-03-12,20937,1140,1,5,0.003165825305040926
2026-03-24,603341,test,-0.0005693064,-7.068366e-05,2020-05-08,2026-03-12,20937,1140,1,5,0.003165825305040926
2026-03-24,603658,test,0.0077228136,-0.0017076656,2020-05-08,2026-03-12,20937,1140,1,5,0.003165825305040926
2026-03-24,605090,test,-0.0011116908,-0.0024871975,2020-05-08,2026-03-12,20937,1140,1,5,0.003165825305040926
2026-03-24,605589,test,-0.036772005,-0.0026082844,2020-05-08,2026-03-12,20937,1140,1,5,0.003165825305040926
2026-03-24,688031,test,-0.04820226,0.010916844,2020-05-08,2026-03-12,20937,1140,1,5,0.003165825305040926
2026-03-24,688045,test,-0.0025735043,-0.0019040927,2020-05-08,2026-03-12,20937,1140,1,5,0.003165825305040926
2026-03-24,688133,test,-0.032559276,-0.0022520423,2020-05-08,2026-03-12,20937,1140,1,5,0.003165825305040926
2026-03-24,688147,test,-0.04551859,5.365163e-05,2020-05-08,2026-03-12,20937,1140,1,5,0.003165825305040926
2026-03-24,688528,test,0.0021244274,-0.004131064,2020-05-08,2026-03-12,20937,1140,1,5,0.003165825305040926
