date,stock_code,split,label_excess_ret_5d,pred_lstm,fit_start_date,fit_end_date,train_samples,val_samples,best_epoch,trained_epochs,best_score
2024-05-17,600025,val,0.058967113,-2.05338e-05,2021-03-26,2024-05-16,10769,720,4,8,0.0012479972986814876
2024-05-17,600051,val,-0.018087361,-0.0028054193,2021-03-26,2024-05-16,10769,720,4,8,0.0012479972986814876
2024-05-17,600127,val,0.014376506,0.004602559,2021-03-26,2024-05-16,10769,720,4,8,0.0012479972986814876
2024-05-17,600153,val,-0.060891952,-0.024225958,2021-03-26,2024-05-16,10769,720,4,8,0.0012479972986814876
2024-05-17,600548,val,0.06501265,-0.002517812,2021-03-26,2024-05-16,10769,720,4,8,0.0012479972986814876
2024-05-17,600865,val,-0.051529437,-0.021943964,2021-03-26,2024-05-16,10769,720,4,8,0.0012479972986814876
2024-05-17,600967,val,4.4893873e-06,-0.00084888935,2021-03-26,2024-05-16,10769,720,4,8,0.0012479972986814876
2024-05-17,601222,val,0.025008403,0.0012253895,2021-03-26,2024-05-16,10769,720,4,8,0.0012479972986814876
2024-05-17,603237,val,0.0058543044,-0.0047771707,2021-03-26,2024-05-16,10769,720,4,8,0.0012479972986814876
2024-05-17,603335,val,-0.014443117,-0.0021936372,2021-03-26,2024-05-16,10769,720,4,8,0.0012479972986814876
2024-05-17,603658,val,0.006401849,0.014283933,2021-03-26,2024-05-16,10769,720,4,8,0.0012479972986814876
2024-05-17,605090,val,0.013240861,0.007337421,2021-03-26,2024-05-16,10769,720,4,8,0.0012479972986814876
2024-05-17,605589,val,-0.050172966,0.0031212196,2021-03-26,2024-05-16,10769,720,4,8,0.0012479972986814876
2024-05-17,688031,val,0.0046371617,0.002140142,2021-03-26,2024-05-16,10769,720,4,8,0.0012479972986814876
2024-05-17,688045,val,-0.019618645,-0.0029991642,2021-03-26,2024-05-16,10769,720,4,8,0.0012479972986814876
2024-05-17,688133,val,-0.034336742,-0.0014401153,2021-03-26,2024-05-16,10769,720,4,8,0.0012479972986814876
2024-05-17,688147,val,-0.0077167824,-0.00799828,2021-03-26,2024-05-16,10769,720,4,8,0.0012479972986814876
2024-05-17,688528,val,0.030348754,-0.010103576,2021-03-26,2024-05-16,10769,720,4,8,0.0012479972986814876
2024-05-20,600025,val,0.050708167,-0.0006875321,2021-03-26,2024-05-16,10769,720,4,8,0.0012479972986814876
2024-05-20,600051,val,-0.0073102284,-0.0033802316,2021-03-26,2024-05-16,10769,720,4,8,0.0012479972986814876
2024-05-20,600127,val,-0.02451783,0.0037555844,2021-03-26,2024-05-16,10769,720,4,8,0.0012479972986814876
2024-05-20,600153,val,-0.021034857,-0.014397599,2021-03-26,2024-05-16,10769,720,4,8,0.0012479972986814876
2024-05-20,600548,val,0.072479,-0.0022618696,2021-03-26,2024-05-16,10769,720,4,8,0.0012479972986814876
2024-05-20,600865,val,-0.0061404784,-0.016244374,2021-03-26,2024-05-16,10769,720,4,8,0.0012479972986814876
2024-05-20,600967,val,-0.019992087,-0.0021402612,2021-03-26,2024-05-16,10769,720,4,8,0.0012479972986814876
2024-05-20,601222,val,0.034076422,0.0014990047,2021-03-26,2024-05-16,10769,720,4,8,0.0012479972986814876
2024-05-20,603237,val,0.015883299,-0.0040545464,2021-03-26,2024-05-16,10769,720,4,8,0.0012479972986814876
2024-05-20,603335,val,-0.029349763,0.002196543,2021-03-26,2024-05-16,10769,720,4,8,0.0012479972986814876
2024-05-20,603658,val,-0.013181648,0.013950519,2021-03-26,2024-05-16,10769,720,4,8,0.0012479972986814876
2024-05-20,605090,val,-0.003250144,0.007295884,2021-03-26,2024-05-16,10769,720,4,8,0.0012479972986814876
2024-05-20,605589,val,-0.004639289,0.0030753985,2021-03-26,2024-05-16,10769,720,4,8,0.0012479972986814876
2024-05-20,688031,val,-0.030744199,0.0019308254,2021-03-26,2024-05-16,10769,720,4,8,0.0012479972986814876
2024-05-20,688045,val,0.038331192,0.0008280501,2021-03-26,2024-05-16,10769,720,4,8,0.0012479972986814876
2024-05-20,688133,val,-0.04538062,0.0011079311,2021-03-26,2024-05-16,10769,720,4,8,0.0012479972986814876
2024-05-20,688147,val,-0.0002270487,-0.0064012483,2021-03-26,2024-05-16,10769,720,4,8,0.0012479972986814876
2024-05-20,688528,val,-0.012110372,-0.009830743,2021-03-26,2024-05-16,10769,720,4,8,0.0012479972986814876
2024-05-21,600025,val,0.061884034,-0.0027090758,2021-03-26,2024-05-16,10769,720,4,8,0.0012479972986814876
2024-05-21,600051,val,-0.00051258464,0.00010164827,2021-03-26,2024-05-16,10769,720,4,8,0.0012479972986814876
2024-05-21,600127,val,-0.03460032,0.0035156384,2021-03-26,2024-05-16,10769,720,4,8,0.0012479972986814876
2024-05-21,600153,val,-0.028394058,-0.007072419,2021-03-26,2024-05-16,10769,720,4,8,0.0012479972986814876
2024-05-21,600548,val,0.0560842,-0.005794354,2021-03-26,2024-05-16,10769,720,4,8,0.0012479972986814876
2024-05-21,600865,val,-0.020163864,-0.017627232,2021-03-26,2024-05-16,10769,720,4,8,0.0012479972986814876
2024-05-21,600967,val,-0.023931058,-0.0013504699,2021-03-26,2024-05-16,10769,720,4,8,0.0012479972986814876
2024-05-21,601222,val,0.05104727,0.0016736686,2021-03-26,2024-05-16,10769,720,4,8,0.0012479972986814876
2024-05-21,603237,val,0.005162641,-0.0049066246,2021-03-26,2024-05-16,10769,720,4,8,0.0012479972986814876
2024-05-21,603335,val,-0.023714416,0.0057711825,2021-03-26,2024-05-16,10769,720,4,8,0.0012479972986814876
2024-05-21,603658,val,-0.01761104,0.01240129,2021-03-26,2024-05-16,10769,720,4,8,0.0012479972986814876
2024-05-21,605090,val,0.055033058,0.00445313,2021-03-26,2024-05-16,10769,720,4,8,0.0012479972986814876
2024-05-21,605589,val,0.03678094,0.007059388,2021-03-26,2024-05-16,10769,720,4,8,0.0012479972986814876
2024-05-21,688031,val,-0.05594709,0.0003451705,2021-03-26,2024-05-16,10769,720,4,8,0.0012479972986814876
2024-05-21,688045,val,0.022967787,0.00052339584,2021-03-26,2024-05-16,10769,720,4,8,0.0012479972986814876
2024-05-21,688133,val,-0.0248832,0.0035731718,2021-03-26,2024-05-16,10769,720,4,8,0.0012479972986814876
2024-05-21,688147,val,0.016659077,-0.007046111,2021-03-26,2024-05-16,10769,720,4,8,0.0012479972986814876
2024-05-21,688528,val,-0.015208337,-0.0075854138,2021-03-26,2024-05-16,10769,720,4,8,0.0012479972986814876
2024-05-22,600025,val,0.07669982,-0.0014412627,2021-03-26,2024-05-16,10769,720,4,8,0.0012479972986814876
2024-05-22,600051,val,-0.015404611,0.0019146726,2021-03-26,2024-05-16,10769,720,4,8,0.0012479972986814876
2024-05-22,600127,val,-0.024953654,0.004722029,2021-03-26,2024-05-16,10769,720,4,8,0.0012479972986814876
2024-05-22,600153,val,-0.03173458,-0.001997888,2021-03-26,2024-05-16,10769,720,4,8,0.0012479972986814876
2024-05-22,600548,val,-0.0023107089,-0.018650956,2021-03-26,2024-05-16,10769,720,4,8,0.0012479972986814876
2024-05-22,600865,val,-0.019829815,-0.014317192,2021-03-26,2024-05-16,10769,720,4,8,0.0012479972986814876
2024-05-22,600967,val,-0.020781824,0.0006025955,2021-03-26,2024-05-16,10769,720,4,8,0.0012479972986814876
2024-05-22,601222,val,0.031250328,-0.0007563457,2021-03-26,2024-05-16,10769,720,4,8,0.0012479972986814876
2024-05-22,603237,val,0.0033511797,-0.0021038577,2021-03-26,2024-05-16,10769,720,4,8,0.0012479972986814876
2024-05-22,603335,val,-0.011395594,0.0066314116,2021-03-26,2024-05-16,10769,720,4,8,0.0012479972986814876
2024-05-22,603658,val,0.0053460267,0.013558604,2021-03-26,2024-05-16,10769,720,4,8,0.0012479972986814876
2024-05-22,605090,val,0.08089857,0.0040074587,2021-03-26,2024-05-16,10769,720,4,8,0.0012479972986814876
2024-05-22,605589,val,0.04944704,0.0071416944,2021-03-26,2024-05-16,10769,720,4,8,0.0012479972986814876
2024-05-22,688031,val,-0.048903577,-0.0006555021,2021-03-26,2024-05-16,10769,720,4,8,0.0012479972986814876
2024-05-22,688045,val,0.011987727,-0.0031968057,2021-03-26,2024-05-16,10769,720,4,8,0.0012479972986814876
2024-05-22,688133,val,-0.046199873,0.0015100613,2021-03-26,2024-05-16,10769,720,4,8,0.0012479972986814876
2024-05-22,688147,val,0.0018725286,-0.005520977,2021-03-26,2024-05-16,10769,720,4,8,0.0012479972986814876
2024-05-22,688528,val,0.0055926116,-0.0057548806,2021-03-26,2024-05-16,10769,720,4,8,0.0012479972986814876
2024-05-23,600025,val,0.040804,-0.00416629,2021-03-26,2024-05-16,10769,720,4,8,0.0012479972986814876
2024-05-23,600051,val,-0.028138503,0.0045925155,2021-03-26,2024-05-16,10769,720,4,8,0.0012479972986814876
2024-05-23,600127,val,-0.023445608,0.008083656,2021-03-26,2024-05-16,10769,720,4,8,0.0012479972986814876
2024-05-23,600153,val,-0.055151436,0.0013630614,2021-03-26,2024-05-16,10769,720,4,8,0.0012479972986814876
2024-05-23,600548,val,-0.0149465725,-0.016210407,2021-03-26,2024-05-16,10769,720,4,8,0.0012479972986814876
2024-05-23,600865,val,-0.010433065,-0.011690058,2021-03-26,2024-05-16,10769,720,4,8,0.0012479972986814876
2024-05-23,600967,val,-0.027029146,-0.0014248714,2021-03-26,2024-05-16,10769,720,4,8,0.0012479972986814876
2024-05-23,601222,val,0.022742292,-0.00085220486,2021-03-26,2024-05-16,10769,720,4,8,0.0012479972986814876
2024-05-23,603237,val,-0.019938186,-0.0015885606,2021-03-26,2024-05-16,10769,720,4,8,0.0012479972986814876
2024-05-23,603335,val,0.034950424,0.007519491,2021-03-26,2024-05-16,10769,720,4,8,0.0012479972986814876
2024-05-23,603658,val,0.0069628917,0.015029915,2021-03-26,2024-05-16,10769,720,4,8,0.0012479972986814876
2024-05-23,605090,val,0.09292795,0.0036972538,2021-03-26,2024-05-16,10769,720,4,8,0.0012479972986814876
2024-05-23,605589,val,0.07716291,0.007609643,2021-03-26,2024-05-16,10769,720,4,8,0.0012479972986814876
2024-05-23,688031,val,-0.05651207,-0.003163889,2021-03-26,2024-05-16,10769,720,4,8,0.0012479972986814876
2024-05-23,688045,val,0.05365609,-0.0041416436,2021-03-26,2024-05-16,10769,720,4,8,0.0012479972986814876
2024-05-23,688133,val,-0.029864356,-0.0022851303,2021-03-26,2024-05-16,10769,720,4,8,0.0012479972986814876
2024-05-23,688147,val,0.01985108,-0.0046837553,2021-03-26,2024-05-16,10769,720,4,8,0.0012479972986814876
2024-05-23,688528,val,-0.01731823,-0.004821852,2021-03-26,2024-05-16,10769,720,4,8,0.0012479972986814876
2024-05-24,600025,val,0.004737194,-0.01473783,2021-03-26,2024-05-16,10769,720,4,8,0.0012479972986814876
2024-05-24,600051,val,-0.05134716,0.003880769,2021-03-26,2024-05-16,10769,720,4,8,0.0012479972986814876
2024-05-24,600127,val,-0.04700227,0.0068714023,2021-03-26,2024-05-16,10769,720,4,8,0.0012479972986814876
2024-05-24,600153,val,-0.050004505,0.0032479092,2021-03-26,2024-05-16,10769,720,4,8,0.0012479972986814876
2024-05-24,600548,val,-0.025739687,-0.010206409,2021-03-26,2024-05-16,10769,720,4,8,0.0012479972986814876
2024-05-24,600865,val,-0.019585991,-0.009269595,2021-03-26,2024-05-16,10769,720,4,8,0.0012479972986814876
2024-05-24,600967,val,-0.019403597,-0.00065205246,2021-03-26,2024-05-16,10769,720,4,8,0.0012479972986814876
2024-05-24,601222,val,-0.006942763,-0.005607739,2021-03-26,2024-05-16,10769,720,4,8,0.0012479972986814876
2024-05-24,603237,val,-0.02205616,-0.0023170114,2021-03-26,2024-05-16,10769,720,4,8,0.0012479972986814876
2024-05-24,603335,val,-0.021111894,0.0066885278,2021-03-26,2024-05-16,10769,720,4,8,0.0012479972986814876
2024-05-24,603658,val,-0.022025567,0.014609568,2021-03-26,2024-05-16,10769,720,4,8,0.0012479972986814876
2024-05-24,605090,val,0.0459433,0.002492033,2021-03-26,2024-05-16,10769,720,4,8,0.0012479972986814876
2024-05-24,605589,val,0.14944567,0.009182937,2021-03-26,2024-05-16,10769,720,4,8,0.0012479972986814876
2024-05-24,688031,val,-0.0010218126,-0.0033044964,2021-03-26,2024-05-16,10769,720,4,8,0.0012479972986814876
2024-05-24,688045,val,0.076223664,-0.0020774528,2021-03-26,2024-05-16,10769,720,4,8,0.0012479972986814876
2024-05-24,688133,val,-0.029976597,-0.005626224,2021-03-26,2024-05-16,10769,720,4,8,0.0012479972986814876
2024-05-24,688147,val,0.044606775,-0.0052118525,2021-03-26,2024-05-16,10769,720,4,8,0.0012479972986814876
2024-05-24,688528,val,-0.027137693,-0.013228841,2021-03-26,2024-05-16,10769,720,4,8,0.0012479972986814876
2024-05-27,600025,val,0.054066893,-0.012199886,2021-03-26,2024-05-16,10769,720,4,8,0.0012479972986814876
2024-05-27,600051,val,-0.06861865,0.0031807497,2021-03-26,2024-05-16,10769,720,4,8,0.0012479972986814876
2024-05-27,600127,val,-0.0166619,0.005322002,2021-03-26,2024-05-16,10769,720,4,8,0.0012479972986814876
2024-05-27,600153,val,-0.058611475,0.0025157258,2021-03-26,2024-05-16,10769,720,4,8,0.0012479972986814876
2024-05-27,600548,val,-0.03924369,-0.004356891,2021-03-26,2024-05-16,10769,720,4,8,0.0012479972986814876
2024-05-27,600865,val,-0.035934154,-0.007947825,2021-03-26,2024-05-16,10769,720,4,8,0.0012479972986814876
2024-05-27,600967,val,-0.004862668,-0.00058535486,2021-03-26,2024-05-16,10769,720,4,8,0.0012479972986814876
2024-05-27,601222,val,-0.025454855,-0.00303372,2021-03-26,2024-05-16,10769,720,4,8,0.0012479972986814876
2024-05-27,603237,val,-0.010462417,-0.0053667203,2021-03-26,2024-05-16,10769,720,4,8,0.0012479972986814876
2024-05-27,603335,val,-0.031357754,0.007904761,2021-03-26,2024-05-16,10769,720,4,8,0.0012479972986814876
2024-05-27,603658,val,0.0038781934,0.015921928,2021-03-26,2024-05-16,10769,720,4,8,0.0012479972986814876
2024-05-27,605090,val,0.025064917,0.0037974492,2021-03-26,2024-05-16,10769,720,4,8,0.0012479972986814876
2024-05-27,605589,val,0.16015683,0.009917073,2021-03-26,2024-05-16,10769,720,4,8,0.0012479972986814876
2024-05-27,688031,val,0.05347669,-0.0020874515,2021-03-26,2024-05-16,10769,720,4,8,0.0012479972986814876
2024-05-27,688045,val,0.014369583,-0.010484628,2021-03-26,2024-05-16,10769,720,4,8,0.0012479972986814876
2024-05-27,688133,val,-0.05052202,-0.0056371763,2021-03-26,2024-05-16,10769,720,4,8,0.0012479972986814876
2024-05-27,688147,val,0.044659074,-0.005942799,2021-03-26,2024-05-16,10769,720,4,8,0.0012479972986814876
2024-05-27,688528,val,-0.05497665,-0.007391125,2021-03-26,2024-05-16,10769,720,4,8,0.0012479972986814876
2024-05-28,600025,val,0.05920297,-0.009622619,2021-03-26,2024-05-16,10769,720,4,8,0.0012479972986814876
2024-05-28,600051,val,-0.066230625,0.00018177181,2021-03-26,2024-05-16,10769,720,4,8,0.0012479972986814876
2024-05-28,600127,val,-0.00948138,0.0045171827,2021-03-26,2024-05-16,10769,720,4,8,0.0012479972986814876
2024-05-28,600153,val,-0.02666888,0.00088175386,2021-03-26,2024-05-16,10769,720,4,8,0.0012479972986814876
2024-05-28,600548,val,-0.019050231,4.6268106e-06,2021-03-26,2024-05-16,10769,720,4,8,0.0012479972986814876
2024-05-28,600865,val,-0.030432886,-0.0074090883,2021-03-26,2024-05-16,10769,720,4,8,0.0012479972986814876
2024-05-28,600967,val,0.016804399,9.5658004e-05,2021-03-26,2024-05-16,10769,720,4,8,0.0012479972986814876
2024-05-28,601222,val,0.006178309,-0.003183566,2021-03-26,2024-05-16,10769,720,4,8,0.0012479972986814876
2024-05-28,603237,val,-0.010467788,-0.0026782379,2021-03-26,2024-05-16,10769,720,4,8,0.0012479972986814876
2024-05-28,603335,val,-0.038211673,0.0066631064,2021-03-26,2024-05-16,10769,720,4,8,0.0012479972986814876
2024-05-28,603658,val,0.012215036,0.016765371,2021-03-26,2024-05-16,10769,720,4,8,0.0012479972986814876
2024-05-28,605090,val,-0.0035425809,0.00489299,2021-03-26,2024-05-16,10769,720,4,8,0.0012479972986814876
2024-05-28,605589,val,0.07631791,0.006897785,2021-03-26,2024-05-16,10769,720,4,8,0.0012479972986814876
2024-05-28,688031,val,0.030647472,-0.0005309209,2021-03-26,2024-05-16,10769,720,4,8,0.0012479972986814876
2024-05-28,688045,val,-0.008706655,-0.008161329,2021-03-26,2024-05-16,10769,720,4,8,0.0012479972986814876
2024-05-28,688133,val,-0.052032758,-0.005942516,2021-03-26,2024-05-16,10769,720,4,8,0.0012479972986814876
2024-05-28,688147,val,0.03825694,-0.0049764514,2021-03-26,2024-05-16,10769,720,4,8,0.0012479972986814876
2024-05-28,688528,val,-0.040603183,-0.003908269,2021-03-26,2024-05-16,10769,720,4,8,0.0012479972986814876
2024-05-29,600025,val,0.08421422,-0.00772018,2021-03-26,2024-05-16,10769,720,4,8,0.0012479972986814876
2024-05-29,600051,val,-0.053216822,0.0014897585,2021-03-26,2024-05-16,10769,720,4,8,0.0012479972986814876
2024-05-29,600127,val,-0.0042300983,0.0044456944,2021-03-26,2024-05-16,10769,720,4,8,0.0012479972986814876
2024-05-29,600153,val,-0.020109925,-0.00059946626,2021-03-26,2024-05-16,10769,720,4,8,0.0012479972986814876
2024-05-29,600548,val,0.0049137464,0.0044079497,2021-03-26,2024-05-16,10769,720,4,8,0.0012479972986814876
2024-05-29,600865,val,4.8433852e-05,-0.004590884,2021-03-26,2024-05-16,10769,720,4,8,0.0012479972986814876
2024-05-29,600967,val,0.033694863,0.00052696466,2021-03-26,2024-05-16,10769,720,4,8,0.0012479972986814876
2024-05-29,601222,val,0.010899477,9.3214214e-05,2021-03-26,2024-05-16,10769,720,4,8,0.0012479972986814876
2024-05-29,603237,val,-0.003357541,-0.0003149286,2021-03-26,2024-05-16,10769,720,4,8,0.0012479972986814876
2024-05-29,603335,val,-0.05823029,0.008864075,2021-03-26,2024-05-16,10769,720,4,8,0.0012479972986814876
2024-05-29,603658,val,0.025738042,0.016534835,2021-03-26,2024-05-16,10769,720,4,8,0.0012479972986814876
2024-05-29,605090,val,-0.0055150315,-3.235787e-05,2021-03-26,2024-05-16,10769,720,4,8,0.0012479972986814876
2024-05-29,605589,val,0.03859364,0.0025015548,2021-03-26,2024-05-16,10769,720,4,8,0.0012479972986814876
2024-05-29,688031,val,-0.0014642491,0.0041930825,2021-03-26,2024-05-16,10769,720,4,8,0.0012479972986814876
2024-05-29,688045,val,-0.034021337,-0.008846387,2021-03-26,2024-05-16,10769,720,4,8,0.0012479972986814876
2024-05-29,688133,val,-0.041219246,-0.003147699,2021-03-26,2024-05-16,10769,720,4,8,0.0012479972986814876
2024-05-29,688147,val,0.051751636,-0.0037650391,2021-03-26,2024-05-16,10769,720,4,8,0.0012479972986814876
2024-05-29,688528,val,-0.06409262,-0.0038094297,2021-03-26,2024-05-16,10769,720,4,8,0.0012479972986814876
2024-05-30,600025,val,0.12022383,-0.0038138852,2021-03-26,2024-05-16,10769,720,4,8,0.0012479972986814876
2024-05-30,600051,val,-0.045114655,0.0036593825,2021-03-26,2024-05-16,10769,720,4,8,0.0012479972986814876
2024-05-30,600127,val,0.0027491516,0.0048363134,2021-03-26,2024-05-16,10769,720,4,8,0.0012479972986814876
2024-05-30,600153,val,0.017624198,0.0002214089,2021-03-26,2024-05-16,10769,720,4,8,0.0012479972986814876
2024-05-30,600548,val,0.036587384,0.006533079,2021-03-26,2024-05-16,10769,720,4,8,0.0012479972986814876
2024-05-30,600865,val,-0.03812119,-0.002065003,2021-03-26,2024-05-16,10769,720,4,8,0.0012479972986814876
2024-05-30,600967,val,0.026733845,-0.00023837388,2021-03-26,2024-05-16,10769,720,4,8,0.0012479972986814876
2024-05-30,601222,val,0.025546808,0.0022679716,2021-03-26,2024-05-16,10769,720,4,8,0.0012479972986814876
2024-05-30,603237,val,0.025221983,0.002563119,2021-03-26,2024-05-16,10769,720,4,8,0.0012479972986814876
2024-05-30,603335,val,-0.124306686,0.0061924085,2021-03-26,2024-05-16,10769,720,4,8,0.0012479972986814876
2024-05-30,603658,val,0.03135492,0.015164264,2021-03-26,2024-05-16,10769,720,4,8,0.0012479972986814876
2024-05-30,605090,val,0.111684255,-0.0012644976,2021-03-26,2024-05-16,10769,720,4,8,0.0012479972986814876
2024-05-30,605589,val,0.030446729,-0.0026947483,2021-03-26,2024-05-16,10769,720,4,8,0.0012479972986814876
2024-05-30,688031,val,-0.04998095,0.0020105615,2021-03-26,2024-05-16,10769,720,4,8,0.0012479972986814876
2024-05-30,688045,val,-0.08848431,-0.010506719,2021-03-26,2024-05-16,10769,720,4,8,0.0012479972986814876
2024-05-30,688133,val,-0.0714243,-0.00014341623,2021-03-26,2024-05-16,10769,720,4,8,0.0012479972986814876
2024-05-30,688147,val,0.03800004,-0.001465328,2021-03-26,2024-05-16,10769,720,4,8,0.0012479972986814876
2024-05-30,688528,val,-0.07829292,-0.0006041676,2021-03-26,2024-05-16,10769,720,4,8,0.0012479972986814876
2024-05-31,600025,val,0.12524483,-0.0013113245,2021-03-26,2024-05-16,10769,720,4,8,0.0012479972986814876
2024-05-31,600051,val,0.0031775003,0.004245043,2021-03-26,2024-05-16,10769,720,4,8,0.0012479972986814876
2024-05-31,600127,val,0.003138359,0.0058268905,2021-03-26,2024-05-16,10769,720,4,8,0.0012479972986814876
2024-05-31,600153,val,0.00920328,-0.00014968961,2021-03-26,2024-05-16,10769,720,4,8,0.0012479972986814876
2024-05-31,600548,val,0.04305368,0.0061135814,2021-03-26,2024-05-16,10769,720,4,8,0.0012479972986814876
2024-05-31,600865,val,-0.006564251,0.0016104653,2021-03-26,2024-05-16,10769,720,4,8,0.0012479972986814876
2024-05-31,600967,val,0.01369659,-0.0013514459,2021-03-26,2024-05-16,10769,720,4,8,0.0012479972986814876
2024-05-31,601222,val,0.008280432,0.0025844052,2021-03-26,2024-05-16,10769,720,4,8,0.0012479972986814876
2024-05-31,603237,val,-0.006746796,0.0022102967,2021-03-26,2024-05-16,10769,720,4,8,0.0012479972986814876
2024-05-31,603335,val,-0.048699506,0.004154764,2021-03-26,2024-05-16,10769,720,4,8,0.0012479972986814876
2024-05-31,603658,val,-0.007080979,0.013259426,2021-03-26,2024-05-16,10769,720,4,8,0.0012479972986814876
2024-05-31,605090,val,0.18709767,0.0018919483,2021-03-26,2024-05-16,10769,720,4,8,0.0012479972986814876
2024-05-31,605589,val,-0.019256406,-0.017842047,2021-03-26,2024-05-16,10769,720,4,8,0.0012479972986814876
2024-05-31,688031,val,-0.08061753,0.0014223531,2021-03-26,2024-05-16,10769,720,4,8,0.0012479972986814876
2024-05-31,688045,val,-0.08964354,-0.0117798,2021-03-26,2024-05-16,10769,720,4,8,0.0012479972986814876
2024-05-31,688133,val,-0.035304014,0.0039101914,2021-03-26,2024-05-16,10769,720,4,8,0.0012479972986814876
2024-05-31,688147,val,0.0061305217,0.00023670495,2021-03-26,2024-05-16,10769,720,4,8,0.0012479972986814876
2024-05-31,688528,val,-0.071832016,-0.0018832088,2021-03-26,2024-05-16,10769,720,4,8,0.0012479972986814876
2024-06-03,600025,val,0.058446407,-0.0048287213,2021-03-26,2024-05-16,10769,720,4,8,0.0012479972986814876
2024-06-03,600051,val,0.0034879532,0.0069239587,2021-03-26,2024-05-16,10769,720,4,8,0.0012479972986814876
2024-06-03,600127,val,-0.0015756391,0.0068115294,2021-03-26,2024-05-16,10769,720,4,8,0.0012479972986814876
2024-06-03,600153,val,-0.002589162,0.0005909875,2021-03-26,2024-05-16,10769,720,4,8,0.0012479972986814876
2024-06-03,600548,val,0.008715052,0.0041568056,2021-03-26,2024-05-16,10769,720,4,8,0.0012479972986814876
2024-06-03,600865,val,-0.0027370607,0.005931832,2021-03-26,2024-05-16,10769,720,4,8,0.0012479972986814876
2024-06-03,600967,val,0.007153435,-0.0024879724,2021-03-26,2024-05-16,10769,720,4,8,0.0012479972986814876
2024-06-03,601222,val,0.0071232067,0.0026315525,2021-03-26,2024-05-16,10769,720,4,8,0.0012479972986814876
2024-06-03,603237,val,-0.07719819,-0.0028309897,2021-03-26,2024-05-16,10769,720,4,8,0.0012479972986814876
2024-06-03,603335,val,-0.048965972,0.0010316446,2021-03-26,2024-05-16,10769,720,4,8,0.0012479972986814876
2024-06-03,603658,val,-0.011333595,0.011074901,2021-03-26,2024-05-16,10769,720,4,8,0.0012479972986814876
2024-06-03,605090,val,0.18217492,0.0053336993,2021-03-26,2024-05-16,10769,720,4,8,0.0012479972986814876
2024-06-03,605589,val,-0.033556946,-0.022914492,2021-03-26,2024-05-16,10769,720,4,8,0.0012479972986814876
2024-06-03,688031,val,-0.07493633,0.0005562827,2021-03-26,2024-05-16,10769,720,4,8,0.0012479972986814876
2024-06-03,688045,val,-0.04032284,-0.007818304,2021-03-26,2024-05-16,10769,720,4,8,0.0012479972986814876
2024-06-03,688133,val,0.007267528,0.006882496,2021-03-26,2024-05-16,10769,720,4,8,0.0012479972986814876
2024-06-03,688147,val,0.034558773,0.0037904158,2021-03-26,2024-05-16,10769,720,4,8,0.0012479972986814876
2024-06-03,688528,val,-0.0018671561,0.005493127,2021-03-26,2024-05-16,10769,720,4,8,0.0012479972986814876
2024-06-04,600025,val,0.030753786,-0.0027169213,2021-03-26,2024-05-16,10769,720,4,8,0.0012479972986814876
2024-06-04,600051,val,0.010566875,0.0073944554,2021-03-26,2024-05-16,10769,720,4,8,0.0012479972986814876
2024-06-04,600127,val,0.008434189,0.0083281025,2021-03-26,2024-05-16,10769,720,4,8,0.0012479972986814876
2024-06-04,600153,val,-0.016192071,-3.3810735e-05,2021-03-26,2024-05-16,10769,720,4,8,0.0012479972986814876
2024-06-04,600548,val,-0.005252251,0.0017567873,2021-03-26,2024-05-16,10769,720,4,8,0.0012479972986814876
2024-06-04,600865,val,-0.0004074911,0.005291827,2021-03-26,2024-05-16,10769,720,4,8,0.0012479972986814876
2024-06-04,600967,val,-0.0012010465,-0.0043753535,2021-03-26,2024-05-16,10769,720,4,8,0.0012479972986814876
2024-06-04,601222,val,-0.040989857,-0.0026043132,2021-03-26,2024-05-16,10769,720,4,8,0.0012479972986814876
2024-06-04,603237,val,-0.07909407,-0.003453426,2021-03-26,2024-05-16,10769,720,4,8,0.0012479972986814876
2024-06-04,603335,val,-0.01668001,-0.0029008389,2021-03-26,2024-05-16,10769,720,4,8,0.0012479972986814876
2024-06-04,603658,val,-0.035697863,0.012527339,2021-03-26,2024-05-16,10769,720,4,8,0.0012479972986814876
2024-06-04,605090,val,0.15099756,0.003944151,2021-03-26,2024-05-16,10769,720,4,8,0.0012479972986814876
2024-06-04,605589,val,-0.0072421925,-0.015998371,2021-03-26,2024-05-16,10769,720,4,8,0.0012479972986814876
2024-06-04,688031,val,-0.029409258,-0.0020449832,2021-03-26,2024-05-16,10769,720,4,8,0.0012479972986814876
2024-06-04,688045,val,0.0072341664,-0.0046788678,2021-03-26,2024-05-16,10769,720,4,8,0.0012479972986814876
2024-06-04,688133,val,0.023879651,0.011036925,2021-03-26,2024-05-16,10769,720,4,8,0.0012479972986814876
2024-06-04,688147,val,0.038098365,0.0059719756,2021-03-26,2024-05-16,10769,720,4,8,0.0012479972986814876
2024-06-04,688528,val,-0.018057197,0.006819412,2021-03-26,2024-05-16,10769,720,4,8,0.0012479972986814876
2024-06-05,600025,val,0.0010418141,-0.00071593374,2021-03-26,2024-05-16,10769,720,4,8,0.0012479972986814876
2024-06-05,600051,val,-0.012072084,0.0079898685,2021-03-26,2024-05-16,10769,720,4,8,0.0012479972986814876
2024-06-05,600127,val,0.0012524804,0.007908605,2021-03-26,2024-05-16,10769,720,4,8,0.0012479972986814876
2024-06-05,600153,val,-0.034923986,0.000543125,2021-03-26,2024-05-16,10769,720,4,8,0.0012479972986814876
2024-06-05,600548,val,-0.029876973,-0.0006322786,2021-03-26,2024-05-16,10769,720,4,8,0.0012479972986814876
2024-06-05,600865,val,-0.042903654,0.005561404,2021-03-26,2024-05-16,10769,720,4,8,0.0012479972986814876
2024-06-05,600967,val,-0.029065304,-0.008079298,2021-03-26,2024-05-16,10769,720,4,8,0.0012479972986814876
2024-06-05,601222,val,-0.052215826,-0.0014310628,2021-03-26,2024-05-16,10769,720,4,8,0.0012479972986814876
2024-06-05,603237,val,-0.08248937,-0.0028531179,2021-03-26,2024-05-16,10769,720,4,8,0.0012479972986814876
2024-06-05,603335,val,-0.045900825,-0.0035425797,2021-03-26,2024-05-16,10769,720,4,8,0.0012479972986814876
2024-06-05,603658,val,-0.066740386,0.010397978,2021-03-26,2024-05-16,10769,720,4,8,0.0012479972986814876
2024-06-05,605090,val,0.13203259,0.0002850294,2021-03-26,2024-05-16,10769,720,4,8,0.0012479972986814876
2024-06-05,605589,val,0.012863957,-0.008662038,2021-03-26,2024-05-16,10769,720,4,8,0.0012479972986814876
2024-06-05,688031,val,0.005055247,-0.004938908,2021-03-26,2024-05-16,10769,720,4,8,0.0012479972986814876
2024-06-05,688045,val,0.21501777,-0.003171295,2021-03-26,2024-05-16,10769,720,4,8,0.0012479972986814876
2024-06-05,688133,val,0.021022605,0.014369652,2021-03-26,2024-05-16,10769,720,4,8,0.0012479972986814876
2024-06-05,688147,val,0.018518832,0.006622605,2021-03-26,2024-05-16,10769,720,4,8,0.0012479972986814876
2024-06-05,688528,val,0.0073097968,0.0063796267,2021-03-26,2024-05-16,10769,720,4,8,0.0012479972986814876
2024-06-06,600025,val,-0.041917697,0.003482893,2021-03-26,2024-05-16,10769,720,4,8,0.0012479972986814876
2024-06-06,600051,val,0.02130398,0.008624367,2021-03-26,2024-05-16,10769,720,4,8,0.0012479972986814876
2024-06-06,600127,val,0.021128742,0.008358993,2021-03-26,2024-05-16,10769,720,4,8,0.0012479972986814876
2024-06-06,600153,val,-0.048635446,-0.00070986897,2021-03-26,2024-05-16,10769,720,4,8,0.0012479972986814876
2024-06-06,600548,val,-0.05740005,-0.002541855,2021-03-26,2024-05-16,10769,720,4,8,0.0012479972986814876
2024-06-06,600865,val,0.0039409073,0.0058781058,2021-03-26,2024-05-16,10769,720,4,8,0.0012479972986814876
2024-06-06,600967,val,-0.018628828,-0.0063995123,2021-03-26,2024-05-16,10769,720,4,8,0.0012479972986814876
2024-06-06,601222,val,-0.041284345,-0.00036063045,2021-03-26,2024-05-16,10769,720,4,8,0.0012479972986814876
2024-06-06,603237,val,-0.08657078,-0.0036218092,2021-03-26,2024-05-16,10769,720,4,8,0.0012479972986814876
2024-06-06,603335,val,8.650733e-05,-0.00028380007,2021-03-26,2024-05-16,10769,720,4,8,0.0012479972986814876
2024-06-06,603658,val,-0.072147965,0.0074419603,2021-03-26,2024-05-16,10769,720,4,8,0.0012479972986814876
2024-06-06,605090,val,0.006346071,-0.0142277405,2021-03-26,2024-05-16,10769,720,4,8,0.0012479972986814876
2024-06-06,605589,val,0.018248864,-0.0030596703,2021-03-26,2024-05-16,10769,720,4,8,0.0012479972986814876
2024-06-06,688031,val,0.05053585,-0.007085748,2021-03-26,2024-05-16,10769,720,4,8,0.0012479972986814876
2024-06-06,688045,val,0.20294371,-0.0011489093,2021-03-26,2024-05-16,10769,720,4,8,0.0012479972986814876
2024-06-06,688133,val,0.04852966,0.017347977,2021-03-26,2024-05-16,10769,720,4,8,0.0012479972986814876
2024-06-06,688147,val,-0.04474794,0.005696498,2021-03-26,2024-05-16,10769,720,4,8,0.0012479972986814876
2024-06-06,688528,val,0.05940913,0.0058900043,2021-03-26,2024-05-16,10769,720,4,8,0.0012479972986814876
2024-06-07,600025,val,-0.037893508,0.006643012,2021-03-26,2024-05-16,10769,720,4,8,0.0012479972986814876
2024-06-07,600051,val,-0.037933096,0.008940205,2021-03-26,2024-05-16,10769,720,4,8,0.0012479972986814876
2024-06-07,600127,val,0.0021710906,0.0079774335,2021-03-26,2024-05-16,10769,720,4,8,0.0012479972986814876
2024-06-07,600153,val,-0.03808689,-0.00044174492,2021-03-26,2024-05-16,10769,720,4,8,0.0012479972986814876
2024-06-07,600548,val,-0.0638404,-0.0017587617,2021-03-26,2024-05-16,10769,720,4,8,0.0012479972986814876
2024-06-07,600865,val,-0.030553635,0.0043161437,2021-03-26,2024-05-16,10769,720,4,8,0.0012479972986814876
2024-06-07,600967,val,-0.03477225,-0.0047897175,2021-03-26,2024-05-16,10769,720,4,8,0.0012479972986814876
2024-06-07,601222,val,-0.003944069,0.0006626472,2021-03-26,2024-05-16,10769,720,4,8,0.0012479972986814876
2024-06-07,603237,val,-0.07837806,-0.0033429936,2021-03-26,2024-05-16,10769,720,4,8,0.0012479972986814876
2024-06-07,603335,val,-0.03726288,0.0015774369,2021-03-26,2024-05-16,10769,720,4,8,0.0012479972986814876
2024-06-07,603658,val,-0.004498125,0.010547683,2021-03-26,2024-05-16,10769,720,4,8,0.0012479972986814876
2024-06-07,605090,val,-0.05023237,-0.021752186,2021-03-26,2024-05-16,10769,720,4,8,0.0012479972986814876
2024-06-07,605589,val,0.023373298,-0.0025578067,2021-03-26,2024-05-16,10769,720,4,8,0.0012479972986814876
2024-06-07,688031,val,0.05269628,-0.008426018,2021-03-26,2024-05-16,10769,720,4,8,0.0012479972986814876
2024-06-07,688045,val,0.28995007,-0.002051495,2021-03-26,2024-05-16,10769,720,4,8,0.0012479972986814876
2024-06-07,688133,val,0.01210123,0.0152777955,2021-03-26,2024-05-16,10769,720,4,8,0.0012479972986814876
2024-06-07,688147,val,-0.014941237,0.0051999986,2021-03-26,2024-05-16,10769,720,4,8,0.0012479972986814876
2024-06-07,688528,val,0.018492473,0.0040255785,2021-03-26,2024-05-16,10769,720,4,8,0.0012479972986814876
2024-06-11,600025,val,-0.033422317,0.006772302,2021-03-26,2024-05-16,10769,720,4,8,0.0012479972986814876
2024-06-11,600051,val,-0.019808872,0.0064959005,2021-03-26,2024-05-16,10769,720,4,8,0.0012479972986814876
2024-06-11,600127,val,-0.008830374,0.007538244,2021-03-26,2024-05-16,10769,720,4,8,0.0012479972986814876
2024-06-11,600153,val,-0.032483477,0.0015112534,2021-03-26,2024-05-16,10769,720,4,8,0.0012479972986814876
2024-06-11,600548,val,-0.02169211,0.00045589358,2021-03-26,2024-05-16,10769,720,4,8,0.0012479972986814876
2024-06-11,600865,val,-0.035104927,0.0025737807,2021-03-26,2024-05-16,10769,720,4,8,0.0012479972986814876
2024-06-11,600967,val,-0.031264104,-0.0038495436,2021-03-26,2024-05-16,10769,720,4,8,0.0012479972986814876
2024-06-11,601222,val,0.011803117,0.0002969131,2021-03-26,2024-05-16,10769,720,4,8,0.0012479972986814876
2024-06-11,603237,val,-0.05559751,0.0018926635,2021-03-26,2024-05-16,10769,720,4,8,0.0012479972986814876
2024-06-11,603335,val,0.017716756,0.0016724244,2021-03-26,2024-05-16,10769,720,4,8,0.0012479972986814876
2024-06-11,603658,val,-0.03100428,0.010033168,2021-03-26,2024-05-16,10769,720,4,8,0.0012479972986814876
2024-06-11,605090,val,-0.02133623,-0.012445681,2021-03-26,2024-05-16,10769,720,4,8,0.0012479972986814876
2024-06-11,605589,val,-0.00058658276,-0.0048334748,2021-03-26,2024-05-16,10769,720,4,8,0.0012479972986814876
2024-06-11,688031,val,0.025892254,-0.006740175,2021-03-26,2024-05-16,10769,720,4,8,0.0012479972986814876
2024-06-11,688045,val,0.27201417,-0.0045514554,2021-03-26,2024-05-16,10769,720,4,8,0.0012479972986814876
2024-06-11,688133,val,-0.022095466,0.010007881,2021-03-26,2024-05-16,10769,720,4,8,0.0012479972986814876
2024-06-11,688147,val,-0.059636567,-0.0012057424,2021-03-26,2024-05-16,10769,720,4,8,0.0012479972986814876
2024-06-11,688528,val,0.023295036,0.0014002472,2021-03-26,2024-05-16,10769,720,4,8,0.0012479972986814876
2024-06-12,600025,val,-0.0026238589,0.0060614944,2021-03-26,2024-05-16,10769,720,4,8,0.0012479972986814876
2024-06-12,600051,val,-0.020263288,0.0053818747,2021-03-26,2024-05-16,10769,720,4,8,0.0012479972986814876
2024-06-12,600127,val,-0.0067611784,0.0060036853,2021-03-26,2024-05-16,10769,720,4,8,0.0012479972986814876
2024-06-12,600153,val,-0.044870205,0.0025385395,2021-03-26,2024-05-16,10769,720,4,8,0.0012479972986814876
2024-06-12,600548,val,-0.021971468,0.0019359067,2021-03-26,2024-05-16,10769,720,4,8,0.0012479972986814876
2024-06-12,600865,val,-0.04160832,0.001304552,2021-03-26,2024-05-16,10769,720,4,8,0.0012479972986814876
2024-06-12,600967,val,-0.033354502,-0.0042843595,2021-03-26,2024-05-16,10769,720,4,8,0.0012479972986814876
2024-06-12,601222,val,0.00025532962,-0.00037620217,2021-03-26,2024-05-16,10769,720,4,8,0.0012479972986814876
2024-06-12,603237,val,-0.042459972,0.0056352094,2021-03-26,2024-05-16,10769,720,4,8,0.0012479972986814876
2024-06-12,603335,val,0.0012226556,0.0019274577,2021-03-26,2024-05-16,10769,720,4,8,0.0012479972986814876
2024-06-12,603658,val,-0.0097985035,0.008403935,2021-03-26,2024-05-16,10769,720,4,8,0.0012479972986814876
2024-06-12,605090,val,0.0053513413,-0.003506951,2021-03-26,2024-05-16,10769,720,4,8,0.0012479972986814876
2024-06-12,605589,val,0.02141614,-0.0026816055,2021-03-26,2024-05-16,10769,720,4,8,0.0012479972986814876
2024-06-12,688031,val,0.0016753651,-0.0063655153,2021-03-26,2024-05-16,10769,720,4,8,0.0012479972986814876
2024-06-12,688045,val,0.26563415,-0.0062869936,2021-03-26,2024-05-16,10769,720,4,8,0.0012479972986814876
2024-06-12,688133,val,-0.019544313,0.0066261515,2021-03-26,2024-05-16,10769,720,4,8,0.0012479972986814876
2024-06-12,688147,val,-0.089344986,-0.0069780126,2021-03-26,2024-05-16,10769,720,4,8,0.0012479972986814876
2024-06-12,688528,val,0.030886138,-0.0004906729,2021-03-26,2024-05-16,10769,720,4,8,0.0012479972986814876
2024-06-13,600025,val,0.018413423,0.004199274,2021-03-26,2024-05-16,10769,720,4,8,0.0012479972986814876
2024-06-13,600051,val,-0.003380928,0.0034694746,2021-03-26,2024-05-16,10769,720,4,8,0.0012479972986814876
2024-06-13,600127,val,0.0053574536,0.0054076985,2021-03-26,2024-05-16,10769,720,4,8,0.0012479972986814876
2024-06-13,600153,val,-0.02294954,0.0033316389,2021-03-26,2024-05-16,10769,720,4,8,0.0012479972986814876
2024-06-13,600548,val,0.0075227264,0.0032644272,2021-03-26,2024-05-16,10769,720,4,8,0.0012479972986814876
2024-06-13,600865,val,-0.031498097,0.0007769242,2021-03-26,2024-05-16,10769,720,4,8,0.0012479972986814876
2024-06-13,600967,val,-0.041310873,-0.0038152859,2021-03-26,2024-05-16,10769,720,4,8,0.0012479972986814876
2024-06-13,601222,val,-0.011403425,-0.0011317655,2021-03-26,2024-05-16,10769,720,4,8,0.0012479972986814876
2024-06-13,603237,val,-0.037489522,0.008275576,2021-03-26,2024-05-16,10769,720,4,8,0.0012479972986814876
2024-06-13,603335,val,0.004303725,0.0013315603,2021-03-26,2024-05-16,10769,720,4,8,0.0012479972986814876
2024-06-13,603658,val,-0.0027395522,0.007795356,2021-03-26,2024-05-16,10769,720,4,8,0.0012479972986814876
2024-06-13,605090,val,-0.0046731564,0.00050091,2021-03-26,2024-05-16,10769,720,4,8,0.0012479972986814876
2024-06-13,605589,val,0.021306235,-0.0035875663,2021-03-26,2024-05-16,10769,720,4,8,0.0012479972986814876
2024-06-13,688031,val,-0.029140737,-0.0050707087,2021-03-26,2024-05-16,10769,720,4,8,0.0012479972986814876
2024-06-13,688045,val,0.16902846,-0.024387218,2021-03-26,2024-05-16,10769,720,4,8,0.0012479972986814876
2024-06-13,688133,val,-0.0033441235,0.0041469038,2021-03-26,2024-05-16,10769,720,4,8,0.0012479972986814876
2024-06-13,688147,val,-0.07913327,-0.0044082776,2021-03-26,2024-05-16,10769,720,4,8,0.0012479972986814876
2024-06-13,688528,val,0.046656664,-0.0010630637,2021-03-26,2024-05-16,10769,720,4,8,0.0012479972986814876
2024-06-14,600025,val,0.04239036,0.0036566928,2021-03-26,2024-05-16,10769,720,4,8,0.0012479972986814876
2024-06-14,600051,val,-0.006759865,0.0023214445,2021-03-26,2024-05-16,10769,720,4,8,0.0012479972986814876
2024-06-14,600127,val,-0.02964833,0.0022930726,2021-03-26,2024-05-16,10769,720,4,8,0.0012479972986814876
2024-06-14,600153,val,-0.016141783,0.0055345595,2021-03-26,2024-05-16,10769,720,4,8,0.0012479972986814876
2024-06-14,600548,val,0.038772944,0.0037280992,2021-03-26,2024-05-16,10769,720,4,8,0.0012479972986814876
2024-06-14,600865,val,-0.023495302,0.00084707886,2021-03-26,2024-05-16,10769,720,4,8,0.0012479972986814876
2024-06-14,600967,val,-0.047270976,-0.004005693,2021-03-26,2024-05-16,10769,720,4,8,0.0012479972986814876
2024-06-14,601222,val,-0.013881907,-0.002672039,2021-03-26,2024-05-16,10769,720,4,8,0.0012479972986814876
2024-06-14,603237,val,-0.022654388,0.008248262,2021-03-26,2024-05-16,10769,720,4,8,0.0012479972986814876
2024-06-14,603335,val,0.003982572,0.0010845214,2021-03-26,2024-05-16,10769,720,4,8,0.0012479972986814876
2024-06-14,603658,val,-0.009463558,0.0070333853,2021-03-26,2024-05-16,10769,720,4,8,0.0012479972986814876
2024-06-14,605090,val,0.0031503115,0.0049476847,2021-03-26,2024-05-16,10769,720,4,8,0.0012479972986814876
2024-06-14,605589,val,0.017780604,-0.0069435835,2021-03-26,2024-05-16,10769,720,4,8,0.0012479972986814876
2024-06-14,688031,val,-0.038967732,-0.0043923035,2021-03-26,2024-05-16,10769,720,4,8,0.0012479972986814876
2024-06-14,688045,val,0.14127018,-0.022971816,2021-03-26,2024-05-16,10769,720,4,8,0.0012479972986814876
2024-06-14,688133,val,-0.004243239,0.0021362156,2021-03-26,2024-05-16,10769,720,4,8,0.0012479972986814876
2024-06-14,688147,val,-0.041734397,0.003449805,2021-03-26,2024-05-16,10769,720,4,8,0.0012479972986814876
2024-06-14,688528,val,0.017512523,0.0008596182,2021-03-26,2024-05-16,10769,720,4,8,0.0012479972986814876
2024-06-17,600025,val,0.07656013,0.012552522,2021-04-26,2024-06-14,10889,720,1,5,0.0013712645935205121
2024-06-17,600051,val,-0.014969437,-0.0012875646,2021-04-26,2024-06-14,10889,720,1,5,0.0013712645935205121
2024-06-17,600127,val,-0.012956466,0.00027472153,2021-04-26,2024-06-14,10889,720,1,5,0.0013712645935205121
2024-06-17,600153,val,-0.004918909,-0.0022419058,2021-04-26,2024-06-14,10889,720,1,5,0.0013712645935205121
2024-06-17,600548,val,0.066973016,-0.00020154566,2021-04-26,2024-06-14,10889,720,1,5,0.0013712645935205121
2024-06-17,600865,val,-0.0177693,-0.0015448444,2021-04-26,2024-06-14,10889,720,1,5,0.0013712645935205121
2024-06-17,600967,val,-0.015474076,-0.0010783337,2021-04-26,2024-06-14,10889,720,1,5,0.0013712645935205121
2024-06-17,601222,val,-0.006434536,-0.0041866824,2021-04-26,2024-06-14,10889,720,1,5,0.0013712645935205121
2024-06-17,603237,val,0.015589879,5.471334e-05,2021-04-26,2024-06-14,10889,720,1,5,0.0013712645935205121
2024-06-17,603335,val,0.00164102,-0.00059204176,2021-04-26,2024-06-14,10889,720,1,5,0.0013712645935205121
2024-06-17,603658,val,0.0039534317,0.0012901686,2021-04-26,2024-06-14,10889,720,1,5,0.0013712645935205121
2024-06-17,605090,val,0.029574122,0.018710833,2021-04-26,2024-06-14,10889,720,1,5,0.0013712645935205121
2024-06-17,605589,val,0.02084204,0.0065781847,2021-04-26,2024-06-14,10889,720,1,5,0.0013712645935205121
2024-06-17,688031,val,-0.06135137,-0.0025508516,2021-04-26,2024-06-14,10889,720,1,5,0.0013712645935205121
2024-06-17,688045,val,0.020733543,-0.019721862,2021-04-26,2024-06-14,10889,720,1,5,0.0013712645935205121
2024-06-17,688133,val,-0.02275407,-0.0018438697,2021-04-26,2024-06-14,10889,720,1,5,0.0013712645935205121
2024-06-17,688147,val,-0.050937027,0.0001626052,2021-04-26,2024-06-14,10889,720,1,5,0.0013712645935205121
2024-06-17,688528,val,0.030638637,-0.0010230877,2021-04-26,2024-06-14,10889,720,1,5,0.0013712645935205121
2024-06-18,600025,val,0.08475923,0.011757668,2021-04-26,2024-06-14,10889,720,1,5,0.0013712645935205121
2024-06-18,600051,val,0.009180817,-0.0013128929,2021-04-26,2024-06-14,10889,720,1,5,0.0013712645935205121
2024-06-18,600127,val,-0.005439066,0.00096437335,2021-04-26,2024-06-14,10889,720,1,5,0.0013712645935205121
2024-06-18,600153,val,0.016840877,-0.002075117,2021-04-26,2024-06-14,10889,720,1,5,0.0013712645935205121
2024-06-18,600548,val,0.062186938,-0.00085512176,2021-04-26,2024-06-14,10889,720,1,5,0.0013712645935205121
2024-06-18,600865,val,0.006693481,-0.0006328933,2021-04-26,2024-06-14,10889,720,1,5,0.0013712645935205121
2024-06-18,600967,val,-0.016501745,-2.2545457e-05,2021-04-26,2024-06-14,10889,720,1,5,0.0013712645935205121
2024-06-18,601222,val,-0.004659691,-0.005080063,2021-04-26,2024-06-14,10889,720,1,5,0.0013712645935205121
2024-06-18,603237,val,0.057186447,-0.00019076094,2021-04-26,2024-06-14,10889,720,1,5,0.0013712645935205121
2024-06-18,603335,val,0.005920296,-0.002949085,2021-04-26,2024-06-14,10889,720,1,5,0.0013712645935205121
2024-06-18,603658,val,0.02301775,-0.00056851655,2021-04-26,2024-06-14,10889,720,1,5,0.0013712645935205121
2024-06-18,605090,val,0.017497053,0.017856333,2021-04-26,2024-06-14,10889,720,1,5,0.0013712645935205121
2024-06-18,605589,val,0.009824651,0.00485716,2021-04-26,2024-06-14,10889,720,1,5,0.0013712645935205121
2024-06-18,688031,val,-0.1050988,-0.0026851483,2021-04-26,2024-06-14,10889,720,1,5,0.0013712645935205121
2024-06-18,688045,val,-0.039244298,-0.018553626,2021-04-26,2024-06-14,10889,720,1,5,0.0013712645935205121
2024-06-18,688133,val,-0.0081240665,-0.000118199736,2021-04-26,2024-06-14,10889,720,1,5,0.0013712645935205121
2024-06-18,688147,val,-0.07115036,0.0016021095,2021-04-26,2024-06-14,10889,720,1,5,0.0013712645935205121
2024-06-18,688528,val,0.023612654,-0.0036210753,2021-04-26,2024-06-14,10889,720,1,5,0.0013712645935205121
2024-06-19,600025,val,0.03770447,0.008271564,2021-04-26,2024-06-14,10889,720,1,5,0.0013712645935205121
2024-06-19,600051,val,0.0054478236,-0.0002952814,2021-04-26,2024-06-14,10889,720,1,5,0.0013712645935205121
2024-06-19,600127,val,-0.019276416,0.0011287816,2021-04-26,2024-06-14,10889,720,1,5,0.0013712645935205121
2024-06-19,600153,val,0.009019723,-0.00023953989,2021-04-26,2024-06-14,10889,720,1,5,0.0013712645935205121
2024-06-19,600548,val,0.0320098,-0.000959564,2021-04-26,2024-06-14,10889,720,1,5,0.0013712645935205121
2024-06-19,600865,val,0.00713358,-0.0004061088,2021-04-26,2024-06-14,10889,720,1,5,0.0013712645935205121
2024-06-19,600967,val,-0.023046507,3.3780932e-05,2021-04-26,2024-06-14,10889,720,1,5,0.0013712645935205121
2024-06-19,601222,val,0.0032365725,-0.0045347326,2021-04-26,2024-06-14,10889,720,1,5,0.0013712645935205121
2024-06-19,603237,val,0.03906037,0.0019326694,2021-04-26,2024-06-14,10889,720,1,5,0.0013712645935205121
2024-06-19,603335,val,0.044318423,-0.0032385625,2021-04-26,2024-06-14,10889,720,1,5,0.0013712645935205121
2024-06-19,603658,val,0.010347406,-0.0013593212,2021-04-26,2024-06-14,10889,720,1,5,0.0013712645935205121
2024-06-19,605090,val,-0.0002233311,0.014486723,2021-04-26,2024-06-14,10889,720,1,5,0.0013712645935205121
2024-06-19,605589,val,0.01349567,0.004712295,2021-04-26,2024-06-14,10889,720,1,5,0.0013712645935205121
2024-06-19,688031,val,-0.048735145,-0.0031200796,2021-04-26,2024-06-14,10889,720,1,5,0.0013712645935205121
2024-06-19,688045,val,-0.0334034,-0.012092542,2021-04-26,2024-06-14,10889,720,1,5,0.0013712645935205121
2024-06-19,688133,val,-0.021119416,-0.000506524,2021-04-26,2024-06-14,10889,720,1,5,0.0013712645935205121
2024-06-19,688147,val,-0.049404364,-0.00033089146,2021-04-26,2024-06-14,10889,720,1,5,0.0013712645935205121
2024-06-19,688528,val,0.041041043,-0.0020515732,2021-04-26,2024-06-14,10889,720,1,5,0.0013712645935205121
2024-06-20,600025,val,0.039039157,0.0064302236,2021-04-26,2024-06-14,10889,720,1,5,0.0013712645935205121
2024-06-20,600051,val,0.016156692,0.0004387237,2021-04-26,2024-06-14,10889,720,1,5,0.0013712645935205121
2024-06-20,600127,val,-0.012593262,0.00024154037,2021-04-26,2024-06-14,10889,720,1,5,0.0013712645935205121
2024-06-20,600153,val,0.018152371,0.0006567724,2021-04-26,2024-06-14,10889,720,1,5,0.0013712645935205121
2024-06-20,600548,val,0.048063125,-0.0013511069,2021-04-26,2024-06-14,10889,720,1,5,0.0013712645935205121
2024-06-20,600865,val,0.03665341,0.00012435392,2021-04-26,2024-06-14,10889,720,1,5,0.0013712645935205121
2024-06-20,600967,val,-0.00014883952,-8.852035e-05,2021-04-26,2024-06-14,10889,720,1,5,0.0013712645935205121
2024-06-20,601222,val,0.025644753,-0.0019505993,2021-04-26,2024-06-14,10889,720,1,5,0.0013712645935205121
2024-06-20,603237,val,0.05032059,0.0012239404,2021-04-26,2024-06-14,10889,720,1,5,0.0013712645935205121
2024-06-20,603335,val,0.07003474,-0.0021598525,2021-04-26,2024-06-14,10889,720,1,5,0.0013712645935205121
2024-06-20,603658,val,0.026087679,-0.0015411451,2021-04-26,2024-06-14,10889,720,1,5,0.0013712645935205121
2024-06-20,605090,val,0.011837761,0.0138283,2021-04-26,2024-06-14,10889,720,1,5,0.0013712645935205121
2024-06-20,605589,val,0.002632801,0.005008403,2021-04-26,2024-06-14,10889,720,1,5,0.0013712645935205121
2024-06-20,688031,val,-0.05234083,-0.0029862262,2021-04-26,2024-06-14,10889,720,1,5,0.0013712645935205121
2024-06-20,688045,val,-0.12605402,-0.010945842,2021-04-26,2024-06-14,10889,720,1,5,0.0013712645935205121
2024-06-20,688133,val,-0.061085355,-0.00076637045,2021-04-26,2024-06-14,10889,720,1,5,0.0013712645935205121
2024-06-20,688147,val,-0.07385863,-0.003042359,2021-04-26,2024-06-14,10889,720,1,5,0.0013712645935205121
2024-06-20,688528,val,0.0030191771,-0.004321132,2021-04-26,2024-06-14,10889,720,1,5,0.0013712645935205121
2024-06-21,600025,val,0.045872055,0.0058081783,2021-04-26,2024-06-14,10889,720,1,5,0.0013712645935205121
2024-06-21,600051,val,0.01146935,0.0011797138,2021-04-26,2024-06-14,10889,720,1,5,0.0013712645935205121
2024-06-21,600127,val,0.007826531,-0.0009475127,2021-04-26,2024-06-14,10889,720,1,5,0.0013712645935205121
2024-06-21,600153,val,0.020652605,0.0010477118,2021-04-26,2024-06-14,10889,720,1,5,0.0013712645935205121
2024-06-21,600548,val,0.030516969,-0.0036850758,2021-04-26,2024-06-14,10889,720,1,5,0.0013712645935205121
2024-06-21,600865,val,0.00420118,0.00030874833,2021-04-26,2024-06-14,10889,720,1,5,0.0013712645935205121
2024-06-21,600967,val,0.013183444,0.00034324452,2021-04-26,2024-06-14,10889,720,1,5,0.0013712645935205121
2024-06-21,601222,val,0.037326638,-0.000949353,2021-04-26,2024-06-14,10889,720,1,5,0.0013712645935205121
2024-06-21,603237,val,0.02791054,0.0018791743,2021-04-26,2024-06-14,10889,720,1,5,0.0013712645935205121
2024-06-21,603335,val,0.04286265,-0.0015760027,2021-04-26,2024-06-14,10889,720,1,5,0.0013712645935205121
2024-06-21,603658,val,0.00804751,-0.0014042221,2021-04-26,2024-06-14,10889,720,1,5,0.0013712645935205121
2024-06-21,605090,val,0.009064892,0.011382643,2021-04-26,2024-06-14,10889,720,1,5,0.0013712645935205121
2024-06-21,605589,val,-0.0019992888,0.0052188,2021-04-26,2024-06-14,10889,720,1,5,0.0013712645935205121
2024-06-21,688031,val,-0.061269276,-0.00086085126,2021-04-26,2024-06-14,10889,720,1,5,0.0013712645935205121
2024-06-21,688045,val,-0.06266759,-0.0062472112,2021-04-26,2024-06-14,10889,720,1,5,0.0013712645935205121
2024-06-21,688133,val,-0.07330505,-0.0010113828,2021-04-26,2024-06-14,10889,720,1,5,0.0013712645935205121
2024-06-21,688147,val,-0.076544784,-0.0054006167,2021-04-26,2024-06-14,10889,720,1,5,0.0013712645935205121
2024-06-21,688528,val,0.025535649,0.00026307255,2021-04-26,2024-06-14,10889,720,1,5,0.0013712645935205121
2024-06-24,600025,val,0.030417,0.004996076,2021-04-26,2024-06-14,10889,720,1,5,0.0013712645935205121
2024-06-24,600051,val,0.032684363,0.00094397366,2021-04-26,2024-06-14,10889,720,1,5,0.0013712645935205121
2024-06-24,600127,val,0.027001303,-0.0012887754,2021-04-26,2024-06-14,10889,720,1,5,0.0013712645935205121
2024-06-24,600153,val,0.026366511,0.0001601167,2021-04-26,2024-06-14,10889,720,1,5,0.0013712645935205121
2024-06-24,600548,val,0.028455863,-0.004693847,2021-04-26,2024-06-14,10889,720,1,5,0.0013712645935205121
2024-06-24,600865,val,0.03183927,-0.00029852986,2021-04-26,2024-06-14,10889,720,1,5,0.0013712645935205121
2024-06-24,600967,val,0.0074578375,-6.8265945e-05,2021-04-26,2024-06-14,10889,720,1,5,0.0013712645935205121
2024-06-24,601222,val,0.021227945,-0.0020055026,2021-04-26,2024-06-14,10889,720,1,5,0.0013712645935205121
2024-06-24,603237,val,-0.002175467,0.0003038086,2021-04-26,2024-06-14,10889,720,1,5,0.0013712645935205121
2024-06-24,603335,val,0.052417304,-0.001026284,2021-04-26,2024-06-14,10889,720,1,5,0.0013712645935205121
2024-06-24,603658,val,-0.03107232,-0.0016469136,2021-04-26,2024-06-14,10889,720,1,5,0.0013712645935205121
2024-06-24,605090,val,0.018331053,0.0096295215,2021-04-26,2024-06-14,10889,720,1,5,0.0013712645935205121
2024-06-24,605589,val,0.023057548,0.0048167966,2021-04-26,2024-06-14,10889,720,1,5,0.0013712645935205121
2024-06-24,688031,val,-0.058202434,0.00049328804,2021-04-26,2024-06-14,10889,720,1,5,0.0013712645935205121
2024-06-24,688045,val,-0.07855968,0.00063383207,2021-04-26,2024-06-14,10889,720,1,5,0.0013712645935205121
2024-06-24,688133,val,-0.039089758,0.0008570999,2021-04-26,2024-06-14,10889,720,1,5,0.0013712645935205121
2024-06-24,688147,val,-0.08976423,-0.006090317,2021-04-26,2024-06-14,10889,720,1,5,0.0013712645935205121
2024-06-24,688528,val,-0.01056139,0.0045416243,2021-04-26,2024-06-14,10889,720,1,5,0.0013712645935205121
2024-06-25,600025,val,0.053871498,0.006999351,2021-04-26,2024-06-14,10889,720,1,5,0.0013712645935205121
2024-06-25,600051,val,0.024798408,-0.0015142523,2021-04-26,2024-06-14,10889,720,1,5,0.0013712645935205121
2024-06-25,600127,val,0.033855822,-0.00093748793,2021-04-26,2024-06-14,10889,720,1,5,0.0013712645935205121
2024-06-25,600153,val,-0.0042936993,-0.0011265986,2021-04-26,2024-06-14,10889,720,1,5,0.0013712645935205121
2024-06-25,600548,val,0.044639364,-0.0014059246,2021-04-26,2024-06-14,10889,720,1,5,0.0013712645935205121
2024-06-25,600865,val,0.04254091,-0.0014235899,2021-04-26,2024-06-14,10889,720,1,5,0.0013712645935205121
2024-06-25,600967,val,0.012572157,-0.00084767863,2021-04-26,2024-06-14,10889,720,1,5,0.0013712645935205121
2024-06-25,601222,val,0.0035512997,-0.003465902,2021-04-26,2024-06-14,10889,720,1,5,0.0013712645935205121
2024-06-25,603237,val,-0.00031737413,-0.0011960678,2021-04-26,2024-06-14,10889,720,1,5,0.0013712645935205121
2024-06-25,603335,val,0.028177856,-0.0026164688,2021-04-26,2024-06-14,10889,720,1,5,0.0013712645935205121
2024-06-25,603658,val,-0.03117459,-0.0028257035,2021-04-26,2024-06-14,10889,720,1,5,0.0013712645935205121
2024-06-25,605090,val,0.011717441,0.007163029,2021-04-26,2024-06-14,10889,720,1,5,0.0013712645935205121
2024-06-25,605589,val,0.009723875,0.0051327236,2021-04-26,2024-06-14,10889,720,1,5,0.0013712645935205121
2024-06-25,688031,val,-0.005160555,6.870553e-05,2021-04-26,2024-06-14,10889,720,1,5,0.0013712645935205121
2024-06-25,688045,val,-0.060049023,0.005571604,2021-04-26,2024-06-14,10889,720,1,5,0.0013712645935205121
2024-06-25,688133,val,-0.04795947,0.001012072,2021-04-26,2024-06-14,10889,720,1,5,0.0013712645935205121
2024-06-25,688147,val,-0.094284564,-0.0055880025,2021-04-26,2024-06-14,10889,720,1,5,0.0013712645935205121
2024-06-25,688528,val,-0.017013228,0.005725365,2021-04-26,2024-06-14,10889,720,1,5,0.0013712645935205121
2024-06-26,600025,val,0.084279954,0.010278247,2021-04-26,2024-06-14,10889,720,1,5,0.0013712645935205121
2024-06-26,600051,val,0.020636685,-0.0005663894,2021-04-26,2024-06-14,10889,720,1,5,0.0013712645935205121
2024-06-26,600127,val,0.042078473,-0.00063354895,2021-04-26,2024-06-14,10889,720,1,5,0.0013712645935205121
2024-06-26,600153,val,0.011168496,-0.0014508553,2021-04-26,2024-06-14,10889,720,1,5,0.0013712645935205121
2024-06-26,600548,val,0.08201046,0.0024533719,2021-04-26,2024-06-14,10889,720,1,5,0.0013712645935205121
2024-06-26,600865,val,0.066917695,-0.0021537691,2021-04-26,2024-06-14,10889,720,1,5,0.0013712645935205121
2024-06-26,600967,val,0.02165039,-0.0009079091,2021-04-26,2024-06-14,10889,720,1,5,0.0013712645935205121
2024-06-26,601222,val,0.010135734,-0.0035936907,2021-04-26,2024-06-14,10889,720,1,5,0.0013712645935205121
2024-06-26,603237,val,0.021291276,-0.0013696738,2021-04-26,2024-06-14,10889,720,1,5,0.0013712645935205121
2024-06-26,603335,val,-0.01675481,-0.009302538,2021-04-26,2024-06-14,10889,720,1,5,0.0013712645935205121
2024-06-26,603658,val,-0.032215677,-0.0034747608,2021-04-26,2024-06-14,10889,720,1,5,0.0013712645935205121
2024-06-26,605090,val,0.0077329776,0.0075501166,2021-04-26,2024-06-14,10889,720,1,5,0.0013712645935205121
2024-06-26,605589,val,0.0019973232,0.003951125,2021-04-26,2024-06-14,10889,720,1,5,0.0013712645935205121
2024-06-26,688031,val,-0.0687453,-0.0032434948,2021-04-26,2024-06-14,10889,720,1,5,0.0013712645935205121
2024-06-26,688045,val,-0.043086115,0.0075555034,2021-04-26,2024-06-14,10889,720,1,5,0.0013712645935205121
2024-06-26,688133,val,-0.039871223,0.0018212274,2021-04-26,2024-06-14,10889,720,1,5,0.0013712645935205121
2024-06-26,688147,val,-0.08240063,-0.0046168305,2021-04-26,2024-06-14,10889,720,1,5,0.0013712645935205121
2024-06-26,688528,val,-0.048448883,0.004282754,2021-04-26,2024-06-14,10889,720,1,5,0.0013712645935205121
2024-06-27,600025,val,0.099077,0.009972654,2021-04-26,2024-06-14,10889,720,1,5,0.0013712645935205121
2024-06-27,600051,val,0.0063577583,-0.0004796721,2021-04-26,2024-06-14,10889,720,1,5,0.0013712645935205121
2024-06-27,600127,val,0.024004817,-0.0013968758,2021-04-26,2024-06-14,10889,720,1,5,0.0013712645935205121
2024-06-27,600153,val,-0.008948288,-0.0018611066,2021-04-26,2024-06-14,10889,720,1,5,0.0013712645935205121
2024-06-27,600548,val,0.0745933,0.0043338314,2021-04-26,2024-06-14,10889,720,1,5,0.0013712645935205121
2024-06-27,600865,val,0.031829543,-0.003154654,2021-04-26,2024-06-14,10889,720,1,5,0.0013712645935205121
2024-06-27,600967,val,0.021007665,-0.0006223433,2021-04-26,2024-06-14,10889,720,1,5,0.0013712645935205121
2024-06-27,601222,val,0.045042686,-0.0033367649,2021-04-26,2024-06-14,10889,720,1,5,0.0013712645935205121
2024-06-27,603237,val,-0.0020821395,-0.0008341968,2021-04-26,2024-06-14,10889,720,1,5,0.0013712645935205121
2024-06-27,603335,val,-0.016860567,-0.008632865,2021-04-26,2024-06-14,10889,720,1,5,0.0013712645935205121
2024-06-27,603658,val,-0.03807944,-0.0035655312,2021-04-26,2024-06-14,10889,720,1,5,0.0013712645935205121
2024-06-27,605090,val,0.035550732,0.0077310465,2021-04-26,2024-06-14,10889,720,1,5,0.0013712645935205121
2024-06-27,605589,val,0.051782593,0.0030488148,2021-04-26,2024-06-14,10889,720,1,5,0.0013712645935205121
2024-06-27,688031,val,-0.08123022,-0.005121257,2021-04-26,2024-06-14,10889,720,1,5,0.0013712645935205121
2024-06-27,688045,val,-0.052636303,0.007089298,2021-04-26,2024-06-14,10889,720,1,5,0.0013712645935205121
2024-06-27,688133,val,-0.02921998,0.0029206835,2021-04-26,2024-06-14,10889,720,1,5,0.0013712645935205121
2024-06-27,688147,val,-0.074717365,-0.0050904676,2021-04-26,2024-06-14,10889,720,1,5,0.0013712645935205121
2024-06-27,688528,val,-0.041403987,0.0042504855,2021-04-26,2024-06-14,10889,720,1,5,0.0013712645935205121
2024-06-28,600025,val,0.07406723,0.009995822,2021-04-26,2024-06-14,10889,720,1,5,0.0013712645935205121
2024-06-28,600051,val,0.0074935486,2.232194e-05,2021-04-26,2024-06-14,10889,720,1,5,0.0013712645935205121
2024-06-28,600127,val,0.018052405,-0.0027564801,2021-04-26,2024-06-14,10889,720,1,5,0.0013712645935205121
2024-06-28,600153,val,-0.03425765,-0.0036712885,2021-04-26,2024-06-14,10889,720,1,5,0.0013712645935205121
2024-06-28,600548,val,0.051494386,0.006001793,2021-04-26,2024-06-14,10889,720,1,5,0.0013712645935205121
2024-06-28,600865,val,0.07231211,-0.0008434765,2021-04-26,2024-06-14,10889,720,1,5,0.0013712645935205121
2024-06-28,600967,val,0.006858192,-0.0018310286,2021-04-26,2024-06-14,10889,720,1,5,0.0013712645935205121
2024-06-28,601222,val,-0.002336015,-0.0075602755,2021-04-26,2024-06-14,10889,720,1,5,0.0013712645935205121
2024-06-28,603237,val,-0.010509056,0.0005030148,2021-04-26,2024-06-14,10889,720,1,5,0.0013712645935205121
2024-06-28,603335,val,0.008393383,-0.0016456693,2021-04-26,2024-06-14,10889,720,1,5,0.0013712645935205121
2024-06-28,603341,val,-0.061172053,-0.009614654,2021-04-26,2024-06-14,10889,720,1,5,0.0013712645935205121
2024-06-28,603658,val,-0.0024132207,-0.0021916293,2021-04-26,2024-06-14,10889,720,1,5,0.0013712645935205121
2024-06-28,605090,val,0.018277686,0.0061277673,2021-04-26,2024-06-14,10889,720,1,5,0.0013712645935205121
2024-06-28,605589,val,0.032334663,0.0015713088,2021-04-26,2024-06-14,10889,720,1,5,0.0013712645935205121
2024-06-28,688031,val,-0.06169053,-0.0065636,2021-04-26,2024-06-14,10889,720,1,5,0.0013712645935205121
2024-06-28,688045,val,-0.034172338,0.005962126,2021-04-26,2024-06-14,10889,720,1,5,0.0013712645935205121
2024-06-28,688133,val,0.0052044867,0.0046517067,2021-04-26,2024-06-14,10889,720,1,5,0.0013712645935205121
2024-06-28,688147,val,-0.04963809,-0.003931064,2021-04-26,2024-06-14,10889,720,1,5,0.0013712645935205121
2024-06-28,688528,val,-0.03829913,0.0045341626,2021-04-26,2024-06-14,10889,720,1,5,0.0013712645935205121
2024-07-01,600025,val,0.10859226,0.009504456,2021-04-26,2024-06-14,10889,720,1,5,0.0013712645935205121
2024-07-01,600051,val,0.0029997902,0.00022187456,2021-04-26,2024-06-14,10889,720,1,5,0.0013712645935205121
2024-07-01,600127,val,0.010798996,-0.004494097,2021-04-26,2024-06-14,10889,720,1,5,0.0013712645935205121
2024-07-01,600153,val,-0.045483112,-0.004451383,2021-04-26,2024-06-14,10889,720,1,5,0.0013712645935205121
2024-07-01,600548,val,0.049462516,0.006877046,2021-04-26,2024-06-14,10889,720,1,5,0.0013712645935205121
2024-07-01,600865,val,0.029743977,-0.0015052706,2021-04-26,2024-06-14,10889,720,1,5,0.0013712645935205121
2024-07-01,600967,val,0.017936362,-0.0021146648,2021-04-26,2024-06-14,10889,720,1,5,0.0013712645935205121
2024-07-01,601222,val,0.004263693,-0.0036585703,2021-04-26,2024-06-14,10889,720,1,5,0.0013712645935205121
2024-07-01,603237,val,0.00022989046,0.0017786138,2021-04-26,2024-06-14,10889,720,1,5,0.0013712645935205121
2024-07-01,603335,val,-0.004106153,0.003184151,2021-04-26,2024-06-14,10889,720,1,5,0.0013712645935205121
2024-07-01,603341,val,-0.05706347,-0.010235291,2021-04-26,2024-06-14,10889,720,1,5,0.0013712645935205121
2024-07-01,603658,val,-0.0026168285,-0.0003084056,2021-04-26,2024-06-14,10889,720,1,5,0.0013712645935205121
2024-07-01,605090,val,0.009647744,0.0030951537,2021-04-26,2024-06-14,10889,720,1,5,0.0013712645935205121
2024-07-01,605589,val,-0.011050598,-0.005642671,2021-04-26,2024-06-14,10889,720,1,5,0.0013712645935205121
2024-07-01,688031,val,-0.06813082,-0.0065988265,2021-04-26,2024-06-14,10889,720,1,5,0.0013712645935205121
2024-07-01,688045,val,0.020717358,0.0009827688,2021-04-26,2024-06-14,10889,720,1,5,0.0013712645935205121
2024-07-01,688133,val,-0.02633529,0.0027271397,2021-04-26,2024-06-14,10889,720,1,5,0.0013712645935205121
2024-07-01,688147,val,-0.020270642,-0.00059927255,2021-04-26,2024-06-14,10889,720,1,5,0.0013712645935205121
2024-07-01,688528,val,-0.019335669,0.0065687895,2021-04-26,2024-06-14,10889,720,1,5,0.0013712645935205121
2024-07-02,600025,val,0.080599256,0.0074189566,2021-04-26,2024-06-14,10889,720,1,5,0.0013712645935205121
2024-07-02,600051,val,-0.022086909,0.0003013052,2021-04-26,2024-06-14,10889,720,1,5,0.0013712645935205121
2024-07-02,600127,val,-0.01079234,-0.005123209,2021-04-26,2024-06-14,10889,720,1,5,0.0013712645935205121
2024-07-02,600153,val,-0.025193594,-0.0035034902,2021-04-26,2024-06-14,10889,720,1,5,0.0013712645935205121
2024-07-02,600548,val,0.02176437,0.006084647,2021-04-26,2024-06-14,10889,720,1,5,0.0013712645935205121
2024-07-02,600865,val,-0.009418231,-0.00381222,2021-04-26,2024-06-14,10889,720,1,5,0.0013712645935205121
2024-07-02,600967,val,0.0008197304,-0.0018251278,2021-04-26,2024-06-14,10889,720,1,5,0.0013712645935205121
2024-07-02,601222,val,0.01957484,-0.0011225082,2021-04-26,2024-06-14,10889,720,1,5,0.0013712645935205121
2024-07-02,603237,val,-0.035917982,0.0029416718,2021-04-26,2024-06-14,10889,720,1,5,0.0013712645935205121
2024-07-02,603335,val,-0.007094406,0.005673304,2021-04-26,2024-06-14,10889,720,1,5,0.0013712645935205121
2024-07-02,603341,val,-0.0019968466,-0.009165041,2021-04-26,2024-06-14,10889,720,1,5,0.0013712645935205121
2024-07-02,603658,val,-0.01655235,0.0013326518,2021-04-26,2024-06-14,10889,720,1,5,0.0013712645935205121
2024-07-02,605090,val,0.03373719,0.0044325255,2021-04-26,2024-06-14,10889,720,1,5,0.0013712645935205121
2024-07-02,605589,val,1.6822934e-05,-0.0046202727,2021-04-26,2024-06-14,10889,720,1,5,0.0013712645935205121
2024-07-02,688031,val,-0.071294725,-0.005898036,2021-04-26,2024-06-14,10889,720,1,5,0.0013712645935205121
2024-07-02,688045,val,0.071609154,-0.000896506,2021-04-26,2024-06-14,10889,720,1,5,0.0013712645935205121
2024-07-02,688133,val,-0.022705738,-0.00076921657,2021-04-26,2024-06-14,10889,720,1,5,0.0013712645935205121
2024-07-02,688147,val,0.017432874,-0.0003709942,2021-04-26,2024-06-14,10889,720,1,5,0.0013712645935205121
2024-07-02,688528,val,-0.022501117,0.008029051,2021-04-26,2024-06-14,10889,720,1,5,0.0013712645935205121
2024-07-03,600025,val,0.06447757,0.008372024,2021-04-26,2024-06-14,10889,720,1,5,0.0013712645935205121
2024-07-03,600051,val,-0.023306983,0.0018352009,2021-04-26,2024-06-14,10889,720,1,5,0.0013712645935205121
2024-07-03,600127,val,-0.012516373,-0.0042516403,2021-04-26,2024-06-14,10889,720,1,5,0.0013712645935205121
2024-07-03,600153,val,-0.02686787,-0.0028063133,2021-04-26,2024-06-14,10889,720,1,5,0.0013712645935205121
2024-07-03,600548,val,0.019831428,0.005145639,2021-04-26,2024-06-14,10889,720,1,5,0.0013712645935205121
2024-07-03,600865,val,-0.03776071,-0.009598594,2021-04-26,2024-06-14,10889,720,1,5,0.0013712645935205121
2024-07-03,600967,val,0.0041320603,-0.0013823621,2021-04-26,2024-06-14,10889,720,1,5,0.0013712645935205121
2024-07-03,601222,val,0.015676381,0.0012542196,2021-04-26,2024-06-14,10889,720,1,5,0.0013712645935205121
2024-07-03,603237,val,-0.0478913,0.0022604875,2021-04-26,2024-06-14,10889,720,1,5,0.0013712645935205121
2024-07-03,603335,val,0.009462484,0.006204661,2021-04-26,2024-06-14,10889,720,1,5,0.0013712645935205121
2024-07-03,603341,val,0.026703745,-0.0076943077,2021-04-26,2024-06-14,10889,720,1,5,0.0013712645935205121
2024-07-03,603658,val,0.009364989,0.0015136376,2021-04-26,2024-06-14,10889,720,1,5,0.0013712645935205121
2024-07-03,605090,val,0.02421882,0.0057030134,2021-04-26,2024-06-14,10889,720,1,5,0.0013712645935205121
2024-07-03,605589,val,-0.011465506,-0.0011952184,2021-04-26,2024-06-14,10889,720,1,5,0.0013712645935205121
2024-07-03,688031,val,-0.034174975,-0.0066052526,2021-04-26,2024-06-14,10889,720,1,5,0.0013712645935205121
2024-07-03,688045,val,0.039871544,-0.0076701827,2021-04-26,2024-06-14,10889,720,1,5,0.0013712645935205121
2024-07-03,688133,val,-0.008656097,-0.0032023005,2021-04-26,2024-06-14,10889,720,1,5,0.0013712645935205121
2024-07-03,688147,val,0.0074513457,0.00032975152,2021-04-26,2024-06-14,10889,720,1,5,0.0013712645935205121
2024-07-03,688528,val,-0.018550554,0.0060641766,2021-04-26,2024-06-14,10889,720,1,5,0.0013712645935205121
2024-07-04,600025,val,0.0057261856,0.009180825,2021-04-26,2024-06-14,10889,720,1,5,0.0013712645935205121
2024-07-04,600051,val,-0.015348942,0.002085697,2021-04-26,2024-06-14,10889,720,1,5,0.0013712645935205121
2024-07-04,600127,val,-0.019340958,-0.0027941167,2021-04-26,2024-06-14,10889,720,1,5,0.0013712645935205121
2024-07-04,600153,val,-0.03768958,-0.0015663765,2021-04-26,2024-06-14,10889,720,1,5,0.0013712645935205121
2024-07-04,600548,val,-0.022289071,0.008146968,2021-04-26,2024-06-14,10889,720,1,5,0.0013712645935205121
2024-07-04,600865,val,-0.011576983,-0.0065635107,2021-04-26,2024-06-14,10889,720,1,5,0.0013712645935205121
2024-07-04,600967,val,0.0077145053,-0.0010322034,2021-04-26,2024-06-14,10889,720,1,5,0.0013712645935205121
2024-07-04,601222,val,-0.021057991,-0.00033684447,2021-04-26,2024-06-14,10889,720,1,5,0.0013712645935205121
2024-07-04,603237,val,-0.031840958,-0.0008386113,2021-04-26,2024-06-14,10889,720,1,5,0.0013712645935205121
2024-07-04,603335,val,0.015746761,0.0044145025,2021-04-26,2024-06-14,10889,720,1,5,0.0013712645935205121
2024-07-04,603341,val,0.03565761,-0.0067462735,2021-04-26,2024-06-14,10889,720,1,5,0.0013712645935205121
2024-07-04,603658,val,-0.00042842873,0.0020755455,2021-04-26,2024-06-14,10889,720,1,5,0.0013712645935205121
2024-07-04,605090,val,0.028892944,0.0037687756,2021-04-26,2024-06-14,10889,720,1,5,0.0013712645935205121
2024-07-04,605589,val,-0.028519949,-0.0012563542,2021-04-26,2024-06-14,10889,720,1,5,0.0013712645935205121
2024-07-04,688031,val,-0.0041170777,-0.005797673,2021-04-26,2024-06-14,10889,720,1,5,0.0013712645935205121
2024-07-04,688045,val,0.048504584,-0.0060719885,2021-04-26,2024-06-14,10889,720,1,5,0.0013712645935205121
2024-07-04,688133,val,0.028939465,-0.005033288,2021-04-26,2024-06-14,10889,720,1,5,0.0013712645935205121
2024-07-04,688147,val,0.034985263,0.00047412887,2021-04-26,2024-06-14,10889,720,1,5,0.0013712645935205121
2024-07-04,688528,val,-0.013957378,0.0035746768,2021-04-26,2024-06-14,10889,720,1,5,0.0013712645935205121
2024-07-05,600025,val,0.0060114707,0.011077743,2021-04-26,2024-06-14,10889,720,1,5,0.0013712645935205121
2024-07-05,600051,val,-0.0065784575,0.002112899,2021-04-26,2024-06-14,10889,720,1,5,0.0013712645935205121
2024-07-05,600127,val,-0.013245124,-0.0016656034,2021-04-26,2024-06-14,10889,720,1,5,0.0013712645935205121
2024-07-05,600153,val,-0.014504481,0.00014911965,2021-04-26,2024-06-14,10889,720,1,5,0.0013712645935205121
2024-07-05,600548,val,0.0072610048,0.0116302185,2021-04-26,2024-06-14,10889,720,1,5,0.0013712645935205121
2024-07-05,600865,val,-0.02021482,-0.005270239,2021-04-26,2024-06-14,10889,720,1,5,0.0013712645935205121
2024-07-05,600967,val,0.014338919,-0.0010615028,2021-04-26,2024-06-14,10889,720,1,5,0.0013712645935205121
2024-07-05,601222,val,-0.0013737385,0.0015605874,2021-04-26,2024-06-14,10889,720,1,5,0.0013712645935205121
2024-07-05,603237,val,-0.008471202,-0.0014203824,2021-04-26,2024-06-14,10889,720,1,5,0.0013712645935205121
2024-07-05,603335,val,0.018174017,0.0042442232,2021-04-26,2024-06-14,10889,720,1,5,0.0013712645935205121
2024-07-05,603341,val,0.013285333,-0.006497111,2021-04-26,2024-06-14,10889,720,1,5,0.0013712645935205121
2024-07-05,603658,val,-0.029706463,0.0011350363,2021-04-26,2024-06-14,10889,720,1,5,0.0013712645935205121
2024-07-05,605090,val,0.018018339,0.0017661564,2021-04-26,2024-06-14,10889,720,1,5,0.0013712645935205121
2024-07-05,605589,val,-0.030656327,0.002587784,2021-04-26,2024-06-14,10889,720,1,5,0.0013712645935205121
2024-07-05,688031,val,-0.012530838,-0.003683176,2021-04-26,2024-06-14,10889,720,1,5,0.0013712645935205121
2024-07-05,688045,val,0.029047646,-0.006534733,2021-04-26,2024-06-14,10889,720,1,5,0.0013712645935205121
2024-07-05,688133,val,0.014808451,-0.007255368,2021-04-26,2024-06-14,10889,720,1,5,0.0013712645935205121
2024-07-05,688147,val,0.028248062,0.0020443872,2021-04-26,2024-06-14,10889,720,1,5,0.0013712645935205121
2024-07-05,688528,val,-0.011911791,0.00046465173,2021-04-26,2024-06-14,10889,720,1,5,0.0013712645935205121
2024-07-08,600025,val,-0.00848686,0.007930212,2021-04-26,2024-06-14,10889,720,1,5,0.0013712645935205121
2024-07-08,600051,val,-0.0014979383,0.0028916262,2021-04-26,2024-06-14,10889,720,1,5,0.0013712645935205121
2024-07-08,600127,val,-0.0018534907,-0.0023489483,2021-04-26,2024-06-14,10889,720,1,5,0.0013712645935205121
2024-07-08,600153,val,-0.004207028,0.00058996305,2021-04-26,2024-06-14,10889,720,1,5,0.0013712645935205121
2024-07-08,600548,val,0.004199682,0.01265927,2021-04-26,2024-06-14,10889,720,1,5,0.0013712645935205121
2024-07-08,600865,val,-0.0057939673,0.00029373914,2021-04-26,2024-06-14,10889,720,1,5,0.0013712645935205121
2024-07-08,600967,val,-0.0046722167,-0.0025689527,2021-04-26,2024-06-14,10889,720,1,5,0.0013712645935205121
2024-07-08,601222,val,-0.00664326,0.0023269579,2021-04-26,2024-06-14,10889,720,1,5,0.0013712645935205121
2024-07-08,603237,val,-0.022715326,0.0008470081,2021-04-26,2024-06-14,10889,720,1,5,0.0013712645935205121
2024-07-08,603335,val,0.016972639,0.0034762546,2021-04-26,2024-06-14,10889,720,1,5,0.0013712645935205121
2024-07-08,603341,val,0.036974706,-0.0065393113,2021-04-26,2024-06-14,10889,720,1,5,0.0013712645935205121
2024-07-08,603658,val,-0.0065733395,-0.0008116625,2021-04-26,2024-06-14,10889,720,1,5,0.0013712645935205121
2024-07-08,605090,val,0.02319579,0.0006072074,2021-04-26,2024-06-14,10889,720,1,5,0.0013712645935205121
2024-07-08,605589,val,-0.030649114,0.0026277564,2021-04-26,2024-06-14,10889,720,1,5,0.0013712645935205121
2024-07-08,688031,val,-0.010267458,-0.0022852458,2021-04-26,2024-06-14,10889,720,1,5,0.0013712645935205121
2024-07-08,688045,val,0.013001019,-0.010033641,2021-04-26,2024-06-14,10889,720,1,5,0.0013712645935205121
2024-07-08,688133,val,0.003825962,-0.0070541278,2021-04-26,2024-06-14,10889,720,1,5,0.0013712645935205121
2024-07-08,688147,val,0.013367933,0.0017026737,2021-04-26,2024-06-14,10889,720,1,5,0.0013712645935205121
2024-07-08,688528,val,-0.008177731,-0.0013379119,2021-04-26,2024-06-14,10889,720,1,5,0.0013712645935205121
2024-07-09,600025,val,-0.002593975,0.013320789,2021-04-26,2024-06-14,10889,720,1,5,0.0013712645935205121
2024-07-09,600051,val,0.0023204088,0.0020599328,2021-04-26,2024-06-14,10889,720,1,5,0.0013712645935205121
2024-07-09,600127,val,0.008475907,-0.0008906685,2021-04-26,2024-06-14,10889,720,1,5,0.0013712645935205121
2024-07-09,600153,val,-0.0057388693,-0.0017361604,2021-04-26,2024-06-14,10889,720,1,5,0.0013712645935205121
2024-07-09,600548,val,-0.0027167073,0.011956248,2021-04-26,2024-06-14,10889,720,1,5,0.0013712645935205121
2024-07-09,600865,val,-0.00014589578,0.0044408515,2021-04-26,2024-06-14,10889,720,1,5,0.0013712645935205121
2024-07-09,600967,val,0.010350944,-0.0027359352,2021-04-26,2024-06-14,10889,720,1,5,0.0013712645935205121
2024-07-09,601222,val,-0.017315289,0.0014854036,2021-04-26,2024-06-14,10889,720,1,5,0.0013712645935205121
2024-07-09,603237,val,-0.0030218353,0.0027639791,2021-04-26,2024-06-14,10889,720,1,5,0.0013712645935205121
2024-07-09,603335,val,0.018372329,0.0022956766,2021-04-26,2024-06-14,10889,720,1,5,0.0013712645935205121
2024-07-09,603341,val,0.011989631,-0.008046929,2021-04-26,2024-06-14,10889,720,1,5,0.0013712645935205121
2024-07-09,603658,val,0.0035161641,-0.00036066398,2021-04-26,2024-06-14,10889,720,1,5,0.0013712645935205121
2024-07-09,605090,val,0.009532547,0.00077722594,2021-04-26,2024-06-14,10889,720,1,5,0.0013712645935205121
2024-07-09,605589,val,-0.03166515,0.0034151264,2021-04-26,2024-06-14,10889,720,1,5,0.0013712645935205121
2024-07-09,688031,val,0.0016616562,-0.0017653815,2021-04-26,2024-06-14,10889,720,1,5,0.0013712645935205121
2024-07-09,688045,val,-0.0057822284,-0.013731208,2021-04-26,2024-06-14,10889,720,1,5,0.0013712645935205121
2024-07-09,688133,val,0.0076113855,-0.005642209,2021-04-26,2024-06-14,10889,720,1,5,0.0013712645935205121
2024-07-09,688147,val,0.009122049,0.0005729683,2021-04-26,2024-06-14,10889,720,1,5,0.0013712645935205121
2024-07-09,688528,val,-0.013973072,-0.0020312145,2021-04-26,2024-06-14,10889,720,1,5,0.0013712645935205121
2024-07-10,600025,val,-0.007455866,0.016646493,2021-04-26,2024-06-14,10889,720,1,5,0.0013712645935205121
2024-07-10,600051,val,-0.0048294514,0.0016744211,2021-04-26,2024-06-14,10889,720,1,5,0.0013712645935205121
2024-07-10,600127,val,0.016467262,-0.00065825135,2021-04-26,2024-06-14,10889,720,1,5,0.0013712645935205121
2024-07-10,600153,val,-0.0042202356,-0.0030842386,2021-04-26,2024-06-14,10889,720,1,5,0.0013712645935205121
2024-07-10,600548,val,-0.016931737,0.011693243,2021-04-26,2024-06-14,10889,720,1,5,0.0013712645935205121
2024-07-10,600865,val,0.0050486485,0.0037465207,2021-04-26,2024-06-14,10889,720,1,5,0.0013712645935205121
2024-07-10,600967,val,0.0057073697,-0.0013883226,2021-04-26,2024-06-14,10889,720,1,5,0.0013712645935205121
2024-07-10,601222,val,-0.0092114555,0.0023973547,2021-04-26,2024-06-14,10889,720,1,5,0.0013712645935205121
2024-07-10,603237,val,0.008076884,0.0030996688,2021-04-26,2024-06-14,10889,720,1,5,0.0013712645935205121
2024-07-10,603335,val,-0.016014775,0.00010102615,2021-04-26,2024-06-14,10889,720,1,5,0.0013712645935205121
2024-07-10,603341,val,-0.036215354,-0.008850262,2021-04-26,2024-06-14,10889,720,1,5,0.0013712645935205121
2024-07-10,603658,val,0.020636985,-0.0014783777,2021-04-26,2024-06-14,10889,720,1,5,0.0013712645935205121
2024-07-10,605090,val,0.0025014488,0.0012157224,2021-04-26,2024-06-14,10889,720,1,5,0.0013712645935205121
2024-07-10,605589,val,-0.019089486,0.001478415,2021-04-26,2024-06-14,10889,720,1,5,0.0013712645935205121
2024-07-10,688031,val,-0.037517566,1.0948628e-05,2021-04-26,2024-06-14,10889,720,1,5,0.0013712645935205121
2024-07-10,688045,val,-0.029533694,-0.0123994015,2021-04-26,2024-06-14,10889,720,1,5,0.0013712645935205121
2024-07-10,688133,val,0.0023208798,-0.0054368265,2021-04-26,2024-06-14,10889,720,1,5,0.0013712645935205121
2024-07-10,688147,val,0.14785764,0.0008361377,2021-04-26,2024-06-14,10889,720,1,5,0.0013712645935205121
2024-07-10,688528,val,-0.02759749,-0.0024142303,2021-04-26,2024-06-14,10889,720,1,5,0.0013712645935205121
2024-07-11,600025,val,0.036696926,0.019512769,2021-04-26,2024-06-14,10889,720,1,5,0.0013712645935205121
2024-07-11,600051,val,0.008415957,0.00048084185,2021-04-26,2024-06-14,10889,720,1,5,0.0013712645935205121
2024-07-11,600127,val,0.018356316,-2.719462e-06,2021-04-26,2024-06-14,10889,720,1,5,0.0013712645935205121
2024-07-11,600153,val,0.017021202,-0.00295588,2021-04-26,2024-06-14,10889,720,1,5,0.0013712645935205121
2024-07-11,600548,val,0.033140466,0.013973184,2021-04-26,2024-06-14,10889,720,1,5,0.0013712645935205121
2024-07-11,600865,val,0.0029479945,0.0027836747,2021-04-26,2024-06-14,10889,720,1,5,0.0013712645935205121
2024-07-11,600967,val,0.022746773,-0.00063863024,2021-04-26,2024-06-14,10889,720,1,5,0.0013712645935205121
2024-07-11,601222,val,-0.0057234922,0.0030233748,2021-04-26,2024-06-14,10889,720,1,5,0.0013712645935205121
2024-07-11,603237,val,-0.01139052,0.0031294934,2021-04-26,2024-06-14,10889,720,1,5,0.0013712645935205121
2024-07-11,603335,val,-0.037333757,-0.003347598,2021-04-26,2024-06-14,10889,720,1,5,0.0013712645935205121
2024-07-11,603341,val,-0.046264917,-0.008077595,2021-04-26,2024-06-14,10889,720,1,5,0.0013712645935205121
2024-07-11,603658,val,0.009771628,-0.0026258267,2021-04-26,2024-06-14,10889,720,1,5,0.0013712645935205121
2024-07-11,605090,val,-0.0055290465,-0.004416663,2021-04-26,2024-06-14,10889,720,1,5,0.0013712645935205121
2024-07-11,605589,val,-0.04134518,-0.0015478767,2021-04-26,2024-06-14,10889,720,1,5,0.0013712645935205121
2024-07-11,688031,val,-0.05809179,-0.0028951205,2021-04-26,2024-06-14,10889,720,1,5,0.0013712645935205121
2024-07-11,688045,val,-0.04247505,-0.010217778,2021-04-26,2024-06-14,10889,720,1,5,0.0013712645935205121
2024-07-11,688133,val,-0.015713086,-0.009349186,2021-04-26,2024-06-14,10889,720,1,5,0.0013712645935205121
2024-07-11,688147,val,0.16602503,-0.002007585,2021-04-26,2024-06-14,10889,720,1,5,0.0013712645935205121
2024-07-11,688528,val,-0.051255465,-0.0026856214,2021-04-26,2024-06-14,10889,720,1,5,0.0013712645935205121
2024-07-12,600025,val,0.041455284,0.019731339,2021-04-26,2024-06-14,10889,720,1,5,0.0013712645935205121
2024-07-12,600051,val,-0.013988749,-0.0009520836,2021-04-26,2024-06-14,10889,720,1,5,0.0013712645935205121
2024-07-12,600127,val,-0.002359611,0.00022761151,2021-04-26,2024-06-14,10889,720,1,5,0.0013712645935205121
2024-07-12,600153,val,-0.0029449603,-0.0009220503,2021-04-26,2024-06-14,10889,720,1,5,0.0013712645935205121
2024-07-12,600548,val,0.0008822301,0.010164894,2021-04-26,2024-06-14,10889,720,1,5,0.0013712645935205121
2024-07-12,600865,val,-0.03223105,0.00086538866,2021-04-26,2024-06-14,10889,720,1,5,0.0013712645935205121
2024-07-12,600967,val,0.022342363,-0.0006967746,2021-04-26,2024-06-14,10889,720,1,5,0.0013712645935205121
2024-07-12,601222,val,-0.016455425,0.002497796,2021-04-26,2024-06-14,10889,720,1,5,0.0013712645935205121
2024-07-12,603237,val,-0.025794392,1.89282e-05,2021-04-26,2024-06-14,10889,720,1,5,0.0013712645935205121
2024-07-12,603335,val,-0.043017134,-0.0019022897,2021-04-26,2024-06-14,10889,720,1,5,0.0013712645935205121
2024-07-12,603341,val,0.004925088,-0.0044190623,2021-04-26,2024-06-14,10889,720,1,5,0.0013712645935205121
2024-07-12,603658,val,0.0018472124,-0.0023675486,2021-04-26,2024-06-14,10889,720,1,5,0.0013712645935205121
2024-07-12,605090,val,-0.019523544,-0.0024860688,2021-04-26,2024-06-14,10889,720,1,5,0.0013712645935205121
2024-07-12,605589,val,-0.018539216,0.00036884844,2021-04-26,2024-06-14,10889,720,1,5,0.0013712645935205121
2024-07-12,688031,val,-0.018041,-0.0037056655,2021-04-26,2024-06-14,10889,720,1,5,0.0013712645935205121
2024-07-12,688045,val,0.024056276,-0.008384913,2021-04-26,2024-06-14,10889,720,1,5,0.0013712645935205121
2024-07-12,688133,val,0.007707503,-0.011013124,2021-04-26,2024-06-14,10889,720,1,5,0.0013712645935205121
2024-07-12,688147,val,0.12486707,-0.0050059594,2021-04-26,2024-06-14,10889,720,1,5,0.0013712645935205121
2024-07-12,688528,val,-0.03518794,-0.003754191,2021-04-26,2024-06-14,10889,720,1,5,0.0013712645935205121
2024-07-15,600025,val,-0.0098014455,0.006541446,2021-05-27,2024-07-12,11009,731,2,6,0.0010685782957201202
2024-07-15,600051,val,-0.016427498,0.0031728745,2021-05-27,2024-07-12,11009,731,2,6,0.0010685782957201202
2024-07-15,600127,val,-0.025803689,0.007291943,2021-05-27,2024-07-12,11009,731,2,6,0.0010685782957201202
2024-07-15,600153,val,-0.028554095,0.007840291,2021-05-27,2024-07-12,11009,731,2,6,0.0010685782957201202
2024-07-15,600548,val,-0.032939244,0.006127864,2021-05-27,2024-07-12,11009,731,2,6,0.0010685782957201202
2024-07-15,600865,val,-0.028126623,0.0013749748,2021-05-27,2024-07-12,11009,731,2,6,0.0010685782957201202
2024-07-15,600967,val,0.017478613,0.0076740086,2021-05-27,2024-07-12,11009,731,2,6,0.0010685782957201202
2024-07-15,601222,val,-0.00010971151,0.007107064,2021-05-27,2024-07-12,11009,731,2,6,0.0010685782957201202
2024-07-15,603237,val,-0.027319048,0.0069430918,2021-05-27,2024-07-12,11009,731,2,6,0.0010685782957201202
2024-07-15,603335,val,-0.03721725,-0.002721846,2021-05-27,2024-07-12,11009,731,2,6,0.0010685782957201202
2024-07-15,603341,val,0.016769156,-0.003910467,2021-05-27,2024-07-12,11009,731,2,6,0.0010685782957201202
2024-07-15,603658,val,-0.008856416,0.0043528527,2021-05-27,2024-07-12,11009,731,2,6,0.0010685782957201202
2024-07-15,605090,val,-0.04368783,-0.0042519122,2021-05-27,2024-07-12,11009,731,2,6,0.0010685782957201202
2024-07-15,605589,val,-0.040390436,0.005243063,2021-05-27,2024-07-12,11009,731,2,6,0.0010685782957201202
2024-07-15,688031,val,0.024170576,-0.0027483106,2021-05-27,2024-07-12,11009,731,2,6,0.0010685782957201202
2024-07-15,688045,val,0.047624405,3.0502677e-05,2021-05-27,2024-07-12,11009,731,2,6,0.0010685782957201202
2024-07-15,688133,val,0.0817611,-0.0069755167,2021-05-27,2024-07-12,11009,731,2,6,0.0010685782957201202
2024-07-15,688147,val,0.12658761,-0.0013305396,2021-05-27,2024-07-12,11009,731,2,6,0.0010685782957201202
2024-07-15,688528,val,-0.015158175,0.0006980449,2021-05-27,2024-07-12,11009,731,2,6,0.0010685782957201202
2024-07-16,600025,val,0.029310573,0.0074639916,2021-05-27,2024-07-12,11009,731,2,6,0.0010685782957201202
2024-07-16,600051,val,0.0053651105,0.003402099,2021-05-27,2024-07-12,11009,731,2,6,0.0010685782957201202
2024-07-16,600127,val,-0.0064397664,0.006895259,2021-05-27,2024-07-12,11009,731,2,6,0.0010685782957201202
2024-07-16,600153,val,-0.03287639,0.0070587546,2021-05-27,2024-07-12,11009,731,2,6,0.0010685782957201202
2024-07-16,600548,val,0.024351357,0.0095271915,2021-05-27,2024-07-12,11009,731,2,6,0.0010685782957201202
2024-07-16,600865,val,-0.00035203257,0.00081786513,2021-05-27,2024-07-12,11009,731,2,6,0.0010685782957201202
2024-07-16,600967,val,0.031856317,0.0086680055,2021-05-27,2024-07-12,11009,731,2,6,0.0010685782957201202
2024-07-16,601222,val,0.0066491337,0.00766176,2021-05-27,2024-07-12,11009,731,2,6,0.0010685782957201202
2024-07-16,603237,val,-0.029243363,0.0053594112,2021-05-27,2024-07-12,11009,731,2,6,0.0010685782957201202
2024-07-16,603335,val,-0.02888922,-0.002122745,2021-05-27,2024-07-12,11009,731,2,6,0.0010685782957201202
2024-07-16,603341,val,-0.022389097,-0.0025857836,2021-05-27,2024-07-12,11009,731,2,6,0.0010685782957201202
2024-07-16,603658,val,-0.024392992,0.0053955466,2021-05-27,2024-07-12,11009,731,2,6,0.0010685782957201202
2024-07-16,605090,val,-0.04346373,-0.0034896284,2021-05-27,2024-07-12,11009,731,2,6,0.0010685782957201202
2024-07-16,605589,val,-0.046817373,0.004863471,2021-05-27,2024-07-12,11009,731,2,6,0.0010685782957201202
2024-07-16,688031,val,-0.017109526,-0.0011683255,2021-05-27,2024-07-12,11009,731,2,6,0.0010685782957201202
2024-07-16,688045,val,0.010018348,-0.0028221458,2021-05-27,2024-07-12,11009,731,2,6,0.0010685782957201202
2024-07-16,688133,val,0.06699896,-0.0060044974,2021-05-27,2024-07-12,11009,731,2,6,0.0010685782957201202
2024-07-16,688147,val,0.08263909,-0.0003785044,2021-05-27,2024-07-12,11009,731,2,6,0.0010685782957201202
2024-07-16,688528,val,-0.0052154013,0.001936838,2021-05-27,2024-07-12,11009,731,2,6,0.0010685782957201202
2024-07-17,600025,val,0.07299911,0.006248787,2021-05-27,2024-07-12,11009,731,2,6,0.0010685782957201202
2024-07-17,600051,val,0.01748405,0.0031357259,2021-05-27,2024-07-12,11009,731,2,6,0.0010685782957201202
2024-07-17,600127,val,-0.016105536,0.005634129,2021-05-27,2024-07-12,11009,731,2,6,0.0010685782957201202
2024-07-17,600153,val,-0.033429712,0.006801024,2021-05-27,2024-07-12,11009,731,2,6,0.0010685782957201202
2024-07-17,600548,val,0.050590754,0.007981464,2021-05-27,2024-07-12,11009,731,2,6,0.0010685782957201202
2024-07-17,600865,val,-0.009069625,0.0013628602,2021-05-27,2024-07-12,11009,731,2,6,0.0010685782957201202
2024-07-17,600967,val,0.05099247,0.007964,2021-05-27,2024-07-12,11009,731,2,6,0.0010685782957201202
2024-07-17,601222,val,0.016818564,0.0067770034,2021-05-27,2024-07-12,11009,731,2,6,0.0010685782957201202
2024-07-17,603237,val,-0.05044926,0.0028753728,2021-05-27,2024-07-12,11009,731,2,6,0.0010685782957201202
2024-07-17,603335,val,-0.017407285,-0.0018731505,2021-05-27,2024-07-12,11009,731,2,6,0.0010685782957201202
2024-07-17,603341,val,0.0008896088,-0.002196744,2021-05-27,2024-07-12,11009,731,2,6,0.0010685782957201202
2024-07-17,603658,val,-0.054784056,0.0035733879,2021-05-27,2024-07-12,11009,731,2,6,0.0010685782957201202
2024-07-17,605090,val,-0.016113985,0.00015932322,2021-05-27,2024-07-12,11009,731,2,6,0.0010685782957201202
2024-07-17,605589,val,0.008727746,0.0036438704,2021-05-27,2024-07-12,11009,731,2,6,0.0010685782957201202
2024-07-17,688031,val,-0.0053940667,-0.0014859587,2021-05-27,2024-07-12,11009,731,2,6,0.0010685782957201202
2024-07-17,688045,val,0.0060228473,0.0005467236,2021-05-27,2024-07-12,11009,731,2,6,0.0010685782957201202
2024-07-17,688133,val,0.029567698,-0.0045742095,2021-05-27,2024-07-12,11009,731,2,6,0.0010685782957201202
2024-07-17,688147,val,-0.064293966,-0.011861101,2021-05-27,2024-07-12,11009,731,2,6,0.0010685782957201202
2024-07-17,688528,val,0.012954635,0.0020315498,2021-05-27,2024-07-12,11009,731,2,6,0.0010685782957201202
2024-07-18,600025,val,0.03432346,0.0019907802,2021-05-27,2024-07-12,11009,731,2,6,0.0010685782957201202
2024-07-18,600051,val,0.011983675,0.0023513138,2021-05-27,2024-07-12,11009,731,2,6,0.0010685782957201202
2024-07-18,600127,val,-0.006169474,0.005755216,2021-05-27,2024-07-12,11009,731,2,6,0.0010685782957201202
2024-07-18,600153,val,-0.04281305,0.0065669417,2021-05-27,2024-07-12,11009,731,2,6,0.0010685782957201202
2024-07-18,600548,val,0.03762938,0.001260817,2021-05-27,2024-07-12,11009,731,2,6,0.0010685782957201202
2024-07-18,600865,val,-0.013526818,0.0013146102,2021-05-27,2024-07-12,11009,731,2,6,0.0010685782957201202
2024-07-18,600967,val,0.028403135,0.0044351965,2021-05-27,2024-07-12,11009,731,2,6,0.0010685782957201202
2024-07-18,601222,val,0.029319143,0.0060025603,2021-05-27,2024-07-12,11009,731,2,6,0.0010685782957201202
2024-07-18,603237,val,-0.033371914,0.0028519928,2021-05-27,2024-07-12,11009,731,2,6,0.0010685782957201202
2024-07-18,603335,val,0.011211355,-0.002158776,2021-05-27,2024-07-12,11009,731,2,6,0.0010685782957201202
2024-07-18,603341,val,-0.0020929505,-0.0016073436,2021-05-27,2024-07-12,11009,731,2,6,0.0010685782957201202
2024-07-18,603658,val,-0.034943093,0.004523739,2021-05-27,2024-07-12,11009,731,2,6,0.0010685782957201202
2024-07-18,605090,val,-0.049377628,0.001844719,2021-05-27,2024-07-12,11009,731,2,6,0.0010685782957201202
2024-07-18,605589,val,0.0043274346,0.003175959,2021-05-27,2024-07-12,11009,731,2,6,0.0010685782957201202
2024-07-18,688031,val,0.007795001,0.0007123202,2021-05-27,2024-07-12,11009,731,2,6,0.0010685782957201202
2024-07-18,688045,val,0.02223266,0.004281834,2021-05-27,2024-07-12,11009,731,2,6,0.0010685782957201202
2024-07-18,688133,val,0.040361065,-0.0033246726,2021-05-27,2024-07-12,11009,731,2,6,0.0010685782957201202
2024-07-18,688147,val,-0.08802829,-0.018603817,2021-05-27,2024-07-12,11009,731,2,6,0.0010685782957201202
2024-07-18,688528,val,0.042736903,0.0050154775,2021-05-27,2024-07-12,11009,731,2,6,0.0010685782957201202
2024-07-19,600025,val,0.0014333649,0.001977533,2021-05-27,2024-07-12,11009,731,2,6,0.0010685782957201202
2024-07-19,600051,val,0.020929541,0.0031811744,2021-05-27,2024-07-12,11009,731,2,6,0.0010685782957201202
2024-07-19,600127,val,0.010117621,0.005007446,2021-05-27,2024-07-12,11009,731,2,6,0.0010685782957201202
2024-07-19,600153,val,-0.035592623,0.007184431,2021-05-27,2024-07-12,11009,731,2,6,0.0010685782957201202
2024-07-19,600548,val,0.0070798863,0.0043581873,2021-05-27,2024-07-12,11009,731,2,6,0.0010685782957201202
2024-07-19,600865,val,0.024897283,0.0010844916,2021-05-27,2024-07-12,11009,731,2,6,0.0010685782957201202
2024-07-19,600967,val,0.034205806,0.0023757815,2021-05-27,2024-07-12,11009,731,2,6,0.0010685782957201202
2024-07-19,601222,val,0.046964493,0.0055628866,2021-05-27,2024-07-12,11009,731,2,6,0.0010685782957201202
2024-07-19,603237,val,-0.034770474,0.0033405423,2021-05-27,2024-07-12,11009,731,2,6,0.0010685782957201202
2024-07-19,603335,val,0.09577769,-0.002075076,2021-05-27,2024-07-12,11009,731,2,6,0.0010685782957201202
2024-07-19,603341,val,-0.035000037,-0.0011568815,2021-05-27,2024-07-12,11009,731,2,6,0.0010685782957201202
2024-07-19,603658,val,-0.028610852,0.005020678,2021-05-27,2024-07-12,11009,731,2,6,0.0010685782957201202
2024-07-19,605090,val,-0.012201052,0.0044240355,2021-05-27,2024-07-12,11009,731,2,6,0.0010685782957201202
2024-07-19,605589,val,0.026061703,0.0023481399,2021-05-27,2024-07-12,11009,731,2,6,0.0010685782957201202
2024-07-19,688031,val,-0.031351026,0.004080668,2021-05-27,2024-07-12,11009,731,2,6,0.0010685782957201202
2024-07-19,688045,val,-0.05113221,-0.0021811575,2021-05-27,2024-07-12,11009,731,2,6,0.0010685782957201202
2024-07-19,688133,val,0.007379516,-0.0014651567,2021-05-27,2024-07-12,11009,731,2,6,0.0010685782957201202
2024-07-19,688147,val,-0.07008871,-0.014943987,2021-05-27,2024-07-12,11009,731,2,6,0.0010685782957201202
2024-07-19,688528,val,0.023900084,0.006973639,2021-05-27,2024-07-12,11009,731,2,6,0.0010685782957201202
2024-07-22,600025,val,0.018922754,0.0006531179,2021-05-27,2024-07-12,11009,731,2,6,0.0010685782957201202
2024-07-22,600051,val,0.037389427,0.003351435,2021-05-27,2024-07-12,11009,731,2,6,0.0010685782957201202
2024-07-22,600127,val,0.013061256,0.004058987,2021-05-27,2024-07-12,11009,731,2,6,0.0010685782957201202
2024-07-22,600153,val,-0.050623395,0.009057,2021-05-27,2024-07-12,11009,731,2,6,0.0010685782957201202
2024-07-22,600548,val,0.05220169,0.0060596913,2021-05-27,2024-07-12,11009,731,2,6,0.0010685782957201202
2024-07-22,600865,val,0.03762501,0.0010563731,2021-05-27,2024-07-12,11009,731,2,6,0.0010685782957201202
2024-07-22,600967,val,0.05951669,0.004035577,2021-05-27,2024-07-12,11009,731,2,6,0.0010685782957201202
2024-07-22,601222,val,0.0197782,0.0029806197,2021-05-27,2024-07-12,11009,731,2,6,0.0010685782957201202
2024-07-22,603237,val,-0.032709856,0.0041470975,2021-05-27,2024-07-12,11009,731,2,6,0.0010685782957201202
2024-07-22,603335,val,0.097039364,-0.00212197,2021-05-27,2024-07-12,11009,731,2,6,0.0010685782957201202
2024-07-22,603341,val,-0.057700474,-0.0040318817,2021-05-27,2024-07-12,11009,731,2,6,0.0010685782957201202
2024-07-22,603658,val,-0.050974417,0.0051016062,2021-05-27,2024-07-12,11009,731,2,6,0.0010685782957201202
2024-07-22,605090,val,0.020278376,0.0048445165,2021-05-27,2024-07-12,11009,731,2,6,0.0010685782957201202
2024-07-22,605589,val,0.07418932,0.0024385303,2021-05-27,2024-07-12,11009,731,2,6,0.0010685782957201202
2024-07-22,688031,val,-0.04490639,0.0037597567,2021-05-27,2024-07-12,11009,731,2,6,0.0010685782957201202
2024-07-22,688045,val,-0.08509896,-0.0067867488,2021-05-27,2024-07-12,11009,731,2,6,0.0010685782957201202
2024-07-22,688133,val,-0.03978229,-0.008853003,2021-05-27,2024-07-12,11009,731,2,6,0.0010685782957201202
2024-07-22,688147,val,-0.084548235,-0.010154977,2021-05-27,2024-07-12,11009,731,2,6,0.0010685782957201202
2024-07-22,688528,val,0.016341936,0.0064863116,2021-05-27,2024-07-12,11009,731,2,6,0.0010685782957201202
2024-07-23,600025,val,-0.032437813,0.0019051284,2021-05-27,2024-07-12,11009,731,2,6,0.0010685782957201202
2024-07-23,600051,val,0.024280554,0.002842024,2021-05-27,2024-07-12,11009,731,2,6,0.0010685782957201202
2024-07-23,600127,val,0.009536678,0.00345698,2021-05-27,2024-07-12,11009,731,2,6,0.0010685782957201202
2024-07-23,600153,val,-0.053597987,0.011421591,2021-05-27,2024-07-12,11009,731,2,6,0.0010685782957201202
2024-07-23,600548,val,0.01244052,0.003578797,2021-05-27,2024-07-12,11009,731,2,6,0.0010685782957201202
2024-07-23,600865,val,0.024659771,0.002425149,2021-05-27,2024-07-12,11009,731,2,6,0.0010685782957201202
2024-07-23,600967,val,0.0544786,0.004508063,2021-05-27,2024-07-12,11009,731,2,6,0.0010685782957201202
2024-07-23,601222,val,0.015291632,0.004628435,2021-05-27,2024-07-12,11009,731,2,6,0.0010685782957201202
2024-07-23,603237,val,-0.024571668,0.0067540407,2021-05-27,2024-07-12,11009,731,2,6,0.0010685782957201202
2024-07-23,603335,val,0.06277762,-0.0015910864,2021-05-27,2024-07-12,11009,731,2,6,0.0010685782957201202
2024-07-23,603341,val,-0.016861847,-0.0032788962,2021-05-27,2024-07-12,11009,731,2,6,0.0010685782957201202
2024-07-23,603658,val,-0.04621836,0.0072101057,2021-05-27,2024-07-12,11009,731,2,6,0.0010685782957201202
2024-07-23,605090,val,0.011798265,0.0052686185,2021-05-27,2024-07-12,11009,731,2,6,0.0010685782957201202
2024-07-23,605589,val,0.086413965,0.0034315288,2021-05-27,2024-07-12,11009,731,2,6,0.0010685782957201202
2024-07-23,688031,val,-0.00931205,0.0020369738,2021-05-27,2024-07-12,11009,731,2,6,0.0010685782957201202
2024-07-23,688045,val,-0.061531458,-0.004732415,2021-05-27,2024-07-12,11009,731,2,6,0.0010685782957201202
2024-07-23,688133,val,-0.008632434,-0.0047561377,2021-05-27,2024-07-12,11009,731,2,6,0.0010685782957201202
2024-07-23,688147,val,-0.05975248,-0.007740304,2021-05-27,2024-07-12,11009,731,2,6,0.0010685782957201202
2024-07-23,688528,val,0.011238483,0.0055178553,2021-05-27,2024-07-12,11009,731,2,6,0.0010685782957201202
2024-07-24,600025,val,-0.10692855,-0.0016755313,2021-05-27,2024-07-12,11009,731,2,6,0.0010685782957201202
2024-07-24,600051,val,0.009192781,0.0036629885,2021-05-27,2024-07-12,11009,731,2,6,0.0010685782957201202
2024-07-24,600127,val,-0.0030059188,0.0038044155,2021-05-27,2024-07-12,11009,731,2,6,0.0010685782957201202
2024-07-24,600153,val,-0.04544902,0.011696309,2021-05-27,2024-07-12,11009,731,2,6,0.0010685782957201202
2024-07-24,600548,val,-0.049276177,0.0038250536,2021-05-27,2024-07-12,11009,731,2,6,0.0010685782957201202
2024-07-24,600865,val,0.035031248,0.002039954,2021-05-27,2024-07-12,11009,731,2,6,0.0010685782957201202
2024-07-24,600967,val,0.018626476,0.0030913204,2021-05-27,2024-07-12,11009,731,2,6,0.0010685782957201202
2024-07-24,601222,val,-0.002071645,0.0047831386,2021-05-27,2024-07-12,11009,731,2,6,0.0010685782957201202
2024-07-24,603237,val,-0.014108088,0.008938596,2021-05-27,2024-07-12,11009,731,2,6,0.0010685782957201202
2024-07-24,603335,val,0.06280903,-0.00060401857,2021-05-27,2024-07-12,11009,731,2,6,0.0010685782957201202
2024-07-24,603341,val,0.039898504,-0.0040780455,2021-05-27,2024-07-12,11009,731,2,6,0.0010685782957201202
2024-07-24,603658,val,-0.024999656,0.0074202567,2021-05-27,2024-07-12,11009,731,2,6,0.0010685782957201202
2024-07-24,605090,val,0.014536878,0.0050455183,2021-05-27,2024-07-12,11009,731,2,6,0.0010685782957201202
2024-07-24,605589,val,0.010488818,-0.00138475,2021-05-27,2024-07-12,11009,731,2,6,0.0010685782957201202
2024-07-24,688031,val,0.0277005,0.003719747,2021-05-27,2024-07-12,11009,731,2,6,0.0010685782957201202
2024-07-24,688045,val,-0.016873514,-0.004031554,2021-05-27,2024-07-12,11009,731,2,6,0.0010685782957201202
2024-07-24,688133,val,0.049083535,-0.0021786243,2021-05-27,2024-07-12,11009,731,2,6,0.0010685782957201202
2024-07-24,688147,val,-0.0062817833,-0.005202785,2021-05-27,2024-07-12,11009,731,2,6,0.0010685782957201202
2024-07-24,688528,val,0.0016265872,0.004774347,2021-05-27,2024-07-12,11009,731,2,6,0.0010685782957201202
2024-07-25,600025,val,-0.08399474,0.0023658574,2021-05-27,2024-07-12,11009,731,2,6,0.0010685782957201202
2024-07-25,600051,val,0.0033208174,0.0044330508,2021-05-27,2024-07-12,11009,731,2,6,0.0010685782957201202
2024-07-25,600127,val,-0.0042395955,0.003829047,2021-05-27,2024-07-12,11009,731,2,6,0.0010685782957201202
2024-07-25,600153,val,-0.0632515,0.011970982,2021-05-27,2024-07-12,11009,731,2,6,0.0010685782957201202
2024-07-25,600548,val,-0.029285982,-0.0009752512,2021-05-27,2024-07-12,11009,731,2,6,0.0010685782957201202
2024-07-25,600865,val,0.027304556,0.0025360584,2021-05-27,2024-07-12,11009,731,2,6,0.0010685782957201202
2024-07-25,600967,val,0.023594419,0.0045896918,2021-05-27,2024-07-12,11009,731,2,6,0.0010685782957201202
2024-07-25,601222,val,-0.01593539,0.0027108192,2021-05-27,2024-07-12,11009,731,2,6,0.0010685782957201202
2024-07-25,603237,val,-0.02465482,0.009584755,2021-05-27,2024-07-12,11009,731,2,6,0.0010685782957201202
2024-07-25,603335,val,0.056403913,-0.0010551959,2021-05-27,2024-07-12,11009,731,2,6,0.0010685782957201202
2024-07-25,603341,val,0.100346856,-0.00501059,2021-05-27,2024-07-12,11009,731,2,6,0.0010685782957201202
2024-07-25,603658,val,-0.061916463,0.0070547014,2021-05-27,2024-07-12,11009,731,2,6,0.0010685782957201202
2024-07-25,605090,val,0.022800928,0.004135072,2021-05-27,2024-07-12,11009,731,2,6,0.0010685782957201202
2024-07-25,605589,val,-0.008966228,-0.0011595637,2021-05-27,2024-07-12,11009,731,2,6,0.0010685782957201202
2024-07-25,688031,val,0.034708455,0.0026521087,2021-05-27,2024-07-12,11009,731,2,6,0.0010685782957201202
2024-07-25,688045,val,0.017035566,-0.0041323155,2021-05-27,2024-07-12,11009,731,2,6,0.0010685782957201202
2024-07-25,688133,val,0.010991099,-0.0016508102,2021-05-27,2024-07-12,11009,731,2,6,0.0010685782957201202
2024-07-25,688147,val,-0.00761716,0.00063583255,2021-05-27,2024-07-12,11009,731,2,6,0.0010685782957201202
2024-07-25,688528,val,0.0033552668,0.0032171458,2021-05-27,2024-07-12,11009,731,2,6,0.0010685782957201202
2024-07-26,600025,val,-0.026901754,0.0033078343,2021-05-27,2024-07-12,11009,731,2,6,0.0010685782957201202
2024-07-26,600051,val,0.006446299,0.0052147657,2021-05-27,2024-07-12,11009,731,2,6,0.0010685782957201202
2024-07-26,600127,val,0.007344088,0.0038836598,2021-05-27,2024-07-12,11009,731,2,6,0.0010685782957201202
2024-07-26,600153,val,-0.05859797,0.01198867,2021-05-27,2024-07-12,11009,731,2,6,0.0010685782957201202
2024-07-26,600548,val,0.040796667,0.003114298,2021-05-27,2024-07-12,11009,731,2,6,0.0010685782957201202
2024-07-26,600865,val,0.0291275,0.0019524843,2021-05-27,2024-07-12,11009,731,2,6,0.0010685782957201202
2024-07-26,600967,val,0.035047304,0.0036913007,2021-05-27,2024-07-12,11009,731,2,6,0.0010685782957201202
2024-07-26,601222,val,-0.02166615,0.001330629,2021-05-27,2024-07-12,11009,731,2,6,0.0010685782957201202
2024-07-26,603237,val,-0.010631668,0.009289414,2021-05-27,2024-07-12,11009,731,2,6,0.0010685782957201202
2024-07-26,603335,val,-0.028741622,-0.009374976,2021-05-27,2024-07-12,11009,731,2,6,0.0010685782957201202
2024-07-26,603341,val,0.043666396,-0.0041273385,2021-05-27,2024-07-12,11009,731,2,6,0.0010685782957201202
2024-07-26,603658,val,-0.02117208,0.0056856573,2021-05-27,2024-07-12,11009,731,2,6,0.0010685782957201202
2024-07-26,605090,val,-0.00080066564,0.0032140166,2021-05-27,2024-07-12,11009,731,2,6,0.0010685782957201202
2024-07-26,605589,val,-0.041431107,-0.0046321005,2021-05-27,2024-07-12,11009,731,2,6,0.0010685782957201202
2024-07-26,688031,val,0.012237627,0.0024892539,2021-05-27,2024-07-12,11009,731,2,6,0.0010685782957201202
2024-07-26,688045,val,0.011055891,-0.0029744953,2021-05-27,2024-07-12,11009,731,2,6,0.0010685782957201202
2024-07-26,688133,val,0.048801497,-0.001074329,2021-05-27,2024-07-12,11009,731,2,6,0.0010685782957201202
2024-07-26,688147,val,-0.019603955,0.0015969574,2021-05-27,2024-07-12,11009,731,2,6,0.0010685782957201202
2024-07-26,688528,val,-0.004976304,0.004156843,2021-05-27,2024-07-12,11009,731,2,6,0.0010685782957201202
2024-07-29,600025,val,-0.023592887,0.0038312525,2021-05-27,2024-07-12,11009,731,2,6,0.0010685782957201202
2024-07-29,600051,val,0.0009881968,0.005063519,2021-05-27,2024-07-12,11009,731,2,6,0.0010685782957201202
2024-07-29,600127,val,0.031586215,0.00436078,2021-05-27,2024-07-12,11009,731,2,6,0.0010685782957201202
2024-07-29,600153,val,-0.012820674,0.014069751,2021-05-27,2024-07-12,11009,731,2,6,0.0010685782957201202
2024-07-29,600548,val,0.011610176,0.0040701777,2021-05-27,2024-07-12,11009,731,2,6,0.0010685782957201202
2024-07-29,600865,val,0.022618212,0.0016323477,2021-05-27,2024-07-12,11009,731,2,6,0.0010685782957201202
2024-07-29,600967,val,0.024195662,0.0028011054,2021-05-27,2024-07-12,11009,731,2,6,0.0010685782957201202
2024-07-29,601222,val,0.000737112,0.0037767142,2021-05-27,2024-07-12,11009,731,2,6,0.0010685782957201202
2024-07-29,603237,val,0.014337867,0.008365601,2021-05-27,2024-07-12,11009,731,2,6,0.0010685782957201202
2024-07-29,603335,val,-0.04365786,-0.012652174,2021-05-27,2024-07-12,11009,731,2,6,0.0010685782957201202
2024-07-29,603341,val,0.017382879,-0.003442943,2021-05-27,2024-07-12,11009,731,2,6,0.0010685782957201202
2024-07-29,603658,val,0.01935758,0.005846277,2021-05-27,2024-07-12,11009,731,2,6,0.0010685782957201202
2024-07-29,605090,val,-0.030044034,0.00054086745,2021-05-27,2024-07-12,11009,731,2,6,0.0010685782957201202
2024-07-29,605589,val,-0.078980654,-0.0047315955,2021-05-27,2024-07-12,11009,731,2,6,0.0010685782957201202
2024-07-29,688031,val,-0.025922928,0.0030990243,2021-05-27,2024-07-12,11009,731,2,6,0.0010685782957201202
2024-07-29,688045,val,0.008540952,-0.0025929362,2021-05-27,2024-07-12,11009,731,2,6,0.0010685782957201202
2024-07-29,688133,val,0.11089785,-0.00040771067,2021-05-27,2024-07-12,11009,731,2,6,0.0010685782957201202
2024-07-29,688147,val,-0.023976693,-0.0016485006,2021-05-27,2024-07-12,11009,731,2,6,0.0010685782957201202
2024-07-29,688528,val,-0.023256965,0.0052678883,2021-05-27,2024-07-12,11009,731,2,6,0.0010685782957201202
2024-07-30,600025,val,-0.025699176,0.0058621317,2021-05-27,2024-07-12,11009,731,2,6,0.0010685782957201202
2024-07-30,600051,val,-0.0056864633,0.005689934,2021-05-27,2024-07-12,11009,731,2,6,0.0010685782957201202
2024-07-30,600127,val,0.024026593,0.004163161,2021-05-27,2024-07-12,11009,731,2,6,0.0010685782957201202
2024-07-30,600153,val,-0.011627058,0.014889538,2021-05-27,2024-07-12,11009,731,2,6,0.0010685782957201202
2024-07-30,600548,val,-0.024168057,0.007575348,2021-05-27,2024-07-12,11009,731,2,6,0.0010685782957201202
2024-07-30,600865,val,0.035174813,0.0016969591,2021-05-27,2024-07-12,11009,731,2,6,0.0010685782957201202
2024-07-30,600967,val,0.028578129,0.0046401173,2021-05-27,2024-07-12,11009,731,2,6,0.0010685782957201202
2024-07-30,601222,val,0.0040414664,0.005198896,2021-05-27,2024-07-12,11009,731,2,6,0.0010685782957201202
2024-07-30,603237,val,0.012594396,0.0077898502,2021-05-27,2024-07-12,11009,731,2,6,0.0010685782957201202
2024-07-30,603335,val,-0.026119811,-0.007214725,2021-05-27,2024-07-12,11009,731,2,6,0.0010685782957201202
2024-07-30,603341,val,-0.0011619409,-0.0015673488,2021-05-27,2024-07-12,11009,731,2,6,0.0010685782957201202
2024-07-30,603658,val,0.04534639,0.0070540905,2021-05-27,2024-07-12,11009,731,2,6,0.0010685782957201202
2024-07-30,605090,val,-0.016886394,0.0007250756,2021-05-27,2024-07-12,11009,731,2,6,0.0010685782957201202
2024-07-30,605589,val,-0.095798574,-0.003478989,2021-05-27,2024-07-12,11009,731,2,6,0.0010685782957201202
2024-07-30,688031,val,-0.03460089,0.0045547336,2021-05-27,2024-07-12,11009,731,2,6,0.0010685782957201202
2024-07-30,688045,val,-0.013074235,-0.0018447936,2021-05-27,2024-07-12,11009,731,2,6,0.0010685782957201202
2024-07-30,688133,val,0.11084769,0.00014080107,2021-05-27,2024-07-12,11009,731,2,6,0.0010685782957201202
2024-07-30,688147,val,0.00030001727,-0.0033628792,2021-05-27,2024-07-12,11009,731,2,6,0.0010685782957201202
2024-07-30,688528,val,-0.006086891,0.006237492,2021-05-27,2024-07-12,11009,731,2,6,0.0010685782957201202
2024-07-31,600025,val,0.022496674,0.010218337,2021-05-27,2024-07-12,11009,731,2,6,0.0010685782957201202
2024-07-31,600051,val,0.012223033,0.0064669102,2021-05-27,2024-07-12,11009,731,2,6,0.0010685782957201202
2024-07-31,600127,val,0.018048277,0.0049844235,2021-05-27,2024-07-12,11009,731,2,6,0.0010685782957201202
2024-07-31,600153,val,-0.033160828,0.0144933835,2021-05-27,2024-07-12,11009,731,2,6,0.0010685782957201202
2024-07-31,600548,val,0.020973394,0.009593412,2021-05-27,2024-07-12,11009,731,2,6,0.0010685782957201202
2024-07-31,600865,val,0.036147825,0.0015416145,2021-05-27,2024-07-12,11009,731,2,6,0.0010685782957201202
2024-07-31,600967,val,0.043958545,0.00808312,2021-05-27,2024-07-12,11009,731,2,6,0.0010685782957201202
2024-07-31,601222,val,0.019747801,0.005218953,2021-05-27,2024-07-12,11009,731,2,6,0.0010685782957201202
2024-07-31,603237,val,0.007252055,0.010114163,2021-05-27,2024-07-12,11009,731,2,6,0.0010685782957201202
2024-07-31,603335,val,-0.008142199,-0.0038245022,2021-05-27,2024-07-12,11009,731,2,6,0.0010685782957201202
2024-07-31,603341,val,-0.047552157,-0.009076402,2021-05-27,2024-07-12,11009,731,2,6,0.0010685782957201202
2024-07-31,603658,val,0.017068844,0.0063448846,2021-05-27,2024-07-12,11009,731,2,6,0.0010685782957201202
2024-07-31,605090,val,0.005715727,-0.000329867,2021-05-27,2024-07-12,11009,731,2,6,0.0010685782957201202
2024-07-31,605589,val,-0.07519426,0.00081568956,2021-05-27,2024-07-12,11009,731,2,6,0.0010685782957201202
2024-07-31,688031,val,-0.05619278,0.003671825,2021-05-27,2024-07-12,11009,731,2,6,0.0010685782957201202
2024-07-31,688045,val,-0.026619313,-0.0025991946,2021-05-27,2024-07-12,11009,731,2,6,0.0010685782957201202
2024-07-31,688133,val,0.06926924,-0.003594026,2021-05-27,2024-07-12,11009,731,2,6,0.0010685782957201202
2024-07-31,688147,val,-0.031859893,-0.0003631413,2021-05-27,2024-07-12,11009,731,2,6,0.0010685782957201202
2024-07-31,688528,val,0.0058200154,0.0074103326,2021-05-27,2024-07-12,11009,731,2,6,0.0010685782957201202
2024-08-01,600025,val,0.009495829,0.008478612,2021-05-27,2024-07-12,11009,731,2,6,0.0010685782957201202
2024-08-01,600051,val,0.017081102,0.006966278,2021-05-27,2024-07-12,11009,731,2,6,0.0010685782957201202
2024-08-01,600127,val,0.04085007,0.004794076,2021-05-27,2024-07-12,11009,731,2,6,0.0010685782957201202
2024-08-01,600153,val,0.0107603455,0.014024675,2021-05-27,2024-07-12,11009,731,2,6,0.0010685782957201202
2024-08-01,600548,val,-0.0035187118,0.006626293,2021-05-27,2024-07-12,11009,731,2,6,0.0010685782957201202
2024-08-01,600865,val,0.042129602,0.0030535758,2021-05-27,2024-07-12,11009,731,2,6,0.0010685782957201202
2024-08-01,600967,val,0.035848666,0.007989556,2021-05-27,2024-07-12,11009,731,2,6,0.0010685782957201202
2024-08-01,601222,val,0.024348622,0.0065113306,2021-05-27,2024-07-12,11009,731,2,6,0.0010685782957201202
2024-08-01,603237,val,0.029068654,0.010924891,2021-05-27,2024-07-12,11009,731,2,6,0.0010685782957201202
2024-08-01,603335,val,-0.021403367,-0.001207754,2021-05-27,2024-07-12,11009,731,2,6,0.0010685782957201202
2024-08-01,603341,val,-0.08811301,-0.014979601,2021-05-27,2024-07-12,11009,731,2,6,0.0010685782957201202
2024-08-01,603658,val,0.059809025,0.0039441586,2021-05-27,2024-07-12,11009,731,2,6,0.0010685782957201202
2024-08-01,605090,val,0.0057097203,0.0020917505,2021-05-27,2024-07-12,11009,731,2,6,0.0010685782957201202
2024-08-01,605589,val,-0.0677601,0.0027968436,2021-05-27,2024-07-12,11009,731,2,6,0.0010685782957201202
2024-08-01,688031,val,-0.07803368,0.0028974563,2021-05-27,2024-07-12,11009,731,2,6,0.0010685782957201202
2024-08-01,688045,val,-0.053212296,-0.005246848,2021-05-27,2024-07-12,11009,731,2,6,0.0010685782957201202
2024-08-01,688133,val,0.082880355,-0.0031315535,2021-05-27,2024-07-12,11009,731,2,6,0.0010685782957201202
2024-08-01,688147,val,-0.042696852,-0.00035619736,2021-05-27,2024-07-12,11009,731,2,6,0.0010685782957201202
2024-08-01,688528,val,-0.0032439746,0.007388249,2021-05-27,2024-07-12,11009,731,2,6,0.0010685782957201202
2024-08-02,600025,val,0.002853631,0.0057794154,2021-05-27,2024-07-12,11009,731,2,6,0.0010685782957201202
2024-08-02,600051,val,0.029964376,0.006528482,2021-05-27,2024-07-12,11009,731,2,6,0.0010685782957201202
2024-08-02,600127,val,0.02381025,0.003918007,2021-05-27,2024-07-12,11009,731,2,6,0.0010685782957201202
2024-08-02,600153,val,0.022151876,0.01356259,2021-05-27,2024-07-12,11009,731,2,6,0.0010685782957201202
2024-08-02,600548,val,-0.017041853,0.0058200955,2021-05-27,2024-07-12,11009,731,2,6,0.0010685782957201202
2024-08-02,600865,val,0.02366245,0.0036469847,2021-05-27,2024-07-12,11009,731,2,6,0.0010685782957201202
2024-08-02,600967,val,0.01678491,0.0064057857,2021-05-27,2024-07-12,11009,731,2,6,0.0010685782957201202
2024-08-02,601222,val,0.029020008,0.0067822784,2021-05-27,2024-07-12,11009,731,2,6,0.0010685782957201202
2024-08-02,603237,val,0.027608903,0.011554271,2021-05-27,2024-07-12,11009,731,2,6,0.0010685782957201202
2024-08-02,603335,val,-0.020603469,0.0026706755,2021-05-27,2024-07-12,11009,731,2,6,0.0010685782957201202
2024-08-02,603341,val,-0.03585917,-0.01021035,2021-05-27,2024-07-12,11009,731,2,6,0.0010685782957201202
2024-08-02,603658,val,0.013509901,0.003105104,2021-05-27,2024-07-12,11009,731,2,6,0.0010685782957201202
2024-08-02,605090,val,0.015091126,0.004313484,2021-05-27,2024-07-12,11009,731,2,6,0.0010685782957201202
2024-08-02,605589,val,-0.071581095,0.0051659197,2021-05-27,2024-07-12,11009,731,2,6,0.0010685782957201202
2024-08-02,688031,val,-0.062482726,0.00010077655,2021-05-27,2024-07-12,11009,731,2,6,0.0010685782957201202
2024-08-02,688045,val,-0.016845338,-0.0055439174,2021-05-27,2024-07-12,11009,731,2,6,0.0010685782957201202
2024-08-02,688133,val,0.041302085,-0.007562369,2021-05-27,2024-07-12,11009,731,2,6,0.0010685782957201202
2024-08-02,688147,val,-0.020241933,-0.0033741146,2021-05-27,2024-07-12,11009,731,2,6,0.0010685782957201202
2024-08-02,688528,val,-0.0011039373,0.007362023,2021-05-27,2024-07-12,11009,731,2,6,0.0010685782957201202
2024-08-05,600025,val,-0.007202847,0.0031697154,2021-05-27,2024-07-12,11009,731,2,6,0.0010685782957201202
2024-08-05,600051,val,0.02177705,0.0068012327,2021-05-27,2024-07-12,11009,731,2,6,0.0010685782957201202
2024-08-05,600127,val,-9.173588e-05,0.0013791025,2021-05-27,2024-07-12,11009,731,2,6,0.0010685782957201202
2024-08-05,600153,val,-0.0015865042,0.012180068,2021-05-27,2024-07-12,11009,731,2,6,0.0010685782957201202
2024-08-05,600548,val,-0.00871573,0.007791832,2021-05-27,2024-07-12,11009,731,2,6,0.0010685782957201202
2024-08-05,600865,val,0.007600572,0.002286747,2021-05-27,2024-07-12,11009,731,2,6,0.0010685782957201202
2024-08-05,600967,val,0.008101627,0.007774532,2021-05-27,2024-07-12,11009,731,2,6,0.0010685782957201202
2024-08-05,601222,val,0.02076332,0.005276054,2021-05-27,2024-07-12,11009,731,2,6,0.0010685782957201202
2024-08-05,603237,val,0.010897275,0.010894112,2021-05-27,2024-07-12,11009,731,2,6,0.0010685782957201202
2024-08-05,603335,val,-0.012467974,0.003973201,2021-05-27,2024-07-12,11009,731,2,6,0.0010685782957201202
2024-08-05,603341,val,-0.02892109,-0.0075615793,2021-05-27,2024-07-12,11009,731,2,6,0.0010685782957201202
2024-08-05,603658,val,0.014126274,0.00045077503,2021-05-27,2024-07-12,11009,731,2,6,0.0010685782957201202
2024-08-05,605090,val,0.043237615,0.0061948746,2021-05-27,2024-07-12,11009,731,2,6,0.0010685782957201202
2024-08-05,605589,val,-0.036091737,0.008591995,2021-05-27,2024-07-12,11009,731,2,6,0.0010685782957201202
2024-08-05,688031,val,-0.03859157,-0.0024454594,2021-05-27,2024-07-12,11009,731,2,6,0.0010685782957201202
2024-08-05,688045,val,0.003908264,-0.0042265803,2021-05-27,2024-07-12,11009,731,2,6,0.0010685782957201202
2024-08-05,688133,val,-0.0047456045,-0.01493676,2021-05-27,2024-07-12,11009,731,2,6,0.0010685782957201202
2024-08-05,688147,val,0.0038271006,-0.006974563,2021-05-27,2024-07-12,11009,731,2,6,0.0010685782957201202
2024-08-05,688528,val,0.0041756895,0.008048013,2021-05-27,2024-07-12,11009,731,2,6,0.0010685782957201202
2024-08-06,600025,val,0.017694222,0.0045854,2021-05-27,2024-07-12,11009,731,2,6,0.0010685782957201202
2024-08-06,600051,val,0.029535098,0.0069303215,2021-05-27,2024-07-12,11009,731,2,6,0.0010685782957201202
2024-08-06,600127,val,-0.010151232,0.00069737434,2021-05-27,2024-07-12,11009,731,2,6,0.0010685782957201202
2024-08-06,600153,val,-0.00843892,0.010501161,2021-05-27,2024-07-12,11009,731,2,6,0.0010685782957201202
2024-08-06,600548,val,0.024489606,0.009603336,2021-05-27,2024-07-12,11009,731,2,6,0.0010685782957201202
2024-08-06,600865,val,-0.023415018,-0.00029836595,2021-05-27,2024-07-12,11009,731,2,6,0.0010685782957201202
2024-08-06,600967,val,0.0038831544,0.006831661,2021-05-27,2024-07-12,11009,731,2,6,0.0010685782957201202
2024-08-06,601222,val,0.028450632,0.0044674873,2021-05-27,2024-07-12,11009,731,2,6,0.0010685782957201202
2024-08-06,603237,val,0.006530204,0.010130659,2021-05-27,2024-07-12,11009,731,2,6,0.0010685782957201202
2024-08-06,603335,val,-0.006824327,0.0041616857,2021-05-27,2024-07-12,11009,731,2,6,0.0010685782957201202
2024-08-06,603341,val,-0.0021874898,-0.0070008785,2021-05-27,2024-07-12,11009,731,2,6,0.0010685782957201202
2024-08-06,603658,val,-0.013094055,-0.0017611682,2021-05-27,2024-07-12,11009,731,2,6,0.0010685782957201202
2024-08-06,605090,val,0.030163094,0.007174745,2021-05-27,2024-07-12,11009,731,2,6,0.0010685782957201202
2024-08-06,605589,val,-0.024488388,0.011090219,2021-05-27,2024-07-12,11009,731,2,6,0.0010685782957201202
2024-08-06,688031,val,-0.036860444,-0.00087465346,2021-05-27,2024-07-12,11009,731,2,6,0.0010685782957201202
2024-08-06,688045,val,0.02817141,-0.0027701706,2021-05-27,2024-07-12,11009,731,2,6,0.0010685782957201202
2024-08-06,688133,val,-0.032050952,-0.01116693,2021-05-27,2024-07-12,11009,731,2,6,0.0010685782957201202
2024-08-06,688147,val,-0.01653333,-0.0060206354,2021-05-27,2024-07-12,11009,731,2,6,0.0010685782957201202
2024-08-06,688528,val,0.0051267343,0.006164521,2021-05-27,2024-07-12,11009,731,2,6,0.0010685782957201202
2024-08-07,600025,val,0.038480517,0.004713416,2021-05-27,2024-07-12,11009,731,2,6,0.0010685782957201202
2024-08-07,600051,val,0.022559691,0.0056470186,2021-05-27,2024-07-12,11009,731,2,6,0.0010685782957201202
2024-08-07,600127,val,-0.00053926656,0.005732283,2021-05-27,2024-07-12,11009,731,2,6,0.0010685782957201202
2024-08-07,600153,val,-0.008195438,0.011517614,2021-05-27,2024-07-12,11009,731,2,6,0.0010685782957201202
2024-08-07,600548,val,0.04293212,0.008274183,2021-05-27,2024-07-12,11009,731,2,6,0.0010685782957201202
2024-08-07,600865,val,-0.03165038,-7.213652e-05,2021-05-27,2024-07-12,11009,731,2,6,0.0010685782957201202
2024-08-07,600967,val,-0.012461815,0.0060314536,2021-05-27,2024-07-12,11009,731,2,6,0.0010685782957201202
2024-08-07,601222,val,0.016187347,0.0028598756,2021-05-27,2024-07-12,11009,731,2,6,0.0010685782957201202
2024-08-07,603237,val,0.023708118,0.011292681,2021-05-27,2024-07-12,11009,731,2,6,0.0010685782957201202
2024-08-07,603335,val,-0.0067658355,0.0035220385,2021-05-27,2024-07-12,11009,731,2,6,0.0010685782957201202
2024-08-07,603341,val,0.11230089,-0.0071537346,2021-05-27,2024-07-12,11009,731,2,6,0.0010685782957201202
2024-08-07,603658,val,-0.026176522,-0.0013259947,2021-05-27,2024-07-12,11009,731,2,6,0.0010685782957201202
2024-08-07,605090,val,-0.040824607,0.0008677244,2021-05-27,2024-07-12,11009,731,2,6,0.0010685782957201202
2024-08-07,605589,val,-0.028222686,0.010654256,2021-05-27,2024-07-12,11009,731,2,6,0.0010685782957201202
2024-08-07,688031,val,-0.054738402,-0.00070114434,2021-05-27,2024-07-12,11009,731,2,6,0.0010685782957201202
2024-08-07,688045,val,0.014243867,-0.00056268275,2021-05-27,2024-07-12,11009,731,2,6,0.0010685782957201202
2024-08-07,688133,val,-0.030265423,-0.009801254,2021-05-27,2024-07-12,11009,731,2,6,0.0010685782957201202
2024-08-07,688147,val,-0.035113145,-0.0056744665,2021-05-27,2024-07-12,11009,731,2,6,0.0010685782957201202
2024-08-07,688528,val,0.004540972,0.004179701,2021-05-27,2024-07-12,11009,731,2,6,0.0010685782957201202
2024-08-08,600025,val,0.054930225,0.0067803264,2021-05-27,2024-07-12,11009,731,2,6,0.0010685782957201202
2024-08-08,600051,val,0.0055921827,0.004598081,2021-05-27,2024-07-12,11009,731,2,6,0.0010685782957201202
2024-08-08,600127,val,-0.026296679,-0.0010010451,2021-05-27,2024-07-12,11009,731,2,6,0.0010685782957201202
2024-08-08,600153,val,-0.021406675,0.012089178,2021-05-27,2024-07-12,11009,731,2,6,0.0010685782957201202
2024-08-08,600548,val,0.03938114,0.009721234,2021-05-27,2024-07-12,11009,731,2,6,0.0010685782957201202
2024-08-08,600865,val,-0.02904284,-0.00022937357,2021-05-27,2024-07-12,11009,731,2,6,0.0010685782957201202
2024-08-08,600967,val,-0.0105430065,0.0069319606,2021-05-27,2024-07-12,11009,731,2,6,0.0010685782957201202
2024-08-08,601222,val,0.026413348,0.0042365342,2021-05-27,2024-07-12,11009,731,2,6,0.0010685782957201202
2024-08-08,603237,val,0.012160242,0.009073153,2021-05-27,2024-07-12,11009,731,2,6,0.0010685782957201202
2024-08-08,603335,val,0.0021046705,0.0021215826,2021-05-27,2024-07-12,11009,731,2,6,0.0010685782957201202
2024-08-08,603341,val,0.10245149,-0.006060034,2021-05-27,2024-07-12,11009,731,2,6,0.0010685782957201202
2024-08-08,603658,val,-0.022343608,1.4647841e-05,2021-05-27,2024-07-12,11009,731,2,6,0.0010685782957201202
2024-08-08,605090,val,-0.03916224,0.0023819953,2021-05-27,2024-07-12,11009,731,2,6,0.0010685782957201202
2024-08-08,605589,val,-0.00055382063,0.011689678,2021-05-27,2024-07-12,11009,731,2,6,0.0010685782957201202
2024-08-08,688031,val,-0.029687947,-0.0032999516,2021-05-27,2024-07-12,11009,731,2,6,0.0010685782957201202
2024-08-08,688045,val,0.0087441495,0.001667887,2021-05-27,2024-07-12,11009,731,2,6,0.0010685782957201202
2024-08-08,688133,val,-0.045984585,-0.0036291927,2021-05-27,2024-07-12,11009,731,2,6,0.0010685782957201202
2024-08-08,688147,val,-0.034854308,-0.007076159,2021-05-27,2024-07-12,11009,731,2,6,0.0010685782957201202
2024-08-08,688528,val,0.008098267,0.0029431581,2021-05-27,2024-07-12,11009,731,2,6,0.0010685782957201202
2024-08-09,600025,val,0.047250584,0.0058675706,2021-05-27,2024-07-12,11009,731,2,6,0.0010685782957201202
2024-08-09,600051,val,-0.0023916354,0.0021344423,2021-05-27,2024-07-12,11009,731,2,6,0.0010685782957201202
2024-08-09,600127,val,-0.026379006,0.0029276311,2021-05-27,2024-07-12,11009,731,2,6,0.0010685782957201202
2024-08-09,600153,val,-0.027551133,0.010255277,2021-05-27,2024-07-12,11009,731,2,6,0.0010685782957201202
2024-08-09,600548,val,0.051013615,0.010522127,2021-05-27,2024-07-12,11009,731,2,6,0.0010685782957201202
2024-08-09,600865,val,-0.025235299,0.00011385977,2021-05-27,2024-07-12,11009,731,2,6,0.0010685782957201202
2024-08-09,600967,val,-0.007369534,0.008334681,2021-05-27,2024-07-12,11009,731,2,6,0.0010685782957201202
2024-08-09,601222,val,0.013654241,0.003642559,2021-05-27,2024-07-12,11009,731,2,6,0.0010685782957201202
2024-08-09,603237,val,0.0054575964,0.008339807,2021-05-27,2024-07-12,11009,731,2,6,0.0010685782957201202
2024-08-09,603335,val,-0.00650324,0.0009588599,2021-05-27,2024-07-12,11009,731,2,6,0.0010685782957201202
2024-08-09,603341,val,0.11046044,-0.00427185,2021-05-27,2024-07-12,11009,731,2,6,0.0010685782957201202
2024-08-09,603658,val,-0.017748293,0.002880305,2021-05-27,2024-07-12,11009,731,2,6,0.0010685782957201202
2024-08-09,605090,val,-0.045605876,0.00307478,2021-05-27,2024-07-12,11009,731,2,6,0.0010685782957201202
2024-08-09,605589,val,0.01003687,0.012155078,2021-05-27,2024-07-12,11009,731,2,6,0.0010685782957201202
2024-08-09,688031,val,0.010928289,-0.0035312325,2021-05-27,2024-07-12,11009,731,2,6,0.0010685782957201202
2024-08-09,688045,val,-0.026287828,0.0024456382,2021-05-27,2024-07-12,11009,731,2,6,0.0010685782957201202
2024-08-09,688133,val,-0.031809624,0.00088118017,2021-05-27,2024-07-12,11009,731,2,6,0.0010685782957201202
2024-08-09,688147,val,-0.04514641,-0.009209111,2021-05-27,2024-07-12,11009,731,2,6,0.0010685782957201202
2024-08-09,688528,val,0.01322624,0.0015228391,2021-05-27,2024-07-12,11009,731,2,6,0.0010685782957201202
2024-08-12,600025,val,0.054491434,-0.0008964613,2021-06-25,2024-08-09,11129,751,1,5,0.0006573708378709853
2024-08-12,600051,val,0.0040471144,0.0011367947,2021-06-25,2024-08-09,11129,751,1,5,0.0006573708378709853
2024-08-12,600127,val,-0.016978778,0.0035398602,2021-06-25,2024-08-09,11129,751,1,5,0.0006573708378709853
2024-08-12,600153,val,-0.0070318948,0.005126059,2021-06-25,2024-08-09,11129,751,1,5,0.0006573708378709853
2024-08-12,600548,val,0.062065363,0.0006957352,2021-06-25,2024-08-09,11129,751,1,5,0.0006573708378709853
2024-08-12,600865,val,-0.014962599,0.001399748,2021-06-25,2024-08-09,11129,751,1,5,0.0006573708378709853
2024-08-12,600967,val,0.005229239,0.006059587,2021-06-25,2024-08-09,11129,751,1,5,0.0006573708378709853
2024-08-12,601222,val,0.030069591,0.0035405383,2021-06-25,2024-08-09,11129,751,1,5,0.0006573708378709853
2024-08-12,603237,val,-0.0049694437,0.003286384,2021-06-25,2024-08-09,11129,751,1,5,0.0006573708378709853
2024-08-12,603335,val,0.0029256337,-0.0014363155,2021-06-25,2024-08-09,11129,751,1,5,0.0006573708378709853
2024-08-12,603341,val,0.105989136,-9.6440315e-05,2021-06-25,2024-08-09,11129,751,1,5,0.0006573708378709853
2024-08-12,603658,val,-0.034855735,2.3141503e-05,2021-06-25,2024-08-09,11129,751,1,5,0.0006573708378709853
2024-08-12,605090,val,-0.057113074,-0.008838177,2021-06-25,2024-08-09,11129,751,1,5,0.0006573708378709853
2024-08-12,605589,val,0.013273079,0.005971141,2021-06-25,2024-08-09,11129,751,1,5,0.0006573708378709853
2024-08-12,688031,val,-0.016224762,0.0007788986,2021-06-25,2024-08-09,11129,751,1,5,0.0006573708378709853
2024-08-12,688045,val,-0.05834217,-0.007902041,2021-06-25,2024-08-09,11129,751,1,5,0.0006573708378709853
2024-08-12,688133,val,-0.035311397,0.00017150491,2021-06-25,2024-08-09,11129,751,1,5,0.0006573708378709853
2024-08-12,688147,val,-0.05581964,-0.006027341,2021-06-25,2024-08-09,11129,751,1,5,0.0006573708378709853
2024-08-12,688528,val,0.023518901,-0.0009440109,2021-06-25,2024-08-09,11129,751,1,5,0.0006573708378709853
2024-08-13,600025,val,0.066028655,-0.0014657453,2021-06-25,2024-08-09,11129,751,1,5,0.0006573708378709853
2024-08-13,600051,val,-0.005755897,0.0020025596,2021-06-25,2024-08-09,11129,751,1,5,0.0006573708378709853
2024-08-13,600127,val,-0.011140594,0.004632473,2021-06-25,2024-08-09,11129,751,1,5,0.0006573708378709853
2024-08-13,600153,val,0.0063017495,0.005629152,2021-06-25,2024-08-09,11129,751,1,5,0.0006573708378709853
2024-08-13,600548,val,0.0702485,0.0018133,2021-06-25,2024-08-09,11129,751,1,5,0.0006573708378709853
2024-08-13,600865,val,-0.011073816,0.0038020536,2021-06-25,2024-08-09,11129,751,1,5,0.0006573708378709853
2024-08-13,600967,val,-0.004527583,0.0054843575,2021-06-25,2024-08-09,11129,751,1,5,0.0006573708378709853
2024-08-13,601222,val,0.028926184,0.0026024878,2021-06-25,2024-08-09,11129,751,1,5,0.0006573708378709853
2024-08-13,603237,val,-0.0001671855,0.0035458058,2021-06-25,2024-08-09,11129,751,1,5,0.0006573708378709853
2024-08-13,603335,val,0.0065381243,-0.002045326,2021-06-25,2024-08-09,11129,751,1,5,0.0006573708378709853
2024-08-13,603341,val,0.095476605,-0.0019548312,2021-06-25,2024-08-09,11129,751,1,5,0.0006573708378709853
2024-08-13,603658,val,-0.018408146,0.0005341768,2021-06-25,2024-08-09,11129,751,1,5,0.0006573708378709853
2024-08-13,605090,val,-0.03904745,-0.008093506,2021-06-25,2024-08-09,11129,751,1,5,0.0006573708378709853
2024-08-13,605589,val,0.026536698,0.006252721,2021-06-25,2024-08-09,11129,751,1,5,0.0006573708378709853
2024-08-13,688031,val,-0.028167833,0.0019139424,2021-06-25,2024-08-09,11129,751,1,5,0.0006573708378709853
2024-08-13,688045,val,-0.07334654,-0.010500111,2021-06-25,2024-08-09,11129,751,1,5,0.0006573708378709853
2024-08-13,688133,val,-0.048988286,0.0018716976,2021-06-25,2024-08-09,11129,751,1,5,0.0006573708378709853
2024-08-13,688147,val,-0.062116273,-0.0034914687,2021-06-25,2024-08-09,11129,751,1,5,0.0006573708378709853
2024-08-13,688528,val,0.00268309,-0.0033428818,2021-06-25,2024-08-09,11129,751,1,5,0.0006573708378709853
2024-08-14,600025,val,0.039664812,-0.0045967624,2021-06-25,2024-08-09,11129,751,1,5,0.0006573708378709853
2024-08-14,600051,val,-0.020780897,0.0039071366,2021-06-25,2024-08-09,11129,751,1,5,0.0006573708378709853
2024-08-14,600127,val,0.0039263535,0.0052331164,2021-06-25,2024-08-09,11129,751,1,5,0.0006573708378709853
2024-08-14,600153,val,0.018386642,0.0060985833,2021-06-25,2024-08-09,11129,751,1,5,0.0006573708378709853
2024-08-14,600548,val,0.05116881,0.0002637878,2021-06-25,2024-08-09,11129,751,1,5,0.0006573708378709853
2024-08-14,600865,val,-0.0034327498,0.004148148,2021-06-25,2024-08-09,11129,751,1,5,0.0006573708378709853
2024-08-14,600967,val,0.018029114,0.0052653477,2021-06-25,2024-08-09,11129,751,1,5,0.0006573708378709853
2024-08-14,601222,val,0.04448403,0.0030959323,2021-06-25,2024-08-09,11129,751,1,5,0.0006573708378709853
2024-08-14,603237,val,-0.007512717,0.0028735623,2021-06-25,2024-08-09,11129,751,1,5,0.0006573708378709853
2024-08-14,603335,val,0.005131112,-0.0019552484,2021-06-25,2024-08-09,11129,751,1,5,0.0006573708378709853
2024-08-14,603341,val,-0.015169061,-0.011996657,2021-06-25,2024-08-09,11129,751,1,5,0.0006573708378709853
2024-08-14,603658,val,-0.007620101,0.0021048933,2021-06-25,2024-08-09,11129,751,1,5,0.0006573708378709853
2024-08-14,605090,val,-0.0034696665,-0.006681137,2021-06-25,2024-08-09,11129,751,1,5,0.0006573708378709853
2024-08-14,605589,val,0.04865934,0.0056992173,2021-06-25,2024-08-09,11129,751,1,5,0.0006573708378709853
2024-08-14,688031,val,-0.0058511817,0.0032686293,2021-06-25,2024-08-09,11129,751,1,5,0.0006573708378709853
2024-08-14,688045,val,-0.06109673,-0.010356851,2021-06-25,2024-08-09,11129,751,1,5,0.0006573708378709853
2024-08-14,688133,val,-0.06597147,0.0021052137,2021-06-25,2024-08-09,11129,751,1,5,0.0006573708378709853
2024-08-14,688147,val,-0.043929234,-0.0011004433,2021-06-25,2024-08-09,11129,751,1,5,0.0006573708378709853
2024-08-14,688528,val,0.0053836014,-0.0029181987,2021-06-25,2024-08-09,11129,751,1,5,0.0006573708378709853
2024-08-15,600025,val,0.07041216,-0.0043597445,2021-06-25,2024-08-09,11129,751,1,5,0.0006573708378709853
2024-08-15,600051,val,-0.0036519447,0.0041473955,2021-06-25,2024-08-09,11129,751,1,5,0.0006573708378709853
2024-08-15,600127,val,-0.0057721976,0.0049862117,2021-06-25,2024-08-09,11129,751,1,5,0.0006573708378709853
2024-08-15,600153,val,0.01581757,0.006190531,2021-06-25,2024-08-09,11129,751,1,5,0.0006573708378709853
2024-08-15,600548,val,0.06748537,0.00010787696,2021-06-25,2024-08-09,11129,751,1,5,0.0006573708378709853
2024-08-15,600865,val,-0.0046341126,0.0031669512,2021-06-25,2024-08-09,11129,751,1,5,0.0006573708378709853
2024-08-15,600967,val,-0.029045902,0.00468079,2021-06-25,2024-08-09,11129,751,1,5,0.0006573708378709853
2024-08-15,601222,val,0.049793907,0.0018788055,2021-06-25,2024-08-09,11129,751,1,5,0.0006573708378709853
2024-08-15,603237,val,-0.027818788,0.0018791184,2021-06-25,2024-08-09,11129,751,1,5,0.0006573708378709853
2024-08-15,603335,val,-0.008848517,-0.0024150386,2021-06-25,2024-08-09,11129,751,1,5,0.0006573708378709853
2024-08-15,603341,val,-0.0062016523,-0.016087025,2021-06-25,2024-08-09,11129,751,1,5,0.0006573708378709853
2024-08-15,603658,val,0.009514019,0.00073533505,2021-06-25,2024-08-09,11129,751,1,5,0.0006573708378709853
2024-08-15,605090,val,0.004400994,-0.004964933,2021-06-25,2024-08-09,11129,751,1,5,0.0006573708378709853
2024-08-15,605589,val,0.04313168,0.00503882,2021-06-25,2024-08-09,11129,751,1,5,0.0006573708378709853
2024-08-15,688031,val,-0.0124814445,0.004651651,2021-06-25,2024-08-09,11129,751,1,5,0.0006573708378709853
2024-08-15,688045,val,-0.059357338,-0.008621074,2021-06-25,2024-08-09,11129,751,1,5,0.0006573708378709853
2024-08-15,688133,val,-0.061589867,0.0031446218,2021-06-25,2024-08-09,11129,751,1,5,0.0006573708378709853
2024-08-15,688147,val,-0.045664925,0.002257295,2021-06-25,2024-08-09,11129,751,1,5,0.0006573708378709853
2024-08-15,688528,val,0.0045109913,-0.0021395609,2021-06-25,2024-08-09,11129,751,1,5,0.0006573708378709853
2024-08-16,600025,val,0.034319043,-0.0026647523,2021-06-25,2024-08-09,11129,751,1,5,0.0006573708378709853
2024-08-16,600051,val,-0.03009363,0.004090093,2021-06-25,2024-08-09,11129,751,1,5,0.0006573708378709853
2024-08-16,600127,val,-0.010869899,0.0056056753,2021-06-25,2024-08-09,11129,751,1,5,0.0006573708378709853
2024-08-16,600153,val,0.0039793747,0.005981505,2021-06-25,2024-08-09,11129,751,1,5,0.0006573708378709853
2024-08-16,600548,val,0.05222953,-0.003667578,2021-06-25,2024-08-09,11129,751,1,5,0.0006573708378709853
2024-08-16,600865,val,-0.0014471356,0.0033396035,2021-06-25,2024-08-09,11129,751,1,5,0.0006573708378709853
2024-08-16,600967,val,-0.04388187,0.003189899,2021-06-25,2024-08-09,11129,751,1,5,0.0006573708378709853
2024-08-16,601222,val,0.0690399,0.0024836287,2021-06-25,2024-08-09,11129,751,1,5,0.0006573708378709853
2024-08-16,603237,val,0.024427876,0.002791807,2021-06-25,2024-08-09,11129,751,1,5,0.0006573708378709853
2024-08-16,603335,val,0.024487266,-0.0026402995,2021-06-25,2024-08-09,11129,751,1,5,0.0006573708378709853
2024-08-16,603341,val,-0.025253642,-0.021358222,2021-06-25,2024-08-09,11129,751,1,5,0.0006573708378709853
2024-08-16,603658,val,0.011751227,0.0011842325,2021-06-25,2024-08-09,11129,751,1,5,0.0006573708378709853
2024-08-16,605090,val,0.018024186,-0.003970638,2021-06-25,2024-08-09,11129,751,1,5,0.0006573708378709853
2024-08-16,605589,val,0.053381186,0.0041112974,2021-06-25,2024-08-09,11129,751,1,5,0.0006573708378709853
2024-08-16,688031,val,-0.028405719,0.0024377257,2021-06-25,2024-08-09,11129,751,1,5,0.0006573708378709853
2024-08-16,688045,val,-0.04833482,-0.0065259784,2021-06-25,2024-08-09,11129,751,1,5,0.0006573708378709853
2024-08-16,688133,val,-0.06691592,0.0015615895,2021-06-25,2024-08-09,11129,751,1,5,0.0006573708378709853
2024-08-16,688147,val,-0.024376536,0.0042289197,2021-06-25,2024-08-09,11129,751,1,5,0.0006573708378709853
2024-08-16,688528,val,-0.012060414,-0.0016753599,2021-06-25,2024-08-09,11129,751,1,5,0.0006573708378709853
2024-08-19,600025,val,0.0067521804,-0.001157701,2021-06-25,2024-08-09,11129,751,1,5,0.0006573708378709853
2024-08-19,600051,val,-0.014346248,0.0036342964,2021-06-25,2024-08-09,11129,751,1,5,0.0006573708378709853
2024-08-19,600127,val,0.028123407,0.0043072477,2021-06-25,2024-08-09,11129,751,1,5,0.0006573708378709853
2024-08-19,600153,val,-0.010238155,0.0061195493,2021-06-25,2024-08-09,11129,751,1,5,0.0006573708378709853
2024-08-19,600548,val,-0.07797951,-0.0029742494,2021-06-25,2024-08-09,11129,751,1,5,0.0006573708378709853
2024-08-19,600865,val,-0.0049712476,0.0027828515,2021-06-25,2024-08-09,11129,751,1,5,0.0006573708378709853
2024-08-19,600967,val,-0.07850254,0.0019519255,2021-06-25,2024-08-09,11129,751,1,5,0.0006573708378709853
2024-08-19,601222,val,0.05802738,0.0021118522,2021-06-25,2024-08-09,11129,751,1,5,0.0006573708378709853
2024-08-19,603237,val,0.042610265,0.002952136,2021-06-25,2024-08-09,11129,751,1,5,0.0006573708378709853
2024-08-19,603335,val,0.0020462272,-0.0036581531,2021-06-25,2024-08-09,11129,751,1,5,0.0006573708378709853
2024-08-19,603341,val,0.029358525,-0.019785766,2021-06-25,2024-08-09,11129,751,1,5,0.0006573708378709853
2024-08-19,603658,val,0.005959829,0.0015930533,2021-06-25,2024-08-09,11129,751,1,5,0.0006573708378709853
2024-08-19,605090,val,-0.0004416528,-0.0033180267,2021-06-25,2024-08-09,11129,751,1,5,0.0006573708378709853
2024-08-19,605589,val,0.069527574,0.002688527,2021-06-25,2024-08-09,11129,751,1,5,0.0006573708378709853
2024-08-19,688031,val,-0.004289761,0.0018726662,2021-06-25,2024-08-09,11129,751,1,5,0.0006573708378709853
2024-08-19,688045,val,0.0014423967,-0.0035858974,2021-06-25,2024-08-09,11129,751,1,5,0.0006573708378709853
2024-08-19,688133,val,-0.043090712,-0.00015266985,2021-06-25,2024-08-09,11129,751,1,5,0.0006573708378709853
2024-08-19,688147,val,0.00016330137,0.005885534,2021-06-25,2024-08-09,11129,751,1,5,0.0006573708378709853
2024-08-19,688528,val,-0.010151251,-0.0011293367,2021-06-25,2024-08-09,11129,751,1,5,0.0006573708378709853
2024-08-20,600025,val,-0.01761336,-0.001442939,2021-06-25,2024-08-09,11129,751,1,5,0.0006573708378709853
2024-08-20,600051,val,0.0050414996,0.003167227,2021-06-25,2024-08-09,11129,751,1,5,0.0006573708378709853
2024-08-20,600127,val,0.053796165,0.0030302703,2021-06-25,2024-08-09,11129,751,1,5,0.0006573708378709853
2024-08-20,600153,val,-0.021109901,0.0059402585,2021-06-25,2024-08-09,11129,751,1,5,0.0006573708378709853
2024-08-20,600548,val,-0.11664536,0.00015798956,2021-06-25,2024-08-09,11129,751,1,5,0.0006573708378709853
2024-08-20,600865,val,-0.0018197778,0.0012473464,2021-06-25,2024-08-09,11129,751,1,5,0.0006573708378709853
2024-08-20,600967,val,-0.08343695,0.0019933581,2021-06-25,2024-08-09,11129,751,1,5,0.0006573708378709853
2024-08-20,601222,val,0.06772031,-4.6931207e-05,2021-06-25,2024-08-09,11129,751,1,5,0.0006573708378709853
2024-08-20,603237,val,0.15629579,0.0026643202,2021-06-25,2024-08-09,11129,751,1,5,0.0006573708378709853
2024-08-20,603335,val,-0.014065324,-0.00469736,2021-06-25,2024-08-09,11129,751,1,5,0.0006573708378709853
2024-08-20,603341,val,-0.030577725,-0.020459808,2021-06-25,2024-08-09,11129,751,1,5,0.0006573708378709853
2024-08-20,603658,val,0.02005958,0.0023335814,2021-06-25,2024-08-09,11129,751,1,5,0.0006573708378709853
2024-08-20,605090,val,-0.008731941,-0.0030491725,2021-06-25,2024-08-09,11129,751,1,5,0.0006573708378709853
2024-08-20,605589,val,0.081887804,0.0011186898,2021-06-25,2024-08-09,11129,751,1,5,0.0006573708378709853
2024-08-20,688031,val,-0.013256205,0.0016919002,2021-06-25,2024-08-09,11129,751,1,5,0.0006573708378709853
2024-08-20,688045,val,-0.03834404,-0.00063689053,2021-06-25,2024-08-09,11129,751,1,5,0.0006573708378709853
2024-08-20,688133,val,-0.028000422,-0.00092274696,2021-06-25,2024-08-09,11129,751,1,5,0.0006573708378709853
2024-08-20,688147,val,0.005247297,0.0059763864,2021-06-25,2024-08-09,11129,751,1,5,0.0006573708378709853
2024-08-20,688528,val,-0.016447438,-0.000747256,2021-06-25,2024-08-09,11129,751,1,5,0.0006573708378709853
2024-08-21,600025,val,-0.019265175,0.0008145645,2021-06-25,2024-08-09,11129,751,1,5,0.0006573708378709853
2024-08-21,600051,val,0.03478738,0.0026625395,2021-06-25,2024-08-09,11129,751,1,5,0.0006573708378709853
2024-08-21,600127,val,0.08591687,0.0016248748,2021-06-25,2024-08-09,11129,751,1,5,0.0006573708378709853
2024-08-21,600153,val,-0.04158135,0.005405955,2021-06-25,2024-08-09,11129,751,1,5,0.0006573708378709853
2024-08-21,600548,val,-0.12920174,0.0013816133,2021-06-25,2024-08-09,11129,751,1,5,0.0006573708378709853
2024-08-21,600865,val,-0.030467905,-0.00068511814,2021-06-25,2024-08-09,11129,751,1,5,0.0006573708378709853
2024-08-21,600967,val,-0.101061545,0.0008593276,2021-06-25,2024-08-09,11129,751,1,5,0.0006573708378709853
2024-08-21,601222,val,0.079494715,-0.002661325,2021-06-25,2024-08-09,11129,751,1,5,0.0006573708378709853
2024-08-21,603237,val,0.19164678,0.0024895296,2021-06-25,2024-08-09,11129,751,1,5,0.0006573708378709853
2024-08-21,603335,val,0.0012300542,-0.0046683773,2021-06-25,2024-08-09,11129,751,1,5,0.0006573708378709853
2024-08-21,603341,val,-0.03087849,-0.015599951,2021-06-25,2024-08-09,11129,751,1,5,0.0006573708378709853
2024-08-21,603658,val,0.0150553305,0.0026050135,2021-06-25,2024-08-09,11129,751,1,5,0.0006573708378709853
2024-08-21,605090,val,-0.01128953,-0.0008518547,2021-06-25,2024-08-09,11129,751,1,5,0.0006573708378709853
2024-08-21,605589,val,0.0641492,-0.0021234155,2021-06-25,2024-08-09,11129,751,1,5,0.0006573708378709853
2024-08-21,688031,val,-0.025007963,-0.00040762126,2021-06-25,2024-08-09,11129,751,1,5,0.0006573708378709853
2024-08-21,688045,val,-0.040927634,0.0012711212,2021-06-25,2024-08-09,11129,751,1,5,0.0006573708378709853
2024-08-21,688133,val,-0.009343934,-3.9331615e-05,2021-06-25,2024-08-09,11129,751,1,5,0.0006573708378709853
2024-08-21,688147,val,-0.004126167,0.0070724934,2021-06-25,2024-08-09,11129,751,1,5,0.0006573708378709853
2024-08-21,688528,val,-0.029128898,-0.0008325204,2021-06-25,2024-08-09,11129,751,1,5,0.0006573708378709853
2024-08-22,600025,val,-0.10429364,-0.001987271,2021-06-25,2024-08-09,11129,751,1,5,0.0006573708378709853
2024-08-22,600051,val,0.020927623,0.001818113,2021-06-25,2024-08-09,11129,751,1,5,0.0006573708378709853
2024-08-22,600127,val,0.07304223,0.0010750145,2021-06-25,2024-08-09,11129,751,1,5,0.0006573708378709853
2024-08-22,600153,val,-0.0512787,0.0058561936,2021-06-25,2024-08-09,11129,751,1,5,0.0006573708378709853
2024-08-22,600548,val,-0.19031855,0.00177259,2021-06-25,2024-08-09,11129,751,1,5,0.0006573708378709853
2024-08-22,600865,val,-0.038109045,-0.0014145598,2021-06-25,2024-08-09,11129,751,1,5,0.0006573708378709853
2024-08-22,600967,val,-0.05933845,-0.0019382313,2021-06-25,2024-08-09,11129,751,1,5,0.0006573708378709853
2024-08-22,601222,val,0.0755076,-0.0012205765,2021-06-25,2024-08-09,11129,751,1,5,0.0006573708378709853
2024-08-22,603237,val,0.1806873,0.0027749017,2021-06-25,2024-08-09,11129,751,1,5,0.0006573708378709853
2024-08-22,603335,val,0.025327288,-0.0042672455,2021-06-25,2024-08-09,11129,751,1,5,0.0006573708378709853
2024-08-22,603341,val,0.014493793,-0.012103334,2021-06-25,2024-08-09,11129,751,1,5,0.0006573708378709853
2024-08-22,603658,val,0.0017391216,-0.0008017197,2021-06-25,2024-08-09,11129,751,1,5,0.0006573708378709853
2024-08-22,605090,val,-0.008196436,7.544458e-05,2021-06-25,2024-08-09,11129,751,1,5,0.0006573708378709853
2024-08-22,605589,val,0.0725752,-0.0021322146,2021-06-25,2024-08-09,11129,751,1,5,0.0006573708378709853
2024-08-22,688031,val,-0.010911087,-0.0005546957,2021-06-25,2024-08-09,11129,751,1,5,0.0006573708378709853
2024-08-22,688045,val,-0.029742585,0.0030036569,2021-06-25,2024-08-09,11129,751,1,5,0.0006573708378709853
2024-08-22,688133,val,0.044986326,0.00042372197,2021-06-25,2024-08-09,11129,751,1,5,0.0006573708378709853
2024-08-22,688147,val,0.02543362,0.007950954,2021-06-25,2024-08-09,11129,751,1,5,0.0006573708378709853
2024-08-22,688528,val,-0.042531606,-0.000471659,2021-06-25,2024-08-09,11129,751,1,5,0.0006573708378709853
2024-08-23,600025,val,-0.09515254,-0.0027646646,2021-06-25,2024-08-09,11129,751,1,5,0.0006573708378709853
2024-08-23,600051,val,0.046597943,0.0013447404,2021-06-25,2024-08-09,11129,751,1,5,0.0006573708378709853
2024-08-23,600127,val,0.079374835,0.001027517,2021-06-25,2024-08-09,11129,751,1,5,0.0006573708378709853
2024-08-23,600153,val,-0.01585552,0.0068023577,2021-06-25,2024-08-09,11129,751,1,5,0.0006573708378709853
2024-08-23,600548,val,-0.20222515,0.0024260208,2021-06-25,2024-08-09,11129,751,1,5,0.0006573708378709853
2024-08-23,600865,val,-0.025308091,-0.0018045977,2021-06-25,2024-08-09,11129,751,1,5,0.0006573708378709853
2024-08-23,600967,val,-0.044833902,-0.003063172,2021-06-25,2024-08-09,11129,751,1,5,0.0006573708378709853
2024-08-23,601222,val,0.03881475,0.0019521192,2021-06-25,2024-08-09,11129,751,1,5,0.0006573708378709853
2024-08-23,603237,val,0.111593686,-0.0035096928,2021-06-25,2024-08-09,11129,751,1,5,0.0006573708378709853
2024-08-23,603335,val,-0.014176367,-0.0068762526,2021-06-25,2024-08-09,11129,751,1,5,0.0006573708378709853
2024-08-23,603341,val,0.03555078,-0.0083530545,2021-06-25,2024-08-09,11129,751,1,5,0.0006573708378709853
2024-08-23,603658,val,0.011641084,-8.3222985e-05,2021-06-25,2024-08-09,11129,751,1,5,0.0006573708378709853
2024-08-23,605090,val,-0.025318522,0.0005856231,2021-06-25,2024-08-09,11129,751,1,5,0.0006573708378709853
2024-08-23,605589,val,0.05694331,-0.0016434416,2021-06-25,2024-08-09,11129,751,1,5,0.0006573708378709853
2024-08-23,688031,val,-0.0010662592,0.000333786,2021-06-25,2024-08-09,11129,751,1,5,0.0006573708378709853
2024-08-23,688045,val,-0.021184342,0.0038489774,2021-06-25,2024-08-09,11129,751,1,5,0.0006573708378709853
2024-08-23,688133,val,0.083041206,0.0015703812,2021-06-25,2024-08-09,11129,751,1,5,0.0006573708378709853
2024-08-23,688147,val,-0.0017693668,0.008064926,2021-06-25,2024-08-09,11129,751,1,5,0.0006573708378709853
2024-08-23,688528,val,-0.01666754,0.00022037327,2021-06-25,2024-08-09,11129,751,1,5,0.0006573708378709853
2024-08-26,600025,val,-0.06026167,-0.0005373955,2021-06-25,2024-08-09,11129,751,1,5,0.0006573708378709853
2024-08-26,600051,val,0.040202904,6.829947e-05,2021-06-25,2024-08-09,11129,751,1,5,0.0006573708378709853
2024-08-26,600127,val,0.056608003,-0.0039628,2021-06-25,2024-08-09,11129,751,1,5,0.0006573708378709853
2024-08-26,600153,val,-0.021835377,0.0070556626,2021-06-25,2024-08-09,11129,751,1,5,0.0006573708378709853
2024-08-26,600548,val,-0.06378088,0.0022659972,2021-06-25,2024-08-09,11129,751,1,5,0.0006573708378709853
2024-08-26,600865,val,-0.014174378,-0.0019437298,2021-06-25,2024-08-09,11129,751,1,5,0.0006573708378709853
2024-08-26,600967,val,-0.025715025,-0.0016345382,2021-06-25,2024-08-09,11129,751,1,5,0.0006573708378709853
2024-08-26,601222,val,0.06479758,0.003210865,2021-06-25,2024-08-09,11129,751,1,5,0.0006573708378709853
2024-08-26,603237,val,0.13815142,-0.0037979707,2021-06-25,2024-08-09,11129,751,1,5,0.0006573708378709853
2024-08-26,603335,val,0.018683335,-0.004812233,2021-06-25,2024-08-09,11129,751,1,5,0.0006573708378709853
2024-08-26,603341,val,0.012068051,-0.010435991,2021-06-25,2024-08-09,11129,751,1,5,0.0006573708378709853
2024-08-26,603658,val,0.009889134,0.0014036894,2021-06-25,2024-08-09,11129,751,1,5,0.0006573708378709853
2024-08-26,605090,val,-0.017012885,0.0015094653,2021-06-25,2024-08-09,11129,751,1,5,0.0006573708378709853
2024-08-26,605589,val,0.008467142,-0.0046938956,2021-06-25,2024-08-09,11129,751,1,5,0.0006573708378709853
2024-08-26,688031,val,-0.060614545,0.0028101131,2021-06-25,2024-08-09,11129,751,1,5,0.0006573708378709853
2024-08-26,688045,val,-0.06646647,0.0025613979,2021-06-25,2024-08-09,11129,751,1,5,0.0006573708378709853
2024-08-26,688133,val,0.013180774,-0.00034751743,2021-06-25,2024-08-09,11129,751,1,5,0.0006573708378709853
2024-08-26,688147,val,-0.001662998,0.007659778,2021-06-25,2024-08-09,11129,751,1,5,0.0006573708378709853
2024-08-26,688528,val,-0.030524103,4.8801303e-05,2021-06-25,2024-08-09,11129,751,1,5,0.0006573708378709853
2024-08-27,600025,val,-0.08395547,-2.2687018e-05,2021-06-25,2024-08-09,11129,751,1,5,0.0006573708378709853
2024-08-27,600051,val,0.02537954,-0.0007349327,2021-06-25,2024-08-09,11129,751,1,5,0.0006573708378709853
2024-08-27,600127,val,0.054451086,-0.0071022734,2021-06-25,2024-08-09,11129,751,1,5,0.0006573708378709853
2024-08-27,600153,val,-0.01314058,0.0066726133,2021-06-25,2024-08-09,11129,751,1,5,0.0006573708378709853
2024-08-27,600548,val,-0.05641299,0.0007865429,2021-06-25,2024-08-09,11129,751,1,5,0.0006573708378709853
2024-08-27,600865,val,-0.006449214,-0.0015389994,2021-06-25,2024-08-09,11129,751,1,5,0.0006573708378709853
2024-08-27,600967,val,-0.016551677,0.0004537478,2021-06-25,2024-08-09,11129,751,1,5,0.0006573708378709853
2024-08-27,601222,val,0.073311545,0.0045117736,2021-06-25,2024-08-09,11129,751,1,5,0.0006573708378709853
2024-08-27,603237,val,0.014360051,-0.011416495,2021-06-25,2024-08-09,11129,751,1,5,0.0006573708378709853
2024-08-27,603335,val,0.03934715,-0.0024184734,2021-06-25,2024-08-09,11129,751,1,5,0.0006573708378709853
2024-08-27,603341,val,0.0654034,-0.009327039,2021-06-25,2024-08-09,11129,751,1,5,0.0006573708378709853
2024-08-27,603658,val,-0.0015866883,0.0017784312,2021-06-25,2024-08-09,11129,751,1,5,0.0006573708378709853
2024-08-27,605090,val,-0.030555699,0.0018950924,2021-06-25,2024-08-09,11129,751,1,5,0.0006573708378709853
2024-08-27,605589,val,-0.008784799,-0.0032842532,2021-06-25,2024-08-09,11129,751,1,5,0.0006573708378709853
2024-08-27,688031,val,-0.009939,0.0047574267,2021-06-25,2024-08-09,11129,751,1,5,0.0006573708378709853
2024-08-27,688045,val,-0.035027254,0.00080715865,2021-06-25,2024-08-09,11129,751,1,5,0.0006573708378709853
2024-08-27,688133,val,0.020154169,-0.0017279759,2021-06-25,2024-08-09,11129,751,1,5,0.0006573708378709853
2024-08-27,688147,val,-8.822216e-07,0.0070301816,2021-06-25,2024-08-09,11129,751,1,5,0.0006573708378709853
2024-08-27,688528,val,-0.030002695,-0.00019793957,2021-06-25,2024-08-09,11129,751,1,5,0.0006573708378709853
2024-08-28,600025,val,-0.0751186,1.8753111e-05,2021-06-25,2024-08-09,11129,751,1,5,0.0006573708378709853
2024-08-28,600051,val,0.00591599,-0.0014798716,2021-06-25,2024-08-09,11129,751,1,5,0.0006573708378709853
2024-08-28,600127,val,0.038930077,-0.013212286,2021-06-25,2024-08-09,11129,751,1,5,0.0006573708378709853
2024-08-28,600153,val,0.013538802,0.0069982484,2021-06-25,2024-08-09,11129,751,1,5,0.0006573708378709853
2024-08-28,600548,val,-0.0358052,-0.00024289638,2021-06-25,2024-08-09,11129,751,1,5,0.0006573708378709853
2024-08-28,600865,val,0.017314097,0.00013311952,2021-06-25,2024-08-09,11129,751,1,5,0.0006573708378709853
2024-08-28,600967,val,-0.0074842134,0.0018334612,2021-06-25,2024-08-09,11129,751,1,5,0.0006573708378709853
2024-08-28,601222,val,0.043639936,0.0029218048,2021-06-25,2024-08-09,11129,751,1,5,0.0006573708378709853
2024-08-28,603237,val,-0.014791275,-0.019030333,2021-06-25,2024-08-09,11129,751,1,5,0.0006573708378709853
2024-08-28,603335,val,0.019699309,-0.0031186193,2021-06-25,2024-08-09,11129,751,1,5,0.0006573708378709853
2024-08-28,603341,val,0.06763401,-0.008367576,2021-06-25,2024-08-09,11129,751,1,5,0.0006573708378709853
2024-08-28,603658,val,0.015022643,0.0026341751,2021-06-25,2024-08-09,11129,751,1,5,0.0006573708378709853
2024-08-28,605090,val,-0.025917811,0.0021827444,2021-06-25,2024-08-09,11129,751,1,5,0.0006573708378709853
2024-08-28,605589,val,-0.013192136,0.00011624396,2021-06-25,2024-08-09,11129,751,1,5,0.0006573708378709853
2024-08-28,688031,val,-0.01226377,0.0056691095,2021-06-25,2024-08-09,11129,751,1,5,0.0006573708378709853
2024-08-28,688045,val,-0.036371063,-0.00036352128,2021-06-25,2024-08-09,11129,751,1,5,0.0006573708378709853
2024-08-28,688133,val,0.041171752,-0.0017624199,2021-06-25,2024-08-09,11129,751,1,5,0.0006573708378709853
2024-08-28,688147,val,0.0007838782,0.0069066584,2021-06-25,2024-08-09,11129,751,1,5,0.0006573708378709853
2024-08-28,688528,val,-0.042706423,0.00043012947,2021-06-25,2024-08-09,11129,751,1,5,0.0006573708378709853
2024-08-29,600025,val,-0.03192722,0.0015749186,2021-06-25,2024-08-09,11129,751,1,5,0.0006573708378709853
2024-08-29,600051,val,0.015207888,-0.0002677366,2021-06-25,2024-08-09,11129,751,1,5,0.0006573708378709853
2024-08-29,600127,val,0.034596756,-0.009861909,2021-06-25,2024-08-09,11129,751,1,5,0.0006573708378709853
2024-08-29,600153,val,0.04244666,0.007287748,2021-06-25,2024-08-09,11129,751,1,5,0.0006573708378709853
2024-08-29,600548,val,0.005438379,0.00056103617,2021-06-25,2024-08-09,11129,751,1,5,0.0006573708378709853
2024-08-29,600865,val,0.035246037,0.0010143444,2021-06-25,2024-08-09,11129,751,1,5,0.0006573708378709853
2024-08-29,600967,val,-0.003017207,0.0032655746,2021-06-25,2024-08-09,11129,751,1,5,0.0006573708378709853
2024-08-29,601222,val,0.022784045,0.0024102405,2021-06-25,2024-08-09,11129,751,1,5,0.0006573708378709853
2024-08-29,603237,val,0.009920313,-0.018866878,2021-06-25,2024-08-09,11129,751,1,5,0.0006573708378709853
2024-08-29,603335,val,0.008007855,-0.00313361,2021-06-25,2024-08-09,11129,751,1,5,0.0006573708378709853
2024-08-29,603341,val,0.0071744467,-0.012126483,2021-06-25,2024-08-09,11129,751,1,5,0.0006573708378709853
2024-08-29,603658,val,0.0036250004,0.0021555051,2021-06-25,2024-08-09,11129,751,1,5,0.0006573708378709853
2024-08-29,605090,val,-0.026190164,0.0020284653,2021-06-25,2024-08-09,11129,751,1,5,0.0006573708378709853
2024-08-29,605589,val,-0.035273556,0.0009427145,2021-06-25,2024-08-09,11129,751,1,5,0.0006573708378709853
2024-08-29,688031,val,-0.019142851,0.0059499294,2021-06-25,2024-08-09,11129,751,1,5,0.0006573708378709853
2024-08-29,688045,val,-0.0356366,-0.0005548522,2021-06-25,2024-08-09,11129,751,1,5,0.0006573708378709853
2024-08-29,688133,val,0.022264965,-0.0041270256,2021-06-25,2024-08-09,11129,751,1,5,0.0006573708378709853
2024-08-29,688147,val,-0.028813215,0.0059968084,2021-06-25,2024-08-09,11129,751,1,5,0.0006573708378709853
2024-08-29,688528,val,-0.026711531,0.00081852823,2021-06-25,2024-08-09,11129,751,1,5,0.0006573708378709853
2024-08-30,600025,val,0.013662278,0.0026698336,2021-06-25,2024-08-09,11129,751,1,5,0.0006573708378709853
2024-08-30,600051,val,0.020046387,0.0014358088,2021-06-25,2024-08-09,11129,751,1,5,0.0006573708378709853
2024-08-30,600127,val,0.036661316,-0.0044163987,2021-06-25,2024-08-09,11129,751,1,5,0.0006573708378709853
2024-08-30,600153,val,0.057997074,0.004079625,2021-06-25,2024-08-09,11129,751,1,5,0.0006573708378709853
2024-08-30,600548,val,0.05650144,0.0014152452,2021-06-25,2024-08-09,11129,751,1,5,0.0006573708378709853
2024-08-30,600865,val,0.025244825,0.00023330748,2021-06-25,2024-08-09,11129,751,1,5,0.0006573708378709853
2024-08-30,600967,val,0.0098508205,0.003918819,2021-06-25,2024-08-09,11129,751,1,5,0.0006573708378709853
2024-08-30,601222,val,0.05284849,0.0032305643,2021-06-25,2024-08-09,11129,751,1,5,0.0006573708378709853
2024-08-30,603237,val,0.0123181045,-0.012694992,2021-06-25,2024-08-09,11129,751,1,5,0.0006573708378709853
2024-08-30,603335,val,0.019484444,-0.0009892359,2021-06-25,2024-08-09,11129,751,1,5,0.0006573708378709853
2024-08-30,603341,val,-0.017023664,-0.015137084,2021-06-25,2024-08-09,11129,751,1,5,0.0006573708378709853
2024-08-30,603658,val,0.00078049453,0.0017578229,2021-06-25,2024-08-09,11129,751,1,5,0.0006573708378709853
2024-08-30,605090,val,-0.008190729,0.0027672723,2021-06-25,2024-08-09,11129,751,1,5,0.0006573708378709853
2024-08-30,605589,val,-0.020503478,0.0028785467,2021-06-25,2024-08-09,11129,751,1,5,0.0006573708378709853
2024-08-30,688031,val,-0.06606485,0.004869364,2021-06-25,2024-08-09,11129,751,1,5,0.0006573708378709853
2024-08-30,688045,val,-0.07269055,-0.00037982315,2021-06-25,2024-08-09,11129,751,1,5,0.0006573708378709853
2024-08-30,688133,val,-0.01738128,-0.008582734,2021-06-25,2024-08-09,11129,751,1,5,0.0006573708378709853
2024-08-30,688147,val,-0.055878285,0.0040524006,2021-06-25,2024-08-09,11129,751,1,5,0.0006573708378709853
2024-08-30,688528,val,-0.047662847,0.00058268756,2021-06-25,2024-08-09,11129,751,1,5,0.0006573708378709853
2024-09-02,600025,val,-9.181403e-05,0.0021757483,2021-06-25,2024-08-09,11129,751,1,5,0.0006573708378709853
2024-09-02,600051,val,0.015590843,0.002684094,2021-06-25,2024-08-09,11129,751,1,5,0.0006573708378709853
2024-09-02,600127,val,0.033190843,-0.0049917623,2021-06-25,2024-08-09,11129,751,1,5,0.0006573708378709853
2024-09-02,600153,val,0.05725751,0.0029439926,2021-06-25,2024-08-09,11129,751,1,5,0.0006573708378709853
2024-09-02,600548,val,0.013418347,0.002404727,2021-06-25,2024-08-09,11129,751,1,5,0.0006573708378709853
2024-09-02,600865,val,0.028598974,0.00010661036,2021-06-25,2024-08-09,11129,751,1,5,0.0006573708378709853
2024-09-02,600967,val,0.015590843,0.004983373,2021-06-25,2024-08-09,11129,751,1,5,0.0006573708378709853
2024-09-02,601222,val,0.009561298,0.0011369511,2021-06-25,2024-08-09,11129,751,1,5,0.0006573708378709853
2024-09-02,603237,val,-0.022870695,-0.015659891,2021-06-25,2024-08-09,11129,751,1,5,0.0006573708378709853
2024-09-02,603335,val,0.013071951,0.00059289485,2021-06-25,2024-08-09,11129,751,1,5,0.0006573708378709853
2024-09-02,603341,val,-0.014890441,-0.014456779,2021-06-25,2024-08-09,11129,751,1,5,0.0006573708378709853
2024-09-02,603658,val,0.009395695,0.002358593,2021-06-25,2024-08-09,11129,751,1,5,0.0006573708378709853
2024-09-02,605090,val,-0.017076459,0.0029145777,2021-06-25,2024-08-09,11129,751,1,5,0.0006573708378709853
2024-09-02,605589,val,-0.013378517,0.004680887,2021-06-25,2024-08-09,11129,751,1,5,0.0006573708378709853
2024-09-02,688031,val,0.005170156,0.0031219423,2021-06-25,2024-08-09,11129,751,1,5,0.0006573708378709853
2024-09-02,688045,val,-0.04325759,0.00047003478,2021-06-25,2024-08-09,11129,751,1,5,0.0006573708378709853
2024-09-02,688133,val,0.0033564577,-0.0069776475,2021-06-25,2024-08-09,11129,751,1,5,0.0006573708378709853
2024-09-02,688147,val,-0.06965257,0.0017018393,2021-06-25,2024-08-09,11129,751,1,5,0.0006573708378709853
2024-09-02,688528,val,-0.022984825,0.0012622401,2021-06-25,2024-08-09,11129,751,1,5,0.0006573708378709853
2024-09-03,600025,val,0.020360395,0.003223382,2021-06-25,2024-08-09,11129,751,1,5,0.0006573708378709853
2024-09-03,600051,val,0.017482763,0.0035319328,2021-06-25,2024-08-09,11129,751,1,5,0.0006573708378709853
2024-09-03,600127,val,-0.014958001,-0.007676825,2021-06-25,2024-08-09,11129,751,1,5,0.0006573708378709853
2024-09-03,600153,val,0.03536596,0.003078863,2021-06-25,2024-08-09,11129,751,1,5,0.0006573708378709853
2024-09-03,600548,val,0.04265737,0.0028516203,2021-06-25,2024-08-09,11129,751,1,5,0.0006573708378709853
2024-09-03,600865,val,0.00973958,0.00070457906,2021-06-25,2024-08-09,11129,751,1,5,0.0006573708378709853
2024-09-03,600967,val,0.005598482,0.0044207573,2021-06-25,2024-08-09,11129,751,1,5,0.0006573708378709853
2024-09-03,601222,val,-0.011311711,-0.0027213097,2021-06-25,2024-08-09,11129,751,1,5,0.0006573708378709853
2024-09-03,603237,val,-0.020819688,-0.009224169,2021-06-25,2024-08-09,11129,751,1,5,0.0006573708378709853
2024-09-03,603335,val,0.019417,0.0012725368,2021-06-25,2024-08-09,11129,751,1,5,0.0006573708378709853
2024-09-03,603341,val,0.008071353,-0.013914667,2021-06-25,2024-08-09,11129,751,1,5,0.0006573708378709853
2024-09-03,603658,val,-0.011072368,0.00201533,2021-06-25,2024-08-09,11129,751,1,5,0.0006573708378709853
2024-09-03,605090,val,-0.00033664034,0.0038610771,2021-06-25,2024-08-09,11129,751,1,5,0.0006573708378709853
2024-09-03,605589,val,-0.016754398,0.006025322,2021-06-25,2024-08-09,11129,751,1,5,0.0006573708378709853
2024-09-03,688031,val,0.0023736495,-0.00020014495,2021-06-25,2024-08-09,11129,751,1,5,0.0006573708378709853
2024-09-03,688045,val,-0.014625554,0.0012835786,2021-06-25,2024-08-09,11129,751,1,5,0.0006573708378709853
2024-09-03,688133,val,-0.000429352,-0.0065665618,2021-06-25,2024-08-09,11129,751,1,5,0.0006573708378709853
2024-09-03,688147,val,-0.06495329,0.00054626167,2021-06-25,2024-08-09,11129,751,1,5,0.0006573708378709853
2024-09-03,688528,val,-0.005805553,0.0022105426,2021-06-25,2024-08-09,11129,751,1,5,0.0006573708378709853
2024-09-04,600025,val,-0.020992426,0.0032790527,2021-06-25,2024-08-09,11129,751,1,5,0.0006573708378709853
2024-09-04,600051,val,0.0155528765,0.0047322586,2021-06-25,2024-08-09,11129,751,1,5,0.0006573708378709853
2024-09-04,600127,val,-0.038823083,-0.013388649,2021-06-25,2024-08-09,11129,751,1,5,0.0006573708378709853
2024-09-04,600153,val,0.057675686,0.002091661,2021-06-25,2024-08-09,11129,751,1,5,0.0006573708378709853
2024-09-04,600548,val,0.017260358,0.0024249554,2021-06-25,2024-08-09,11129,751,1,5,0.0006573708378709853
2024-09-04,600865,val,-0.0065148994,0.0008575395,2021-06-25,2024-08-09,11129,751,1,5,0.0006573708378709853
2024-09-04,600967,val,0.00092058186,0.005132161,2021-06-25,2024-08-09,11129,751,1,5,0.0006573708378709853
2024-09-04,601222,val,-0.0012081306,0.000636667,2021-06-25,2024-08-09,11129,751,1,5,0.0006573708378709853
2024-09-04,603237,val,-0.03768373,-0.0019224435,2021-06-25,2024-08-09,11129,751,1,5,0.0006573708378709853
2024-09-04,603335,val,0.021959126,0.0024638996,2021-06-25,2024-08-09,11129,751,1,5,0.0006573708378709853
2024-09-04,603341,val,-0.0077408734,-0.013768166,2021-06-25,2024-08-09,11129,751,1,5,0.0006573708378709853
2024-09-04,603658,val,-0.008518286,0.0013637468,2021-06-25,2024-08-09,11129,751,1,5,0.0006573708378709853
2024-09-04,605090,val,-0.0067479373,0.0042213053,2021-06-25,2024-08-09,11129,751,1,5,0.0006573708378709853
2024-09-04,605589,val,0.009346767,0.0054845884,2021-06-25,2024-08-09,11129,751,1,5,0.0006573708378709853
2024-09-04,688031,val,0.013471102,-0.0029107407,2021-06-25,2024-08-09,11129,751,1,5,0.0006573708378709853
2024-09-04,688045,val,-0.008055921,0.0025332496,2021-06-25,2024-08-09,11129,751,1,5,0.0006573708378709853
2024-09-04,688133,val,0.018825414,-0.008919984,2021-06-25,2024-08-09,11129,751,1,5,0.0006573708378709853
2024-09-04,688147,val,-0.03971247,0.0010596886,2021-06-25,2024-08-09,11129,751,1,5,0.0006573708378709853
2024-09-04,688528,val,0.020985844,0.0028315783,2021-06-25,2024-08-09,11129,751,1,5,0.0006573708378709853
2024-09-05,600025,val,-0.0067141834,0.0030095503,2021-06-25,2024-08-09,11129,751,1,5,0.0006573708378709853
2024-09-05,600051,val,0.020243071,0.003834717,2021-06-25,2024-08-09,11129,751,1,5,0.0006573708378709853
2024-09-05,600127,val,-0.004972023,-0.0075807944,2021-06-25,2024-08-09,11129,751,1,5,0.0006573708378709853
2024-09-05,600153,val,0.037282936,-0.003306307,2021-06-25,2024-08-09,11129,751,1,5,0.0006573708378709853
2024-09-05,600548,val,0.062075924,0.0034292266,2021-06-25,2024-08-09,11129,751,1,5,0.0006573708378709853
2024-09-05,600865,val,-0.021446776,-0.00011698902,2021-06-25,2024-08-09,11129,751,1,5,0.0006573708378709853
2024-09-05,600967,val,0.0049641486,0.0049268305,2021-06-25,2024-08-09,11129,751,1,5,0.0006573708378709853
2024-09-05,601222,val,0.01912452,0.0028337464,2021-06-25,2024-08-09,11129,751,1,5,0.0006573708378709853
2024-09-05,603237,val,-0.057022825,0.0020160154,2021-06-25,2024-08-09,11129,751,1,5,0.0006573708378709853
2024-09-05,603335,val,0.020550841,0.0026490018,2021-06-25,2024-08-09,11129,751,1,5,0.0006573708378709853
2024-09-05,603341,val,-0.021614049,-0.009873226,2021-06-25,2024-08-09,11129,751,1,5,0.0006573708378709853
2024-09-05,603658,val,-0.02322203,0.00092416257,2021-06-25,2024-08-09,11129,751,1,5,0.0006573708378709853
2024-09-05,605090,val,-0.01950836,0.0037284642,2021-06-25,2024-08-09,11129,751,1,5,0.0006573708378709853
2024-09-05,605589,val,-0.0093564335,0.005437009,2021-06-25,2024-08-09,11129,751,1,5,0.0006573708378709853
2024-09-05,688031,val,0.005049044,-0.004715033,2021-06-25,2024-08-09,11129,751,1,5,0.0006573708378709853
2024-09-05,688045,val,-0.01263801,0.0030170307,2021-06-25,2024-08-09,11129,751,1,5,0.0006573708378709853
2024-09-05,688133,val,0.00063182577,-0.0114655495,2021-06-25,2024-08-09,11129,751,1,5,0.0006573708378709853
2024-09-05,688147,val,-0.027464924,0.0022198558,2021-06-25,2024-08-09,11129,751,1,5,0.0006573708378709853
2024-09-05,688528,val,0.034037307,0.0026461333,2021-06-25,2024-08-09,11129,751,1,5,0.0006573708378709853
2024-09-06,600025,val,-0.024720905,0.0021515712,2021-06-25,2024-08-09,11129,751,1,5,0.0006573708378709853
2024-09-06,600051,val,0.017151918,0.003506817,2021-06-25,2024-08-09,11129,751,1,5,0.0006573708378709853
2024-09-06,600127,val,0.029099168,-0.0030573606,2021-06-25,2024-08-09,11129,751,1,5,0.0006573708378709853
2024-09-06,600153,val,0.015031191,-0.006215237,2021-06-25,2024-08-09,11129,751,1,5,0.0006573708378709853
2024-09-06,600548,val,0.05334543,0.003092423,2021-06-25,2024-08-09,11129,751,1,5,0.0006573708378709853
2024-09-06,600865,val,-0.019314235,-0.000658229,2021-06-25,2024-08-09,11129,751,1,5,0.0006573708378709853
2024-09-06,600967,val,-0.003530542,0.0048699453,2021-06-25,2024-08-09,11129,751,1,5,0.0006573708378709853
2024-09-06,601222,val,0.021073487,0.0040110126,2021-06-25,2024-08-09,11129,751,1,5,0.0006573708378709853
2024-09-06,603237,val,-0.06327859,0.0025371388,2021-06-25,2024-08-09,11129,751,1,5,0.0006573708378709853
2024-09-06,603335,val,0.010972477,0.0026193783,2021-06-25,2024-08-09,11129,751,1,5,0.0006573708378709853
2024-09-06,603341,val,0.006887117,-0.0075595677,2021-06-25,2024-08-09,11129,751,1,5,0.0006573708378709853
2024-09-06,603658,val,-0.021260018,0.0012829229,2021-06-25,2024-08-09,11129,751,1,5,0.0006573708378709853
2024-09-06,605090,val,-0.01919332,0.0033311918,2021-06-25,2024-08-09,11129,751,1,5,0.0006573708378709853
2024-09-06,605589,val,-0.021043759,0.0045594946,2021-06-25,2024-08-09,11129,751,1,5,0.0006573708378709853
2024-09-06,688031,val,0.008612428,-0.0056924,2021-06-25,2024-08-09,11129,751,1,5,0.0006573708378709853
2024-09-06,688045,val,-0.004625341,0.004064478,2021-06-25,2024-08-09,11129,751,1,5,0.0006573708378709853
2024-09-06,688133,val,-0.014800953,-0.008262143,2021-06-25,2024-08-09,11129,751,1,5,0.0006573708378709853
2024-09-06,688147,val,-0.007079666,0.0023994371,2021-06-25,2024-08-09,11129,751,1,5,0.0006573708378709853
2024-09-06,688528,val,0.036674112,0.0024197623,2021-06-25,2024-08-09,11129,751,1,5,0.0006573708378709853
2024-09-09,600025,val,-0.019078368,0.0031194314,2021-07-23,2024-09-06,11260,760,1,5,0.0008200416341423988
2024-09-09,600051,val,0.00061574555,-0.0052871704,2021-07-23,2024-09-06,11260,760,1,5,0.0008200416341423988
2024-09-09,600127,val,-0.0055389665,-0.0048244298,2021-07-23,2024-09-06,11260,760,1,5,0.0008200416341423988
2024-09-09,600153,val,0.06436911,-0.0038060695,2021-07-23,2024-09-06,11260,760,1,5,0.0008200416341423988
2024-09-09,600548,val,0.078161,0.0031533092,2021-07-23,2024-09-06,11260,760,1,5,0.0008200416341423988
2024-09-09,600865,val,-0.019036246,-0.0053396523,2021-07-23,2024-09-06,11260,760,1,5,0.0008200416341423988
2024-09-09,600967,val,0.008887614,-0.0017956197,2021-07-23,2024-09-06,11260,760,1,5,0.0008200416341423988
2024-09-09,601222,val,0.042589407,-0.0064645857,2021-07-23,2024-09-06,11260,760,1,5,0.0008200416341423988
2024-09-09,603237,val,-0.088553965,-0.0004582703,2021-07-23,2024-09-06,11260,760,1,5,0.0008200416341423988
2024-09-09,603335,val,0.01075606,-0.0028830618,2021-07-23,2024-09-06,11260,760,1,5,0.0008200416341423988
2024-09-09,603341,val,-0.0355927,-0.00067430735,2021-07-23,2024-09-06,11260,760,1,5,0.0008200416341423988
2024-09-09,603658,val,-0.014871647,-0.0010770112,2021-07-23,2024-09-06,11260,760,1,5,0.0008200416341423988
2024-09-09,605090,val,0.0048010168,0.0006363988,2021-07-23,2024-09-06,11260,760,1,5,0.0008200416341423988
2024-09-09,605589,val,-0.006794663,0.005763918,2021-07-23,2024-09-06,11260,760,1,5,0.0008200416341423988
2024-09-09,688031,val,0.0071868254,-0.010020196,2021-07-23,2024-09-06,11260,760,1,5,0.0008200416341423988
2024-09-09,688045,val,-0.015028099,-0.0010839701,2021-07-23,2024-09-06,11260,760,1,5,0.0008200416341423988
2024-09-09,688133,val,-0.029503116,-0.0018468052,2021-07-23,2024-09-06,11260,760,1,5,0.0008200416341423988
2024-09-09,688147,val,-0.0061901687,-0.002491787,2021-07-23,2024-09-06,11260,760,1,5,0.0008200416341423988
2024-09-09,688528,val,0.022821154,0.004089527,2021-07-23,2024-09-06,11260,760,1,5,0.0008200416341423988
2024-09-10,600025,val,-0.03682916,0.003163211,2021-07-23,2024-09-06,11260,760,1,5,0.0008200416341423988
2024-09-10,600051,val,0.009300717,-0.005808294,2021-07-23,2024-09-06,11260,760,1,5,0.0008200416341423988
2024-09-10,600127,val,0.06463676,-0.0003926903,2021-07-23,2024-09-06,11260,760,1,5,0.0008200416341423988
2024-09-10,600153,val,0.058334462,-0.0033257157,2021-07-23,2024-09-06,11260,760,1,5,0.0008200416341423988
2024-09-10,600548,val,0.0069125067,0.001654923,2021-07-23,2024-09-06,11260,760,1,5,0.0008200416341423988
2024-09-10,600865,val,0.004724044,-0.007680148,2021-07-23,2024-09-06,11260,760,1,5,0.0008200416341423988
2024-09-10,600967,val,0.020580132,-0.0042616725,2021-07-23,2024-09-06,11260,760,1,5,0.0008200416341423988
2024-09-10,601222,val,0.021806335,-0.0041874945,2021-07-23,2024-09-06,11260,760,1,5,0.0008200416341423988
2024-09-10,603237,val,-0.057811853,0.00283283,2021-07-23,2024-09-06,11260,760,1,5,0.0008200416341423988
2024-09-10,603335,val,0.011238702,-0.006251231,2021-07-23,2024-09-06,11260,760,1,5,0.0008200416341423988
2024-09-10,603341,val,-0.061886463,-0.0040022135,2021-07-23,2024-09-06,11260,760,1,5,0.0008200416341423988
2024-09-10,603658,val,0.0009321478,0.0013225675,2021-07-23,2024-09-06,11260,760,1,5,0.0008200416341423988
2024-09-10,605090,val,-0.0063940436,0.001958385,2021-07-23,2024-09-06,11260,760,1,5,0.0008200416341423988
2024-09-10,605589,val,-0.011278619,0.0071276724,2021-07-23,2024-09-06,11260,760,1,5,0.0008200416341423988
2024-09-10,688031,val,-0.0045924326,-0.011740297,2021-07-23,2024-09-06,11260,760,1,5,0.0008200416341423988
2024-09-10,688045,val,-0.043827377,-0.0032089502,2021-07-23,2024-09-06,11260,760,1,5,0.0008200416341423988
2024-09-10,688133,val,-0.014888013,-0.0014920831,2021-07-23,2024-09-06,11260,760,1,5,0.0008200416341423988
2024-09-10,688147,val,-0.0011158746,-0.0046034157,2021-07-23,2024-09-06,11260,760,1,5,0.0008200416341423988
2024-09-10,688528,val,0.040158033,0.003983058,2021-07-23,2024-09-06,11260,760,1,5,0.0008200416341423988
2024-09-11,600025,val,-0.0042860294,0.0039162263,2021-07-23,2024-09-06,11260,760,1,5,0.0008200416341423988
2024-09-11,600051,val,0.02708652,-0.0062176585,2021-07-23,2024-09-06,11260,760,1,5,0.0008200416341423988
2024-09-11,600127,val,0.052116856,0.0048938096,2021-07-23,2024-09-06,11260,760,1,5,0.0008200416341423988
2024-09-11,600153,val,0.02827141,-0.00783287,2021-07-23,2024-09-06,11260,760,1,5,0.0008200416341423988
2024-09-11,600548,val,0.02792735,-0.0020884424,2021-07-23,2024-09-06,11260,760,1,5,0.0008200416341423988
2024-09-11,600865,val,0.021400245,-0.0073893517,2021-07-23,2024-09-06,11260,760,1,5,0.0008200416341423988
2024-09-11,600967,val,0.025566781,-0.0062972903,2021-07-23,2024-09-06,11260,760,1,5,0.0008200416341423988
2024-09-11,601222,val,0.015922403,-0.0052791685,2021-07-23,2024-09-06,11260,760,1,5,0.0008200416341423988
2024-09-11,603237,val,-0.04226137,0.0041418225,2021-07-23,2024-09-06,11260,760,1,5,0.0008200416341423988
2024-09-11,603335,val,0.016387776,-0.0063981116,2021-07-23,2024-09-06,11260,760,1,5,0.0008200416341423988
2024-09-11,603341,val,-0.020398,-0.0019079149,2021-07-23,2024-09-06,11260,760,1,5,0.0008200416341423988
2024-09-11,603658,val,-0.00048251165,0.0018431395,2021-07-23,2024-09-06,11260,760,1,5,0.0008200416341423988
2024-09-11,605090,val,0.0028566394,0.0026299953,2021-07-23,2024-09-06,11260,760,1,5,0.0008200416341423988
2024-09-11,605589,val,-0.032300096,0.006655328,2021-07-23,2024-09-06,11260,760,1,5,0.0008200416341423988
2024-09-11,688031,val,0.012153258,-0.009156436,2021-07-23,2024-09-06,11260,760,1,5,0.0008200416341423988
2024-09-11,688045,val,-0.058449447,-0.0015583038,2021-07-23,2024-09-06,11260,760,1,5,0.0008200416341423988
2024-09-11,688133,val,-0.06596184,-0.006174177,2021-07-23,2024-09-06,11260,760,1,5,0.0008200416341423988
2024-09-11,688147,val,-0.04591361,-0.004118368,2021-07-23,2024-09-06,11260,760,1,5,0.0008200416341423988
2024-09-11,688528,val,0.04036366,0.005171038,2021-07-23,2024-09-06,11260,760,1,5,0.0008200416341423988
2024-09-12,600025,val,0.009114798,0.0024070442,2021-07-23,2024-09-06,11260,760,1,5,0.0008200416341423988
2024-09-12,600051,val,0.01985224,-0.0060711205,2021-07-23,2024-09-06,11260,760,1,5,0.0008200416341423988
2024-09-12,600127,val,0.034437265,0.00764399,2021-07-23,2024-09-06,11260,760,1,5,0.0008200416341423988
2024-09-12,600153,val,0.023890296,-0.00917995,2021-07-23,2024-09-06,11260,760,1,5,0.0008200416341423988
2024-09-12,600548,val,-0.017555315,-0.008666158,2021-07-23,2024-09-06,11260,760,1,5,0.0008200416341423988
2024-09-12,600865,val,0.028542992,-0.0057161897,2021-07-23,2024-09-06,11260,760,1,5,0.0008200416341423988
2024-09-12,600967,val,0.024230886,-0.009089887,2021-07-23,2024-09-06,11260,760,1,5,0.0008200416341423988
2024-09-12,601222,val,-0.01974632,-0.006974414,2021-07-23,2024-09-06,11260,760,1,5,0.0008200416341423988
2024-09-12,603237,val,-0.034747694,0.0032846034,2021-07-23,2024-09-06,11260,760,1,5,0.0008200416341423988
2024-09-12,603335,val,0.022586616,-0.0059462786,2021-07-23,2024-09-06,11260,760,1,5,0.0008200416341423988
2024-09-12,603341,val,0.002143353,-0.00043439865,2021-07-23,2024-09-06,11260,760,1,5,0.0008200416341423988
2024-09-12,603658,val,-0.003275223,0.0021891296,2021-07-23,2024-09-06,11260,760,1,5,0.0008200416341423988
2024-09-12,605090,val,0.024704412,0.001965046,2021-07-23,2024-09-06,11260,760,1,5,0.0008200416341423988
2024-09-12,605589,val,0.0006803838,0.008915588,2021-07-23,2024-09-06,11260,760,1,5,0.0008200416341423988
2024-09-12,688031,val,0.0138744945,-0.0050412416,2021-07-23,2024-09-06,11260,760,1,5,0.0008200416341423988
2024-09-12,688045,val,-0.053221453,0.0012702942,2021-07-23,2024-09-06,11260,760,1,5,0.0008200416341423988
2024-09-12,688133,val,-0.065360956,-0.0047779977,2021-07-23,2024-09-06,11260,760,1,5,0.0008200416341423988
2024-09-12,688147,val,-0.060777932,-0.0012873411,2021-07-23,2024-09-06,11260,760,1,5,0.0008200416341423988
2024-09-12,688528,val,0.050627157,0.0036143512,2021-07-23,2024-09-06,11260,760,1,5,0.0008200416341423988
2024-09-13,600025,val,-0.014661047,-0.00020596385,2021-07-23,2024-09-06,11260,760,1,5,0.0008200416341423988
2024-09-13,600051,val,0.0051589543,-0.0059823245,2021-07-23,2024-09-06,11260,760,1,5,0.0008200416341423988
2024-09-13,600127,val,-0.01819979,0.005268872,2021-07-23,2024-09-06,11260,760,1,5,0.0008200416341423988
2024-09-13,600153,val,-0.0010517057,-0.0065990984,2021-07-23,2024-09-06,11260,760,1,5,0.0008200416341423988
2024-09-13,600548,val,-0.06292716,-0.0130268335,2021-07-23,2024-09-06,11260,760,1,5,0.0008200416341423988
2024-09-13,600865,val,0.0117869135,-0.0035248399,2021-07-23,2024-09-06,11260,760,1,5,0.0008200416341423988
2024-09-13,600967,val,0.0052110916,-0.009864211,2021-07-23,2024-09-06,11260,760,1,5,0.0008200416341423988
2024-09-13,601222,val,-0.06751901,-0.010447055,2021-07-23,2024-09-06,11260,760,1,5,0.0008200416341423988
2024-09-13,603237,val,-0.010709973,0.00088725984,2021-07-23,2024-09-06,11260,760,1,5,0.0008200416341423988
2024-09-13,603335,val,0.09566996,-0.00513196,2021-07-23,2024-09-06,11260,760,1,5,0.0008200416341423988
2024-09-13,603341,val,-0.015843606,0.0013738275,2021-07-23,2024-09-06,11260,760,1,5,0.0008200416341423988
2024-09-13,603658,val,-0.007853335,0.0025177002,2021-07-23,2024-09-06,11260,760,1,5,0.0008200416341423988
2024-09-13,605090,val,0.016307581,0.0013661087,2021-07-23,2024-09-06,11260,760,1,5,0.0008200416341423988
2024-09-13,605589,val,0.0030723165,0.01016292,2021-07-23,2024-09-06,11260,760,1,5,0.0008200416341423988
2024-09-13,688031,val,0.04111675,-0.0030076057,2021-07-23,2024-09-06,11260,760,1,5,0.0008200416341423988
2024-09-13,688045,val,-0.038383152,0.0029931366,2021-07-23,2024-09-06,11260,760,1,5,0.0008200416341423988
2024-09-13,688133,val,-0.008862549,-0.0026636422,2021-07-23,2024-09-06,11260,760,1,5,0.0008200416341423988
2024-09-13,688147,val,0.0053182095,0.0030719414,2021-07-23,2024-09-06,11260,760,1,5,0.0008200416341423988
2024-09-13,688528,val,0.062369544,0.0044483766,2021-07-23,2024-09-06,11260,760,1,5,0.0008200416341423988
2024-09-18,600025,val,-0.027809788,-0.0007754266,2021-07-23,2024-09-06,11260,760,1,5,0.0008200416341423988
2024-09-18,600051,val,0.022689803,-0.0036175996,2021-07-23,2024-09-06,11260,760,1,5,0.0008200416341423988
2024-09-18,600127,val,-0.014437242,0.0064880475,2021-07-23,2024-09-06,11260,760,1,5,0.0008200416341423988
2024-09-18,600153,val,0.0020466442,-0.0071070194,2021-07-23,2024-09-06,11260,760,1,5,0.0008200416341423988
2024-09-18,600548,val,-0.07141498,-0.012369692,2021-07-23,2024-09-06,11260,760,1,5,0.0008200416341423988
2024-09-18,600865,val,0.010811039,-0.0038499087,2021-07-23,2024-09-06,11260,760,1,5,0.0008200416341423988
2024-09-18,600967,val,-0.0048983395,-0.010158673,2021-07-23,2024-09-06,11260,760,1,5,0.0008200416341423988
2024-09-18,601222,val,-0.094463125,-0.012497976,2021-07-23,2024-09-06,11260,760,1,5,0.0008200416341423988
2024-09-18,603237,val,0.008438944,-0.002068609,2021-07-23,2024-09-06,11260,760,1,5,0.0008200416341423988
2024-09-18,603335,val,0.06763069,-0.004934445,2021-07-23,2024-09-06,11260,760,1,5,0.0008200416341423988
2024-09-18,603341,val,0.018847942,-0.00042188168,2021-07-23,2024-09-06,11260,760,1,5,0.0008200416341423988
2024-09-18,603658,val,-0.02197959,0.0018143356,2021-07-23,2024-09-06,11260,760,1,5,0.0008200416341423988
2024-09-18,605090,val,0.0019776418,0.0006121099,2021-07-23,2024-09-06,11260,760,1,5,0.0008200416341423988
2024-09-18,605589,val,-0.023399513,0.009572506,2021-07-23,2024-09-06,11260,760,1,5,0.0008200416341423988
2024-09-18,688031,val,0.044174656,-0.0022659898,2021-07-23,2024-09-06,11260,760,1,5,0.0008200416341423988
2024-09-18,688045,val,0.0062798457,0.0031694025,2021-07-23,2024-09-06,11260,760,1,5,0.0008200416341423988
2024-09-18,688133,val,0.031409424,-0.0022520125,2021-07-23,2024-09-06,11260,760,1,5,0.0008200416341423988
2024-09-18,688147,val,-0.016604522,0.0051553845,2021-07-23,2024-09-06,11260,760,1,5,0.0008200416341423988
2024-09-18,688528,val,0.06070047,0.0022203028,2021-07-23,2024-09-06,11260,760,1,5,0.0008200416341423988
2024-09-19,600025,val,-0.03901182,-0.001825273,2021-07-23,2024-09-06,11260,760,1,5,0.0008200416341423988
2024-09-19,600051,val,0.008570609,-0.0022020638,2021-07-23,2024-09-06,11260,760,1,5,0.0008200416341423988
2024-09-19,600127,val,-0.082372375,-0.0017105043,2021-07-23,2024-09-06,11260,760,1,5,0.0008200416341423988
2024-09-19,600153,val,0.11088353,-0.0031114966,2021-07-23,2024-09-06,11260,760,1,5,0.0008200416341423988
2024-09-19,600548,val,-0.035290614,-0.011813566,2021-07-23,2024-09-06,11260,760,1,5,0.0008200416341423988
2024-09-19,600865,val,7.820302e-06,-0.0029094815,2021-07-23,2024-09-06,11260,760,1,5,0.0008200416341423988
2024-09-19,600967,val,-0.02681694,-0.009339392,2021-07-23,2024-09-06,11260,760,1,5,0.0008200416341423988
2024-09-19,601222,val,-0.11391265,-0.013685465,2021-07-23,2024-09-06,11260,760,1,5,0.0008200416341423988
2024-09-19,603237,val,-0.018980347,-0.0041673034,2021-07-23,2024-09-06,11260,760,1,5,0.0008200416341423988
2024-09-19,603335,val,0.018182982,-0.0041482,2021-07-23,2024-09-06,11260,760,1,5,0.0008200416341423988
2024-09-19,603341,val,-0.02833825,0.0009935498,2021-07-23,2024-09-06,11260,760,1,5,0.0008200416341423988
2024-09-19,603658,val,-0.007875916,0.0015627593,2021-07-23,2024-09-06,11260,760,1,5,0.0008200416341423988
2024-09-19,605090,val,-0.015865086,0.0013416111,2021-07-23,2024-09-06,11260,760,1,5,0.0008200416341423988
2024-09-19,605589,val,-0.018227343,0.009073161,2021-07-23,2024-09-06,11260,760,1,5,0.0008200416341423988
2024-09-19,688031,val,0.009912951,-0.002935946,2021-07-23,2024-09-06,11260,760,1,5,0.0008200416341423988
2024-09-19,688045,val,0.01171633,0.002812922,2021-07-23,2024-09-06,11260,760,1,5,0.0008200416341423988
2024-09-19,688133,val,0.05031623,-0.0031249821,2021-07-23,2024-09-06,11260,760,1,5,0.0008200416341423988
2024-09-19,688147,val,-0.022843884,0.004635416,2021-07-23,2024-09-06,11260,760,1,5,0.0008200416341423988
2024-09-19,688528,val,0.19994476,-0.0016948283,2021-07-23,2024-09-06,11260,760,1,5,0.0008200416341423988
2024-09-20,600025,val,-0.0923548,-0.00055634975,2021-07-23,2024-09-06,11260,760,1,5,0.0008200416341423988
2024-09-20,600051,val,-0.025821699,-0.0040770173,2021-07-23,2024-09-06,11260,760,1,5,0.0008200416341423988
2024-09-20,600127,val,-0.10232275,-0.0059809685,2021-07-23,2024-09-06,11260,760,1,5,0.0008200416341423988
2024-09-20,600153,val,0.12193886,-0.0016336143,2021-07-23,2024-09-06,11260,760,1,5,0.0008200416341423988
2024-09-20,600548,val,-0.09314612,-0.010840297,2021-07-23,2024-09-06,11260,760,1,5,0.0008200416341423988
2024-09-20,600865,val,-0.03498362,-0.0021240413,2021-07-23,2024-09-06,11260,760,1,5,0.0008200416341423988
2024-09-20,600967,val,-0.04845079,-0.009738937,2021-07-23,2024-09-06,11260,760,1,5,0.0008200416341423988
2024-09-20,601222,val,-0.14509103,-0.014101356,2021-07-23,2024-09-06,11260,760,1,5,0.0008200416341423988
2024-09-20,603237,val,-0.039684225,-0.003790766,2021-07-23,2024-09-06,11260,760,1,5,0.0008200416341423988
2024-09-20,603335,val,-0.023100793,-0.0023099035,2021-07-23,2024-09-06,11260,760,1,5,0.0008200416341423988
2024-09-20,603341,val,-0.06876061,-0.0002759099,2021-07-23,2024-09-06,11260,760,1,5,0.0008200416341423988
2024-09-20,603658,val,-0.01973613,0.0005197227,2021-07-23,2024-09-06,11260,760,1,5,0.0008200416341423988
2024-09-20,605090,val,-0.046795312,0.0035435408,2021-07-23,2024-09-06,11260,760,1,5,0.0008200416341423988
2024-09-20,605589,val,-0.03840147,0.009247482,2021-07-23,2024-09-06,11260,760,1,5,0.0008200416341423988
2024-09-20,688031,val,0.07653848,-0.0063382685,2021-07-23,2024-09-06,11260,760,1,5,0.0008200416341423988
2024-09-20,688045,val,0.05440607,0.0028464496,2021-07-23,2024-09-06,11260,760,1,5,0.0008200416341423988
2024-09-20,688133,val,0.10888355,-0.0032176375,2021-07-23,2024-09-06,11260,760,1,5,0.0008200416341423988
2024-09-20,688147,val,0.03175599,0.0047753677,2021-07-23,2024-09-06,11260,760,1,5,0.0008200416341423988
2024-09-20,688528,val,0.38512638,-0.0031327307,2021-07-23,2024-09-06,11260,760,1,5,0.0008200416341423988
2024-09-23,600025,val,-0.17583716,-0.0025658906,2021-07-23,2024-09-06,11260,760,1,5,0.0008200416341423988
2024-09-23,600051,val,-0.061354104,-0.0044354945,2021-07-23,2024-09-06,11260,760,1,5,0.0008200416341423988
2024-09-23,600127,val,-0.1404616,-0.0059511513,2021-07-23,2024-09-06,11260,760,1,5,0.0008200416341423988
2024-09-23,600153,val,0.12854925,-0.000702858,2021-07-23,2024-09-06,11260,760,1,5,0.0008200416341423988
2024-09-23,600548,val,-0.13997088,-0.009222478,2021-07-23,2024-09-06,11260,760,1,5,0.0008200416341423988
2024-09-23,600865,val,-0.077286854,-0.0027973503,2021-07-23,2024-09-06,11260,760,1,5,0.0008200416341423988
2024-09-23,600967,val,-0.07846608,-0.011555314,2021-07-23,2024-09-06,11260,760,1,5,0.0008200416341423988
2024-09-23,601222,val,-0.16614664,-0.009954125,2021-07-23,2024-09-06,11260,760,1,5,0.0008200416341423988
2024-09-23,603237,val,-0.058834333,-0.0035630167,2021-07-23,2024-09-06,11260,760,1,5,0.0008200416341423988
2024-09-23,603335,val,-0.07251536,-0.0030166209,2021-07-23,2024-09-06,11260,760,1,5,0.0008200416341423988
2024-09-23,603341,val,-0.075461805,0.0010969192,2021-07-23,2024-09-06,11260,760,1,5,0.0008200416341423988
2024-09-23,603658,val,-0.009608576,0.0015334636,2021-07-23,2024-09-06,11260,760,1,5,0.0008200416341423988
2024-09-23,605090,val,-0.11466377,0.00011534989,2021-07-23,2024-09-06,11260,760,1,5,0.0008200416341423988
2024-09-23,605589,val,-0.046094876,0.008456558,2021-07-23,2024-09-06,11260,760,1,5,0.0008200416341423988
2024-09-23,688031,val,0.20498289,-0.0067079514,2021-07-23,2024-09-06,11260,760,1,5,0.0008200416341423988
2024-09-23,688045,val,0.13654558,0.0022086203,2021-07-23,2024-09-06,11260,760,1,5,0.0008200416341423988
2024-09-23,688133,val,0.16406064,-0.0016217083,2021-07-23,2024-09-06,11260,760,1,5,0.0008200416341423988
2024-09-23,688147,val,0.16407375,0.0043544546,2021-07-23,2024-09-06,11260,760,1,5,0.0008200416341423988
2024-09-23,688528,val,0.41848993,-0.008221358,2021-07-23,2024-09-06,11260,760,1,5,0.0008200416341423988
2024-09-24,600025,val,-0.26864722,-0.0021713972,2021-07-23,2024-09-06,11260,760,1,5,0.0008200416341423988
2024-09-24,600051,val,-0.10763818,-0.0034179688,2021-07-23,2024-09-06,11260,760,1,5,0.0008200416341423988
2024-09-24,600127,val,-0.17443621,-0.0020902455,2021-07-23,2024-09-06,11260,760,1,5,0.0008200416341423988
2024-09-24,600153,val,0.054937966,0.0016876757,2021-07-23,2024-09-06,11260,760,1,5,0.0008200416341423988
2024-09-24,600548,val,-0.21329825,-0.004976809,2021-07-23,2024-09-06,11260,760,1,5,0.0008200416341423988
2024-09-24,600865,val,-0.13549136,-0.0020153672,2021-07-23,2024-09-06,11260,760,1,5,0.0008200416341423988
2024-09-24,600967,val,-0.075055405,-0.010056376,2021-07-23,2024-09-06,11260,760,1,5,0.0008200416341423988
2024-09-24,601222,val,-0.15935443,-0.0048437715,2021-07-23,2024-09-06,11260,760,1,5,0.0008200416341423988
2024-09-24,603237,val,-0.12346659,-0.002532512,2021-07-23,2024-09-06,11260,760,1,5,0.0008200416341423988
2024-09-24,603335,val,-0.1821181,-0.008596137,2021-07-23,2024-09-06,11260,760,1,5,0.0008200416341423988
2024-09-24,603341,val,-0.08784475,0.0025803149,2021-07-23,2024-09-06,11260,760,1,5,0.0008200416341423988
2024-09-24,603658,val,-0.041796293,0.0026042461,2021-07-23,2024-09-06,11260,760,1,5,0.0008200416341423988
2024-09-24,605090,val,-0.16728209,-0.002753988,2021-07-23,2024-09-06,11260,760,1,5,0.0008200416341423988
2024-09-24,605589,val,-0.026741656,0.0068937168,2021-07-23,2024-09-06,11260,760,1,5,0.0008200416341423988
2024-09-24,688031,val,0.40456104,-0.0046093464,2021-07-23,2024-09-06,11260,760,1,5,0.0008200416341423988
2024-09-24,688045,val,0.33197573,0.002453953,2021-07-23,2024-09-06,11260,760,1,5,0.0008200416341423988
2024-09-24,688133,val,0.26951772,-0.003022775,2021-07-23,2024-09-06,11260,760,1,5,0.0008200416341423988
2024-09-24,688147,val,0.2850116,0.000492692,2021-07-23,2024-09-06,11260,760,1,5,0.0008200416341423988
2024-09-24,688528,val,0.41716653,-0.010155693,2021-07-23,2024-09-06,11260,760,1,5,0.0008200416341423988
2024-09-25,600025,val,-0.19507532,-0.0009858012,2021-07-23,2024-09-06,11260,760,1,5,0.0008200416341423988
2024-09-25,600051,val,-0.096528485,-0.0029618144,2021-07-23,2024-09-06,11260,760,1,5,0.0008200416341423988
2024-09-25,600127,val,-0.16057648,0.0009202361,2021-07-23,2024-09-06,11260,760,1,5,0.0008200416341423988
2024-09-25,600153,val,-0.018760137,8.97944e-05,2021-07-23,2024-09-06,11260,760,1,5,0.0008200416341423988
2024-09-25,600548,val,-0.17592199,-0.0011234581,2021-07-23,2024-09-06,11260,760,1,5,0.0008200416341423988
2024-09-25,600865,val,-0.10549815,-0.0014775842,2021-07-23,2024-09-06,11260,760,1,5,0.0008200416341423988
2024-09-25,600967,val,-0.038209695,-0.0076295882,2021-07-23,2024-09-06,11260,760,1,5,0.0008200416341423988
2024-09-25,601222,val,-0.10836633,-0.0026839823,2021-07-23,2024-09-06,11260,760,1,5,0.0008200416341423988
2024-09-25,603237,val,-0.10089161,-0.0009007901,2021-07-23,2024-09-06,11260,760,1,5,0.0008200416341423988
2024-09-25,603335,val,-0.027442515,-0.014298841,2021-07-23,2024-09-06,11260,760,1,5,0.0008200416341423988
2024-09-25,603341,val,-0.08605024,0.0043705627,2021-07-23,2024-09-06,11260,760,1,5,0.0008200416341423988
2024-09-25,603658,val,0.026904356,0.003449127,2021-07-23,2024-09-06,11260,760,1,5,0.0008200416341423988
2024-09-25,605090,val,-0.1374267,-0.003437519,2021-07-23,2024-09-06,11260,760,1,5,0.0008200416341423988
2024-09-25,605589,val,-0.019586854,0.0062872022,2021-07-23,2024-09-06,11260,760,1,5,0.0008200416341423988
2024-09-25,688031,val,0.46626183,-0.005578652,2021-07-23,2024-09-06,11260,760,1,5,0.0008200416341423988
2024-09-25,688045,val,0.19664747,0.00080770254,2021-07-23,2024-09-06,11260,760,1,5,0.0008200416341423988
2024-09-25,688133,val,0.15645257,-0.0017065406,2021-07-23,2024-09-06,11260,760,1,5,0.0008200416341423988
2024-09-25,688147,val,0.23372065,0.00054113567,2021-07-23,2024-09-06,11260,760,1,5,0.0008200416341423988
2024-09-25,688528,val,0.19034763,-0.010052815,2021-07-23,2024-09-06,11260,760,1,5,0.0008200416341423988
2024-09-26,600025,val,-0.12530807,-0.00017754734,2021-07-23,2024-09-06,11260,760,1,5,0.0008200416341423988
2024-09-26,600051,val,-0.055571888,-0.0011771023,2021-07-23,2024-09-06,11260,760,1,5,0.0008200416341423988
2024-09-26,600127,val,-0.07470314,0.004332684,2021-07-23,2024-09-06,11260,760,1,5,0.0008200416341423988
2024-09-26,600153,val,-0.05313826,-0.004962325,2021-07-23,2024-09-06,11260,760,1,5,0.0008200416341423988
2024-09-26,600548,val,-0.11266796,0.002069056,2021-07-23,2024-09-06,11260,760,1,5,0.0008200416341423988
2024-09-26,600865,val,-0.06639127,0.00016653538,2021-07-23,2024-09-06,11260,760,1,5,0.0008200416341423988
2024-09-26,600967,val,0.0069772433,-0.0039080232,2021-07-23,2024-09-06,11260,760,1,5,0.0008200416341423988
2024-09-26,601222,val,-0.062227774,-0.00206092,2021-07-23,2024-09-06,11260,760,1,5,0.0008200416341423988
2024-09-26,603237,val,-0.063741975,-1.79708e-05,2021-07-23,2024-09-06,11260,760,1,5,0.0008200416341423988
2024-09-26,603335,val,-0.06535799,-0.012870669,2021-07-23,2024-09-06,11260,760,1,5,0.0008200416341423988
2024-09-26,603341,val,-0.03172327,0.005237654,2021-07-23,2024-09-06,11260,760,1,5,0.0008200416341423988
2024-09-26,603658,val,-0.027569937,0.0032102838,2021-07-23,2024-09-06,11260,760,1,5,0.0008200416341423988
2024-09-26,605090,val,-0.07833611,-0.002783537,2021-07-23,2024-09-06,11260,760,1,5,0.0008200416341423988
2024-09-26,605589,val,-0.008381085,0.0053734705,2021-07-23,2024-09-06,11260,760,1,5,0.0008200416341423988
2024-09-26,688031,val,0.43043914,-0.005962819,2021-07-23,2024-09-06,11260,760,1,5,0.0008200416341423988
2024-09-26,688045,val,0.11592954,-0.00042159855,2021-07-23,2024-09-06,11260,760,1,5,0.0008200416341423988
2024-09-26,688133,val,0.1115555,-0.0012795627,2021-07-23,2024-09-06,11260,760,1,5,0.0008200416341423988
2024-09-26,688147,val,0.16091584,0.00093123317,2021-07-23,2024-09-06,11260,760,1,5,0.0008200416341423988
2024-09-26,688528,val,-0.0006985341,-0.013645381,2021-07-23,2024-09-06,11260,760,1,5,0.0008200416341423988
2024-09-27,600025,val,-0.059442732,0.00018909574,2021-07-23,2024-09-06,11260,760,1,5,0.0008200416341423988
2024-09-27,600051,val,-0.019547068,0.0017703474,2021-07-23,2024-09-06,11260,760,1,5,0.0008200416341423988
2024-09-27,600127,val,-0.031862114,0.0067044944,2021-07-23,2024-09-06,11260,760,1,5,0.0008200416341423988
2024-09-27,600153,val,-0.02178079,-0.004263565,2021-07-23,2024-09-06,11260,760,1,5,0.0008200416341423988
2024-09-27,600548,val,-0.029072506,0.0043215603,2021-07-23,2024-09-06,11260,760,1,5,0.0008200416341423988
2024-09-27,600865,val,0.0035105515,0.0020616055,2021-07-23,2024-09-06,11260,760,1,5,0.0008200416341423988
2024-09-27,600967,val,0.023239039,-0.00026504695,2021-07-23,2024-09-06,11260,760,1,5,0.0008200416341423988
2024-09-27,601222,val,-0.030374035,-0.0011348128,2021-07-23,2024-09-06,11260,760,1,5,0.0008200416341423988
2024-09-27,603237,val,-0.024751082,0.0031236708,2021-07-23,2024-09-06,11260,760,1,5,0.0008200416341423988
2024-09-27,603335,val,-0.038277324,-0.0069194883,2021-07-23,2024-09-06,11260,760,1,5,0.0008200416341423988
2024-09-27,603341,val,-0.029203532,0.006133318,2021-07-23,2024-09-06,11260,760,1,5,0.0008200416341423988
2024-09-27,603658,val,-0.01544124,0.0032986552,2021-07-23,2024-09-06,11260,760,1,5,0.0008200416341423988
2024-09-27,605090,val,-0.001616827,-0.0014745593,2021-07-23,2024-09-06,11260,760,1,5,0.0008200416341423988
2024-09-27,605589,val,-0.018716006,0.0049981177,2021-07-23,2024-09-06,11260,760,1,5,0.0008200416341423988
2024-09-27,688031,val,0.18411529,-0.008349538,2021-07-23,2024-09-06,11260,760,1,5,0.0008200416341423988
2024-09-27,688045,val,0.044125095,-0.0024339259,2021-07-23,2024-09-06,11260,760,1,5,0.0008200416341423988
2024-09-27,688133,val,0.03404322,-0.0010542125,2021-07-23,2024-09-06,11260,760,1,5,0.0008200416341423988
2024-09-27,688147,val,0.08475177,-0.00071538985,2021-07-23,2024-09-06,11260,760,1,5,0.0008200416341423988
2024-09-27,688528,val,-0.05369971,-0.019425407,2021-07-23,2024-09-06,11260,760,1,5,0.0008200416341423988
2024-10-08,600025,val,0.048240528,0.001104191,2021-07-23,2024-09-06,11260,760,1,5,0.0008200416341423988
2024-10-08,600051,val,0.040550336,0.004726611,2021-07-23,2024-09-06,11260,760,1,5,0.0008200416341423988
2024-10-08,600127,val,0.09933237,0.007878393,2021-07-23,2024-09-06,11260,760,1,5,0.0008200416341423988
2024-10-08,600153,val,0.075788036,-0.0007713139,2021-07-23,2024-09-06,11260,760,1,5,0.0008200416341423988
2024-10-08,600548,val,0.05753886,0.0050610304,2021-07-23,2024-09-06,11260,760,1,5,0.0008200416341423988
2024-10-08,600865,val,0.06152139,0.0053573847,2021-07-23,2024-09-06,11260,760,1,5,0.0008200416341423988
2024-10-08,600967,val,0.055271506,0.0039220974,2021-07-23,2024-09-06,11260,760,1,5,0.0008200416341423988
2024-10-08,601222,val,-0.01713423,0.00085932016,2021-07-23,2024-09-06,11260,760,1,5,0.0008200416341423988
2024-10-08,603237,val,0.01136674,0.0049503744,2021-07-23,2024-09-06,11260,760,1,5,0.0008200416341423988
2024-10-08,603335,val,0.003580472,0.0011180043,2021-07-23,2024-09-06,11260,760,1,5,0.0008200416341423988
2024-10-08,603341,val,-0.008445425,0.0054023564,2021-07-23,2024-09-06,11260,760,1,5,0.0008200416341423988
2024-10-08,603658,val,-0.025741706,0.0043353587,2021-07-23,2024-09-06,11260,760,1,5,0.0008200416341423988
2024-10-08,605090,val,0.022241525,0.0013347268,2021-07-23,2024-09-06,11260,760,1,5,0.0008200416341423988
2024-10-08,605589,val,-0.043598946,0.0052986667,2021-07-23,2024-09-06,11260,760,1,5,0.0008200416341423988
2024-10-08,688031,val,-0.072588794,-0.010875508,2021-07-23,2024-09-06,11260,760,1,5,0.0008200416341423988
2024-10-08,688045,val,-0.10027429,-0.0064722598,2021-07-23,2024-09-06,11260,760,1,5,0.0008200416341423988
2024-10-08,688133,val,-0.122331336,-0.004401192,2021-07-23,2024-09-06,11260,760,1,5,0.0008200416341423988
2024-10-08,688147,val,-0.053548172,-0.0047881603,2021-07-23,2024-09-06,11260,760,1,5,0.0008200416341423988
2024-10-08,688528,val,-0.031768847,-0.020824999,2021-07-23,2024-09-06,11260,760,1,5,0.0008200416341423988
2024-10-09,600025,val,0.016645616,0.00041002035,2021-07-23,2024-09-06,11260,760,1,5,0.0008200416341423988
2024-10-09,600051,val,0.040555194,0.006412536,2021-07-23,2024-09-06,11260,760,1,5,0.0008200416341423988
2024-10-09,600127,val,0.109122396,0.0073567405,2021-07-23,2024-09-06,11260,760,1,5,0.0008200416341423988
2024-10-09,600153,val,0.147971,0.0032892823,2021-07-23,2024-09-06,11260,760,1,5,0.0008200416341423988
2024-10-09,600548,val,0.05751787,0.0049593523,2021-07-23,2024-09-06,11260,760,1,5,0.0008200416341423988
2024-10-09,600865,val,0.043936796,0.0055612624,2021-07-23,2024-09-06,11260,760,1,5,0.0008200416341423988
2024-10-09,600967,val,0.020889595,0.0057819188,2021-07-23,2024-09-06,11260,760,1,5,0.0008200416341423988
2024-10-09,601222,val,-0.037464812,0.0019445568,2021-07-23,2024-09-06,11260,760,1,5,0.0008200416341423988
2024-10-09,603237,val,0.017721009,0.0039034486,2021-07-23,2024-09-06,11260,760,1,5,0.0008200416341423988
2024-10-09,603335,val,-0.08531944,0.004136935,2021-07-23,2024-09-06,11260,760,1,5,0.0008200416341423988
2024-10-09,603341,val,-0.014712934,0.0046505183,2021-07-23,2024-09-06,11260,760,1,5,0.0008200416341423988
2024-10-09,603658,val,-0.075316414,0.002955079,2021-07-23,2024-09-06,11260,760,1,5,0.0008200416341423988
2024-10-09,605090,val,0.0072411387,0.0031373426,2021-07-23,2024-09-06,11260,760,1,5,0.0008200416341423988
2024-10-09,605589,val,-0.02718418,0.005578175,2021-07-23,2024-09-06,11260,760,1,5,0.0008200416341423988
2024-10-09,688031,val,-0.1637927,-0.015968978,2021-07-23,2024-09-06,11260,760,1,5,0.0008200416341423988
2024-10-09,688045,val,-0.09062467,-0.005999267,2021-07-23,2024-09-06,11260,760,1,5,0.0008200416341423988
2024-10-09,688133,val,-0.10166873,-0.005582094,2021-07-23,2024-09-06,11260,760,1,5,0.0008200416341423988
2024-10-09,688147,val,-0.0581791,-0.0054267943,2021-07-23,2024-09-06,11260,760,1,5,0.0008200416341423988
2024-10-09,688528,val,0.19266234,-0.025333345,2021-07-23,2024-09-06,11260,760,1,5,0.0008200416341423988
2024-10-10,600025,val,-0.011080929,-0.0014004558,2021-07-23,2024-09-06,11260,760,1,5,0.0008200416341423988
2024-10-10,600051,val,0.018729154,0.005060956,2021-07-23,2024-09-06,11260,760,1,5,0.0008200416341423988
2024-10-10,600127,val,0.05507583,0.0051909164,2021-07-23,2024-09-06,11260,760,1,5,0.0008200416341423988
2024-10-10,600153,val,0.058597907,0.004878953,2021-07-23,2024-09-06,11260,760,1,5,0.0008200416341423988
2024-10-10,600548,val,0.035356503,0.0038781613,2021-07-23,2024-09-06,11260,760,1,5,0.0008200416341423988
2024-10-10,600865,val,0.019368155,0.00468833,2021-07-23,2024-09-06,11260,760,1,5,0.0008200416341423988
2024-10-10,600967,val,0.01020376,0.0060600117,2021-07-23,2024-09-06,11260,760,1,5,0.0008200416341423988
2024-10-10,601222,val,-0.034171518,0.0032126755,2021-07-23,2024-09-06,11260,760,1,5,0.0008200416341423988
2024-10-10,603237,val,-0.017600395,0.0022369623,2021-07-23,2024-09-06,11260,760,1,5,0.0008200416341423988
2024-10-10,603335,val,-0.0155901,0.008999959,2021-07-23,2024-09-06,11260,760,1,5,0.0008200416341423988
2024-10-10,603341,val,0.00929783,0.004644595,2021-07-23,2024-09-06,11260,760,1,5,0.0008200416341423988
2024-10-10,603658,val,-0.032854248,0.004311718,2021-07-23,2024-09-06,11260,760,1,5,0.0008200416341423988
2024-10-10,605090,val,0.0070480523,0.0031130016,2021-07-23,2024-09-06,11260,760,1,5,0.0008200416341423988
2024-10-10,605589,val,-0.011717976,0.0052642077,2021-07-23,2024-09-06,11260,760,1,5,0.0008200416341423988
2024-10-10,688031,val,-0.13862129,-0.020957857,2021-07-23,2024-09-06,11260,760,1,5,0.0008200416341423988
2024-10-10,688045,val,-0.012036081,-0.005475223,2021-07-23,2024-09-06,11260,760,1,5,0.0008200416341423988
2024-10-10,688133,val,-0.089059934,-0.006582886,2021-07-23,2024-09-06,11260,760,1,5,0.0008200416341423988
2024-10-10,688147,val,-0.011534305,-0.0061362386,2021-07-23,2024-09-06,11260,760,1,5,0.0008200416341423988
2024-10-10,688528,val,0.16058958,-0.026119053,2021-07-23,2024-09-06,11260,760,1,5,0.0008200416341423988
2024-10-11,600025,val,-0.038340304,-0.0002682805,2021-07-23,2024-09-06,11260,760,1,5,0.0008200416341423988
2024-10-11,600051,val,-0.007004858,0.0047304705,2021-07-23,2024-09-06,11260,760,1,5,0.0008200416341423988
2024-10-11,600127,val,0.0153891295,0.0048226565,2021-07-23,2024-09-06,11260,760,1,5,0.0008200416341423988
2024-10-11,600153,val,0.01813276,0.0043532997,2021-07-23,2024-09-06,11260,760,1,5,0.0008200416341423988
2024-10-11,600548,val,-0.036615103,0.002613008,2021-07-23,2024-09-06,11260,760,1,5,0.0008200416341423988
2024-10-11,600865,val,-0.029649733,0.0015535653,2021-07-23,2024-09-06,11260,760,1,5,0.0008200416341423988
2024-10-11,600967,val,-0.00039944585,0.0064756423,2021-07-23,2024-09-06,11260,760,1,5,0.0008200416341423988
2024-10-11,601222,val,-0.04595994,0.0038024783,2021-07-23,2024-09-06,11260,760,1,5,0.0008200416341423988
2024-10-11,603237,val,-0.047467217,0.0010125935,2021-07-23,2024-09-06,11260,760,1,5,0.0008200416341423988
2024-10-11,603335,val,0.007484938,0.012432903,2021-07-23,2024-09-06,11260,760,1,5,0.0008200416341423988
2024-10-11,603341,val,0.039474465,0.0051492006,2021-07-23,2024-09-06,11260,760,1,5,0.0008200416341423988
2024-10-11,603658,val,-0.042776257,0.005355343,2021-07-23,2024-09-06,11260,760,1,5,0.0008200416341423988
2024-10-11,605090,val,-0.031755164,0.001848653,2021-07-23,2024-09-06,11260,760,1,5,0.0008200416341423988
2024-10-11,605589,val,0.03140464,0.004786879,2021-07-23,2024-09-06,11260,760,1,5,0.0008200416341423988
2024-10-11,688031,val,-0.04716893,-0.023940206,2021-07-23,2024-09-06,11260,760,1,5,0.0008200416341423988
2024-10-11,688045,val,0.08255847,-0.006893307,2021-07-23,2024-09-06,11260,760,1,5,0.0008200416341423988
2024-10-11,688133,val,-0.035596725,-0.006879568,2021-07-23,2024-09-06,11260,760,1,5,0.0008200416341423988
2024-10-11,688147,val,0.074937135,-0.008179784,2021-07-23,2024-09-06,11260,760,1,5,0.0008200416341423988
2024-10-11,688528,val,0.09335213,-0.022475898,2021-07-23,2024-09-06,11260,760,1,5,0.0008200416341423988
2024-10-14,600025,val,-0.05115951,0.002078712,2021-07-23,2024-09-06,11260,760,1,5,0.0008200416341423988
2024-10-14,600051,val,-0.013018939,0.005076334,2021-07-23,2024-09-06,11260,760,1,5,0.0008200416341423988
2024-10-14,600127,val,-0.027367236,0.0012050867,2021-07-23,2024-09-06,11260,760,1,5,0.0008200416341423988
2024-10-14,600153,val,-0.049894698,-0.001538083,2021-07-23,2024-09-06,11260,760,1,5,0.0008200416341423988
2024-10-14,600548,val,-0.04292837,0.0038423538,2021-07-23,2024-09-06,11260,760,1,5,0.0008200416341423988
2024-10-14,600865,val,-0.018964684,0.0028375685,2021-07-23,2024-09-06,11260,760,1,5,0.0008200416341423988
2024-10-14,600967,val,0.0008871668,0.004807286,2021-07-23,2024-09-06,11260,760,1,5,0.0008200416341423988
2024-10-14,601222,val,-0.04434717,0.004575908,2021-07-23,2024-09-06,11260,760,1,5,0.0008200416341423988
2024-10-14,603237,val,-0.034941327,0.002844572,2021-07-23,2024-09-06,11260,760,1,5,0.0008200416341423988
2024-10-14,603335,val,-0.008140961,0.011029132,2021-07-23,2024-09-06,11260,760,1,5,0.0008200416341423988
2024-10-14,603341,val,0.028842103,0.004839115,2021-07-23,2024-09-06,11260,760,1,5,0.0008200416341423988
2024-10-14,603658,val,-0.04158038,0.0058687776,2021-07-23,2024-09-06,11260,760,1,5,0.0008200416341423988
2024-10-14,605090,val,-0.014308174,0.0041171834,2021-07-23,2024-09-06,11260,760,1,5,0.0008200416341423988
2024-10-14,605589,val,0.0598268,0.005874932,2021-07-23,2024-09-06,11260,760,1,5,0.0008200416341423988
2024-10-14,688031,val,0.00019715818,-0.023959532,2021-07-23,2024-09-06,11260,760,1,5,0.0008200416341423988
2024-10-14,688045,val,0.12051022,-0.009225056,2021-07-23,2024-09-06,11260,760,1,5,0.0008200416341423988
2024-10-14,688133,val,0.030252641,-0.0043658167,2021-07-23,2024-09-06,11260,760,1,5,0.0008200416341423988
2024-10-14,688147,val,0.027493205,-0.014078289,2021-07-23,2024-09-06,11260,760,1,5,0.0008200416341423988
2024-10-14,688528,val,0.07864215,-0.019987881,2021-07-23,2024-09-06,11260,760,1,5,0.0008200416341423988
2024-10-15,600025,val,-0.03754426,0.0027146041,2021-07-23,2024-09-06,11260,760,1,5,0.0008200416341423988
2024-10-15,600051,val,-0.021904359,0.004442528,2021-07-23,2024-09-06,11260,760,1,5,0.0008200416341423988
2024-10-15,600127,val,-0.046048723,-0.0040168315,2021-07-23,2024-09-06,11260,760,1,5,0.0008200416341423988
2024-10-15,600153,val,-0.06275716,-0.0033308268,2021-07-23,2024-09-06,11260,760,1,5,0.0008200416341423988
2024-10-15,600548,val,-0.04871928,0.0045134723,2021-07-23,2024-09-06,11260,760,1,5,0.0008200416341423988
2024-10-15,600865,val,-0.033301532,0.002526611,2021-07-23,2024-09-06,11260,760,1,5,0.0008200416341423988
2024-10-15,600967,val,-0.034002878,0.0016153902,2021-07-23,2024-09-06,11260,760,1,5,0.0008200416341423988
2024-10-15,601222,val,-0.00051004,0.0043887496,2021-07-23,2024-09-06,11260,760,1,5,0.0008200416341423988
2024-10-15,603237,val,-0.014313802,0.004143879,2021-07-23,2024-09-06,11260,760,1,5,0.0008200416341423988
2024-10-15,603335,val,0.010968699,0.008814961,2021-07-23,2024-09-06,11260,760,1,5,0.0008200416341423988
2024-10-15,603341,val,0.023699412,0.0037174001,2021-07-23,2024-09-06,11260,760,1,5,0.0008200416341423988
2024-10-15,603658,val,-0.0057881437,0.0058707446,2021-07-23,2024-09-06,11260,760,1,5,0.0008200416341423988
2024-10-15,605090,val,-0.013287233,0.005047828,2021-07-23,2024-09-06,11260,760,1,5,0.0008200416341423988
2024-10-15,605589,val,0.05751245,0.0051477104,2021-07-23,2024-09-06,11260,760,1,5,0.0008200416341423988
2024-10-15,688031,val,-0.01823413,-0.02310589,2021-07-23,2024-09-06,11260,760,1,5,0.0008200416341423988
2024-10-15,688045,val,0.17815255,-0.008745983,2021-07-23,2024-09-06,11260,760,1,5,0.0008200416341423988
2024-10-15,688133,val,0.057910282,-0.0024802536,2021-07-23,2024-09-06,11260,760,1,5,0.0008200416341423988
2024-10-15,688147,val,-0.016563812,-0.017376155,2021-07-23,2024-09-06,11260,760,1,5,0.0008200416341423988
2024-10-15,688528,val,0.02473195,-0.019263819,2021-07-23,2024-09-06,11260,760,1,5,0.0008200416341423988
2024-10-16,600025,val,-0.06556882,0.00091058016,2021-07-23,2024-09-06,11260,760,1,5,0.0008200416341423988
2024-10-16,600051,val,0.018257525,0.0033837855,2021-07-23,2024-09-06,11260,760,1,5,0.0008200416341423988
2024-10-16,600127,val,-0.060379952,-0.005396545,2021-07-23,2024-09-06,11260,760,1,5,0.0008200416341423988
2024-10-16,600153,val,-0.11387627,-0.0062884092,2021-07-23,2024-09-06,11260,760,1,5,0.0008200416341423988
2024-10-16,600548,val,-0.07713762,0.0012584627,2021-07-23,2024-09-06,11260,760,1,5,0.0008200416341423988
2024-10-16,600865,val,-0.034809206,0.00050744414,2021-07-23,2024-09-06,11260,760,1,5,0.0008200416341423988
2024-10-16,600967,val,-0.020534169,0.0019670129,2021-07-23,2024-09-06,11260,760,1,5,0.0008200416341423988
2024-10-16,601222,val,-0.0059219375,0.002944976,2021-07-23,2024-09-06,11260,760,1,5,0.0008200416341423988
2024-10-16,603237,val,-0.036825076,0.003253311,2021-07-23,2024-09-06,11260,760,1,5,0.0008200416341423988
2024-10-16,603335,val,0.0012384885,0.0076031983,2021-07-23,2024-09-06,11260,760,1,5,0.0008200416341423988
2024-10-16,603341,val,0.003694048,0.0040736496,2021-07-23,2024-09-06,11260,760,1,5,0.0008200416341423988
2024-10-16,603658,val,-0.015944881,0.004739307,2021-07-23,2024-09-06,11260,760,1,5,0.0008200416341423988
2024-10-16,605090,val,-0.0127986455,0.0040710345,2021-07-23,2024-09-06,11260,760,1,5,0.0008200416341423988
2024-10-16,605589,val,0.06756603,0.0043713152,2021-07-23,2024-09-06,11260,760,1,5,0.0008200416341423988
2024-10-16,688031,val,0.033992592,-0.018229216,2021-07-23,2024-09-06,11260,760,1,5,0.0008200416341423988
2024-10-16,688045,val,0.2717124,-0.0062468946,2021-07-23,2024-09-06,11260,760,1,5,0.0008200416341423988
2024-10-16,688133,val,0.058110178,0.000116318464,2021-07-23,2024-09-06,11260,760,1,5,0.0008200416341423988
2024-10-16,688147,val,0.03430537,-0.014323145,2021-07-23,2024-09-06,11260,760,1,5,0.0008200416341423988
2024-10-16,688528,val,-0.045080036,-0.021343812,2021-07-23,2024-09-06,11260,760,1,5,0.0008200416341423988
2024-10-17,600025,val,-0.046479657,0.011431396,2021-08-20,2024-10-16,11400,760,1,5,0.002642726215223471
2024-10-17,600051,val,-0.0049714637,0.0025746226,2021-08-20,2024-10-16,11400,760,1,5,0.002642726215223471
2024-10-17,600127,val,-0.057424933,0.001121521,2021-08-20,2024-10-16,11400,760,1,5,0.002642726215223471
2024-10-17,600153,val,-0.07002516,-0.0034702122,2021-08-20,2024-10-16,11400,760,1,5,0.002642726215223471
2024-10-17,600548,val,-0.06664058,0.0067320913,2021-08-20,2024-10-16,11400,760,1,5,0.002642726215223471
2024-10-17,600865,val,-0.006552839,0.005113393,2021-08-20,2024-10-16,11400,760,1,5,0.002642726215223471
2024-10-17,600967,val,-0.028297434,0.0057712197,2021-08-20,2024-10-16,11400,760,1,5,0.002642726215223471
2024-10-17,601222,val,-0.016888605,0.008617401,2021-08-20,2024-10-16,11400,760,1,5,0.002642726215223471
2024-10-17,603237,val,-0.02520684,0.007831931,2021-08-20,2024-10-16,11400,760,1,5,0.002642726215223471
2024-10-17,603335,val,0.014323947,0.0023153424,2021-08-20,2024-10-16,11400,760,1,5,0.002642726215223471
2024-10-17,603341,val,-0.017158197,0.0016281605,2021-08-20,2024-10-16,11400,760,1,5,0.002642726215223471
2024-10-17,603658,val,-0.018776415,0.004860565,2021-08-20,2024-10-16,11400,760,1,5,0.002642726215223471
2024-10-17,605090,val,-0.034186814,0.00584659,2021-08-20,2024-10-16,11400,760,1,5,0.002642726215223471
2024-10-17,605589,val,0.031776946,0.0035973787,2021-08-20,2024-10-16,11400,760,1,5,0.002642726215223471
2024-10-17,688031,val,0.017520363,-0.0036094785,2021-08-20,2024-10-16,11400,760,1,5,0.002642726215223471
2024-10-17,688045,val,0.29093423,-0.005556047,2021-08-20,2024-10-16,11400,760,1,5,0.002642726215223471
2024-10-17,688133,val,0.041151192,-0.009387538,2021-08-20,2024-10-16,11400,760,1,5,0.002642726215223471
2024-10-17,688147,val,0.006013597,-0.0078058094,2021-08-20,2024-10-16,11400,760,1,5,0.002642726215223471
2024-10-17,688528,val,-0.0091113495,-0.015961215,2021-08-20,2024-10-16,11400,760,1,5,0.002642726215223471
2024-10-18,600025,val,-0.08571924,0.010499954,2021-08-20,2024-10-16,11400,760,1,5,0.002642726215223471
2024-10-18,600051,val,-0.00871656,0.002516985,2021-08-20,2024-10-16,11400,760,1,5,0.002642726215223471
2024-10-18,600127,val,-0.057778396,0.005050838,2021-08-20,2024-10-16,11400,760,1,5,0.002642726215223471
2024-10-18,600153,val,-0.08376174,-0.0006006658,2021-08-20,2024-10-16,11400,760,1,5,0.002642726215223471
2024-10-18,600548,val,-0.04834653,0.00859803,2021-08-20,2024-10-16,11400,760,1,5,0.002642726215223471
2024-10-18,600865,val,0.043650176,0.0047912896,2021-08-20,2024-10-16,11400,760,1,5,0.002642726215223471
2024-10-18,600967,val,-0.04312058,0.0071781427,2021-08-20,2024-10-16,11400,760,1,5,0.002642726215223471
2024-10-18,601222,val,-0.0050371983,0.008020952,2021-08-20,2024-10-16,11400,760,1,5,0.002642726215223471
2024-10-18,603237,val,-0.028598934,0.0070566237,2021-08-20,2024-10-16,11400,760,1,5,0.002642726215223471
2024-10-18,603335,val,-0.017167894,0.001714468,2021-08-20,2024-10-16,11400,760,1,5,0.002642726215223471
2024-10-18,603341,val,-0.020769848,0.0030063838,2021-08-20,2024-10-16,11400,760,1,5,0.002642726215223471
2024-10-18,603658,val,-0.029930003,0.0052399933,2021-08-20,2024-10-16,11400,760,1,5,0.002642726215223471
2024-10-18,605090,val,-0.064123176,0.0054392815,2021-08-20,2024-10-16,11400,760,1,5,0.002642726215223471
2024-10-18,605589,val,0.007579813,0.006235197,2021-08-20,2024-10-16,11400,760,1,5,0.002642726215223471
2024-10-18,688031,val,-0.025287552,-0.005238861,2021-08-20,2024-10-16,11400,760,1,5,0.002642726215223471
2024-10-18,688045,val,0.3982053,-0.009082913,2021-08-20,2024-10-16,11400,760,1,5,0.002642726215223471
2024-10-18,688133,val,0.08458048,-0.012042388,2021-08-20,2024-10-16,11400,760,1,5,0.002642726215223471
2024-10-18,688147,val,-0.015862634,-0.0110756755,2021-08-20,2024-10-16,11400,760,1,5,0.002642726215223471
2024-10-18,688528,val,0.00020450332,-0.010496527,2021-08-20,2024-10-16,11400,760,1,5,0.002642726215223471
2024-10-21,600025,val,-0.07693838,0.010723114,2021-08-20,2024-10-16,11400,760,1,5,0.002642726215223471
2024-10-21,600051,val,0.053867277,0.0024157166,2021-08-20,2024-10-16,11400,760,1,5,0.002642726215223471
2024-10-21,600127,val,-0.044449225,0.0069437325,2021-08-20,2024-10-16,11400,760,1,5,0.002642726215223471
2024-10-21,600153,val,-0.07781742,0.0024751872,2021-08-20,2024-10-16,11400,760,1,5,0.002642726215223471
2024-10-21,600548,val,-0.039125334,0.008418858,2021-08-20,2024-10-16,11400,760,1,5,0.002642726215223471
2024-10-21,600865,val,0.14873688,0.0026520789,2021-08-20,2024-10-16,11400,760,1,5,0.002642726215223471
2024-10-21,600967,val,-0.05021134,0.006437063,2021-08-20,2024-10-16,11400,760,1,5,0.002642726215223471
2024-10-21,601222,val,-0.007981935,0.009181708,2021-08-20,2024-10-16,11400,760,1,5,0.002642726215223471
2024-10-21,603237,val,-0.006459205,0.006123379,2021-08-20,2024-10-16,11400,760,1,5,0.002642726215223471
2024-10-21,603335,val,0.03028133,0.0015873611,2021-08-20,2024-10-16,11400,760,1,5,0.002642726215223471
2024-10-21,603341,val,-0.045288604,0.0022987127,2021-08-20,2024-10-16,11400,760,1,5,0.002642726215223471
2024-10-21,603658,val,0.006086355,0.0046916306,2021-08-20,2024-10-16,11400,760,1,5,0.002642726215223471
2024-10-21,605090,val,-0.05571985,0.0055556297,2021-08-20,2024-10-16,11400,760,1,5,0.002642726215223471
2024-10-21,605589,val,-0.01740735,0.006107673,2021-08-20,2024-10-16,11400,760,1,5,0.002642726215223471
2024-10-21,688031,val,-0.082554065,-0.007868081,2021-08-20,2024-10-16,11400,760,1,5,0.002642726215223471
2024-10-21,688045,val,0.1696501,-0.013848469,2021-08-20,2024-10-16,11400,760,1,5,0.002642726215223471
2024-10-21,688133,val,0.09096479,-0.014364287,2021-08-20,2024-10-16,11400,760,1,5,0.002642726215223471
2024-10-21,688147,val,-0.05894647,-0.010393828,2021-08-20,2024-10-16,11400,760,1,5,0.002642726215223471
2024-10-21,688528,val,0.06331246,-0.0061844736,2021-08-20,2024-10-16,11400,760,1,5,0.002642726215223471
2024-10-22,600025,val,-0.0774422,0.009578228,2021-08-20,2024-10-16,11400,760,1,5,0.002642726215223471
2024-10-22,600051,val,0.037262868,0.0015068054,2021-08-20,2024-10-16,11400,760,1,5,0.002642726215223471
2024-10-22,600127,val,-0.047154207,0.0055160224,2021-08-20,2024-10-16,11400,760,1,5,0.002642726215223471
2024-10-22,600153,val,-0.07153256,0.0011059642,2021-08-20,2024-10-16,11400,760,1,5,0.002642726215223471
2024-10-22,600548,val,-0.029061798,0.008902475,2021-08-20,2024-10-16,11400,760,1,5,0.002642726215223471
2024-10-22,600865,val,0.29501832,0.0007710308,2021-08-20,2024-10-16,11400,760,1,5,0.002642726215223471
2024-10-22,600967,val,-0.036075838,0.006136462,2021-08-20,2024-10-16,11400,760,1,5,0.002642726215223471
2024-10-22,601222,val,-0.03145034,0.009565204,2021-08-20,2024-10-16,11400,760,1,5,0.002642726215223471
2024-10-22,603237,val,-0.0284672,0.0056470186,2021-08-20,2024-10-16,11400,760,1,5,0.002642726215223471
2024-10-22,603335,val,0.00093387446,0.0004944056,2021-08-20,2024-10-16,11400,760,1,5,0.002642726215223471
2024-10-22,603341,val,0.077473156,0.003207922,2021-08-20,2024-10-16,11400,760,1,5,0.002642726215223471
2024-10-22,603658,val,-0.027188234,0.004373938,2021-08-20,2024-10-16,11400,760,1,5,0.002642726215223471
2024-10-22,605090,val,-0.056167252,0.0061620623,2021-08-20,2024-10-16,11400,760,1,5,0.002642726215223471
2024-10-22,605589,val,-0.032565534,0.006126404,2021-08-20,2024-10-16,11400,760,1,5,0.002642726215223471
2024-10-22,688031,val,-0.055289734,-0.0108885765,2021-08-20,2024-10-16,11400,760,1,5,0.002642726215223471
2024-10-22,688045,val,0.047047768,-0.019237563,2021-08-20,2024-10-16,11400,760,1,5,0.002642726215223471
2024-10-22,688133,val,0.080941744,-0.0106396675,2021-08-20,2024-10-16,11400,760,1,5,0.002642726215223471
2024-10-22,688147,val,-0.06925601,-0.0075739026,2021-08-20,2024-10-16,11400,760,1,5,0.002642726215223471
2024-10-22,688528,val,0.02297318,-0.002738446,2021-08-20,2024-10-16,11400,760,1,5,0.002642726215223471
2024-10-23,600025,val,-0.072259896,0.010188445,2021-08-20,2024-10-16,11400,760,1,5,0.002642726215223471
2024-10-23,600051,val,-0.01951629,-0.0018161386,2021-08-20,2024-10-16,11400,760,1,5,0.002642726215223471
2024-10-23,600127,val,-0.036615513,0.005714327,2021-08-20,2024-10-16,11400,760,1,5,0.002642726215223471
2024-10-23,600153,val,-0.059759106,-0.002604872,2021-08-20,2024-10-16,11400,760,1,5,0.002642726215223471
2024-10-23,600548,val,-0.022111207,0.008603528,2021-08-20,2024-10-16,11400,760,1,5,0.002642726215223471
2024-10-23,600865,val,0.4261786,-0.00014692545,2021-08-20,2024-10-16,11400,760,1,5,0.002642726215223471
2024-10-23,600967,val,-0.026159445,0.0044514686,2021-08-20,2024-10-16,11400,760,1,5,0.002642726215223471
2024-10-23,601222,val,-0.007870689,0.009333491,2021-08-20,2024-10-16,11400,760,1,5,0.002642726215223471
2024-10-23,603237,val,-0.028839983,0.0061321706,2021-08-20,2024-10-16,11400,760,1,5,0.002642726215223471
2024-10-23,603335,val,0.006289631,0.0015986264,2021-08-20,2024-10-16,11400,760,1,5,0.002642726215223471
2024-10-23,603341,val,0.0630517,0.0053697526,2021-08-20,2024-10-16,11400,760,1,5,0.002642726215223471
2024-10-23,603658,val,-0.02107879,0.0055192113,2021-08-20,2024-10-16,11400,760,1,5,0.002642726215223471
2024-10-23,605090,val,-0.061826225,0.005384326,2021-08-20,2024-10-16,11400,760,1,5,0.002642726215223471
2024-10-23,605589,val,-0.053112216,0.005605608,2021-08-20,2024-10-16,11400,760,1,5,0.002642726215223471
2024-10-23,688031,val,-0.08555476,-0.013658971,2021-08-20,2024-10-16,11400,760,1,5,0.002642726215223471
2024-10-23,688045,val,0.0029649262,-0.018827453,2021-08-20,2024-10-16,11400,760,1,5,0.002642726215223471
2024-10-23,688133,val,0.07515961,-0.008736551,2021-08-20,2024-10-16,11400,760,1,5,0.002642726215223471
2024-10-23,688147,val,-0.077553324,-0.00759539,2021-08-20,2024-10-16,11400,760,1,5,0.002642726215223471
2024-10-23,688528,val,-0.0013870089,-0.0047805607,2021-08-20,2024-10-16,11400,760,1,5,0.002642726215223471
2024-10-24,600025,val,-0.10853726,0.009123996,2021-08-20,2024-10-16,11400,760,1,5,0.002642726215223471
2024-10-24,600051,val,-0.015982762,-0.0025693476,2021-08-20,2024-10-16,11400,760,1,5,0.002642726215223471
2024-10-24,600127,val,-0.04796205,0.0052235425,2021-08-20,2024-10-16,11400,760,1,5,0.002642726215223471
2024-10-24,600153,val,-0.07205143,-0.0032405555,2021-08-20,2024-10-16,11400,760,1,5,0.002642726215223471
2024-10-24,600548,val,-0.05789772,0.008778557,2021-08-20,2024-10-16,11400,760,1,5,0.002642726215223471
2024-10-24,600865,val,0.52193534,-0.00202246,2021-08-20,2024-10-16,11400,760,1,5,0.002642726215223471
2024-10-24,600967,val,-0.03109133,0.0035742968,2021-08-20,2024-10-16,11400,760,1,5,0.002642726215223471
2024-10-24,601222,val,0.004414576,0.009308159,2021-08-20,2024-10-16,11400,760,1,5,0.002642726215223471
2024-10-24,603237,val,-0.051331308,0.005847156,2021-08-20,2024-10-16,11400,760,1,5,0.002642726215223471
2024-10-24,603335,val,0.00786392,0.002154842,2021-08-20,2024-10-16,11400,760,1,5,0.002642726215223471
2024-10-24,603341,val,0.03754359,0.0049889684,2021-08-20,2024-10-16,11400,760,1,5,0.002642726215223471
2024-10-24,603658,val,-0.023126625,0.0052651614,2021-08-20,2024-10-16,11400,760,1,5,0.002642726215223471
2024-10-24,605090,val,-0.07616834,0.0041045547,2021-08-20,2024-10-16,11400,760,1,5,0.002642726215223471
2024-10-24,605589,val,-0.044613678,0.005995691,2021-08-20,2024-10-16,11400,760,1,5,0.002642726215223471
2024-10-24,688031,val,-0.06459554,-0.015661389,2021-08-20,2024-10-16,11400,760,1,5,0.002642726215223471
2024-10-24,688045,val,-0.012028182,-0.016369045,2021-08-20,2024-10-16,11400,760,1,5,0.002642726215223471
2024-10-24,688133,val,0.09205486,-0.008396536,2021-08-20,2024-10-16,11400,760,1,5,0.002642726215223471
2024-10-24,688147,val,-0.01972277,-0.008679256,2021-08-20,2024-10-16,11400,760,1,5,0.002642726215223471
2024-10-24,688528,val,-0.0387033,-0.005744666,2021-08-20,2024-10-16,11400,760,1,5,0.002642726215223471
2024-10-25,600025,val,-0.012684108,0.011326298,2021-08-20,2024-10-16,11400,760,1,5,0.002642726215223471
2024-10-25,600051,val,0.01224822,-0.00011669099,2021-08-20,2024-10-16,11400,760,1,5,0.002642726215223471
2024-10-25,600127,val,0.017162705,0.0051316917,2021-08-20,2024-10-16,11400,760,1,5,0.002642726215223471
2024-10-25,600153,val,0.020909565,-0.0035556853,2021-08-20,2024-10-16,11400,760,1,5,0.002642726215223471
2024-10-25,600548,val,-0.00495367,0.010146171,2021-08-20,2024-10-16,11400,760,1,5,0.002642726215223471
2024-10-25,600865,val,0.34542033,-0.004929632,2021-08-20,2024-10-16,11400,760,1,5,0.002642726215223471
2024-10-25,600967,val,0.018597426,0.0029995292,2021-08-20,2024-10-16,11400,760,1,5,0.002642726215223471
2024-10-25,601222,val,0.015708921,0.00865373,2021-08-20,2024-10-16,11400,760,1,5,0.002642726215223471
2024-10-25,603237,val,0.009118753,0.006493151,2021-08-20,2024-10-16,11400,760,1,5,0.002642726215223471
2024-10-25,603335,val,-0.0020211309,0.0031004846,2021-08-20,2024-10-16,11400,760,1,5,0.002642726215223471
2024-10-25,603341,val,-0.030350316,0.0036466569,2021-08-20,2024-10-16,11400,760,1,5,0.002642726215223471
2024-10-25,603658,val,0.034251202,0.0060652792,2021-08-20,2024-10-16,11400,760,1,5,0.002642726215223471
2024-10-25,605090,val,-0.002124527,0.0051311255,2021-08-20,2024-10-16,11400,760,1,5,0.002642726215223471
2024-10-25,605589,val,-0.031940714,0.0056441873,2021-08-20,2024-10-16,11400,760,1,5,0.002642726215223471
2024-10-25,688031,val,-0.09412078,-0.016621768,2021-08-20,2024-10-16,11400,760,1,5,0.002642726215223471
2024-10-25,688045,val,-0.1926222,-0.013873741,2021-08-20,2024-10-16,11400,760,1,5,0.002642726215223471
2024-10-25,688133,val,0.052096747,-0.011869982,2021-08-20,2024-10-16,11400,760,1,5,0.002642726215223471
2024-10-25,688147,val,-0.06886613,-0.00962621,2021-08-20,2024-10-16,11400,760,1,5,0.002642726215223471
2024-10-25,688528,val,-0.08583031,-0.0047306716,2021-08-20,2024-10-16,11400,760,1,5,0.002642726215223471
2024-10-28,600025,val,-0.0061177392,0.008810952,2021-08-20,2024-10-16,11400,760,1,5,0.002642726215223471
2024-10-28,600051,val,-0.03415144,-0.0046292096,2021-08-20,2024-10-16,11400,760,1,5,0.002642726215223471
2024-10-28,600127,val,-0.004055096,0.0042004287,2021-08-20,2024-10-16,11400,760,1,5,0.002642726215223471
2024-10-28,600153,val,0.043145727,-0.0019435287,2021-08-20,2024-10-16,11400,760,1,5,0.002642726215223471
2024-10-28,600548,val,0.016087078,0.010124832,2021-08-20,2024-10-16,11400,760,1,5,0.002642726215223471
2024-10-28,600865,val,0.24429548,-0.009689003,2021-08-20,2024-10-16,11400,760,1,5,0.002642726215223471
2024-10-28,600967,val,0.017368544,0.0016287863,2021-08-20,2024-10-16,11400,760,1,5,0.002642726215223471
2024-10-28,601222,val,0.042881522,0.0071794093,2021-08-20,2024-10-16,11400,760,1,5,0.002642726215223471
2024-10-28,603237,val,-0.013367452,0.0060999542,2021-08-20,2024-10-16,11400,760,1,5,0.002642726215223471
2024-10-28,603335,val,-0.016543426,0.0024115592,2021-08-20,2024-10-16,11400,760,1,5,0.002642726215223471
2024-10-28,603341,val,0.012575388,0.002499342,2021-08-20,2024-10-16,11400,760,1,5,0.002642726215223471
2024-10-28,603658,val,0.010236984,0.0063035935,2021-08-20,2024-10-16,11400,760,1,5,0.002642726215223471
2024-10-28,605090,val,0.023435548,0.006175399,2021-08-20,2024-10-16,11400,760,1,5,0.002642726215223471
2024-10-28,605589,val,-0.022908092,0.0048592687,2021-08-20,2024-10-16,11400,760,1,5,0.002642726215223471
2024-10-28,688031,val,-0.074356236,-0.016061336,2021-08-20,2024-10-16,11400,760,1,5,0.002642726215223471
2024-10-28,688045,val,-0.08848206,-0.0058065653,2021-08-20,2024-10-16,11400,760,1,5,0.002642726215223471
2024-10-28,688133,val,0.0054836622,-0.013053969,2021-08-20,2024-10-16,11400,760,1,5,0.002642726215223471
2024-10-28,688147,val,-0.00963003,-0.009030789,2021-08-20,2024-10-16,11400,760,1,5,0.002642726215223471
2024-10-28,688528,val,-0.14589837,-0.007800117,2021-08-20,2024-10-16,11400,760,1,5,0.002642726215223471
2024-10-29,600025,val,-0.036593724,0.009058386,2021-08-20,2024-10-16,11400,760,1,5,0.002642726215223471
2024-10-29,600051,val,-0.027029594,-0.00096704066,2021-08-20,2024-10-16,11400,760,1,5,0.002642726215223471
2024-10-29,600127,val,-0.014814697,0.003850624,2021-08-20,2024-10-16,11400,760,1,5,0.002642726215223471
2024-10-29,600153,val,0.034480423,0.00020229816,2021-08-20,2024-10-16,11400,760,1,5,0.002642726215223471
2024-10-29,600548,val,-0.0028471344,0.010067254,2021-08-20,2024-10-16,11400,760,1,5,0.002642726215223471
2024-10-29,600865,val,0.049083367,-0.018134594,2021-08-20,2024-10-16,11400,760,1,5,0.002642726215223471
2024-10-29,600967,val,0.03266005,0.0011398494,2021-08-20,2024-10-16,11400,760,1,5,0.002642726215223471
2024-10-29,601222,val,0.04256182,0.0067281723,2021-08-20,2024-10-16,11400,760,1,5,0.002642726215223471
2024-10-29,603237,val,-0.020342352,0.005509779,2021-08-20,2024-10-16,11400,760,1,5,0.002642726215223471
2024-10-29,603335,val,-0.012128766,0.0035501122,2021-08-20,2024-10-16,11400,760,1,5,0.002642726215223471
2024-10-29,603341,val,-0.05106807,-0.0033222437,2021-08-20,2024-10-16,11400,760,1,5,0.002642726215223471
2024-10-29,603658,val,0.005521958,0.0062324405,2021-08-20,2024-10-16,11400,760,1,5,0.002642726215223471
2024-10-29,605090,val,0.030704118,0.0076003373,2021-08-20,2024-10-16,11400,760,1,5,0.002642726215223471
2024-10-29,605589,val,-0.013361797,0.0042286813,2021-08-20,2024-10-16,11400,760,1,5,0.002642726215223471
2024-10-29,688031,val,0.01349908,-0.015301153,2021-08-20,2024-10-16,11400,760,1,5,0.002642726215223471
2024-10-29,688045,val,-0.0018522957,-0.0016443431,2021-08-20,2024-10-16,11400,760,1,5,0.002642726215223471
2024-10-29,688133,val,0.028178621,-0.011621863,2021-08-20,2024-10-16,11400,760,1,5,0.002642726215223471
2024-10-29,688147,val,0.03740039,-0.008956313,2021-08-20,2024-10-16,11400,760,1,5,0.002642726215223471
2024-10-29,688528,val,-0.09405139,-0.0070072263,2021-08-20,2024-10-16,11400,760,1,5,0.002642726215223471
2024-10-30,600025,val,-0.0361653,0.011543006,2021-08-20,2024-10-16,11400,760,1,5,0.002642726215223471
2024-10-30,600051,val,-0.02111976,0.0042827725,2021-08-20,2024-10-16,11400,760,1,5,0.002642726215223471
2024-10-30,600127,val,0.05336035,0.003458202,2021-08-20,2024-10-16,11400,760,1,5,0.002642726215223471
2024-10-30,600153,val,0.05069296,0.0013311207,2021-08-20,2024-10-16,11400,760,1,5,0.002642726215223471
2024-10-30,600548,val,0.01349215,0.0099051,2021-08-20,2024-10-16,11400,760,1,5,0.002642726215223471
2024-10-30,600865,val,-0.078073405,-0.015166253,2021-08-20,2024-10-16,11400,760,1,5,0.002642726215223471
2024-10-30,600967,val,0.01689633,0.00039809942,2021-08-20,2024-10-16,11400,760,1,5,0.002642726215223471
2024-10-30,601222,val,0.048293527,0.006689146,2021-08-20,2024-10-16,11400,760,1,5,0.002642726215223471
2024-10-30,603237,val,0.012819576,0.0063958317,2021-08-20,2024-10-16,11400,760,1,5,0.002642726215223471
2024-10-30,603335,val,-0.01038474,0.0036031604,2021-08-20,2024-10-16,11400,760,1,5,0.002642726215223471
2024-10-30,603341,val,-0.03602824,-0.006141618,2021-08-20,2024-10-16,11400,760,1,5,0.002642726215223471
2024-10-30,603658,val,-0.00042153295,0.006608188,2021-08-20,2024-10-16,11400,760,1,5,0.002642726215223471
2024-10-30,605090,val,0.028135365,0.008655548,2021-08-20,2024-10-16,11400,760,1,5,0.002642726215223471
2024-10-30,605589,val,-0.03323138,0.004038915,2021-08-20,2024-10-16,11400,760,1,5,0.002642726215223471
2024-10-30,688031,val,0.01643673,-0.014817834,2021-08-20,2024-10-16,11400,760,1,5,0.002642726215223471
2024-10-30,688045,val,-0.048293483,-0.0018403828,2021-08-20,2024-10-16,11400,760,1,5,0.002642726215223471
2024-10-30,688133,val,0.0985323,-0.00869146,2021-08-20,2024-10-16,11400,760,1,5,0.002642726215223471
2024-10-30,688147,val,0.032541063,-0.009998888,2021-08-20,2024-10-16,11400,760,1,5,0.002642726215223471
2024-10-30,688528,val,-0.10748251,-0.0087620765,2021-08-20,2024-10-16,11400,760,1,5,0.002642726215223471
2024-10-31,600025,val,-0.028458567,0.011243239,2021-08-20,2024-10-16,11400,760,1,5,0.002642726215223471
2024-10-31,600051,val,0.0006162149,0.007864714,2021-08-20,2024-10-16,11400,760,1,5,0.002642726215223471
2024-10-31,600127,val,0.030857252,0.003583029,2021-08-20,2024-10-16,11400,760,1,5,0.002642726215223471
2024-10-31,600153,val,0.056771033,0.003914848,2021-08-20,2024-10-16,11400,760,1,5,0.002642726215223471
2024-10-31,600548,val,0.030062351,0.010548994,2021-08-20,2024-10-16,11400,760,1,5,0.002642726215223471
2024-10-31,600865,val,-0.14305261,-0.019255444,2021-08-20,2024-10-16,11400,760,1,5,0.002642726215223471
2024-10-31,600967,val,-0.0032984684,0.0005185306,2021-08-20,2024-10-16,11400,760,1,5,0.002642726215223471
2024-10-31,601222,val,0.019046482,0.006661594,2021-08-20,2024-10-16,11400,760,1,5,0.002642726215223471
2024-10-31,603237,val,0.038068064,0.006197244,2021-08-20,2024-10-16,11400,760,1,5,0.002642726215223471
2024-10-31,603335,val,-0.021800397,0.0034637898,2021-08-20,2024-10-16,11400,760,1,5,0.002642726215223471
2024-10-31,603341,val,-0.04985253,-0.0049445033,2021-08-20,2024-10-16,11400,760,1,5,0.002642726215223471
2024-10-31,603658,val,0.0028829966,0.0069300085,2021-08-20,2024-10-16,11400,760,1,5,0.002642726215223471
2024-10-31,605090,val,0.09164531,0.008627161,2021-08-20,2024-10-16,11400,760,1,5,0.002642726215223471
2024-10-31,605589,val,0.013139966,0.004315406,2021-08-20,2024-10-16,11400,760,1,5,0.002642726215223471
2024-10-31,688031,val,0.006978957,-0.013439089,2021-08-20,2024-10-16,11400,760,1,5,0.002642726215223471
2024-10-31,688045,val,-0.055421807,-0.0046239197,2021-08-20,2024-10-16,11400,760,1,5,0.002642726215223471
2024-10-31,688133,val,0.10596209,-0.0057331175,2021-08-20,2024-10-16,11400,760,1,5,0.002642726215223471
2024-10-31,688147,val,-0.013849297,-0.011812612,2021-08-20,2024-10-16,11400,760,1,5,0.002642726215223471
2024-10-31,688528,val,-0.080297045,-0.007966921,2021-08-20,2024-10-16,11400,760,1,5,0.002642726215223471
2024-11-01,600025,val,-0.07073311,0.009583801,2021-08-20,2024-10-16,11400,760,1,5,0.002642726215223471
2024-11-01,600051,val,-0.026560452,0.008235112,2021-08-20,2024-10-16,11400,760,1,5,0.002642726215223471
2024-11-01,600127,val,-0.02371443,0.0024264902,2021-08-20,2024-10-16,11400,760,1,5,0.002642726215223471
2024-11-01,600153,val,-0.042009782,0.00435102,2021-08-20,2024-10-16,11400,760,1,5,0.002642726215223471
2024-11-01,600548,val,0.006860571,0.010677293,2021-08-20,2024-10-16,11400,760,1,5,0.002642726215223471
2024-11-01,600865,val,-0.10305749,-0.012398139,2021-08-20,2024-10-16,11400,760,1,5,0.002642726215223471
2024-11-01,600967,val,-0.019646531,0.00063347816,2021-08-20,2024-10-16,11400,760,1,5,0.002642726215223471
2024-11-01,601222,val,-0.0117540145,0.00553827,2021-08-20,2024-10-16,11400,760,1,5,0.002642726215223471
2024-11-01,603237,val,-0.019452209,0.005588591,2021-08-20,2024-10-16,11400,760,1,5,0.002642726215223471
2024-11-01,603335,val,0.027150663,0.003364861,2021-08-20,2024-10-16,11400,760,1,5,0.002642726215223471
2024-11-01,603341,val,0.042441826,-0.0009023845,2021-08-20,2024-10-16,11400,760,1,5,0.002642726215223471
2024-11-01,603658,val,-0.05133242,0.0060329437,2021-08-20,2024-10-16,11400,760,1,5,0.002642726215223471
2024-11-01,605090,val,0.052960727,0.008920893,2021-08-20,2024-10-16,11400,760,1,5,0.002642726215223471
2024-11-01,605589,val,0.030850697,0.0042657554,2021-08-20,2024-10-16,11400,760,1,5,0.002642726215223471
2024-11-01,688031,val,0.08207922,-0.01162973,2021-08-20,2024-10-16,11400,760,1,5,0.002642726215223471
2024-11-01,688045,val,0.030222178,-0.0050282776,2021-08-20,2024-10-16,11400,760,1,5,0.002642726215223471
2024-11-01,688133,val,0.060400542,-0.0059723854,2021-08-20,2024-10-16,11400,760,1,5,0.002642726215223471
2024-11-01,688147,val,0.028492926,-0.011691198,2021-08-20,2024-10-16,11400,760,1,5,0.002642726215223471
2024-11-01,688528,val,0.006801095,-0.0132086575,2021-08-20,2024-10-16,11400,760,1,5,0.002642726215223471
2024-11-04,600025,val,-0.10055945,0.01194191,2021-08-20,2024-10-16,11400,760,1,5,0.002642726215223471
2024-11-04,600051,val,-0.04325074,0.008138254,2021-08-20,2024-10-16,11400,760,1,5,0.002642726215223471
2024-11-04,600127,val,-0.037412677,0.0038846582,2021-08-20,2024-10-16,11400,760,1,5,0.002642726215223471
2024-11-04,600153,val,-0.0823418,0.0036019236,2021-08-20,2024-10-16,11400,760,1,5,0.002642726215223471
2024-11-04,600548,val,-0.020880906,0.010171115,2021-08-20,2024-10-16,11400,760,1,5,0.002642726215223471
2024-11-04,600865,val,-0.17118315,-0.012452021,2021-08-20,2024-10-16,11400,760,1,5,0.002642726215223471
2024-11-04,600967,val,-0.042259835,0.0011599064,2021-08-20,2024-10-16,11400,760,1,5,0.002642726215223471
2024-11-04,601222,val,-0.06078411,0.003472358,2021-08-20,2024-10-16,11400,760,1,5,0.002642726215223471
2024-11-04,603237,val,-0.046824537,0.006768197,2021-08-20,2024-10-16,11400,760,1,5,0.002642726215223471
2024-11-04,603335,val,0.013955968,0.0026438683,2021-08-20,2024-10-16,11400,760,1,5,0.002642726215223471
2024-11-04,603341,val,0.063026644,-0.0005645007,2021-08-20,2024-10-16,11400,760,1,5,0.002642726215223471
2024-11-04,603658,val,-0.072466396,0.0063233525,2021-08-20,2024-10-16,11400,760,1,5,0.002642726215223471
2024-11-04,605090,val,0.009462617,0.008865774,2021-08-20,2024-10-16,11400,760,1,5,0.002642726215223471
2024-11-04,605589,val,0.07777245,0.0039723217,2021-08-20,2024-10-16,11400,760,1,5,0.002642726215223471
2024-11-04,688031,val,0.12950118,-0.009599835,2021-08-20,2024-10-16,11400,760,1,5,0.002642726215223471
2024-11-04,688045,val,0.035687476,-0.004545599,2021-08-20,2024-10-16,11400,760,1,5,0.002642726215223471
2024-11-04,688133,val,0.082119636,-0.0033479482,2021-08-20,2024-10-16,11400,760,1,5,0.002642726215223471
2024-11-04,688147,val,0.19030052,-0.011317849,2021-08-20,2024-10-16,11400,760,1,5,0.002642726215223471
2024-11-04,688528,val,0.076137096,-0.016263664,2021-08-20,2024-10-16,11400,760,1,5,0.002642726215223471
2024-11-05,600025,val,-0.07323363,0.011369467,2021-08-20,2024-10-16,11400,760,1,5,0.002642726215223471
2024-11-05,600051,val,-0.021764537,0.0069724023,2021-08-20,2024-10-16,11400,760,1,5,0.002642726215223471
2024-11-05,600127,val,-0.03136035,0.0030837208,2021-08-20,2024-10-16,11400,760,1,5,0.002642726215223471
2024-11-05,600153,val,-0.049407933,0.004110813,2021-08-20,2024-10-16,11400,760,1,5,0.002642726215223471
2024-11-05,600548,val,-0.011722527,0.0076637566,2021-08-20,2024-10-16,11400,760,1,5,0.002642726215223471
2024-11-05,600865,val,-0.07542127,-0.00088751316,2021-08-20,2024-10-16,11400,760,1,5,0.002642726215223471
2024-11-05,600967,val,-0.05564485,0.00026628375,2021-08-20,2024-10-16,11400,760,1,5,0.002642726215223471
2024-11-05,601222,val,-0.04273313,0.0027906597,2021-08-20,2024-10-16,11400,760,1,5,0.002642726215223471
2024-11-05,603237,val,-0.006372966,0.005383134,2021-08-20,2024-10-16,11400,760,1,5,0.002642726215223471
2024-11-05,603335,val,0.055796035,0.0035063326,2021-08-20,2024-10-16,11400,760,1,5,0.002642726215223471
2024-11-05,603341,val,-0.0018730427,-0.0030471534,2021-08-20,2024-10-16,11400,760,1,5,0.002642726215223471
2024-11-05,603658,val,-0.030136371,0.0061202943,2021-08-20,2024-10-16,11400,760,1,5,0.002642726215223471
2024-11-05,605090,val,0.00065101974,0.00534904,2021-08-20,2024-10-16,11400,760,1,5,0.002642726215223471
2024-11-05,605589,val,0.094571546,0.0034494102,2021-08-20,2024-10-16,11400,760,1,5,0.002642726215223471
2024-11-05,688031,val,0.019073226,-0.008844018,2021-08-20,2024-10-16,11400,760,1,5,0.002642726215223471
2024-11-05,688045,val,-0.034649234,-0.0101953745,2021-08-20,2024-10-16,11400,760,1,5,0.002642726215223471
2024-11-05,688133,val,0.08260227,-0.0017809719,2021-08-20,2024-10-16,11400,760,1,5,0.002642726215223471
2024-11-05,688147,val,0.16366816,-0.0097745955,2021-08-20,2024-10-16,11400,760,1,5,0.002642726215223471
2024-11-05,688528,val,0.017957596,-0.017132267,2021-08-20,2024-10-16,11400,760,1,5,0.002642726215223471
2024-11-06,600025,val,-0.036411494,0.010871559,2021-08-20,2024-10-16,11400,760,1,5,0.002642726215223471
2024-11-06,600051,val,-0.023056148,0.006325826,2021-08-20,2024-10-16,11400,760,1,5,0.002642726215223471
2024-11-06,600127,val,-0.0933116,-0.0005451292,2021-08-20,2024-10-16,11400,760,1,5,0.002642726215223471
2024-11-06,600153,val,-0.07443912,0.0052674413,2021-08-20,2024-10-16,11400,760,1,5,0.002642726215223471
2024-11-06,600548,val,-0.020050878,0.0048341304,2021-08-20,2024-10-16,11400,760,1,5,0.002642726215223471
2024-11-06,600865,val,-0.061352752,0.0012311637,2021-08-20,2024-10-16,11400,760,1,5,0.002642726215223471
2024-11-06,600967,val,-0.057802655,0.0012252182,2021-08-20,2024-10-16,11400,760,1,5,0.002642726215223471
2024-11-06,601222,val,-0.05338806,0.003766328,2021-08-20,2024-10-16,11400,760,1,5,0.002642726215223471
2024-11-06,603237,val,-0.03054654,0.0035801232,2021-08-20,2024-10-16,11400,760,1,5,0.002642726215223471
2024-11-06,603335,val,0.037041977,0.003176421,2021-08-20,2024-10-16,11400,760,1,5,0.002642726215223471
2024-11-06,603341,val,0.027921757,-0.0031384528,2021-08-20,2024-10-16,11400,760,1,5,0.002642726215223471
2024-11-06,603658,val,-0.023482917,0.005491346,2021-08-20,2024-10-16,11400,760,1,5,0.002642726215223471
2024-11-06,605090,val,0.0041575646,0.0049295723,2021-08-20,2024-10-16,11400,760,1,5,0.002642726215223471
2024-11-06,605589,val,0.14639886,0.0036101192,2021-08-20,2024-10-16,11400,760,1,5,0.002642726215223471
2024-11-06,688031,val,0.053430185,-0.008892894,2021-08-20,2024-10-16,11400,760,1,5,0.002642726215223471
2024-11-06,688045,val,0.014453278,-0.01665011,2021-08-20,2024-10-16,11400,760,1,5,0.002642726215223471
2024-11-06,688133,val,0.03588501,-0.007549122,2021-08-20,2024-10-16,11400,760,1,5,0.002642726215223471
2024-11-06,688147,val,0.13097218,-0.008895725,2021-08-20,2024-10-16,11400,760,1,5,0.002642726215223471
2024-11-06,688528,val,0.023581367,-0.017014444,2021-08-20,2024-10-16,11400,760,1,5,0.002642726215223471
2024-11-07,600025,val,0.008644316,0.0104025155,2021-08-20,2024-10-16,11400,760,1,5,0.002642726215223471
2024-11-07,600051,val,-0.017576097,0.0051191747,2021-08-20,2024-10-16,11400,760,1,5,0.002642726215223471
2024-11-07,600127,val,-0.04061318,0.0013376474,2021-08-20,2024-10-16,11400,760,1,5,0.002642726215223471
2024-11-07,600153,val,-0.054578736,0.0064305365,2021-08-20,2024-10-16,11400,760,1,5,0.002642726215223471
2024-11-07,600548,val,0.029158834,0.004582539,2021-08-20,2024-10-16,11400,760,1,5,0.002642726215223471
2024-11-07,600865,val,-0.08651267,0.0013839602,2021-08-20,2024-10-16,11400,760,1,5,0.002642726215223471
2024-11-07,600967,val,-0.025411889,0.0023786426,2021-08-20,2024-10-16,11400,760,1,5,0.002642726215223471
2024-11-07,601222,val,-0.025946075,0.006481409,2021-08-20,2024-10-16,11400,760,1,5,0.002642726215223471
2024-11-07,603237,val,-0.026082646,0.002608791,2021-08-20,2024-10-16,11400,760,1,5,0.002642726215223471
2024-11-07,603335,val,0.014399771,0.0029402673,2021-08-20,2024-10-16,11400,760,1,5,0.002642726215223471
2024-11-07,603341,val,0.05810541,-0.0036002994,2021-08-20,2024-10-16,11400,760,1,5,0.002642726215223471
2024-11-07,603658,val,-0.012856559,0.004557848,2021-08-20,2024-10-16,11400,760,1,5,0.002642726215223471
2024-11-07,605090,val,-0.03856253,-0.00043448806,2021-08-20,2024-10-16,11400,760,1,5,0.002642726215223471
2024-11-07,605589,val,0.058154806,0.002082184,2021-08-20,2024-10-16,11400,760,1,5,0.002642726215223471
2024-11-07,688031,val,0.07055066,-0.009480208,2021-08-20,2024-10-16,11400,760,1,5,0.002642726215223471
2024-11-07,688045,val,0.0031211157,-0.022197902,2021-08-20,2024-10-16,11400,760,1,5,0.002642726215223471
2024-11-07,688133,val,-0.04146488,-0.0049500316,2021-08-20,2024-10-16,11400,760,1,5,0.002642726215223471
2024-11-07,688147,val,0.10462413,-0.0072976053,2021-08-20,2024-10-16,11400,760,1,5,0.002642726215223471
2024-11-07,688528,val,0.022846226,-0.015097722,2021-08-20,2024-10-16,11400,760,1,5,0.002642726215223471
2024-11-08,600025,val,0.0050880313,0.01107946,2021-08-20,2024-10-16,11400,760,1,5,0.002642726215223471
2024-11-08,600051,val,0.003460826,0.004670471,2021-08-20,2024-10-16,11400,760,1,5,0.002642726215223471
2024-11-08,600127,val,-0.013561202,0.0028431714,2021-08-20,2024-10-16,11400,760,1,5,0.002642726215223471
2024-11-08,600153,val,-0.015503705,0.006644428,2021-08-20,2024-10-16,11400,760,1,5,0.002642726215223471
2024-11-08,600548,val,0.047304388,0.0033866763,2021-08-20,2024-10-16,11400,760,1,5,0.002642726215223471
2024-11-08,600865,val,-0.069515906,0.0012047589,2021-08-20,2024-10-16,11400,760,1,5,0.002642726215223471
2024-11-08,600967,val,-0.023981493,0.0019203722,2021-08-20,2024-10-16,11400,760,1,5,0.002642726215223471
2024-11-08,601222,val,-0.014803936,0.0068567246,2021-08-20,2024-10-16,11400,760,1,5,0.002642726215223471
2024-11-08,603237,val,0.0015518165,0.0019892603,2021-08-20,2024-10-16,11400,760,1,5,0.002642726215223471
2024-11-08,603335,val,-0.015406766,0.0005146861,2021-08-20,2024-10-16,11400,760,1,5,0.002642726215223471
2024-11-08,603341,val,0.089286655,-0.00544253,2021-08-20,2024-10-16,11400,760,1,5,0.002642726215223471
2024-11-08,603658,val,0.014439619,0.0039375722,2021-08-20,2024-10-16,11400,760,1,5,0.002642726215223471
2024-11-08,605090,val,-0.043164108,-0.0024369955,2021-08-20,2024-10-16,11400,760,1,5,0.002642726215223471
2024-11-08,605589,val,0.040574316,-5.0097704e-05,2021-08-20,2024-10-16,11400,760,1,5,0.002642726215223471
2024-11-08,688031,val,0.06052747,-0.008967012,2021-08-20,2024-10-16,11400,760,1,5,0.002642726215223471
2024-11-08,688045,val,-0.053633697,-0.02122952,2021-08-20,2024-10-16,11400,760,1,5,0.002642726215223471
2024-11-08,688133,val,-0.06851052,-0.00060895085,2021-08-20,2024-10-16,11400,760,1,5,0.002642726215223471
2024-11-08,688147,val,0.09940541,-0.0059215277,2021-08-20,2024-10-16,11400,760,1,5,0.002642726215223471
2024-11-08,688528,val,-0.043557204,-0.0147475,2021-08-20,2024-10-16,11400,760,1,5,0.002642726215223471
2024-11-11,600025,val,0.059447408,0.010789022,2021-08-20,2024-10-16,11400,760,1,5,0.002642726215223471
2024-11-11,600051,val,0.06016093,0.0034861714,2021-08-20,2024-10-16,11400,760,1,5,0.002642726215223471
2024-11-11,600127,val,0.00732246,0.0039835274,2021-08-20,2024-10-16,11400,760,1,5,0.002642726215223471
2024-11-11,600153,val,0.1175679,0.0061179698,2021-08-20,2024-10-16,11400,760,1,5,0.002642726215223471
2024-11-11,600548,val,0.09235543,0.0034866482,2021-08-20,2024-10-16,11400,760,1,5,0.002642726215223471
2024-11-11,600865,val,-0.007855696,0.0014017969,2021-08-20,2024-10-16,11400,760,1,5,0.002642726215223471
2024-11-11,600967,val,0.009029656,0.0017636269,2021-08-20,2024-10-16,11400,760,1,5,0.002642726215223471
2024-11-11,601222,val,0.038507063,0.0062987804,2021-08-20,2024-10-16,11400,760,1,5,0.002642726215223471
2024-11-11,603237,val,0.032109458,0.002009526,2021-08-20,2024-10-16,11400,760,1,5,0.002642726215223471
2024-11-11,603335,val,-0.03436591,0.0027939677,2021-08-20,2024-10-16,11400,760,1,5,0.002642726215223471
2024-11-11,603341,val,0.0023168677,-0.007218823,2021-08-20,2024-10-16,11400,760,1,5,0.002642726215223471
2024-11-11,603658,val,0.05517148,0.0037236214,2021-08-20,2024-10-16,11400,760,1,5,0.002642726215223471
2024-11-11,605090,val,-0.022289071,0.0007350892,2021-08-20,2024-10-16,11400,760,1,5,0.002642726215223471
2024-11-11,605589,val,0.023119468,-0.0021557808,2021-08-20,2024-10-16,11400,760,1,5,0.002642726215223471
2024-11-11,688031,val,-0.0669747,-0.008452147,2021-08-20,2024-10-16,11400,760,1,5,0.002642726215223471
2024-11-11,688045,val,-0.066017814,-0.021939635,2021-08-20,2024-10-16,11400,760,1,5,0.002642726215223471
2024-11-11,688133,val,-0.0991506,-0.00042635202,2021-08-20,2024-10-16,11400,760,1,5,0.002642726215223471
2024-11-11,688147,val,-0.1002136,-0.015345484,2021-08-20,2024-10-16,11400,760,1,5,0.002642726215223471
2024-11-11,688528,val,-0.10024073,-0.015381008,2021-08-20,2024-10-16,11400,760,1,5,0.002642726215223471
2024-11-12,600025,val,0.037390094,0.011848122,2021-08-20,2024-10-16,11400,760,1,5,0.002642726215223471
2024-11-12,600051,val,0.059574008,0.002115965,2021-08-20,2024-10-16,11400,760,1,5,0.002642726215223471
2024-11-12,600127,val,-0.0021900914,0.004617572,2021-08-20,2024-10-16,11400,760,1,5,0.002642726215223471
2024-11-12,600153,val,0.043123066,0.005343497,2021-08-20,2024-10-16,11400,760,1,5,0.002642726215223471
2024-11-12,600548,val,0.097966105,0.00430423,2021-08-20,2024-10-16,11400,760,1,5,0.002642726215223471
2024-11-12,600865,val,-0.03912227,0.0034423172,2021-08-20,2024-10-16,11400,760,1,5,0.002642726215223471
2024-11-12,600967,val,0.004367004,0.0014884472,2021-08-20,2024-10-16,11400,760,1,5,0.002642726215223471
2024-11-12,601222,val,0.028355634,0.0036138147,2021-08-20,2024-10-16,11400,760,1,5,0.002642726215223471
2024-11-12,603237,val,0.0063627134,0.0007660091,2021-08-20,2024-10-16,11400,760,1,5,0.002642726215223471
2024-11-12,603335,val,-0.04422454,-0.00458467,2021-08-20,2024-10-16,11400,760,1,5,0.002642726215223471
2024-11-12,603341,val,0.05754202,-0.0051159263,2021-08-20,2024-10-16,11400,760,1,5,0.002642726215223471
2024-11-12,603658,val,0.026014939,0.0026349723,2021-08-20,2024-10-16,11400,760,1,5,0.002642726215223471
2024-11-12,605090,val,-0.013176324,0.00582546,2021-08-20,2024-10-16,11400,760,1,5,0.002642726215223471
2024-11-12,605589,val,0.014424564,-0.0018431395,2021-08-20,2024-10-16,11400,760,1,5,0.002642726215223471
2024-11-12,688031,val,-0.040898684,-0.006431967,2021-08-20,2024-10-16,11400,760,1,5,0.002642726215223471
2024-11-12,688045,val,-0.016707283,-0.02018334,2021-08-20,2024-10-16,11400,760,1,5,0.002642726215223471
2024-11-12,688133,val,-0.094119176,-0.0023302734,2021-08-20,2024-10-16,11400,760,1,5,0.002642726215223471
2024-11-12,688147,val,-0.074833296,-0.015833512,2021-08-20,2024-10-16,11400,760,1,5,0.002642726215223471
2024-11-12,688528,val,-0.049848486,-0.0134180635,2021-08-20,2024-10-16,11400,760,1,5,0.002642726215223471
2024-11-13,600025,val,0.010415178,0.0121305585,2021-08-20,2024-10-16,11400,760,1,5,0.002642726215223471
2024-11-13,600051,val,0.056962077,0.0015970469,2021-08-20,2024-10-16,11400,760,1,5,0.002642726215223471
2024-11-13,600127,val,0.008533622,0.005907297,2021-08-20,2024-10-16,11400,760,1,5,0.002642726215223471
2024-11-13,600153,val,0.032616705,0.0053568482,2021-08-20,2024-10-16,11400,760,1,5,0.002642726215223471
2024-11-13,600548,val,0.09115675,0.0033807158,2021-08-20,2024-10-16,11400,760,1,5,0.002642726215223471
2024-11-13,600865,val,-0.027179208,0.0021722615,2021-08-20,2024-10-16,11400,760,1,5,0.002642726215223471
2024-11-13,600967,val,0.010723431,0.0018053055,2021-08-20,2024-10-16,11400,760,1,5,0.002642726215223471
2024-11-13,601222,val,0.0076896325,0.0015535504,2021-08-20,2024-10-16,11400,760,1,5,0.002642726215223471
2024-11-13,603237,val,0.014380242,0.0013525039,2021-08-20,2024-10-16,11400,760,1,5,0.002642726215223471
2024-11-13,603335,val,-0.012958081,-0.004707262,2021-08-20,2024-10-16,11400,760,1,5,0.002642726215223471
2024-11-13,603341,val,0.044710737,-0.0029247403,2021-08-20,2024-10-16,11400,760,1,5,0.002642726215223471
2024-11-13,603658,val,0.041591235,0.0029506087,2021-08-20,2024-10-16,11400,760,1,5,0.002642726215223471
2024-11-13,605090,val,7.882989e-05,0.008577108,2021-08-20,2024-10-16,11400,760,1,5,0.002642726215223471
2024-11-13,605589,val,-0.02304967,-0.007524401,2021-08-20,2024-10-16,11400,760,1,5,0.002642726215223471
2024-11-13,688031,val,-0.048407145,-0.0070857406,2021-08-20,2024-10-16,11400,760,1,5,0.002642726215223471
2024-11-13,688045,val,-0.037634954,-0.01930812,2021-08-20,2024-10-16,11400,760,1,5,0.002642726215223471
2024-11-13,688133,val,-0.07349013,-0.0017224401,2021-08-20,2024-10-16,11400,760,1,5,0.002642726215223471
2024-11-13,688147,val,-0.05230814,-0.011884481,2021-08-20,2024-10-16,11400,760,1,5,0.002642726215223471
2024-11-13,688528,val,-0.043831114,-0.011858001,2021-08-20,2024-10-16,11400,760,1,5,0.002642726215223471
2024-11-14,600025,val,-0.02898772,0.01697345,2021-09-17,2024-11-13,11537,760,1,5,0.003487867691243688
2024-11-14,600051,val,0.029376201,0.010627411,2021-09-17,2024-11-13,11537,760,1,5,0.003487867691243688
2024-11-14,600127,val,-0.026761472,0.010771006,2021-09-17,2024-11-13,11537,760,1,5,0.003487867691243688
2024-11-14,600153,val,0.011298131,0.012121931,2021-09-17,2024-11-13,11537,760,1,5,0.003487867691243688
2024-11-14,600548,val,0.053744797,0.0076821223,2021-09-17,2024-11-13,11537,760,1,5,0.003487867691243688
2024-11-14,600865,val,-0.027454788,0.0022883378,2021-09-17,2024-11-13,11537,760,1,5,0.003487867691243688
2024-11-14,600967,val,-0.012905727,0.011529263,2021-09-17,2024-11-13,11537,760,1,5,0.003487867691243688
2024-11-14,601222,val,-0.012646503,0.01097884,2021-09-17,2024-11-13,11537,760,1,5,0.003487867691243688
2024-11-14,603237,val,0.016549291,0.009614494,2021-09-17,2024-11-13,11537,760,1,5,0.003487867691243688
2024-11-14,603335,val,0.005954724,-0.0035603214,2021-09-17,2024-11-13,11537,760,1,5,0.003487867691243688
2024-11-14,603341,val,0.05775685,-0.001125887,2021-09-17,2024-11-13,11537,760,1,5,0.003487867691243688
2024-11-14,603658,val,0.002101752,0.010793291,2021-09-17,2024-11-13,11537,760,1,5,0.003487867691243688
2024-11-14,605090,val,-0.024305634,0.008587118,2021-09-17,2024-11-13,11537,760,1,5,0.003487867691243688
2024-11-14,605589,val,0.00365946,-0.008744283,2021-09-17,2024-11-13,11537,760,1,5,0.003487867691243688
2024-11-14,688031,val,0.099929556,-0.019850746,2021-09-17,2024-11-13,11537,760,1,5,0.003487867691243688
2024-11-14,688045,val,-0.05920103,-0.025962323,2021-09-17,2024-11-13,11537,760,1,5,0.003487867691243688
2024-11-14,688133,val,-0.02351708,-0.019391589,2021-09-17,2024-11-13,11537,760,1,5,0.003487867691243688
2024-11-14,688147,val,-0.017087767,-0.01879868,2021-09-17,2024-11-13,11537,760,1,5,0.003487867691243688
2024-11-14,688528,val,-0.047503043,0.000478141,2021-09-17,2024-11-13,11537,760,1,5,0.003487867691243688
2024-11-15,600025,val,-0.018924199,0.015398759,2021-09-17,2024-11-13,11537,760,1,5,0.003487867691243688
2024-11-15,600051,val,0.039348368,0.009410005,2021-09-17,2024-11-13,11537,760,1,5,0.003487867691243688
2024-11-15,600127,val,0.010224737,0.011634983,2021-09-17,2024-11-13,11537,760,1,5,0.003487867691243688
2024-11-15,600153,val,-0.0032840348,0.012214407,2021-09-17,2024-11-13,11537,760,1,5,0.003487867691243688
2024-11-15,600548,val,0.022137847,0.0037814453,2021-09-17,2024-11-13,11537,760,1,5,0.003487867691243688
2024-11-15,600865,val,0.033857025,-0.0002155751,2021-09-17,2024-11-13,11537,760,1,5,0.003487867691243688
2024-11-15,600967,val,-0.015193482,0.0116139725,2021-09-17,2024-11-13,11537,760,1,5,0.003487867691243688
2024-11-15,601222,val,-0.025438223,0.010737032,2021-09-17,2024-11-13,11537,760,1,5,0.003487867691243688
2024-11-15,603237,val,-0.0038568955,0.0082188025,2021-09-17,2024-11-13,11537,760,1,5,0.003487867691243688
2024-11-15,603335,val,0.004224737,0.00050321966,2021-09-17,2024-11-13,11537,760,1,5,0.003487867691243688
2024-11-15,603341,val,0.002955256,-0.016108004,2021-09-17,2024-11-13,11537,760,1,5,0.003487867691243688
2024-11-15,603658,val,-0.033963297,0.009414524,2021-09-17,2024-11-13,11537,760,1,5,0.003487867691243688
2024-11-15,605090,val,-0.027116783,0.009981457,2021-09-17,2024-11-13,11537,760,1,5,0.003487867691243688
2024-11-15,605589,val,0.009924914,-0.005304074,2021-09-17,2024-11-13,11537,760,1,5,0.003487867691243688
2024-11-15,688031,val,0.1830711,-0.023230815,2021-09-17,2024-11-13,11537,760,1,5,0.003487867691243688
2024-11-15,688045,val,-0.029320717,-0.018758284,2021-09-17,2024-11-13,11537,760,1,5,0.003487867691243688
2024-11-15,688133,val,-0.043811176,-0.009379581,2021-09-17,2024-11-13,11537,760,1,5,0.003487867691243688
2024-11-15,688147,val,-0.058548294,-0.011849357,2021-09-17,2024-11-13,11537,760,1,5,0.003487867691243688
2024-11-15,688528,val,-0.046286892,0.0038530678,2021-09-17,2024-11-13,11537,760,1,5,0.003487867691243688
2024-11-18,600025,val,-0.05388468,0.015334174,2021-09-17,2024-11-13,11537,760,1,5,0.003487867691243688
2024-11-18,600051,val,0.007982421,0.004330285,2021-09-17,2024-11-13,11537,760,1,5,0.003487867691243688
2024-11-18,600127,val,0.018519402,0.012698621,2021-09-17,2024-11-13,11537,760,1,5,0.003487867691243688
2024-11-18,600153,val,-0.1056259,0.0032562315,2021-09-17,2024-11-13,11537,760,1,5,0.003487867691243688
2024-11-18,600548,val,-0.0046060625,0.0006458387,2021-09-17,2024-11-13,11537,760,1,5,0.003487867691243688
2024-11-18,600865,val,0.011263166,-0.0035995245,2021-09-17,2024-11-13,11537,760,1,5,0.003487867691243688
2024-11-18,600967,val,-0.03788198,0.0114783645,2021-09-17,2024-11-13,11537,760,1,5,0.003487867691243688
2024-11-18,601222,val,-0.033217102,0.0098832995,2021-09-17,2024-11-13,11537,760,1,5,0.003487867691243688
2024-11-18,603237,val,0.0017345315,0.008592673,2021-09-17,2024-11-13,11537,760,1,5,0.003487867691243688
2024-11-18,603335,val,0.057800177,0.0039364174,2021-09-17,2024-11-13,11537,760,1,5,0.003487867691243688
2024-11-18,603341,val,0.01945398,-0.011363767,2021-09-17,2024-11-13,11537,760,1,5,0.003487867691243688
2024-11-18,603658,val,-0.044344135,0.0069494843,2021-09-17,2024-11-13,11537,760,1,5,0.003487867691243688
2024-11-18,605090,val,-0.020485155,0.011263754,2021-09-17,2024-11-13,11537,760,1,5,0.003487867691243688
2024-11-18,605589,val,-0.031299833,-0.0020034872,2021-09-17,2024-11-13,11537,760,1,5,0.003487867691243688
2024-11-18,688031,val,0.22932364,-0.01365977,2021-09-17,2024-11-13,11537,760,1,5,0.003487867691243688
2024-11-18,688045,val,-0.027752401,-0.014304221,2021-09-17,2024-11-13,11537,760,1,5,0.003487867691243688
2024-11-18,688133,val,-0.02184381,-0.003797708,2021-09-17,2024-11-13,11537,760,1,5,0.003487867691243688
2024-11-18,688147,val,0.031547904,0.0010959022,2021-09-17,2024-11-13,11537,760,1,5,0.003487867691243688
2024-11-18,688528,val,0.0033158392,0.007547274,2021-09-17,2024-11-13,11537,760,1,5,0.003487867691243688
2024-11-19,600025,val,-0.027491113,0.014725618,2021-09-17,2024-11-13,11537,760,1,5,0.003487867691243688
2024-11-19,600051,val,0.03560946,-0.005983304,2021-09-17,2024-11-13,11537,760,1,5,0.003487867691243688
2024-11-19,600127,val,0.02627981,0.013448764,2021-09-17,2024-11-13,11537,760,1,5,0.003487867691243688
2024-11-19,600153,val,-0.029378017,-0.00010238588,2021-09-17,2024-11-13,11537,760,1,5,0.003487867691243688
2024-11-19,600548,val,0.023856575,0.00083904713,2021-09-17,2024-11-13,11537,760,1,5,0.003487867691243688
2024-11-19,600865,val,0.03419202,-0.004542481,2021-09-17,2024-11-13,11537,760,1,5,0.003487867691243688
2024-11-19,600967,val,-0.02127999,0.011284187,2021-09-17,2024-11-13,11537,760,1,5,0.003487867691243688
2024-11-19,601222,val,-0.035391018,0.009203915,2021-09-17,2024-11-13,11537,760,1,5,0.003487867691243688
2024-11-19,603237,val,0.055627882,0.0089871995,2021-09-17,2024-11-13,11537,760,1,5,0.003487867691243688
2024-11-19,603335,val,0.02994288,0.005700387,2021-09-17,2024-11-13,11537,760,1,5,0.003487867691243688
2024-11-19,603341,val,-0.029210946,-0.015801044,2021-09-17,2024-11-13,11537,760,1,5,0.003487867691243688
2024-11-19,603658,val,-0.012118748,0.004491225,2021-09-17,2024-11-13,11537,760,1,5,0.003487867691243688
2024-11-19,605090,val,-0.0034741124,0.01305151,2021-09-17,2024-11-13,11537,760,1,5,0.003487867691243688
2024-11-19,605589,val,-0.049406007,-0.0016100667,2021-09-17,2024-11-13,11537,760,1,5,0.003487867691243688
2024-11-19,688031,val,0.13410993,-0.006894566,2021-09-17,2024-11-13,11537,760,1,5,0.003487867691243688
2024-11-19,688045,val,-0.040438816,-0.0123164095,2021-09-17,2024-11-13,11537,760,1,5,0.003487867691243688
2024-11-19,688133,val,-0.049941435,-0.0020500422,2021-09-17,2024-11-13,11537,760,1,5,0.003487867691243688
2024-11-19,688147,val,-0.028242672,0.0016497672,2021-09-17,2024-11-13,11537,760,1,5,0.003487867691243688
2024-11-19,688528,val,-0.01324569,0.010528799,2021-09-17,2024-11-13,11537,760,1,5,0.003487867691243688
2024-11-20,600025,val,-0.016688926,0.014180079,2021-09-17,2024-11-13,11537,760,1,5,0.003487867691243688
2024-11-20,600051,val,0.019885441,-0.009935297,2021-09-17,2024-11-13,11537,760,1,5,0.003487867691243688
2024-11-20,600127,val,0.00089349196,0.013972558,2021-09-17,2024-11-13,11537,760,1,5,0.003487867691243688
2024-11-20,600153,val,-0.012574229,0.0033398531,2021-09-17,2024-11-13,11537,760,1,5,0.003487867691243688
2024-11-20,600548,val,0.02302085,-0.0008666329,2021-09-17,2024-11-13,11537,760,1,5,0.003487867691243688
2024-11-20,600865,val,0.0275628,-0.0057394467,2021-09-17,2024-11-13,11537,760,1,5,0.003487867691243688
2024-11-20,600967,val,-0.028748652,0.011072814,2021-09-17,2024-11-13,11537,760,1,5,0.003487867691243688
2024-11-20,601222,val,-0.028111445,0.009165872,2021-09-17,2024-11-13,11537,760,1,5,0.003487867691243688
2024-11-20,603237,val,0.072022885,0.009896651,2021-09-17,2024-11-13,11537,760,1,5,0.003487867691243688
2024-11-20,603335,val,-0.0070271795,0.0013153404,2021-09-17,2024-11-13,11537,760,1,5,0.003487867691243688
2024-11-20,603341,val,-0.019404309,-0.013506884,2021-09-17,2024-11-13,11537,760,1,5,0.003487867691243688
2024-11-20,603658,val,-0.0062962263,0.0007998347,2021-09-17,2024-11-13,11537,760,1,5,0.003487867691243688
2024-11-20,605090,val,0.03245103,0.013642915,2021-09-17,2024-11-13,11537,760,1,5,0.003487867691243688
2024-11-20,605589,val,-0.02890893,0.0051901005,2021-09-17,2024-11-13,11537,760,1,5,0.003487867691243688
2024-11-20,688031,val,0.12693389,-0.0009314008,2021-09-17,2024-11-13,11537,760,1,5,0.003487867691243688
2024-11-20,688045,val,-0.036718845,-0.01180342,2021-09-17,2024-11-13,11537,760,1,5,0.003487867691243688
2024-11-20,688133,val,-0.07504115,-0.00996344,2021-09-17,2024-11-13,11537,760,1,5,0.003487867691243688
2024-11-20,688147,val,-0.019399187,0.004235573,2021-09-17,2024-11-13,11537,760,1,5,0.003487867691243688
2024-11-20,688528,val,-0.023851307,0.011870544,2021-09-17,2024-11-13,11537,760,1,5,0.003487867691243688
2024-11-21,600025,val,-0.023089258,0.013025977,2021-09-17,2024-11-13,11537,760,1,5,0.003487867691243688
2024-11-21,600051,val,0.06416542,-0.006981842,2021-09-17,2024-11-13,11537,760,1,5,0.003487867691243688
2024-11-21,600127,val,0.029606327,0.013713792,2021-09-17,2024-11-13,11537,760,1,5,0.003487867691243688
2024-11-21,600153,val,-0.000852977,0.005500719,2021-09-17,2024-11-13,11537,760,1,5,0.003487867691243688
2024-11-21,600548,val,0.03454186,0.00044463575,2021-09-17,2024-11-13,11537,760,1,5,0.003487867691243688
2024-11-21,600865,val,0.08569276,-0.006274931,2021-09-17,2024-11-13,11537,760,1,5,0.003487867691243688
2024-11-21,600967,val,-0.022871858,0.010441788,2021-09-17,2024-11-13,11537,760,1,5,0.003487867691243688
2024-11-21,601222,val,-0.01823541,0.009371698,2021-09-17,2024-11-13,11537,760,1,5,0.003487867691243688
2024-11-21,603237,val,0.07813112,0.0065713488,2021-09-17,2024-11-13,11537,760,1,5,0.003487867691243688
2024-11-21,603335,val,-0.020416154,-9.0152025e-06,2021-09-17,2024-11-13,11537,760,1,5,0.003487867691243688
2024-11-21,603341,val,-0.033856783,-0.012644371,2021-09-17,2024-11-13,11537,760,1,5,0.003487867691243688
2024-11-21,603658,val,0.0014883969,0.0028486177,2021-09-17,2024-11-13,11537,760,1,5,0.003487867691243688
2024-11-21,605090,val,0.043665472,0.013053276,2021-09-17,2024-11-13,11537,760,1,5,0.003487867691243688
2024-11-21,605589,val,0.004921967,0.007499136,2021-09-17,2024-11-13,11537,760,1,5,0.003487867691243688
2024-11-21,688031,val,-0.07970996,-0.019040652,2021-09-17,2024-11-13,11537,760,1,5,0.003487867691243688
2024-11-21,688045,val,-0.035492614,-0.0076495428,2021-09-17,2024-11-13,11537,760,1,5,0.003487867691243688
2024-11-21,688133,val,-0.058953874,-0.014061518,2021-09-17,2024-11-13,11537,760,1,5,0.003487867691243688
2024-11-21,688147,val,-0.037764985,0.0026104972,2021-09-17,2024-11-13,11537,760,1,5,0.003487867691243688
2024-11-21,688528,val,-0.010969447,0.012744054,2021-09-17,2024-11-13,11537,760,1,5,0.003487867691243688
2024-11-22,600025,val,-0.042236973,0.0130863,2021-09-17,2024-11-13,11537,760,1,5,0.003487867691243688
2024-11-22,600051,val,0.032525197,-0.005696088,2021-09-17,2024-11-13,11537,760,1,5,0.003487867691243688
2024-11-22,600127,val,-0.02497851,0.013743684,2021-09-17,2024-11-13,11537,760,1,5,0.003487867691243688
2024-11-22,600153,val,0.0153791495,0.007766884,2021-09-17,2024-11-13,11537,760,1,5,0.003487867691243688
2024-11-22,600548,val,0.016461596,0.004052814,2021-09-17,2024-11-13,11537,760,1,5,0.003487867691243688
2024-11-22,600865,val,0.03910793,-0.011927322,2021-09-17,2024-11-13,11537,760,1,5,0.003487867691243688
2024-11-22,600967,val,-0.02922179,0.011164494,2021-09-17,2024-11-13,11537,760,1,5,0.003487867691243688
2024-11-22,601222,val,0.008823279,0.010473974,2021-09-17,2024-11-13,11537,760,1,5,0.003487867691243688
2024-11-22,603237,val,0.06562599,0.0058550835,2021-09-17,2024-11-13,11537,760,1,5,0.003487867691243688
2024-11-22,603335,val,-0.013285534,0.0019727014,2021-09-17,2024-11-13,11537,760,1,5,0.003487867691243688
2024-11-22,603341,val,-0.045141354,-0.0110576395,2021-09-17,2024-11-13,11537,760,1,5,0.003487867691243688
2024-11-22,603658,val,0.023642672,0.0054802895,2021-09-17,2024-11-13,11537,760,1,5,0.003487867691243688
2024-11-22,605090,val,0.05164286,0.012249485,2021-09-17,2024-11-13,11537,760,1,5,0.003487867691243688
2024-11-22,605589,val,0.0013458958,0.008662201,2021-09-17,2024-11-13,11537,760,1,5,0.003487867691243688
2024-11-22,688031,val,-0.1298194,-0.03778307,2021-09-17,2024-11-13,11537,760,1,5,0.003487867691243688
2024-11-22,688045,val,-0.014584787,-0.0027577356,2021-09-17,2024-11-13,11537,760,1,5,0.003487867691243688
2024-11-22,688133,val,0.0150537025,-0.010570925,2021-09-17,2024-11-13,11537,760,1,5,0.003487867691243688
2024-11-22,688147,val,0.014979431,0.0041164756,2021-09-17,2024-11-13,11537,760,1,5,0.003487867691243688
2024-11-22,688528,val,0.014680649,0.01217217,2021-09-17,2024-11-13,11537,760,1,5,0.003487867691243688
2024-11-25,600025,val,-0.028639715,0.012934141,2021-09-17,2024-11-13,11537,760,1,5,0.003487867691243688
2024-11-25,600051,val,0.0034619125,-0.002539914,2021-09-17,2024-11-13,11537,760,1,5,0.003487867691243688
2024-11-25,600127,val,-0.019993383,0.009759411,2021-09-17,2024-11-13,11537,760,1,5,0.003487867691243688
2024-11-25,600153,val,0.033226736,0.009910945,2021-09-17,2024-11-13,11537,760,1,5,0.003487867691243688
2024-11-25,600548,val,-0.046059005,0.0029408447,2021-09-17,2024-11-13,11537,760,1,5,0.003487867691243688
2024-11-25,600865,val,0.034404423,-0.010849286,2021-09-17,2024-11-13,11537,760,1,5,0.003487867691243688
2024-11-25,600967,val,-0.023886893,0.011410467,2021-09-17,2024-11-13,11537,760,1,5,0.003487867691243688
2024-11-25,601222,val,-0.015111853,0.011390291,2021-09-17,2024-11-13,11537,760,1,5,0.003487867691243688
2024-11-25,603237,val,0.11037128,0.0061402656,2021-09-17,2024-11-13,11537,760,1,5,0.003487867691243688
2024-11-25,603335,val,-0.026089074,0.0011337474,2021-09-17,2024-11-13,11537,760,1,5,0.003487867691243688
2024-11-25,603341,val,0.018891066,-0.003852684,2021-09-17,2024-11-13,11537,760,1,5,0.003487867691243688
2024-11-25,603658,val,-0.0013622442,0.0074119233,2021-09-17,2024-11-13,11537,760,1,5,0.003487867691243688
2024-11-25,605090,val,0.010942923,0.011625871,2021-09-17,2024-11-13,11537,760,1,5,0.003487867691243688
2024-11-25,605589,val,0.029625796,0.008037865,2021-09-17,2024-11-13,11537,760,1,5,0.003487867691243688
2024-11-25,688031,val,-0.01931459,-0.04001163,2021-09-17,2024-11-13,11537,760,1,5,0.003487867691243688
2024-11-25,688045,val,-0.0151603315,0.0020767227,2021-09-17,2024-11-13,11537,760,1,5,0.003487867691243688
2024-11-25,688133,val,0.0099287955,-0.0056328923,2021-09-17,2024-11-13,11537,760,1,5,0.003487867691243688
2024-11-25,688147,val,-0.027790805,-0.0037254654,2021-09-17,2024-11-13,11537,760,1,5,0.003487867691243688
2024-11-25,688528,val,-0.027445033,0.01238329,2021-09-17,2024-11-13,11537,760,1,5,0.003487867691243688
2024-11-26,600025,val,-0.009079061,0.013199687,2021-09-17,2024-11-13,11537,760,1,5,0.003487867691243688
2024-11-26,600051,val,-0.033345997,-0.006321702,2021-09-17,2024-11-13,11537,760,1,5,0.003487867691243688
2024-11-26,600127,val,-0.026531933,0.0074144974,2021-09-17,2024-11-13,11537,760,1,5,0.003487867691243688
2024-11-26,600153,val,0.031231016,0.010533869,2021-09-17,2024-11-13,11537,760,1,5,0.003487867691243688
2024-11-26,600548,val,-0.05057199,0.0030355789,2021-09-17,2024-11-13,11537,760,1,5,0.003487867691243688
2024-11-26,600865,val,-0.004170629,-0.012023125,2021-09-17,2024-11-13,11537,760,1,5,0.003487867691243688
2024-11-26,600967,val,-0.028057663,0.012159545,2021-09-17,2024-11-13,11537,760,1,5,0.003487867691243688
2024-11-26,601222,val,-0.0099046985,0.01142168,2021-09-17,2024-11-13,11537,760,1,5,0.003487867691243688
2024-11-26,603237,val,0.12432447,-0.004269313,2021-09-17,2024-11-13,11537,760,1,5,0.003487867691243688
2024-11-26,603335,val,-0.012335793,0.0022720173,2021-09-17,2024-11-13,11537,760,1,5,0.003487867691243688
2024-11-26,603341,val,-0.008494489,0.0015951842,2021-09-17,2024-11-13,11537,760,1,5,0.003487867691243688
2024-11-26,603658,val,-0.030087272,0.007626578,2021-09-17,2024-11-13,11537,760,1,5,0.003487867691243688
2024-11-26,605090,val,-0.008689127,0.010861263,2021-09-17,2024-11-13,11537,760,1,5,0.003487867691243688
2024-11-26,605589,val,0.0437297,0.009007443,2021-09-17,2024-11-13,11537,760,1,5,0.003487867691243688
2024-11-26,688031,val,0.05925507,-0.029361557,2021-09-17,2024-11-13,11537,760,1,5,0.003487867691243688
2024-11-26,688045,val,-0.03609477,0.0056390315,2021-09-17,2024-11-13,11537,760,1,5,0.003487867691243688
2024-11-26,688133,val,0.0067641367,-0.00059718266,2021-09-17,2024-11-13,11537,760,1,5,0.003487867691243688
2024-11-26,688147,val,-0.0011327533,-0.0057600625,2021-09-17,2024-11-13,11537,760,1,5,0.003487867691243688
2024-11-26,688528,val,-0.006808217,0.012125067,2021-09-17,2024-11-13,11537,760,1,5,0.003487867691243688
2024-11-27,600025,val,-0.000640268,0.013959631,2021-09-17,2024-11-13,11537,760,1,5,0.003487867691243688
2024-11-27,600051,val,-0.0058994526,-0.00045114756,2021-09-17,2024-11-13,11537,760,1,5,0.003487867691243688
2024-11-27,600127,val,0.038212422,0.008216411,2021-09-17,2024-11-13,11537,760,1,5,0.003487867691243688
2024-11-27,600153,val,0.0294814,0.011902615,2021-09-17,2024-11-13,11537,760,1,5,0.003487867691243688
2024-11-27,600548,val,-0.004534405,0.004142653,2021-09-17,2024-11-13,11537,760,1,5,0.003487867691243688
2024-11-27,600865,val,0.0068781064,-0.009773685,2021-09-17,2024-11-13,11537,760,1,5,0.003487867691243688
2024-11-27,600967,val,-0.019467004,0.012428556,2021-09-17,2024-11-13,11537,760,1,5,0.003487867691243688
2024-11-27,601222,val,-0.011887994,0.010979764,2021-09-17,2024-11-13,11537,760,1,5,0.003487867691243688
2024-11-27,603237,val,0.014651314,-0.013687134,2021-09-17,2024-11-13,11537,760,1,5,0.003487867691243688
2024-11-27,603335,val,-0.009585458,0.0059068725,2021-09-17,2024-11-13,11537,760,1,5,0.003487867691243688
2024-11-27,603341,val,-0.033293154,0.002708502,2021-09-17,2024-11-13,11537,760,1,5,0.003487867691243688
2024-11-27,603658,val,-0.046406105,0.005448222,2021-09-17,2024-11-13,11537,760,1,5,0.003487867691243688
2024-11-27,605090,val,-0.043198194,0.0024811886,2021-09-17,2024-11-13,11537,760,1,5,0.003487867691243688
2024-11-27,605589,val,0.020510275,0.0062490404,2021-09-17,2024-11-13,11537,760,1,5,0.003487867691243688
2024-11-27,688031,val,0.13121457,-0.023737919,2021-09-17,2024-11-13,11537,760,1,5,0.003487867691243688
2024-11-27,688045,val,-0.03088928,0.006056566,2021-09-17,2024-11-13,11537,760,1,5,0.003487867691243688
2024-11-27,688133,val,-0.024725497,0.0034235455,2021-09-17,2024-11-13,11537,760,1,5,0.003487867691243688
2024-11-27,688147,val,-0.0022527128,-0.0075553562,2021-09-17,2024-11-13,11537,760,1,5,0.003487867691243688
2024-11-27,688528,val,-0.008168567,0.011556499,2021-09-17,2024-11-13,11537,760,1,5,0.003487867691243688
2024-11-28,600025,val,-0.024479564,0.014050417,2021-09-17,2024-11-13,11537,760,1,5,0.003487867691243688
2024-11-28,600051,val,-0.04561559,-0.0037815552,2021-09-17,2024-11-13,11537,760,1,5,0.003487867691243688
2024-11-28,600127,val,-0.0033620691,0.0064320713,2021-09-17,2024-11-13,11537,760,1,5,0.003487867691243688
2024-11-28,600153,val,0.011629026,0.013079662,2021-09-17,2024-11-13,11537,760,1,5,0.003487867691243688
2024-11-28,600548,val,-0.004407865,0.003053546,2021-09-17,2024-11-13,11537,760,1,5,0.003487867691243688
2024-11-28,600865,val,-0.049811903,-0.014514934,2021-09-17,2024-11-13,11537,760,1,5,0.003487867691243688
2024-11-28,600967,val,-0.01461893,0.012627017,2021-09-17,2024-11-13,11537,760,1,5,0.003487867691243688
2024-11-28,601222,val,-0.034347985,0.01173602,2021-09-17,2024-11-13,11537,760,1,5,0.003487867691243688
2024-11-28,603237,val,-0.022695443,-0.025673877,2021-09-17,2024-11-13,11537,760,1,5,0.003487867691243688
2024-11-28,603335,val,-0.020541279,0.007996917,2021-09-17,2024-11-13,11537,760,1,5,0.003487867691243688
2024-11-28,603341,val,-0.026819484,0.0046657696,2021-09-17,2024-11-13,11537,760,1,5,0.003487867691243688
2024-11-28,603658,val,-0.05091391,0.0062153563,2021-09-17,2024-11-13,11537,760,1,5,0.003487867691243688
2024-11-28,605090,val,-0.062920116,0.00094890594,2021-09-17,2024-11-13,11537,760,1,5,0.003487867691243688
2024-11-28,605589,val,-0.013711699,-9.471178e-05,2021-09-17,2024-11-13,11537,760,1,5,0.003487867691243688
2024-11-28,688031,val,0.39296684,-0.00710012,2021-09-17,2024-11-13,11537,760,1,5,0.003487867691243688
2024-11-28,688045,val,-0.0118859075,0.007547222,2021-09-17,2024-11-13,11537,760,1,5,0.003487867691243688
2024-11-28,688133,val,-0.010653382,0.0034211203,2021-09-17,2024-11-13,11537,760,1,5,0.003487867691243688
2024-11-28,688147,val,0.0048391423,-0.006947864,2021-09-17,2024-11-13,11537,760,1,5,0.003487867691243688
2024-11-28,688528,val,-0.012649871,0.011496641,2021-09-17,2024-11-13,11537,760,1,5,0.003487867691243688
2024-11-29,600025,val,-0.018246435,0.0136815645,2021-09-17,2024-11-13,11537,760,1,5,0.003487867691243688
2024-11-29,600051,val,-0.022603072,-0.00078930706,2021-09-17,2024-11-13,11537,760,1,5,0.003487867691243688
2024-11-29,600127,val,0.002679118,0.0077846423,2021-09-17,2024-11-13,11537,760,1,5,0.003487867691243688
2024-11-29,600153,val,-0.0033186665,0.012057252,2021-09-17,2024-11-13,11537,760,1,5,0.003487867691243688
2024-11-29,600548,val,0.028987108,0.0057940856,2021-09-17,2024-11-13,11537,760,1,5,0.003487867691243688
2024-11-29,600865,val,-0.0152732665,-0.015427848,2021-09-17,2024-11-13,11537,760,1,5,0.003487867691243688
2024-11-29,600967,val,-0.010347627,0.013023816,2021-09-17,2024-11-13,11537,760,1,5,0.003487867691243688
2024-11-29,601222,val,-0.04662857,0.0127968155,2021-09-17,2024-11-13,11537,760,1,5,0.003487867691243688
2024-11-29,603237,val,-0.020232685,-0.024854442,2021-09-17,2024-11-13,11537,760,1,5,0.003487867691243688
2024-11-29,603335,val,-0.030571366,0.010392625,2021-09-17,2024-11-13,11537,760,1,5,0.003487867691243688
2024-11-29,603341,val,-0.042323552,0.0039506666,2021-09-17,2024-11-13,11537,760,1,5,0.003487867691243688
2024-11-29,603658,val,-0.05089092,0.0074883737,2021-09-17,2024-11-13,11537,760,1,5,0.003487867691243688
2024-11-29,605090,val,-0.06744571,0.0007693991,2021-09-17,2024-11-13,11537,760,1,5,0.003487867691243688
2024-11-29,605589,val,-0.033803336,-0.0042106584,2021-09-17,2024-11-13,11537,760,1,5,0.003487867691243688
2024-11-29,688031,val,0.35617217,-0.008390207,2021-09-17,2024-11-13,11537,760,1,5,0.003487867691243688
2024-11-29,688045,val,-0.009450788,0.008242652,2021-09-17,2024-11-13,11537,760,1,5,0.003487867691243688
2024-11-29,688133,val,0.0068682786,0.0008503571,2021-09-17,2024-11-13,11537,760,1,5,0.003487867691243688
2024-11-29,688147,val,-0.0059918016,-0.0124144,2021-09-17,2024-11-13,11537,760,1,5,0.003487867691243688
2024-11-29,688528,val,-0.01757888,0.011866566,2021-09-17,2024-11-13,11537,760,1,5,0.003487867691243688
2024-12-02,600025,val,0.0001343474,0.014132243,2021-09-17,2024-11-13,11537,760,1,5,0.003487867691243688
2024-12-02,600051,val,0.04249778,0.0036365762,2021-09-17,2024-11-13,11537,760,1,5,0.003487867691243688
2024-12-02,600127,val,-0.022980299,0.0068299994,2021-09-17,2024-11-13,11537,760,1,5,0.003487867691243688
2024-12-02,600153,val,-0.027081234,0.008915551,2021-09-17,2024-11-13,11537,760,1,5,0.003487867691243688
2024-12-02,600548,val,0.10228575,0.008035738,2021-09-17,2024-11-13,11537,760,1,5,0.003487867691243688
2024-12-02,600865,val,-0.02263359,-0.008359779,2021-09-17,2024-11-13,11537,760,1,5,0.003487867691243688
2024-12-02,600967,val,0.093337744,0.013923284,2021-09-17,2024-11-13,11537,760,1,5,0.003487867691243688
2024-12-02,601222,val,-0.039904334,0.01285439,2021-09-17,2024-11-13,11537,760,1,5,0.003487867691243688
2024-12-02,603237,val,-0.07923876,-0.032295473,2021-09-17,2024-11-13,11537,760,1,5,0.003487867691243688
2024-12-02,603335,val,0.050914302,0.010654349,2021-09-17,2024-11-13,11537,760,1,5,0.003487867691243688
2024-12-02,603341,val,-0.07262104,-0.0012972876,2021-09-17,2024-11-13,11537,760,1,5,0.003487867691243688
2024-12-02,603658,val,-0.04758169,0.009188779,2021-09-17,2024-11-13,11537,760,1,5,0.003487867691243688
2024-12-02,605090,val,-0.055626612,0.0044752136,2021-09-17,2024-11-13,11537,760,1,5,0.003487867691243688
2024-12-02,605589,val,-0.04016914,-0.006924309,2021-09-17,2024-11-13,11537,760,1,5,0.003487867691243688
2024-12-02,688031,val,0.20971705,-0.021520998,2021-09-17,2024-11-13,11537,760,1,5,0.003487867691243688
2024-12-02,688045,val,-0.039233442,0.009877592,2021-09-17,2024-11-13,11537,760,1,5,0.003487867691243688
2024-12-02,688133,val,-0.016967347,0.00030326098,2021-09-17,2024-11-13,11537,760,1,5,0.003487867691243688
2024-12-02,688147,val,-0.025281746,-0.0117113665,2021-09-17,2024-11-13,11537,760,1,5,0.003487867691243688
2024-12-02,688528,val,-0.009567746,0.013260871,2021-09-17,2024-11-13,11537,760,1,5,0.003487867691243688
2024-12-03,600025,val,-0.034341283,0.015360184,2021-09-17,2024-11-13,11537,760,1,5,0.003487867691243688
2024-12-03,600051,val,0.025637394,0.0067452416,2021-09-17,2024-11-13,11537,760,1,5,0.003487867691243688
2024-12-03,600127,val,-0.021731967,0.0076406896,2021-09-17,2024-11-13,11537,760,1,5,0.003487867691243688
2024-12-03,600153,val,-0.049473442,0.0028199516,2021-09-17,2024-11-13,11537,760,1,5,0.003487867691243688
2024-12-03,600548,val,0.060367107,0.009644266,2021-09-17,2024-11-13,11537,760,1,5,0.003487867691243688
2024-12-03,600865,val,0.0023498868,-0.0041485243,2021-09-17,2024-11-13,11537,760,1,5,0.003487867691243688
2024-12-03,600967,val,0.09277323,0.014321808,2021-09-17,2024-11-13,11537,760,1,5,0.003487867691243688
2024-12-03,601222,val,-0.05819047,0.012697786,2021-09-17,2024-11-13,11537,760,1,5,0.003487867691243688
2024-12-03,603237,val,-0.1159138,-0.046362158,2021-09-17,2024-11-13,11537,760,1,5,0.003487867691243688
2024-12-03,603335,val,0.044208825,0.0096884705,2021-09-17,2024-11-13,11537,760,1,5,0.003487867691243688
2024-12-03,603341,val,-0.025029574,-0.00072762,2021-09-17,2024-11-13,11537,760,1,5,0.003487867691243688
2024-12-03,603658,val,-0.048413206,0.01102452,2021-09-17,2024-11-13,11537,760,1,5,0.003487867691243688
2024-12-03,605090,val,-0.052023303,0.005869493,2021-09-17,2024-11-13,11537,760,1,5,0.003487867691243688
2024-12-03,605589,val,-0.048764598,-0.0061024018,2021-09-17,2024-11-13,11537,760,1,5,0.003487867691243688
2024-12-03,688031,val,0.27438778,-0.023788322,2021-09-17,2024-11-13,11537,760,1,5,0.003487867691243688
2024-12-03,688045,val,-0.013535975,0.011136927,2021-09-17,2024-11-13,11537,760,1,5,0.003487867691243688
2024-12-03,688133,val,0.014852505,0.0028512403,2021-09-17,2024-11-13,11537,760,1,5,0.003487867691243688
2024-12-03,688147,val,-0.017998787,-0.011875939,2021-09-17,2024-11-13,11537,760,1,5,0.003487867691243688
2024-12-03,688528,val,-0.0291603,0.013209771,2021-09-17,2024-11-13,11537,760,1,5,0.003487867691243688
2024-12-04,600025,val,-0.05357684,0.014787782,2021-09-17,2024-11-13,11537,760,1,5,0.003487867691243688
2024-12-04,600051,val,0.005041003,0.008034304,2021-09-17,2024-11-13,11537,760,1,5,0.003487867691243688
2024-12-04,600127,val,-0.054548956,0.001325272,2021-09-17,2024-11-13,11537,760,1,5,0.003487867691243688
2024-12-04,600153,val,-0.030910123,0.0028061494,2021-09-17,2024-11-13,11537,760,1,5,0.003487867691243688
2024-12-04,600548,val,0.0016102345,0.0055749305,2021-09-17,2024-11-13,11537,760,1,5,0.003487867691243688
2024-12-04,600865,val,0.07661862,-0.0022813305,2021-09-17,2024-11-13,11537,760,1,5,0.003487867691243688
2024-12-04,600967,val,0.119109906,0.01448366,2021-09-17,2024-11-13,11537,760,1,5,0.003487867691243688
2024-12-04,601222,val,-0.062162258,0.012586638,2021-09-17,2024-11-13,11537,760,1,5,0.003487867691243688
2024-12-04,603237,val,-0.014212211,-0.029648542,2021-09-17,2024-11-13,11537,760,1,5,0.003487867691243688
2024-12-04,603335,val,0.063847154,0.009519994,2021-09-17,2024-11-13,11537,760,1,5,0.003487867691243688
2024-12-04,603341,val,0.023375997,0.0009525977,2021-09-17,2024-11-13,11537,760,1,5,0.003487867691243688
2024-12-04,603658,val,-0.049858775,0.012349982,2021-09-17,2024-11-13,11537,760,1,5,0.003487867691243688
2024-12-04,605090,val,-0.061634637,0.007641837,2021-09-17,2024-11-13,11537,760,1,5,0.003487867691243688
2024-12-04,605589,val,-0.054023247,-0.0032269582,2021-09-17,2024-11-13,11537,760,1,5,0.003487867691243688
2024-12-04,688031,val,0.09697637,-0.037860315,2021-09-17,2024-11-13,11537,760,1,5,0.003487867691243688
2024-12-04,688045,val,-0.006461938,0.011503935,2021-09-17,2024-11-13,11537,760,1,5,0.003487867691243688
2024-12-04,688133,val,0.03010913,0.006183058,2021-09-17,2024-11-13,11537,760,1,5,0.003487867691243688
2024-12-04,688147,val,-0.021685444,-0.009626221,2021-09-17,2024-11-13,11537,760,1,5,0.003487867691243688
2024-12-04,688528,val,-0.0076139783,0.013162695,2021-09-17,2024-11-13,11537,760,1,5,0.003487867691243688
2024-12-05,600025,val,-0.015526906,0.015101615,2021-09-17,2024-11-13,11537,760,1,5,0.003487867691243688
2024-12-05,600051,val,0.06308052,0.009177327,2021-09-17,2024-11-13,11537,760,1,5,0.003487867691243688
2024-12-05,600127,val,-0.013702446,0.001377821,2021-09-17,2024-11-13,11537,760,1,5,0.003487867691243688
2024-12-05,600153,val,-0.016284563,0.004005313,2021-09-17,2024-11-13,11537,760,1,5,0.003487867691243688
2024-12-05,600548,val,-0.00870237,0.001445286,2021-09-17,2024-11-13,11537,760,1,5,0.003487867691243688
2024-12-05,600865,val,0.12587641,0.00024916232,2021-09-17,2024-11-13,11537,760,1,5,0.003487867691243688
2024-12-05,600967,val,0.116181,0.014494158,2021-09-17,2024-11-13,11537,760,1,5,0.003487867691243688
2024-12-05,601222,val,-0.04375709,0.012827098,2021-09-17,2024-11-13,11537,760,1,5,0.003487867691243688
2024-12-05,603237,val,0.016975895,-0.011739206,2021-09-17,2024-11-13,11537,760,1,5,0.003487867691243688
2024-12-05,603335,val,0.045737073,0.008795038,2021-09-17,2024-11-13,11537,760,1,5,0.003487867691243688
2024-12-05,603341,val,-0.010238729,0.0023216456,2021-09-17,2024-11-13,11537,760,1,5,0.003487867691243688
2024-12-05,603658,val,-0.036245137,0.01252313,2021-09-17,2024-11-13,11537,760,1,5,0.003487867691243688
2024-12-05,605090,val,-0.03147085,0.00979805,2021-09-17,2024-11-13,11537,760,1,5,0.003487867691243688
2024-12-05,605589,val,-0.06102752,-0.0007787943,2021-09-17,2024-11-13,11537,760,1,5,0.003487867691243688
2024-12-05,688031,val,-0.09500588,-0.06041251,2021-09-17,2024-11-13,11537,760,1,5,0.003487867691243688
2024-12-05,688045,val,-0.002387618,0.010995176,2021-09-17,2024-11-13,11537,760,1,5,0.003487867691243688
2024-12-05,688133,val,0.027824564,0.005885333,2021-09-17,2024-11-13,11537,760,1,5,0.003487867691243688
2024-12-05,688147,val,-0.043423377,-0.008080559,2021-09-17,2024-11-13,11537,760,1,5,0.003487867691243688
2024-12-05,688528,val,-0.017902981,0.011644341,2021-09-17,2024-11-13,11537,760,1,5,0.003487867691243688
2024-12-06,600025,val,0.014742447,0.015062101,2021-09-17,2024-11-13,11537,760,1,5,0.003487867691243688
2024-12-06,600051,val,0.030674253,0.008964669,2021-09-17,2024-11-13,11537,760,1,5,0.003487867691243688
2024-12-06,600127,val,-0.00040042528,0.0026138723,2021-09-17,2024-11-13,11537,760,1,5,0.003487867691243688
2024-12-06,600153,val,-0.010209414,0.0049795806,2021-09-17,2024-11-13,11537,760,1,5,0.003487867691243688
2024-12-06,600548,val,-0.010042165,-0.0013569482,2021-09-17,2024-11-13,11537,760,1,5,0.003487867691243688
2024-12-06,600865,val,0.043059595,-0.006189652,2021-09-17,2024-11-13,11537,760,1,5,0.003487867691243688
2024-12-06,600967,val,0.10777926,0.014638051,2021-09-17,2024-11-13,11537,760,1,5,0.003487867691243688
2024-12-06,601222,val,-0.03014915,0.012823448,2021-09-17,2024-11-13,11537,760,1,5,0.003487867691243688
2024-12-06,603237,val,0.024796596,0.0026919097,2021-09-17,2024-11-13,11537,760,1,5,0.003487867691243688
2024-12-06,603335,val,0.1311437,0.009775229,2021-09-17,2024-11-13,11537,760,1,5,0.003487867691243688
2024-12-06,603341,val,0.028766168,0.0039533116,2021-09-17,2024-11-13,11537,760,1,5,0.003487867691243688
2024-12-06,603658,val,-0.016207632,0.013623245,2021-09-17,2024-11-13,11537,760,1,5,0.003487867691243688
2024-12-06,605090,val,-0.039435178,0.011123136,2021-09-17,2024-11-13,11537,760,1,5,0.003487867691243688
2024-12-06,605589,val,-0.036814176,0.0023067743,2021-09-17,2024-11-13,11537,760,1,5,0.003487867691243688
2024-12-06,688031,val,-0.13183941,-0.062229834,2021-09-17,2024-11-13,11537,760,1,5,0.003487867691243688
2024-12-06,688045,val,0.0009255874,0.009620294,2021-09-17,2024-11-13,11537,760,1,5,0.003487867691243688
2024-12-06,688133,val,-0.028092293,0.00297888,2021-09-17,2024-11-13,11537,760,1,5,0.003487867691243688
2024-12-06,688147,val,-0.061805423,-0.008918919,2021-09-17,2024-11-13,11537,760,1,5,0.003487867691243688
2024-12-06,688528,val,-0.016892325,0.011543117,2021-09-17,2024-11-13,11537,760,1,5,0.003487867691243688
2024-12-09,600025,val,0.029168509,0.014373101,2021-09-17,2024-11-13,11537,760,1,5,0.003487867691243688
2024-12-09,600051,val,0.0068280837,0.003761258,2021-09-17,2024-11-13,11537,760,1,5,0.003487867691243688
2024-12-09,600127,val,0.045395575,0.005068101,2021-09-17,2024-11-13,11537,760,1,5,0.003487867691243688
2024-12-09,600153,val,0.01123337,0.0062663816,2021-09-17,2024-11-13,11537,760,1,5,0.003487867691243688
2024-12-09,600548,val,0.014231835,-0.0017868951,2021-09-17,2024-11-13,11537,760,1,5,0.003487867691243688
2024-12-09,600865,val,0.09436671,-0.0053626113,2021-09-17,2024-11-13,11537,760,1,5,0.003487867691243688
2024-12-09,600967,val,-0.008230413,0.004592687,2021-09-17,2024-11-13,11537,760,1,5,0.003487867691243688
2024-12-09,601222,val,-0.021849863,0.013013426,2021-09-17,2024-11-13,11537,760,1,5,0.003487867691243688
2024-12-09,603237,val,0.028823791,0.009820122,2021-09-17,2024-11-13,11537,760,1,5,0.003487867691243688
2024-12-09,603335,val,0.012166162,0.0023261458,2021-09-17,2024-11-13,11537,760,1,5,0.003487867691243688
2024-12-09,603341,val,-0.02080096,0.00601653,2021-09-17,2024-11-13,11537,760,1,5,0.003487867691243688
2024-12-09,603658,val,0.009563438,0.014470503,2021-09-17,2024-11-13,11537,760,1,5,0.003487867691243688
2024-12-09,605090,val,-0.008908548,0.012253784,2021-09-17,2024-11-13,11537,760,1,5,0.003487867691243688
2024-12-09,605589,val,-0.038989488,0.003940042,2021-09-17,2024-11-13,11537,760,1,5,0.003487867691243688
2024-12-09,688031,val,-0.07301856,-0.051649656,2021-09-17,2024-11-13,11537,760,1,5,0.003487867691243688
2024-12-09,688045,val,0.0039337277,0.01029177,2021-09-17,2024-11-13,11537,760,1,5,0.003487867691243688
2024-12-09,688133,val,-0.014153872,0.0038962662,2021-09-17,2024-11-13,11537,760,1,5,0.003487867691243688
2024-12-09,688147,val,-0.051884927,-0.0027376786,2021-09-17,2024-11-13,11537,760,1,5,0.003487867691243688
2024-12-09,688528,val,-0.01787457,0.010952786,2021-09-17,2024-11-13,11537,760,1,5,0.003487867691243688
2024-12-10,600025,val,0.06592953,0.013728261,2021-09-17,2024-11-13,11537,760,1,5,0.003487867691243688
2024-12-10,600051,val,-0.0074696187,0.0035875365,2021-09-17,2024-11-13,11537,760,1,5,0.003487867691243688
2024-12-10,600127,val,0.07286448,0.0073545277,2021-09-17,2024-11-13,11537,760,1,5,0.003487867691243688
2024-12-10,600153,val,0.0664378,0.00711935,2021-09-17,2024-11-13,11537,760,1,5,0.003487867691243688
2024-12-10,600548,val,0.08016965,0.0026186705,2021-09-17,2024-11-13,11537,760,1,5,0.003487867691243688
2024-12-10,600865,val,0.032473184,-0.0028288215,2021-09-17,2024-11-13,11537,760,1,5,0.003487867691243688
2024-12-10,600967,val,0.010955634,-0.0065734573,2021-09-17,2024-11-13,11537,760,1,5,0.003487867691243688
2024-12-10,601222,val,0.024962468,0.013009876,2021-09-17,2024-11-13,11537,760,1,5,0.003487867691243688
2024-12-10,603237,val,-0.0044639637,0.010861229,2021-09-17,2024-11-13,11537,760,1,5,0.003487867691243688
2024-12-10,603335,val,-0.020718306,-0.0056164227,2021-09-17,2024-11-13,11537,760,1,5,0.003487867691243688
2024-12-10,603341,val,-0.037251186,0.0067463256,2021-09-17,2024-11-13,11537,760,1,5,0.003487867691243688
2024-12-10,603658,val,0.043240722,0.014760345,2021-09-17,2024-11-13,11537,760,1,5,0.003487867691243688
2024-12-10,605090,val,0.034316204,0.013944447,2021-09-17,2024-11-13,11537,760,1,5,0.003487867691243688
2024-12-10,605589,val,-0.0053948956,0.0063057356,2021-09-17,2024-11-13,11537,760,1,5,0.003487867691243688
2024-12-10,688031,val,-0.15140928,-0.05304291,2021-09-17,2024-11-13,11537,760,1,5,0.003487867691243688
2024-12-10,688045,val,-0.0030141296,0.010582287,2021-09-17,2024-11-13,11537,760,1,5,0.003487867691243688
2024-12-10,688133,val,-0.04507051,0.0028592125,2021-09-17,2024-11-13,11537,760,1,5,0.003487867691243688
2024-12-10,688147,val,-0.036548678,0.000647068,2021-09-17,2024-11-13,11537,760,1,5,0.003487867691243688
2024-12-10,688528,val,-0.12000909,0.010697514,2021-09-17,2024-11-13,11537,760,1,5,0.003487867691243688
2024-12-11,600025,val,0.0663523,0.013189498,2021-09-17,2024-11-13,11537,760,1,5,0.003487867691243688
2024-12-11,600051,val,0.0012134284,0.004751403,2021-09-17,2024-11-13,11537,760,1,5,0.003487867691243688
2024-12-11,600127,val,0.043514673,0.008791521,2021-09-17,2024-11-13,11537,760,1,5,0.003487867691243688
2024-12-11,600153,val,0.07077876,0.0067788363,2021-09-17,2024-11-13,11537,760,1,5,0.003487867691243688
2024-12-11,600548,val,0.079797864,0.0055746846,2021-09-17,2024-11-13,11537,760,1,5,0.003487867691243688
2024-12-11,600865,val,-0.050702337,-0.0156008005,2021-09-17,2024-11-13,11537,760,1,5,0.003487867691243688
2024-12-11,600967,val,-0.00900391,-0.017838495,2021-09-17,2024-11-13,11537,760,1,5,0.003487867691243688
2024-12-11,601222,val,0.028631551,0.013481185,2021-09-17,2024-11-13,11537,760,1,5,0.003487867691243688
2024-12-11,603237,val,-0.039058812,0.0082950555,2021-09-17,2024-11-13,11537,760,1,5,0.003487867691243688
2024-12-11,603335,val,-0.030375093,-0.0076660253,2021-09-17,2024-11-13,11537,760,1,5,0.003487867691243688
2024-12-11,603341,val,-0.04102634,0.0033116043,2021-09-17,2024-11-13,11537,760,1,5,0.003487867691243688
2024-12-11,603658,val,0.071264304,0.014520153,2021-09-17,2024-11-13,11537,760,1,5,0.003487867691243688
2024-12-11,605090,val,0.029407192,0.014243454,2021-09-17,2024-11-13,11537,760,1,5,0.003487867691243688
2024-12-11,605589,val,0.016464682,0.008901592,2021-09-17,2024-11-13,11537,760,1,5,0.003487867691243688
2024-12-11,688031,val,-0.05226366,-0.03958368,2021-09-17,2024-11-13,11537,760,1,5,0.003487867691243688
2024-12-11,688045,val,0.002494494,0.009641159,2021-09-17,2024-11-13,11537,760,1,5,0.003487867691243688
2024-12-11,688133,val,-0.03162698,0.0046351217,2021-09-17,2024-11-13,11537,760,1,5,0.003487867691243688
2024-12-11,688147,val,-0.024616964,0.0033990443,2021-09-17,2024-11-13,11537,760,1,5,0.003487867691243688
2024-12-11,688528,val,-0.13124515,0.009347405,2021-09-17,2024-11-13,11537,760,1,5,0.003487867691243688
2024-12-12,600025,val,0.056566965,-0.009547554,2021-10-26,2024-12-11,11657,760,4,8,0.0021417311897190907
2024-12-12,600051,val,-0.051046457,-0.0060403645,2021-10-26,2024-12-11,11657,760,4,8,0.0021417311897190907
2024-12-12,600127,val,-0.0028948553,-0.00025972724,2021-10-26,2024-12-11,11657,760,4,8,0.0021417311897190907
2024-12-12,600153,val,0.09601719,0.0027036816,2021-10-26,2024-12-11,11657,760,4,8,0.0021417311897190907
2024-12-12,600548,val,0.07433103,0.0031046122,2021-10-26,2024-12-11,11657,760,4,8,0.0021417311897190907
2024-12-12,600865,val,-0.10313256,-0.03230074,2021-10-26,2024-12-11,11657,760,4,8,0.0021417311897190907
2024-12-12,600967,val,-0.002871849,-0.0046782643,2021-10-26,2024-12-11,11657,760,4,8,0.0021417311897190907
2024-12-12,601222,val,0.045880295,-0.006461948,2021-10-26,2024-12-11,11657,760,4,8,0.0021417311897190907
2024-12-12,603237,val,-0.044985607,-0.00748612,2021-10-26,2024-12-11,11657,760,4,8,0.0021417311897190907
2024-12-12,603335,val,0.09464209,0.0009011179,2021-10-26,2024-12-11,11657,760,4,8,0.0021417311897190907
2024-12-12,603341,val,-0.0035430545,-0.0050276965,2021-10-26,2024-12-11,11657,760,4,8,0.0021417311897190907
2024-12-12,603658,val,0.044606585,-3.08007e-05,2021-10-26,2024-12-11,11657,760,4,8,0.0021417311897190907
2024-12-12,605090,val,0.024878018,-0.0024012625,2021-10-26,2024-12-11,11657,760,4,8,0.0021417311897190907
2024-12-12,605589,val,0.036495008,-0.0036256462,2021-10-26,2024-12-11,11657,760,4,8,0.0021417311897190907
2024-12-12,688031,val,-0.04623703,-0.04094237,2021-10-26,2024-12-11,11657,760,4,8,0.0021417311897190907
2024-12-12,688045,val,-0.0059841326,-0.007691376,2021-10-26,2024-12-11,11657,760,4,8,0.0021417311897190907
2024-12-12,688133,val,-0.06592934,-0.0069933534,2021-10-26,2024-12-11,11657,760,4,8,0.0021417311897190907
2024-12-12,688147,val,-0.037345406,-0.007920288,2021-10-26,2024-12-11,11657,760,4,8,0.0021417311897190907
2024-12-12,688528,val,-0.10944689,-0.0027254075,2021-10-26,2024-12-11,11657,760,4,8,0.0021417311897190907
2024-12-13,600025,val,0.018159833,-0.0088086575,2021-10-26,2024-12-11,11657,760,4,8,0.0021417311897190907
2024-12-13,600051,val,-0.043040175,-0.0033089966,2021-10-26,2024-12-11,11657,760,4,8,0.0021417311897190907
2024-12-13,600127,val,-0.026704835,0.000955984,2021-10-26,2024-12-11,11657,760,4,8,0.0021417311897190907
2024-12-13,600153,val,0.06715274,0.003657192,2021-10-26,2024-12-11,11657,760,4,8,0.0021417311897190907
2024-12-13,600548,val,0.054922644,-0.0012177527,2021-10-26,2024-12-11,11657,760,4,8,0.0021417311897190907
2024-12-13,600865,val,-0.09301323,-0.020562664,2021-10-26,2024-12-11,11657,760,4,8,0.0021417311897190907
2024-12-13,600967,val,-0.010201871,0.0021702945,2021-10-26,2024-12-11,11657,760,4,8,0.0021417311897190907
2024-12-13,601222,val,0.0141213825,-0.0039988756,2021-10-26,2024-12-11,11657,760,4,8,0.0021417311897190907
2024-12-13,603237,val,-0.030681144,-0.002791509,2021-10-26,2024-12-11,11657,760,4,8,0.0021417311897190907
2024-12-13,603335,val,0.023612034,-0.009411447,2021-10-26,2024-12-11,11657,760,4,8,0.0021417311897190907
2024-12-13,603341,val,0.026074527,-0.004890576,2021-10-26,2024-12-11,11657,760,4,8,0.0021417311897190907
2024-12-13,603658,val,0.024449497,-0.00035582483,2021-10-26,2024-12-11,11657,760,4,8,0.0021417311897190907
2024-12-13,605090,val,0.036415163,-0.0018926412,2021-10-26,2024-12-11,11657,760,4,8,0.0021417311897190907
2024-12-13,605589,val,0.033591658,-0.0024175942,2021-10-26,2024-12-11,11657,760,4,8,0.0021417311897190907
2024-12-13,688031,val,0.050855838,-0.03268218,2021-10-26,2024-12-11,11657,760,4,8,0.0021417311897190907
2024-12-13,688045,val,0.028775545,-0.0079123825,2021-10-26,2024-12-11,11657,760,4,8,0.0021417311897190907
2024-12-13,688133,val,-0.059720032,-0.0066965967,2021-10-26,2024-12-11,11657,760,4,8,0.0021417311897190907
2024-12-13,688147,val,-0.010397998,-0.0066125095,2021-10-26,2024-12-11,11657,760,4,8,0.0021417311897190907
2024-12-13,688528,val,-0.10437157,-0.002468139,2021-10-26,2024-12-11,11657,760,4,8,0.0021417311897190907
2024-12-16,600025,val,0.03602692,-0.007959917,2021-10-26,2024-12-11,11657,760,4,8,0.0021417311897190907
2024-12-16,600051,val,-0.07851519,-0.0017026514,2021-10-26,2024-12-11,11657,760,4,8,0.0021417311897190907
2024-12-16,600127,val,-0.04811951,-0.00078839064,2021-10-26,2024-12-11,11657,760,4,8,0.0021417311897190907
2024-12-16,600153,val,0.07899203,0.006715998,2021-10-26,2024-12-11,11657,760,4,8,0.0021417311897190907
2024-12-16,600548,val,0.050226465,-0.0026096702,2021-10-26,2024-12-11,11657,760,4,8,0.0021417311897190907
2024-12-16,600865,val,-0.11020254,-0.01530733,2021-10-26,2024-12-11,11657,760,4,8,0.0021417311897190907
2024-12-16,600967,val,0.029155133,0.0072213113,2021-10-26,2024-12-11,11657,760,4,8,0.0021417311897190907
2024-12-16,601222,val,0.04381885,-0.0047354847,2021-10-26,2024-12-11,11657,760,4,8,0.0021417311897190907
2024-12-16,603237,val,-0.040762074,0.00012020767,2021-10-26,2024-12-11,11657,760,4,8,0.0021417311897190907
2024-12-16,603335,val,0.054446157,-0.006027922,2021-10-26,2024-12-11,11657,760,4,8,0.0021417311897190907
2024-12-16,603341,val,0.043865673,-0.0014405847,2021-10-26,2024-12-11,11657,760,4,8,0.0021417311897190907
2024-12-16,603658,val,0.024260696,-0.00021092594,2021-10-26,2024-12-11,11657,760,4,8,0.0021417311897190907
2024-12-16,605090,val,0.042017423,-0.0017007291,2021-10-26,2024-12-11,11657,760,4,8,0.0021417311897190907
2024-12-16,605589,val,0.059724703,-0.00317581,2021-10-26,2024-12-11,11657,760,4,8,0.0021417311897190907
2024-12-16,688031,val,-0.014352742,-0.029837549,2021-10-26,2024-12-11,11657,760,4,8,0.0021417311897190907
2024-12-16,688045,val,0.028002804,-0.00690452,2021-10-26,2024-12-11,11657,760,4,8,0.0021417311897190907
2024-12-16,688133,val,-0.08448621,-0.0062569454,2021-10-26,2024-12-11,11657,760,4,8,0.0021417311897190907
2024-12-16,688147,val,0.012399655,-0.0053160936,2021-10-26,2024-12-11,11657,760,4,8,0.0021417311897190907
2024-12-16,688528,val,-0.12649824,-0.0029217452,2021-10-26,2024-12-11,11657,760,4,8,0.0021417311897190907
2024-12-17,600025,val,0.013805514,-0.0068422332,2021-10-26,2024-12-11,11657,760,4,8,0.0021417311897190907
2024-12-17,600051,val,-0.06469799,-0.0038722008,2021-10-26,2024-12-11,11657,760,4,8,0.0021417311897190907
2024-12-17,600127,val,-0.07793118,0.00057195127,2021-10-26,2024-12-11,11657,760,4,8,0.0021417311897190907
2024-12-17,600153,val,0.022643533,0.0050252974,2021-10-26,2024-12-11,11657,760,4,8,0.0021417311897190907
2024-12-17,600548,val,0.026478676,0.0015570968,2021-10-26,2024-12-11,11657,760,4,8,0.0021417311897190907
2024-12-17,600865,val,-0.07167904,-0.0038565248,2021-10-26,2024-12-11,11657,760,4,8,0.0021417311897190907
2024-12-17,600967,val,0.03526003,0.013855055,2021-10-26,2024-12-11,11657,760,4,8,0.0021417311897190907
2024-12-17,601222,val,0.011315813,-0.005776301,2021-10-26,2024-12-11,11657,760,4,8,0.0021417311897190907
2024-12-17,603237,val,-0.02703325,-0.0020015836,2021-10-26,2024-12-11,11657,760,4,8,0.0021417311897190907
2024-12-17,603335,val,0.09475576,-1.45584345e-05,2021-10-26,2024-12-11,11657,760,4,8,0.0021417311897190907
2024-12-17,603341,val,0.05565341,-0.0025998056,2021-10-26,2024-12-11,11657,760,4,8,0.0021417311897190907
2024-12-17,603658,val,-0.008540705,-0.00041529536,2021-10-26,2024-12-11,11657,760,4,8,0.0021417311897190907
2024-12-17,605090,val,0.0023729189,-0.000880599,2021-10-26,2024-12-11,11657,760,4,8,0.0021417311897190907
2024-12-17,605589,val,0.04915215,-0.0033632815,2021-10-26,2024-12-11,11657,760,4,8,0.0021417311897190907
2024-12-17,688031,val,0.023777967,-0.024516612,2021-10-26,2024-12-11,11657,760,4,8,0.0021417311897190907
2024-12-17,688045,val,0.014413868,-0.005661875,2021-10-26,2024-12-11,11657,760,4,8,0.0021417311897190907
2024-12-17,688133,val,-0.09513888,-0.0049965233,2021-10-26,2024-12-11,11657,760,4,8,0.0021417311897190907
2024-12-17,688147,val,0.0075716637,-0.004717931,2021-10-26,2024-12-11,11657,760,4,8,0.0021417311897190907
2024-12-17,688528,val,-0.012180265,0.0044831187,2021-10-26,2024-12-11,11657,760,4,8,0.0021417311897190907
2024-12-18,600025,val,0.033223346,-0.0024594516,2021-10-26,2024-12-11,11657,760,4,8,0.0021417311897190907
2024-12-18,600051,val,-0.06461371,-0.0019730777,2021-10-26,2024-12-11,11657,760,4,8,0.0021417311897190907
2024-12-18,600127,val,-0.0734956,0.003844142,2021-10-26,2024-12-11,11657,760,4,8,0.0021417311897190907
2024-12-18,600153,val,0.024844425,-0.0039590895,2021-10-26,2024-12-11,11657,760,4,8,0.0021417311897190907
2024-12-18,600548,val,0.05601028,0.0057251006,2021-10-26,2024-12-11,11657,760,4,8,0.0021417311897190907
2024-12-18,600865,val,0.044472802,-0.0005300343,2021-10-26,2024-12-11,11657,760,4,8,0.0021417311897190907
2024-12-18,600967,val,0.019056106,0.01630722,2021-10-26,2024-12-11,11657,760,4,8,0.0021417311897190907
2024-12-18,601222,val,0.020209562,-0.008490875,2021-10-26,2024-12-11,11657,760,4,8,0.0021417311897190907
2024-12-18,603237,val,-0.0057821795,-0.0066070333,2021-10-26,2024-12-11,11657,760,4,8,0.0021417311897190907
2024-12-18,603335,val,0.056280635,0.0014117658,2021-10-26,2024-12-11,11657,760,4,8,0.0021417311897190907
2024-12-18,603341,val,0.05930262,-0.005115375,2021-10-26,2024-12-11,11657,760,4,8,0.0021417311897190907
2024-12-18,603658,val,-0.0062123463,-0.0024291873,2021-10-26,2024-12-11,11657,760,4,8,0.0021417311897190907
2024-12-18,605090,val,0.029176105,-0.0003967136,2021-10-26,2024-12-11,11657,760,4,8,0.0021417311897190907
2024-12-18,605589,val,0.04757008,-0.0030510575,2021-10-26,2024-12-11,11657,760,4,8,0.0021417311897190907
2024-12-18,688031,val,-0.047230873,-0.02927158,2021-10-26,2024-12-11,11657,760,4,8,0.0021417311897190907
2024-12-18,688045,val,-0.019781655,-0.008440018,2021-10-26,2024-12-11,11657,760,4,8,0.0021417311897190907
2024-12-18,688133,val,-0.11825594,-0.0032938272,2021-10-26,2024-12-11,11657,760,4,8,0.0021417311897190907
2024-12-18,688147,val,-0.019400686,-0.004427403,2021-10-26,2024-12-11,11657,760,4,8,0.0021417311897190907
2024-12-18,688528,val,-0.035372972,0.0066627413,2021-10-26,2024-12-11,11657,760,4,8,0.0021417311897190907
2024-12-19,600025,val,-0.0020553954,-0.0008235276,2021-10-26,2024-12-11,11657,760,4,8,0.0021417311897190907
2024-12-19,600051,val,-0.06014686,-0.004222229,2021-10-26,2024-12-11,11657,760,4,8,0.0021417311897190907
2024-12-19,600127,val,-0.033376202,0.0028312653,2021-10-26,2024-12-11,11657,760,4,8,0.0021417311897190907
2024-12-19,600153,val,-0.022006817,-0.0023148805,2021-10-26,2024-12-11,11657,760,4,8,0.0021417311897190907
2024-12-19,600548,val,0.028740741,0.009171441,2021-10-26,2024-12-11,11657,760,4,8,0.0021417311897190907
2024-12-19,600865,val,0.16506237,-0.001459688,2021-10-26,2024-12-11,11657,760,4,8,0.0021417311897190907
2024-12-19,600967,val,-0.0061652143,0.015741661,2021-10-26,2024-12-11,11657,760,4,8,0.0021417311897190907
2024-12-19,601222,val,-0.009112293,-0.008833766,2021-10-26,2024-12-11,11657,760,4,8,0.0021417311897190907
2024-12-19,603237,val,-0.027241593,-0.008063331,2021-10-26,2024-12-11,11657,760,4,8,0.0021417311897190907
2024-12-19,603335,val,0.032818597,0.000539124,2021-10-26,2024-12-11,11657,760,4,8,0.0021417311897190907
2024-12-19,603341,val,0.13040161,-0.004975736,2021-10-26,2024-12-11,11657,760,4,8,0.0021417311897190907
2024-12-19,603658,val,-0.014509371,-0.0026659518,2021-10-26,2024-12-11,11657,760,4,8,0.0021417311897190907
2024-12-19,605090,val,0.014732936,0.0005015433,2021-10-26,2024-12-11,11657,760,4,8,0.0021417311897190907
2024-12-19,605589,val,0.027401686,-0.0023309886,2021-10-26,2024-12-11,11657,760,4,8,0.0021417311897190907
2024-12-19,688031,val,-0.057377942,-0.027670816,2021-10-26,2024-12-11,11657,760,4,8,0.0021417311897190907
2024-12-19,688045,val,-0.0070412215,-0.009122595,2021-10-26,2024-12-11,11657,760,4,8,0.0021417311897190907
2024-12-19,688133,val,-0.11980077,-0.00069768727,2021-10-26,2024-12-11,11657,760,4,8,0.0021417311897190907
2024-12-19,688147,val,-0.004630913,-0.0006290972,2021-10-26,2024-12-11,11657,760,4,8,0.0021417311897190907
2024-12-19,688528,val,-0.03569335,0.008297667,2021-10-26,2024-12-11,11657,760,4,8,0.0021417311897190907
2024-12-20,600025,val,0.018939348,-0.00014737248,2021-10-26,2024-12-11,11657,760,4,8,0.0021417311897190907
2024-12-20,600051,val,-0.033176813,-0.006755516,2021-10-26,2024-12-11,11657,760,4,8,0.0021417311897190907
2024-12-20,600127,val,0.006076109,-0.00019988418,2021-10-26,2024-12-11,11657,760,4,8,0.0021417311897190907
2024-12-20,600153,val,-0.00040794705,0.0043599457,2021-10-26,2024-12-11,11657,760,4,8,0.0021417311897190907
2024-12-20,600548,val,0.054195557,0.010346159,2021-10-26,2024-12-11,11657,760,4,8,0.0021417311897190907
2024-12-20,600865,val,0.13507491,-0.0055142194,2021-10-26,2024-12-11,11657,760,4,8,0.0021417311897190907
2024-12-20,600967,val,0.04483787,0.015192911,2021-10-26,2024-12-11,11657,760,4,8,0.0021417311897190907
2024-12-20,601222,val,0.0078905905,-0.011757612,2021-10-26,2024-12-11,11657,760,4,8,0.0021417311897190907
2024-12-20,603237,val,-0.011239226,-0.008179449,2021-10-26,2024-12-11,11657,760,4,8,0.0021417311897190907
2024-12-20,603335,val,0.011320951,0.00029185414,2021-10-26,2024-12-11,11657,760,4,8,0.0021417311897190907
2024-12-20,603341,val,0.028521787,-0.0073298216,2021-10-26,2024-12-11,11657,760,4,8,0.0021417311897190907
2024-12-20,603658,val,-0.009608834,-0.0009932667,2021-10-26,2024-12-11,11657,760,4,8,0.0021417311897190907
2024-12-20,605090,val,0.016434362,3.6492944e-05,2021-10-26,2024-12-11,11657,760,4,8,0.0021417311897190907
2024-12-20,605589,val,0.018395154,-0.0030991584,2021-10-26,2024-12-11,11657,760,4,8,0.0021417311897190907
2024-12-20,688031,val,-0.15409996,-0.039961576,2021-10-26,2024-12-11,11657,760,4,8,0.0021417311897190907
2024-12-20,688045,val,-0.041455455,-0.014020219,2021-10-26,2024-12-11,11657,760,4,8,0.0021417311897190907
2024-12-20,688133,val,-0.10607975,0.0005585551,2021-10-26,2024-12-11,11657,760,4,8,0.0021417311897190907
2024-12-20,688147,val,0.05556931,-0.0022270232,2021-10-26,2024-12-11,11657,760,4,8,0.0021417311897190907
2024-12-20,688528,val,-0.04118798,0.009230733,2021-10-26,2024-12-11,11657,760,4,8,0.0021417311897190907
2024-12-23,600025,val,-0.0521283,-0.0033483356,2021-10-26,2024-12-11,11657,760,4,8,0.0021417311897190907
2024-12-23,600051,val,-0.025469461,-0.00888899,2021-10-26,2024-12-11,11657,760,4,8,0.0021417311897190907
2024-12-23,600127,val,-0.028880654,-0.004141882,2021-10-26,2024-12-11,11657,760,4,8,0.0021417311897190907
2024-12-23,600153,val,-0.004204003,0.009075329,2021-10-26,2024-12-11,11657,760,4,8,0.0021417311897190907
2024-12-23,600548,val,0.020228015,0.0067723095,2021-10-26,2024-12-11,11657,760,4,8,0.0021417311897190907
2024-12-23,600865,val,0.27256826,-0.010307781,2021-10-26,2024-12-11,11657,760,4,8,0.0021417311897190907
2024-12-23,600967,val,0.00914999,0.008640394,2021-10-26,2024-12-11,11657,760,4,8,0.0021417311897190907
2024-12-23,601222,val,-0.01987161,-0.01128155,2021-10-26,2024-12-11,11657,760,4,8,0.0021417311897190907
2024-12-23,603237,val,0.029755138,-0.0079878345,2021-10-26,2024-12-11,11657,760,4,8,0.0021417311897190907
2024-12-23,603335,val,-0.03802207,0.0037847608,2021-10-26,2024-12-11,11657,760,4,8,0.0021417311897190907
2024-12-23,603341,val,0.106855825,-0.0043016076,2021-10-26,2024-12-11,11657,760,4,8,0.0021417311897190907
2024-12-23,603658,val,-0.025726506,-0.00022514164,2021-10-26,2024-12-11,11657,760,4,8,0.0021417311897190907
2024-12-23,605090,val,-0.012014559,0.0003732592,2021-10-26,2024-12-11,11657,760,4,8,0.0021417311897190907
2024-12-23,605589,val,-0.0051966677,-0.004506707,2021-10-26,2024-12-11,11657,760,4,8,0.0021417311897190907
2024-12-23,688031,val,-0.11004169,-0.029531106,2021-10-26,2024-12-11,11657,760,4,8,0.0021417311897190907
2024-12-23,688045,val,-0.027921952,-0.011388153,2021-10-26,2024-12-11,11657,760,4,8,0.0021417311897190907
2024-12-23,688133,val,-0.09884843,0.0060504526,2021-10-26,2024-12-11,11657,760,4,8,0.0021417311897190907
2024-12-23,688147,val,0.023166835,-0.003083378,2021-10-26,2024-12-11,11657,760,4,8,0.0021417311897190907
2024-12-23,688528,val,-0.0133981425,0.008797035,2021-10-26,2024-12-11,11657,760,4,8,0.0021417311897190907
2024-12-24,600025,val,-0.028514337,-0.0038848221,2021-10-26,2024-12-11,11657,760,4,8,0.0021417311897190907
2024-12-24,600051,val,-0.010613696,-0.008791029,2021-10-26,2024-12-11,11657,760,4,8,0.0021417311897190907
2024-12-24,600127,val,-0.011502484,-0.008594975,2021-10-26,2024-12-11,11657,760,4,8,0.0021417311897190907
2024-12-24,600153,val,0.020761793,0.009034947,2021-10-26,2024-12-11,11657,760,4,8,0.0021417311897190907
2024-12-24,600548,val,0.05250378,-0.0036814362,2021-10-26,2024-12-11,11657,760,4,8,0.0021417311897190907
2024-12-24,600865,val,0.2923399,-0.0110332,2021-10-26,2024-12-11,11657,760,4,8,0.0021417311897190907
2024-12-24,600967,val,-0.020688005,-0.0015310943,2021-10-26,2024-12-11,11657,760,4,8,0.0021417311897190907
2024-12-24,601222,val,-0.011533516,-0.011250377,2021-10-26,2024-12-11,11657,760,4,8,0.0021417311897190907
2024-12-24,603237,val,0.01873945,-0.008027628,2021-10-26,2024-12-11,11657,760,4,8,0.0021417311897190907
2024-12-24,603335,val,-0.029719615,0.001630038,2021-10-26,2024-12-11,11657,760,4,8,0.0021417311897190907
2024-12-24,603341,val,0.0075661154,-0.001574114,2021-10-26,2024-12-11,11657,760,4,8,0.0021417311897190907
2024-12-24,603658,val,-0.015923064,-0.0007055998,2021-10-26,2024-12-11,11657,760,4,8,0.0021417311897190907
2024-12-24,605090,val,0.038535055,0.00034467876,2021-10-26,2024-12-11,11657,760,4,8,0.0021417311897190907
2024-12-24,605589,val,-0.013276063,-0.0055279285,2021-10-26,2024-12-11,11657,760,4,8,0.0021417311897190907
2024-12-24,688031,val,-0.10327302,-0.023709252,2021-10-26,2024-12-11,11657,760,4,8,0.0021417311897190907
2024-12-24,688045,val,-0.048618596,-0.007970348,2021-10-26,2024-12-11,11657,760,4,8,0.0021417311897190907
2024-12-24,688133,val,-0.08752906,0.007159546,2021-10-26,2024-12-11,11657,760,4,8,0.0021417311897190907
2024-12-24,688147,val,-0.029695814,-0.002960831,2021-10-26,2024-12-11,11657,760,4,8,0.0021417311897190907
2024-12-24,688528,val,-0.0195588,0.00821209,2021-10-26,2024-12-11,11657,760,4,8,0.0021417311897190907
2024-12-25,600025,val,-0.047388136,-0.0020082593,2021-10-26,2024-12-11,11657,760,4,8,0.0021417311897190907
2024-12-25,600051,val,0.010871173,-0.007587217,2021-10-26,2024-12-11,11657,760,4,8,0.0021417311897190907
2024-12-25,600127,val,0.0141480565,-0.0115835145,2021-10-26,2024-12-11,11657,760,4,8,0.0021417311897190907
2024-12-25,600153,val,-0.027269684,0.005510941,2021-10-26,2024-12-11,11657,760,4,8,0.0021417311897190907
2024-12-25,600548,val,0.06105883,-0.004852876,2021-10-26,2024-12-11,11657,760,4,8,0.0021417311897190907
2024-12-25,600865,val,0.25199267,-0.024030834,2021-10-26,2024-12-11,11657,760,4,8,0.0021417311897190907
2024-12-25,600967,val,-0.031441342,-1.591444e-05,2021-10-26,2024-12-11,11657,760,4,8,0.0021417311897190907
2024-12-25,601222,val,-0.021023205,-0.010794945,2021-10-26,2024-12-11,11657,760,4,8,0.0021417311897190907
2024-12-25,603237,val,0.056792516,-0.007838041,2021-10-26,2024-12-11,11657,760,4,8,0.0021417311897190907
2024-12-25,603335,val,0.057120875,0.009729162,2021-10-26,2024-12-11,11657,760,4,8,0.0021417311897190907
2024-12-25,603341,val,-0.05590677,-0.0006195009,2021-10-26,2024-12-11,11657,760,4,8,0.0021417311897190907
2024-12-25,603658,val,-0.05007075,-0.0017959923,2021-10-26,2024-12-11,11657,760,4,8,0.0021417311897190907
2024-12-25,605090,val,0.012644144,0.00013366342,2021-10-26,2024-12-11,11657,760,4,8,0.0021417311897190907
2024-12-25,605589,val,-0.014831434,-0.0034690201,2021-10-26,2024-12-11,11657,760,4,8,0.0021417311897190907
2024-12-25,688031,val,-0.096678585,-0.016885862,2021-10-26,2024-12-11,11657,760,4,8,0.0021417311897190907
2024-12-25,688045,val,-0.03943069,-0.0040385127,2021-10-26,2024-12-11,11657,760,4,8,0.0021417311897190907
2024-12-25,688133,val,-0.04838848,0.00792186,2021-10-26,2024-12-11,11657,760,4,8,0.0021417311897190907
2024-12-25,688147,val,-0.0473742,-0.0022038668,2021-10-26,2024-12-11,11657,760,4,8,0.0021417311897190907
2024-12-25,688528,val,0.015175014,0.0036329478,2021-10-26,2024-12-11,11657,760,4,8,0.0021417311897190907
2024-12-26,600025,val,0.027890116,0.00014834106,2021-10-26,2024-12-11,11657,760,4,8,0.0021417311897190907
2024-12-26,600051,val,0.0063366583,-0.0077580065,2021-10-26,2024-12-11,11657,760,4,8,0.0021417311897190907
2024-12-26,600127,val,0.0008590073,-0.012647286,2021-10-26,2024-12-11,11657,760,4,8,0.0021417311897190907
2024-12-26,600153,val,0.022917831,0.0053347796,2021-10-26,2024-12-11,11657,760,4,8,0.0021417311897190907
2024-12-26,600548,val,0.091206074,-0.002382502,2021-10-26,2024-12-11,11657,760,4,8,0.0021417311897190907
2024-12-26,600865,val,0.07778712,-0.031422846,2021-10-26,2024-12-11,11657,760,4,8,0.0021417311897190907
2024-12-26,600967,val,-0.00024512046,0.0008829683,2021-10-26,2024-12-11,11657,760,4,8,0.0021417311897190907
2024-12-26,601222,val,0.03260504,-0.010787234,2021-10-26,2024-12-11,11657,760,4,8,0.0021417311897190907
2024-12-26,603237,val,0.054783344,-0.0074581653,2021-10-26,2024-12-11,11657,760,4,8,0.0021417311897190907
2024-12-26,603335,val,-0.07912673,-0.0015309155,2021-10-26,2024-12-11,11657,760,4,8,0.0021417311897190907
2024-12-26,603341,val,-0.13378364,-0.009686828,2021-10-26,2024-12-11,11657,760,4,8,0.0021417311897190907
2024-12-26,603658,val,0.016886558,-0.002424702,2021-10-26,2024-12-11,11657,760,4,8,0.0021417311897190907
2024-12-26,605090,val,0.06517928,-0.0010332614,2021-10-26,2024-12-11,11657,760,4,8,0.0021417311897190907
2024-12-26,605589,val,0.031862047,-0.004173845,2021-10-26,2024-12-11,11657,760,4,8,0.0021417311897190907
2024-12-26,688031,val,-0.11761141,-0.012918726,2021-10-26,2024-12-11,11657,760,4,8,0.0021417311897190907
2024-12-26,688045,val,-0.075697124,-0.003991559,2021-10-26,2024-12-11,11657,760,4,8,0.0021417311897190907
2024-12-26,688133,val,-0.023935908,0.0068161637,2021-10-26,2024-12-11,11657,760,4,8,0.0021417311897190907
2024-12-26,688147,val,0.02050477,-0.0022604018,2021-10-26,2024-12-11,11657,760,4,8,0.0021417311897190907
2024-12-26,688528,val,-0.018417908,0.003195092,2021-10-26,2024-12-11,11657,760,4,8,0.0021417311897190907
2024-12-27,600025,val,0.037150614,0.0007674396,2021-10-26,2024-12-11,11657,760,4,8,0.0021417311897190907
2024-12-27,600051,val,0.005334274,-0.0073732734,2021-10-26,2024-12-11,11657,760,4,8,0.0021417311897190907
2024-12-27,600127,val,0.005864805,-0.011155665,2021-10-26,2024-12-11,11657,760,4,8,0.0021417311897190907
2024-12-27,600153,val,0.034877103,0.003899917,2021-10-26,2024-12-11,11657,760,4,8,0.0021417311897190907
2024-12-27,600548,val,0.10056148,-0.0037998706,2021-10-26,2024-12-11,11657,760,4,8,0.0021417311897190907
2024-12-27,600865,val,0.028719243,-0.029071003,2021-10-26,2024-12-11,11657,760,4,8,0.0021417311897190907
2024-12-27,600967,val,-0.019667784,-0.0034508705,2021-10-26,2024-12-11,11657,760,4,8,0.0021417311897190907
2024-12-27,601222,val,0.060233884,-0.010759711,2021-10-26,2024-12-11,11657,760,4,8,0.0021417311897190907
2024-12-27,603237,val,0.034696363,-0.006995991,2021-10-26,2024-12-11,11657,760,4,8,0.0021417311897190907
2024-12-27,603335,val,-0.12705192,0.0018295199,2021-10-26,2024-12-11,11657,760,4,8,0.0021417311897190907
2024-12-27,603341,val,-0.07965551,-0.0037482977,2021-10-26,2024-12-11,11657,760,4,8,0.0021417311897190907
2024-12-27,603658,val,0.033476323,-0.0027902126,2021-10-26,2024-12-11,11657,760,4,8,0.0021417311897190907
2024-12-27,605090,val,0.08260299,-0.002017647,2021-10-26,2024-12-11,11657,760,4,8,0.0021417311897190907
2024-12-27,605589,val,0.04186966,-0.0030110627,2021-10-26,2024-12-11,11657,760,4,8,0.0021417311897190907
2024-12-27,688031,val,-0.08583343,-0.0071225837,2021-10-26,2024-12-11,11657,760,4,8,0.0021417311897190907
2024-12-27,688045,val,-0.08841057,-0.004791856,2021-10-26,2024-12-11,11657,760,4,8,0.0021417311897190907
2024-12-27,688133,val,-0.025336113,0.005852878,2021-10-26,2024-12-11,11657,760,4,8,0.0021417311897190907
2024-12-27,688147,val,-0.041952193,-0.009638473,2021-10-26,2024-12-11,11657,760,4,8,0.0021417311897190907
2024-12-27,688528,val,0.0025207852,0.0014958233,2021-10-26,2024-12-11,11657,760,4,8,0.0021417311897190907
2024-12-30,600025,val,0.046019923,-0.0030737668,2021-10-26,2024-12-11,11657,760,4,8,0.0021417311897190907
2024-12-30,600051,val,0.03092682,-0.0071259066,2021-10-26,2024-12-11,11657,760,4,8,0.0021417311897190907
2024-12-30,600127,val,0.03456036,-0.009751976,2021-10-26,2024-12-11,11657,760,4,8,0.0021417311897190907
2024-12-30,600153,val,0.025763461,-8.735061e-05,2021-10-26,2024-12-11,11657,760,4,8,0.0021417311897190907
2024-12-30,600548,val,0.080381036,-0.004619226,2021-10-26,2024-12-11,11657,760,4,8,0.0021417311897190907
2024-12-30,600865,val,-0.12940688,-0.042505056,2021-10-26,2024-12-11,11657,760,4,8,0.0021417311897190907
2024-12-30,600967,val,-0.008665177,-0.00076797605,2021-10-26,2024-12-11,11657,760,4,8,0.0021417311897190907
2024-12-30,601222,val,0.044773217,-0.010075115,2021-10-26,2024-12-11,11657,760,4,8,0.0021417311897190907
2024-12-30,603237,val,0.033116113,-0.0061860085,2021-10-26,2024-12-11,11657,760,4,8,0.0021417311897190907
2024-12-30,603335,val,-0.112425216,0.006997153,2021-10-26,2024-12-11,11657,760,4,8,0.0021417311897190907
2024-12-30,603341,val,-0.10315314,-0.0013305545,2021-10-26,2024-12-11,11657,760,4,8,0.0021417311897190907
2024-12-30,603658,val,0.022132723,-0.0036749095,2021-10-26,2024-12-11,11657,760,4,8,0.0021417311897190907
2024-12-30,605090,val,0.06326485,-0.0031418055,2021-10-26,2024-12-11,11657,760,4,8,0.0021417311897190907
2024-12-30,605589,val,0.037014034,-0.0034223795,2021-10-26,2024-12-11,11657,760,4,8,0.0021417311897190907
2024-12-30,688031,val,-0.06199387,-0.006357953,2021-10-26,2024-12-11,11657,760,4,8,0.0021417311897190907
2024-12-30,688045,val,-0.023404103,-0.00481005,2021-10-26,2024-12-11,11657,760,4,8,0.0021417311897190907
2024-12-30,688133,val,0.025921457,0.0049369186,2021-10-26,2024-12-11,11657,760,4,8,0.0021417311897190907
2024-12-30,688147,val,-0.029177953,-0.008132301,2021-10-26,2024-12-11,11657,760,4,8,0.0021417311897190907
2024-12-30,688528,val,0.024352355,0.0018344373,2021-10-26,2024-12-11,11657,760,4,8,0.0021417311897190907
2024-12-31,600025,val,0.037347175,-0.004151985,2021-10-26,2024-12-11,11657,760,4,8,0.0021417311897190907
2024-12-31,600051,val,0.03433564,-0.0062018335,2021-10-26,2024-12-11,11657,760,4,8,0.0021417311897190907
2024-12-31,600127,val,0.019712873,-0.007993795,2021-10-26,2024-12-11,11657,760,4,8,0.0021417311897190907
2024-12-31,600153,val,0.011427756,-0.0019001812,2021-10-26,2024-12-11,11657,760,4,8,0.0021417311897190907
2024-12-31,600548,val,0.055097483,-0.01136902,2021-10-26,2024-12-11,11657,760,4,8,0.0021417311897190907
2024-12-31,600865,val,-0.12845375,-0.0505189,2021-10-26,2024-12-11,11657,760,4,8,0.0021417311897190907
2024-12-31,600967,val,-0.010131717,-0.0005489886,2021-10-26,2024-12-11,11657,760,4,8,0.0021417311897190907
2024-12-31,601222,val,0.04044089,-0.010472909,2021-10-26,2024-12-11,11657,760,4,8,0.0021417311897190907
2024-12-31,603237,val,0.0555177,-0.0042999834,2021-10-26,2024-12-11,11657,760,4,8,0.0021417311897190907
2024-12-31,603335,val,-0.15170461,0.008231655,2021-10-26,2024-12-11,11657,760,4,8,0.0021417311897190907
2024-12-31,603341,val,-0.055632535,0.007891983,2021-10-26,2024-12-11,11657,760,4,8,0.0021417311897190907
2024-12-31,603658,val,0.015324292,-0.0036433637,2021-10-26,2024-12-11,11657,760,4,8,0.0021417311897190907
2024-12-31,605090,val,0.0032189423,-0.007873043,2021-10-26,2024-12-11,11657,760,4,8,0.0021417311897190907
2024-12-31,605589,val,0.012665409,-0.0052286237,2021-10-26,2024-12-11,11657,760,4,8,0.0021417311897190907
2024-12-31,688031,val,-0.041873205,-0.006544672,2021-10-26,2024-12-11,11657,760,4,8,0.0021417311897190907
2024-12-31,688045,val,0.0027533,-0.0039424896,2021-10-26,2024-12-11,11657,760,4,8,0.0021417311897190907
2024-12-31,688133,val,0.07006774,0.0043429583,2021-10-26,2024-12-11,11657,760,4,8,0.0021417311897190907
2024-12-31,688147,val,-0.010975067,-0.0062567443,2021-10-26,2024-12-11,11657,760,4,8,0.0021417311897190907
2024-12-31,688528,val,0.040861674,0.0016812235,2021-10-26,2024-12-11,11657,760,4,8,0.0021417311897190907
2025-01-02,600025,val,0.034287553,-0.005035624,2021-10-26,2024-12-11,11657,760,4,8,0.0021417311897190907
2025-01-02,600051,val,0.024989827,-0.0054204017,2021-10-26,2024-12-11,11657,760,4,8,0.0021417311897190907
2025-01-02,600127,val,0.018622652,-0.007311791,2021-10-26,2024-12-11,11657,760,4,8,0.0021417311897190907
2025-01-02,600153,val,0.029034704,-0.004757628,2021-10-26,2024-12-11,11657,760,4,8,0.0021417311897190907
2025-01-02,600548,val,0.012699144,-0.014049925,2021-10-26,2024-12-11,11657,760,4,8,0.0021417311897190907
2025-01-02,600865,val,-0.21388327,-0.054230183,2021-10-26,2024-12-11,11657,760,4,8,0.0021417311897190907
2025-01-02,600967,val,0.022721166,-0.0030351132,2021-10-26,2024-12-11,11657,760,4,8,0.0021417311897190907
2025-01-02,601222,val,0.036491074,-0.008981571,2021-10-26,2024-12-11,11657,760,4,8,0.0021417311897190907
2025-01-02,603237,val,0.018009808,-0.005365938,2021-10-26,2024-12-11,11657,760,4,8,0.0021417311897190907
2025-01-02,603335,val,-0.19052657,0.009022057,2021-10-26,2024-12-11,11657,760,4,8,0.0021417311897190907
2025-01-02,603341,val,-0.014231198,0.012384668,2021-10-26,2024-12-11,11657,760,4,8,0.0021417311897190907
2025-01-02,603658,val,0.022907041,-0.0070665926,2021-10-26,2024-12-11,11657,760,4,8,0.0021417311897190907
2025-01-02,605090,val,0.009865382,-0.005753204,2021-10-26,2024-12-11,11657,760,4,8,0.0021417311897190907
2025-01-02,605589,val,0.07771086,-0.0038494766,2021-10-26,2024-12-11,11657,760,4,8,0.0021417311897190907
2025-01-02,688031,val,-0.047226906,-0.00552921,2021-10-26,2024-12-11,11657,760,4,8,0.0021417311897190907
2025-01-02,688045,val,0.025066368,-0.0052582473,2021-10-26,2024-12-11,11657,760,4,8,0.0021417311897190907
2025-01-02,688133,val,0.074771404,0.0042341202,2021-10-26,2024-12-11,11657,760,4,8,0.0021417311897190907
2025-01-02,688147,val,0.034938004,-0.007777691,2021-10-26,2024-12-11,11657,760,4,8,0.0021417311897190907
2025-01-02,688528,val,0.023752969,0.0018150955,2021-10-26,2024-12-11,11657,760,4,8,0.0021417311897190907
2025-01-03,600025,val,0.0048470604,-0.0040617883,2021-10-26,2024-12-11,11657,760,4,8,0.0021417311897190907
2025-01-03,600051,val,0.020506345,-0.0047961026,2021-10-26,2024-12-11,11657,760,4,8,0.0021417311897190907
2025-01-03,600127,val,0.016518543,-0.008516483,2021-10-26,2024-12-11,11657,760,4,8,0.0021417311897190907
2025-01-03,600153,val,-0.0072721886,-0.0053140074,2021-10-26,2024-12-11,11657,760,4,8,0.0021417311897190907
2025-01-03,600548,val,0.018359479,-0.0123698935,2021-10-26,2024-12-11,11657,760,4,8,0.0021417311897190907
2025-01-03,600865,val,-0.20919909,-0.03618227,2021-10-26,2024-12-11,11657,760,4,8,0.0021417311897190907
2025-01-03,600967,val,0.13051645,-0.0034783036,2021-10-26,2024-12-11,11657,760,4,8,0.0021417311897190907
2025-01-03,601222,val,0.007848041,-0.0072161853,2021-10-26,2024-12-11,11657,760,4,8,0.0021417311897190907
2025-01-03,603237,val,0.06681176,-0.0038825423,2021-10-26,2024-12-11,11657,760,4,8,0.0021417311897190907
2025-01-03,603335,val,-0.16503407,0.005066246,2021-10-26,2024-12-11,11657,760,4,8,0.0021417311897190907
2025-01-03,603341,val,-0.01969094,0.009592146,2021-10-26,2024-12-11,11657,760,4,8,0.0021417311897190907
2025-01-03,603658,val,-0.012153048,-0.007917523,2021-10-26,2024-12-11,11657,760,4,8,0.0021417311897190907
2025-01-03,605090,val,-0.017709207,-0.005391106,2021-10-26,2024-12-11,11657,760,4,8,0.0021417311897190907
2025-01-03,605589,val,0.083046444,-0.0074901283,2021-10-26,2024-12-11,11657,760,4,8,0.0021417311897190907
2025-01-03,688031,val,-0.010704216,-0.0024932623,2021-10-26,2024-12-11,11657,760,4,8,0.0021417311897190907
2025-01-03,688045,val,0.055573117,-0.004630834,2021-10-26,2024-12-11,11657,760,4,8,0.0021417311897190907
2025-01-03,688133,val,0.051236954,0.0072336197,2021-10-26,2024-12-11,11657,760,4,8,0.0021417311897190907
2025-01-03,688147,val,-0.043038968,-0.0031597167,2021-10-26,2024-12-11,11657,760,4,8,0.0021417311897190907
2025-01-03,688528,val,0.029537544,0.0017776936,2021-10-26,2024-12-11,11657,760,4,8,0.0021417311897190907
2025-01-06,600025,val,-0.011268428,-0.0033953488,2021-10-26,2024-12-11,11657,760,4,8,0.0021417311897190907
2025-01-06,600051,val,0.018165434,-0.004414603,2021-10-26,2024-12-11,11657,760,4,8,0.0021417311897190907
2025-01-06,600127,val,-0.0017065582,-0.008906297,2021-10-26,2024-12-11,11657,760,4,8,0.0021417311897190907
2025-01-06,600153,val,-0.010345173,-0.004101217,2021-10-26,2024-12-11,11657,760,4,8,0.0021417311897190907
2025-01-06,600548,val,-0.019221071,-0.01055935,2021-10-26,2024-12-11,11657,760,4,8,0.0021417311897190907
2025-01-06,600865,val,-0.14322896,-0.017136492,2021-10-26,2024-12-11,11657,760,4,8,0.0021417311897190907
2025-01-06,600967,val,0.14969811,-0.004853621,2021-10-26,2024-12-11,11657,760,4,8,0.0021417311897190907
2025-01-06,601222,val,-0.020879732,-0.006250277,2021-10-26,2024-12-11,11657,760,4,8,0.0021417311897190907
2025-01-06,603237,val,0.045787252,-0.0041969717,2021-10-26,2024-12-11,11657,760,4,8,0.0021417311897190907
2025-01-06,603335,val,-0.09236877,-0.003099665,2021-10-26,2024-12-11,11657,760,4,8,0.0021417311897190907
2025-01-06,603341,val,-0.043307558,0.0059601814,2021-10-26,2024-12-11,11657,760,4,8,0.0021417311897190907
2025-01-06,603658,val,-0.030097038,-0.007131219,2021-10-26,2024-12-11,11657,760,4,8,0.0021417311897190907
2025-01-06,605090,val,-0.035350703,-0.009289168,2021-10-26,2024-12-11,11657,760,4,8,0.0021417311897190907
2025-01-06,605589,val,0.071060196,-0.009327784,2021-10-26,2024-12-11,11657,760,4,8,0.0021417311897190907
2025-01-06,688031,val,0.0075304755,-0.0034705698,2021-10-26,2024-12-11,11657,760,4,8,0.0021417311897190907
2025-01-06,688045,val,0.068844326,-0.0051808655,2021-10-26,2024-12-11,11657,760,4,8,0.0021417311897190907
2025-01-06,688133,val,0.06913694,0.00829868,2021-10-26,2024-12-11,11657,760,4,8,0.0021417311897190907
2025-01-06,688147,val,-0.036980465,-0.003286019,2021-10-26,2024-12-11,11657,760,4,8,0.0021417311897190907
2025-01-06,688528,val,0.014531712,0.004383698,2021-10-26,2024-12-11,11657,760,4,8,0.0021417311897190907
2025-01-07,600025,val,-0.024461359,-0.0038921386,2021-10-26,2024-12-11,11657,760,4,8,0.0021417311897190907
2025-01-07,600051,val,0.0012529781,-0.0040249377,2021-10-26,2024-12-11,11657,760,4,8,0.0021417311897190907
2025-01-07,600127,val,-0.013263151,-0.007878199,2021-10-26,2024-12-11,11657,760,4,8,0.0021417311897190907
2025-01-07,600153,val,-0.035289582,-0.003060013,2021-10-26,2024-12-11,11657,760,4,8,0.0021417311897190907
2025-01-07,600548,val,-0.039751153,-0.0040255636,2021-10-26,2024-12-11,11657,760,4,8,0.0021417311897190907
2025-01-07,600865,val,-0.066126585,-0.0052158237,2021-10-26,2024-12-11,11657,760,4,8,0.0021417311897190907
2025-01-07,600967,val,0.1470422,-0.0054149777,2021-10-26,2024-12-11,11657,760,4,8,0.0021417311897190907
2025-01-07,601222,val,-0.023959972,-0.005109206,2021-10-26,2024-12-11,11657,760,4,8,0.0021417311897190907
2025-01-07,603237,val,0.060131345,-0.00444822,2021-10-26,2024-12-11,11657,760,4,8,0.0021417311897190907
2025-01-07,603335,val,-0.05741326,-0.0034156144,2021-10-26,2024-12-11,11657,760,4,8,0.0021417311897190907
2025-01-07,603341,val,-0.028603515,0.00258632,2021-10-26,2024-12-11,11657,760,4,8,0.0021417311897190907
2025-01-07,603658,val,-0.040463943,-0.0042098165,2021-10-26,2024-12-11,11657,760,4,8,0.0021417311897190907
2025-01-07,605090,val,-0.024793046,-0.0034537017,2021-10-26,2024-12-11,11657,760,4,8,0.0021417311897190907
2025-01-07,605589,val,0.077281006,-0.0055820793,2021-10-26,2024-12-11,11657,760,4,8,0.0021417311897190907
2025-01-07,688031,val,-0.0012090304,-0.004714474,2021-10-26,2024-12-11,11657,760,4,8,0.0021417311897190907
2025-01-07,688045,val,0.013575816,-0.00847704,2021-10-26,2024-12-11,11657,760,4,8,0.0021417311897190907
2025-01-07,688133,val,0.05043471,0.009757876,2021-10-26,2024-12-11,11657,760,4,8,0.0021417311897190907
2025-01-07,688147,val,-0.013263151,-0.0040293187,2021-10-26,2024-12-11,11657,760,4,8,0.0021417311897190907
2025-01-07,688528,val,0.018879706,0.00512664,2021-10-26,2024-12-11,11657,760,4,8,0.0021417311897190907
2025-01-08,600025,val,-0.039925076,-0.0028977543,2021-10-26,2024-12-11,11657,760,4,8,0.0021417311897190907
2025-01-08,600051,val,0.008818405,-0.0023167133,2021-10-26,2024-12-11,11657,760,4,8,0.0021417311897190907
2025-01-08,600127,val,-0.013886042,-0.0061347187,2021-10-26,2024-12-11,11657,760,4,8,0.0021417311897190907
2025-01-08,600153,val,-0.01545344,-0.0025204867,2021-10-26,2024-12-11,11657,760,4,8,0.0021417311897190907
2025-01-08,600548,val,-0.04772142,-0.0022708476,2021-10-26,2024-12-11,11657,760,4,8,0.0021417311897190907
2025-01-08,600865,val,-0.067233376,-0.0009845346,2021-10-26,2024-12-11,11657,760,4,8,0.0021417311897190907
2025-01-08,600967,val,0.16284113,-0.007528648,2021-10-26,2024-12-11,11657,760,4,8,0.0021417311897190907
2025-01-08,601222,val,-0.023141017,-0.0039672703,2021-10-26,2024-12-11,11657,760,4,8,0.0021417311897190907
2025-01-08,603237,val,0.00044661676,-0.00444825,2021-10-26,2024-12-11,11657,760,4,8,0.0021417311897190907
2025-01-08,603335,val,-0.024734182,-0.005125731,2021-10-26,2024-12-11,11657,760,4,8,0.0021417311897190907
2025-01-08,603341,val,-0.024373163,0.0021293014,2021-10-26,2024-12-11,11657,760,4,8,0.0021417311897190907
2025-01-08,603658,val,-0.042710256,-0.0036376566,2021-10-26,2024-12-11,11657,760,4,8,0.0021417311897190907
2025-01-08,605090,val,-0.033542797,-0.0013971478,2021-10-26,2024-12-11,11657,760,4,8,0.0021417311897190907
2025-01-08,605589,val,0.10545103,-0.008191869,2021-10-26,2024-12-11,11657,760,4,8,0.0021417311897190907
2025-01-08,688031,val,-0.00347007,-0.0029786378,2021-10-26,2024-12-11,11657,760,4,8,0.0021417311897190907
2025-01-08,688045,val,0.03370481,-0.0043673664,2021-10-26,2024-12-11,11657,760,4,8,0.0021417311897190907
2025-01-08,688133,val,0.015968831,0.008955732,2021-10-26,2024-12-11,11657,760,4,8,0.0021417311897190907
2025-01-08,688147,val,0.00200778,-0.0048187077,2021-10-26,2024-12-11,11657,760,4,8,0.0021417311897190907
2025-01-08,688528,val,0.0069522206,0.008516416,2021-10-26,2024-12-11,11657,760,4,8,0.0021417311897190907
2025-01-09,600025,val,-0.031937767,-0.003649041,2021-10-26,2024-12-11,11657,760,4,8,0.0021417311897190907
2025-01-09,600051,val,0.012609844,-0.0014547557,2021-10-26,2024-12-11,11657,760,4,8,0.0021417311897190907
2025-01-09,600127,val,-0.015299038,-0.004742399,2021-10-26,2024-12-11,11657,760,4,8,0.0021417311897190907
2025-01-09,600153,val,-0.019538892,-0.002540484,2021-10-26,2024-12-11,11657,760,4,8,0.0021417311897190907
2025-01-09,600548,val,-0.04282869,-0.0014299005,2021-10-26,2024-12-11,11657,760,4,8,0.0021417311897190907
2025-01-09,600865,val,0.021972332,0.0015313178,2021-10-26,2024-12-11,11657,760,4,8,0.0021417311897190907
2025-01-09,600967,val,0.11822808,-0.008559227,2021-10-26,2024-12-11,11657,760,4,8,0.0021417311897190907
2025-01-09,601222,val,-0.010672809,-0.004244834,2021-10-26,2024-12-11,11657,760,4,8,0.0021417311897190907
2025-01-09,603237,val,-0.004623283,-0.001099512,2021-10-26,2024-12-11,11657,760,4,8,0.0021417311897190907
2025-01-09,603335,val,-0.009894607,-0.006209299,2021-10-26,2024-12-11,11657,760,4,8,0.0021417311897190907
2025-01-09,603341,val,-0.02603892,0.002696678,2021-10-26,2024-12-11,11657,760,4,8,0.0021417311897190907
2025-01-09,603658,val,-0.04550423,-0.004110083,2021-10-26,2024-12-11,11657,760,4,8,0.0021417311897190907
2025-01-09,605090,val,-0.034618303,-0.002246499,2021-10-26,2024-12-11,11657,760,4,8,0.0021417311897190907
2025-01-09,605589,val,0.038087767,-0.024987295,2021-10-26,2024-12-11,11657,760,4,8,0.0021417311897190907
2025-01-09,688031,val,0.03163489,-0.0014258325,2021-10-26,2024-12-11,11657,760,4,8,0.0021417311897190907
2025-01-09,688045,val,-0.0032880493,-0.0021712333,2021-10-26,2024-12-11,11657,760,4,8,0.0021417311897190907
2025-01-09,688133,val,0.0016112943,0.008057848,2021-10-26,2024-12-11,11657,760,4,8,0.0021417311897190907
2025-01-09,688147,val,0.010243855,-0.0028915405,2021-10-26,2024-12-11,11657,760,4,8,0.0021417311897190907
2025-01-09,688528,val,0.0098565295,0.008533388,2021-10-26,2024-12-11,11657,760,4,8,0.0021417311897190907
2025-01-10,600025,val,-0.044196688,0.0022592386,2021-11-23,2025-01-09,11777,760,3,7,0.0016512830431262653
2025-01-10,600051,val,0.01933205,0.0012834053,2021-11-23,2025-01-09,11777,760,3,7,0.0016512830431262653
2025-01-10,600127,val,-0.0071142707,0.0003871899,2021-11-23,2025-01-09,11777,760,3,7,0.0016512830431262653
2025-01-10,600153,val,0.01934749,0.0036985762,2021-11-23,2025-01-09,11777,760,3,7,0.0016512830431262653
2025-01-10,600548,val,-0.07624029,-0.0003770534,2021-11-23,2025-01-09,11777,760,3,7,0.0016512830431262653
2025-01-10,600865,val,0.018482186,0.012665369,2021-11-23,2025-01-09,11777,760,3,7,0.0016512830431262653
2025-01-10,600967,val,0.008469867,-0.009194955,2021-11-23,2025-01-09,11777,760,3,7,0.0016512830431262653
2025-01-10,601222,val,0.00652066,0.0030588415,2021-11-23,2025-01-09,11777,760,3,7,0.0016512830431262653
2025-01-10,603237,val,-0.059183296,-0.001567441,2021-11-23,2025-01-09,11777,760,3,7,0.0016512830431262653
2025-01-10,603335,val,0.0010009249,0.0005516922,2021-11-23,2025-01-09,11777,760,3,7,0.0016512830431262653
2025-01-10,603341,val,-0.005174456,0.00534265,2021-11-23,2025-01-09,11777,760,3,7,0.0016512830431262653
2025-01-10,603658,val,-0.03792941,0.0032059895,2021-11-23,2025-01-09,11777,760,3,7,0.0016512830431262653
2025-01-10,605090,val,-0.03160087,0.0036429968,2021-11-23,2025-01-09,11777,760,3,7,0.0016512830431262653
2025-01-10,605589,val,0.0071335365,-0.029142786,2021-11-23,2025-01-09,11777,760,3,7,0.0016512830431262653
2025-01-10,688031,val,0.03542984,0.0038472246,2021-11-23,2025-01-09,11777,760,3,7,0.0016512830431262653
2025-01-10,688045,val,0.033130188,0.0005587954,2021-11-23,2025-01-09,11777,760,3,7,0.0016512830431262653
2025-01-10,688133,val,0.039367322,0.0015750388,2021-11-23,2025-01-09,11777,760,3,7,0.0016512830431262653
2025-01-10,688147,val,0.04699581,-0.000682842,2021-11-23,2025-01-09,11777,760,3,7,0.0016512830431262653
2025-01-10,688528,val,0.026229402,0.0038276222,2021-11-23,2025-01-09,11777,760,3,7,0.0016512830431262653
2025-01-13,600025,val,-0.054129764,0.003377718,2021-11-23,2025-01-09,11777,760,3,7,0.0016512830431262653
2025-01-13,600051,val,0.022041826,0.00033664703,2021-11-23,2025-01-09,11777,760,3,7,0.0016512830431262653
2025-01-13,600127,val,-0.028427895,0.0012280103,2021-11-23,2025-01-09,11777,760,3,7,0.0016512830431262653
2025-01-13,600153,val,0.005831277,0.003278466,2021-11-23,2025-01-09,11777,760,3,7,0.0016512830431262653
2025-01-13,600548,val,-0.061130572,6.7625195e-05,2021-11-23,2025-01-09,11777,760,3,7,0.0016512830431262653
2025-01-13,600865,val,0.023523798,0.01465607,2021-11-23,2025-01-09,11777,760,3,7,0.0016512830431262653
2025-01-13,600967,val,-0.03592949,-0.047707785,2021-11-23,2025-01-09,11777,760,3,7,0.0016512830431262653
2025-01-13,601222,val,0.014352623,0.0031534983,2021-11-23,2025-01-09,11777,760,3,7,0.0016512830431262653
2025-01-13,603237,val,-0.05523607,0.00079172384,2021-11-23,2025-01-09,11777,760,3,7,0.0016512830431262653
2025-01-13,603335,val,0.020743124,0.0009824457,2021-11-23,2025-01-09,11777,760,3,7,0.0016512830431262653
2025-01-13,603341,val,0.0066360743,0.0044952203,2021-11-23,2025-01-09,11777,760,3,7,0.0016512830431262653
2025-01-13,603658,val,-0.041664828,0.004249801,2021-11-23,2025-01-09,11777,760,3,7,0.0016512830431262653
2025-01-13,605090,val,-0.032778077,0.00465433,2021-11-23,2025-01-09,11777,760,3,7,0.0016512830431262653
2025-01-13,605589,val,0.048544664,-0.012778513,2021-11-23,2025-01-09,11777,760,3,7,0.0016512830431262653
2025-01-13,688031,val,0.014909575,0.0034565227,2021-11-23,2025-01-09,11777,760,3,7,0.0016512830431262653
2025-01-13,688045,val,0.074441716,-0.0013524648,2021-11-23,2025-01-09,11777,760,3,7,0.0016512830431262653
2025-01-13,688133,val,0.015609818,0.0012171753,2021-11-23,2025-01-09,11777,760,3,7,0.0016512830431262653
2025-01-13,688147,val,0.02075506,-0.00074927136,2021-11-23,2025-01-09,11777,760,3,7,0.0016512830431262653
2025-01-13,688528,val,0.041907147,0.003522601,2021-11-23,2025-01-09,11777,760,3,7,0.0016512830431262653
2025-01-14,600025,val,-0.039636653,0.0035576047,2021-11-23,2025-01-09,11777,760,3,7,0.0016512830431262653
2025-01-14,600051,val,0.0043563093,0.0005540792,2021-11-23,2025-01-09,11777,760,3,7,0.0016512830431262653
2025-01-14,600127,val,-0.0316969,0.0024095038,2021-11-23,2025-01-09,11777,760,3,7,0.0016512830431262653
2025-01-14,600153,val,-0.0023342047,0.003013907,2021-11-23,2025-01-09,11777,760,3,7,0.0016512830431262653
2025-01-14,600548,val,-0.041130044,0.0013201395,2021-11-23,2025-01-09,11777,760,3,7,0.0016512830431262653
2025-01-14,600865,val,0.11667376,0.013595673,2021-11-23,2025-01-09,11777,760,3,7,0.0016512830431262653
2025-01-14,600967,val,-0.034458432,-0.04584939,2021-11-23,2025-01-09,11777,760,3,7,0.0016512830431262653
2025-01-14,601222,val,0.02389441,0.004543476,2021-11-23,2025-01-09,11777,760,3,7,0.0016512830431262653
2025-01-14,603237,val,-0.06920877,-0.007931551,2021-11-23,2025-01-09,11777,760,3,7,0.0016512830431262653
2025-01-14,603335,val,-0.023959467,0.00031278003,2021-11-23,2025-01-09,11777,760,3,7,0.0016512830431262653
2025-01-14,603341,val,0.05392495,0.0015292708,2021-11-23,2025-01-09,11777,760,3,7,0.0016512830431262653
2025-01-14,603658,val,-0.027431302,0.005861484,2021-11-23,2025-01-09,11777,760,3,7,0.0016512830431262653
2025-01-14,605090,val,-0.013555153,0.0052526398,2021-11-23,2025-01-09,11777,760,3,7,0.0016512830431262653
2025-01-14,605589,val,0.04867309,0.002542086,2021-11-23,2025-01-09,11777,760,3,7,0.0016512830431262653
2025-01-14,688031,val,-0.025173707,0.0013210308,2021-11-23,2025-01-09,11777,760,3,7,0.0016512830431262653
2025-01-14,688045,val,0.0636908,-0.00060658157,2021-11-23,2025-01-09,11777,760,3,7,0.0016512830431262653
2025-01-14,688133,val,-0.02320066,0.0018264921,2021-11-23,2025-01-09,11777,760,3,7,0.0016512830431262653
2025-01-14,688147,val,-0.00046190733,-0.0014030384,2021-11-23,2025-01-09,11777,760,3,7,0.0016512830431262653
2025-01-14,688528,val,0.021033887,0.0070074373,2021-11-23,2025-01-09,11777,760,3,7,0.0016512830431262653
2025-01-15,600025,val,-0.0202128,0.0024180124,2021-11-23,2025-01-09,11777,760,3,7,0.0016512830431262653
2025-01-15,600051,val,-0.0131101,0.0011101384,2021-11-23,2025-01-09,11777,760,3,7,0.0016512830431262653
2025-01-15,600127,val,-0.022470104,0.0028040567,2021-11-23,2025-01-09,11777,760,3,7,0.0016512830431262653
2025-01-15,600153,val,-0.04534877,0.0026858216,2021-11-23,2025-01-09,11777,760,3,7,0.0016512830431262653
2025-01-15,600548,val,-0.045676168,-0.0003127409,2021-11-23,2025-01-09,11777,760,3,7,0.0016512830431262653
2025-01-15,600865,val,0.12656823,0.008273043,2021-11-23,2025-01-09,11777,760,3,7,0.0016512830431262653
2025-01-15,600967,val,-0.063678615,-0.03776566,2021-11-23,2025-01-09,11777,760,3,7,0.0016512830431262653
2025-01-15,601222,val,0.0377718,0.004876986,2021-11-23,2025-01-09,11777,760,3,7,0.0016512830431262653
2025-01-15,603237,val,-0.040135004,-0.0008753715,2021-11-23,2025-01-09,11777,760,3,7,0.0016512830431262653
2025-01-15,603335,val,-0.021660144,-1.8134713e-05,2021-11-23,2025-01-09,11777,760,3,7,0.0016512830431262653
2025-01-15,603341,val,0.062049456,5.2746385e-05,2021-11-23,2025-01-09,11777,760,3,7,0.0016512830431262653
2025-01-15,603658,val,-0.015349,0.006424266,2021-11-23,2025-01-09,11777,760,3,7,0.0016512830431262653
2025-01-15,605090,val,0.016481895,0.005298935,2021-11-23,2025-01-09,11777,760,3,7,0.0016512830431262653
2025-01-15,605589,val,0.07485802,0.012885749,2021-11-23,2025-01-09,11777,760,3,7,0.0016512830431262653
2025-01-15,688031,val,-0.050066542,-0.00053907465,2021-11-23,2025-01-09,11777,760,3,7,0.0016512830431262653
2025-01-15,688045,val,0.046532128,0.002371502,2021-11-23,2025-01-09,11777,760,3,7,0.0016512830431262653
2025-01-15,688133,val,-0.017967645,0.00297378,2021-11-23,2025-01-09,11777,760,3,7,0.0016512830431262653
2025-01-15,688147,val,-0.015937133,-0.0010993984,2021-11-23,2025-01-09,11777,760,3,7,0.0016512830431262653
2025-01-15,688528,val,0.0073504956,0.00971078,2021-11-23,2025-01-09,11777,760,3,7,0.0016512830431262653
2025-01-16,600025,val,-0.020873114,0.0017273203,2021-11-23,2025-01-09,11777,760,3,7,0.0016512830431262653
2025-01-16,600051,val,-0.008084148,0.0012406241,2021-11-23,2025-01-09,11777,760,3,7,0.0016512830431262653
2025-01-16,600127,val,-0.017386384,0.0030909004,2021-11-23,2025-01-09,11777,760,3,7,0.0016512830431262653
2025-01-16,600153,val,0.00062256865,0.003905205,2021-11-23,2025-01-09,11777,760,3,7,0.0016512830431262653
2025-01-16,600548,val,-0.03219452,-0.0005611256,2021-11-23,2025-01-09,11777,760,3,7,0.0016512830431262653
2025-01-16,600865,val,0.0239439,0.0005463939,2021-11-23,2025-01-09,11777,760,3,7,0.0016512830431262653
2025-01-16,600967,val,-0.019620167,-0.0121374205,2021-11-23,2025-01-09,11777,760,3,7,0.0016512830431262653
2025-01-16,601222,val,0.031628843,0.0047664046,2021-11-23,2025-01-09,11777,760,3,7,0.0016512830431262653
2025-01-16,603237,val,-0.045142595,0.0056878487,2021-11-23,2025-01-09,11777,760,3,7,0.0016512830431262653
2025-01-16,603335,val,-0.03261379,-4.913844e-05,2021-11-23,2025-01-09,11777,760,3,7,0.0016512830431262653
2025-01-16,603341,val,0.04360385,0.00024731178,2021-11-23,2025-01-09,11777,760,3,7,0.0016512830431262653
2025-01-16,603658,val,-0.01037779,0.007154209,2021-11-23,2025-01-09,11777,760,3,7,0.0016512830431262653
2025-01-16,605090,val,0.02383676,0.0056169513,2021-11-23,2025-01-09,11777,760,3,7,0.0016512830431262653
2025-01-16,605589,val,0.04775359,0.014083589,2021-11-23,2025-01-09,11777,760,3,7,0.0016512830431262653
2025-01-16,688031,val,-0.016059054,-0.0014795028,2021-11-23,2025-01-09,11777,760,3,7,0.0016512830431262653
2025-01-16,688045,val,0.056945395,0.0027391473,2021-11-23,2025-01-09,11777,760,3,7,0.0016512830431262653
2025-01-16,688133,val,-0.0065606176,0.0038556457,2021-11-23,2025-01-09,11777,760,3,7,0.0016512830431262653
2025-01-16,688147,val,-0.023761015,-0.0010683779,2021-11-23,2025-01-09,11777,760,3,7,0.0016512830431262653
2025-01-16,688528,val,0.004338302,0.008459154,2021-11-23,2025-01-09,11777,760,3,7,0.0016512830431262653
2025-01-17,600025,val,-0.0326343,0.0013294471,2021-11-23,2025-01-09,11777,760,3,7,0.0016512830431262653
2025-01-17,600051,val,-0.016441999,0.0024020672,2021-11-23,2025-01-09,11777,760,3,7,0.0016512830431262653
2025-01-17,600127,val,-0.027367959,0.0039738286,2021-11-23,2025-01-09,11777,760,3,7,0.0016512830431262653
2025-01-17,600153,val,-0.034252558,0.0011413014,2021-11-23,2025-01-09,11777,760,3,7,0.0016512830431262653
2025-01-17,600548,val,-0.030156275,0.0013014525,2021-11-23,2025-01-09,11777,760,3,7,0.0016512830431262653
2025-01-17,600865,val,0.058742266,-0.0013721781,2021-11-23,2025-01-09,11777,760,3,7,0.0016512830431262653
2025-01-17,600967,val,-0.044630095,0.00207825,2021-11-23,2025-01-09,11777,760,3,7,0.0016512830431262653
2025-01-17,601222,val,-0.0034060238,0.0046717953,2021-11-23,2025-01-09,11777,760,3,7,0.0016512830431262653
2025-01-17,603237,val,-0.04163258,0.009259031,2021-11-23,2025-01-09,11777,760,3,7,0.0016512830431262653
2025-01-17,603335,val,-0.014090938,-0.0014880486,2021-11-23,2025-01-09,11777,760,3,7,0.0016512830431262653
2025-01-17,603341,val,0.05961633,-0.0002845414,2021-11-23,2025-01-09,11777,760,3,7,0.0016512830431262653
2025-01-17,603658,val,-0.020909075,0.0071639842,2021-11-23,2025-01-09,11777,760,3,7,0.0016512830431262653
2025-01-17,605090,val,-0.00931775,0.006352448,2021-11-23,2025-01-09,11777,760,3,7,0.0016512830431262653
2025-01-17,605589,val,0.02211838,0.012903056,2021-11-23,2025-01-09,11777,760,3,7,0.0016512830431262653
2025-01-17,688031,val,0.1491499,-0.0022508008,2021-11-23,2025-01-09,11777,760,3,7,0.0016512830431262653
2025-01-17,688045,val,0.03217955,0.00058955513,2021-11-23,2025-01-09,11777,760,3,7,0.0016512830431262653
2025-01-17,688133,val,-0.032138195,0.0035596397,2021-11-23,2025-01-09,11777,760,3,7,0.0016512830431262653
2025-01-17,688147,val,-0.023894817,-0.0009241523,2021-11-23,2025-01-09,11777,760,3,7,0.0016512830431262653
2025-01-17,688528,val,0.009066149,0.007887025,2021-11-23,2025-01-09,11777,760,3,7,0.0016512830431262653
2025-01-20,600025,val,0.017185902,0.0029901285,2021-11-23,2025-01-09,11777,760,3,7,0.0016512830431262653
2025-01-20,600051,val,-0.0012472768,0.00058288034,2021-11-23,2025-01-09,11777,760,3,7,0.0016512830431262653
2025-01-20,600127,val,0.004973563,0.0043969825,2021-11-23,2025-01-09,11777,760,3,7,0.0016512830431262653
2025-01-20,600153,val,-0.008889198,0.0039375545,2021-11-23,2025-01-09,11777,760,3,7,0.0016512830431262653
2025-01-20,600548,val,-0.025605835,0.0022959076,2021-11-23,2025-01-09,11777,760,3,7,0.0016512830431262653
2025-01-20,600865,val,-0.025029836,-0.00031612068,2021-11-23,2025-01-09,11777,760,3,7,0.0016512830431262653
2025-01-20,600967,val,-0.03704146,0.011549543,2021-11-23,2025-01-09,11777,760,3,7,0.0016512830431262653
2025-01-20,601222,val,0.013349089,0.0052242563,2021-11-23,2025-01-09,11777,760,3,7,0.0016512830431262653
2025-01-20,603237,val,-0.011532991,0.0071968385,2021-11-23,2025-01-09,11777,760,3,7,0.0016512830431262653
2025-01-20,603335,val,-0.024235783,-0.0013100244,2021-11-23,2025-01-09,11777,760,3,7,0.0016512830431262653
2025-01-20,603341,val,0.08795923,-0.0015867893,2021-11-23,2025-01-09,11777,760,3,7,0.0016512830431262653
2025-01-20,603658,val,-0.009420968,0.0070937974,2021-11-23,2025-01-09,11777,760,3,7,0.0016512830431262653
2025-01-20,605090,val,0.019081645,0.0060747876,2021-11-23,2025-01-09,11777,760,3,7,0.0016512830431262653
2025-01-20,605589,val,-0.028873736,0.010986403,2021-11-23,2025-01-09,11777,760,3,7,0.0016512830431262653
2025-01-20,688031,val,0.13257268,-0.0024764305,2021-11-23,2025-01-09,11777,760,3,7,0.0016512830431262653
2025-01-20,688045,val,-0.017823527,-0.015106136,2021-11-23,2025-01-09,11777,760,3,7,0.0016512830431262653
2025-01-20,688133,val,-0.03259524,0.00469755,2021-11-23,2025-01-09,11777,760,3,7,0.0016512830431262653
2025-01-20,688147,val,-0.041409485,-0.0011220677,2021-11-23,2025-01-09,11777,760,3,7,0.0016512830431262653
2025-01-20,688528,val,-0.011416769,0.0023434013,2021-11-23,2025-01-09,11777,760,3,7,0.0016512830431262653
2025-01-21,600025,val,0.018139586,0.0052018147,2021-11-23,2025-01-09,11777,760,3,7,0.0016512830431262653
2025-01-21,600051,val,0.008518296,0.001622621,2021-11-23,2025-01-09,11777,760,3,7,0.0016512830431262653
2025-01-21,600127,val,0.01641657,0.003828085,2021-11-23,2025-01-09,11777,760,3,7,0.0016512830431262653
2025-01-21,600153,val,-0.00929314,0.00514142,2021-11-23,2025-01-09,11777,760,3,7,0.0016512830431262653
2025-01-21,600548,val,-0.029694641,0.0043625534,2021-11-23,2025-01-09,11777,760,3,7,0.0016512830431262653
2025-01-21,600865,val,-0.12980616,-0.005315013,2021-11-23,2025-01-09,11777,760,3,7,0.0016512830431262653
2025-01-21,600967,val,-0.01606054,0.013066966,2021-11-23,2025-01-09,11777,760,3,7,0.0016512830431262653
2025-01-21,601222,val,-0.0040410883,0.005255563,2021-11-23,2025-01-09,11777,760,3,7,0.0016512830431262653
2025-01-21,603237,val,-0.03657015,0.004316129,2021-11-23,2025-01-09,11777,760,3,7,0.0016512830431262653
2025-01-21,603335,val,0.014703998,-0.0018572006,2021-11-23,2025-01-09,11777,760,3,7,0.0016512830431262653
2025-01-21,603341,val,0.02509156,-0.0036429614,2021-11-23,2025-01-09,11777,760,3,7,0.0016512830431262653
2025-01-21,603658,val,-0.0023716143,0.005770724,2021-11-23,2025-01-09,11777,760,3,7,0.0016512830431262653
2025-01-21,605090,val,-0.006272492,0.004766507,2021-11-23,2025-01-09,11777,760,3,7,0.0016512830431262653
2025-01-21,605589,val,-0.07197432,0.011942256,2021-11-23,2025-01-09,11777,760,3,7,0.0016512830431262653
2025-01-21,688031,val,0.22719796,-0.0017506965,2021-11-23,2025-01-09,11777,760,3,7,0.0016512830431262653
2025-01-21,688045,val,0.018372083,-0.006860785,2021-11-23,2025-01-09,11777,760,3,7,0.0016512830431262653
2025-01-21,688133,val,0.0060627195,0.0039190603,2021-11-23,2025-01-09,11777,760,3,7,0.0016512830431262653
2025-01-21,688147,val,-0.03247736,-0.0013395939,2021-11-23,2025-01-09,11777,760,3,7,0.0016512830431262653
2025-01-21,688528,val,0.004058741,0.0021991516,2021-11-23,2025-01-09,11777,760,3,7,0.0016512830431262653
2025-01-22,600025,val,-0.020502971,0.006396908,2021-11-23,2025-01-09,11777,760,3,7,0.0016512830431262653
2025-01-22,600051,val,-0.0042169215,0.002872169,2021-11-23,2025-01-09,11777,760,3,7,0.0016512830431262653
2025-01-22,600127,val,-0.0042169215,0.0027604476,2021-11-23,2025-01-09,11777,760,3,7,0.0016512830431262653
2025-01-22,600153,val,0.0012226021,0.006160348,2021-11-23,2025-01-09,11777,760,3,7,0.0016512830431262653
2025-01-22,600548,val,-0.07467036,0.0055749975,2021-11-23,2025-01-09,11777,760,3,7,0.0016512830431262653
2025-01-22,600865,val,-0.180474,-0.029362373,2021-11-23,2025-01-09,11777,760,3,7,0.0016512830431262653
2025-01-22,600967,val,0.08734074,0.012285071,2021-11-23,2025-01-09,11777,760,3,7,0.0016512830431262653
2025-01-22,601222,val,-0.038764413,0.003941877,2021-11-23,2025-01-09,11777,760,3,7,0.0016512830431262653
2025-01-22,603237,val,-0.034327857,0.0014760578,2021-11-23,2025-01-09,11777,760,3,7,0.0016512830431262653
2025-01-22,603335,val,0.029653186,-0.0012696087,2021-11-23,2025-01-09,11777,760,3,7,0.0016512830431262653
2025-01-22,603341,val,0.03773371,-0.0021718172,2021-11-23,2025-01-09,11777,760,3,7,0.0016512830431262653
2025-01-22,603658,val,-0.021663085,0.0042575477,2021-11-23,2025-01-09,11777,760,3,7,0.0016512830431262653
2025-01-22,605090,val,-0.034327857,0.0033112718,2021-11-23,2025-01-09,11777,760,3,7,0.0016512830431262653
2025-01-22,605589,val,-0.10984968,0.013886069,2021-11-23,2025-01-09,11777,760,3,7,0.0016512830431262653
2025-01-22,688031,val,0.30832067,0.00073091313,2021-11-23,2025-01-09,11777,760,3,7,0.0016512830431262653
2025-01-22,688045,val,0.03128575,0.0047745397,2021-11-23,2025-01-09,11777,760,3,7,0.0016512830431262653
2025-01-22,688133,val,0.006620419,0.004045317,2021-11-23,2025-01-09,11777,760,3,7,0.0016512830431262653
2025-01-22,688147,val,0.022285007,-0.0017232448,2021-11-23,2025-01-09,11777,760,3,7,0.0016512830431262653
2025-01-22,688528,val,-0.001448038,0.0009347405,2021-11-23,2025-01-09,11777,760,3,7,0.0016512830431262653
2025-01-23,600025,val,-0.025940504,0.005758396,2021-11-23,2025-01-09,11777,760,3,7,0.0016512830431262653
2025-01-23,600051,val,-0.012858936,0.0038153995,2021-11-23,2025-01-09,11777,760,3,7,0.0016512830431262653
2025-01-23,600127,val,-0.009603554,0.0026461892,2021-11-23,2025-01-09,11777,760,3,7,0.0016512830431262653
2025-01-23,600153,val,-0.028555337,0.0031796284,2021-11-23,2025-01-09,11777,760,3,7,0.0016512830431262653
2025-01-23,600548,val,-0.07996888,0.007445915,2021-11-23,2025-01-09,11777,760,3,7,0.0016512830431262653
2025-01-23,600865,val,-0.13206673,-0.014089799,2021-11-23,2025-01-09,11777,760,3,7,0.0016512830431262653
2025-01-23,600967,val,0.096389994,0.01156451,2021-11-23,2025-01-09,11777,760,3,7,0.0016512830431262653
2025-01-23,601222,val,-0.030400157,0.004967753,2021-11-23,2025-01-09,11777,760,3,7,0.0016512830431262653
2025-01-23,603237,val,-0.02179823,-0.0017494997,2021-11-23,2025-01-09,11777,760,3,7,0.0016512830431262653
2025-01-23,603335,val,0.027647927,-0.00011995062,2021-11-23,2025-01-09,11777,760,3,7,0.0016512830431262653
2025-01-23,603341,val,0.071980424,0.0036942363,2021-11-23,2025-01-09,11777,760,3,7,0.0016512830431262653
2025-01-23,603658,val,-0.0073025287,0.0038921582,2021-11-23,2025-01-09,11777,760,3,7,0.0016512830431262653
2025-01-23,605090,val,-0.042165305,0.0020972919,2021-11-23,2025-01-09,11777,760,3,7,0.0016512830431262653
2025-01-23,605589,val,-0.07398839,0.015365318,2021-11-23,2025-01-09,11777,760,3,7,0.0016512830431262653
2025-01-23,688031,val,0.2053742,0.0016509788,2021-11-23,2025-01-09,11777,760,3,7,0.0016512830431262653
2025-01-23,688045,val,0.025342247,0.0084697325,2021-11-23,2025-01-09,11777,760,3,7,0.0016512830431262653
2025-01-23,688133,val,0.008976054,0.0037657544,2021-11-23,2025-01-09,11777,760,3,7,0.0016512830431262653
2025-01-23,688147,val,0.020339938,-0.00033426192,2021-11-23,2025-01-09,11777,760,3,7,0.0016512830431262653
2025-01-23,688528,val,0.008597761,0.0054454776,2021-11-23,2025-01-09,11777,760,3,7,0.0016512830431262653
2025-01-24,600025,val,-0.024441987,0.004751634,2021-11-23,2025-01-09,11777,760,3,7,0.0016512830431262653
2025-01-24,600051,val,-0.0027202496,0.005010158,2021-11-23,2025-01-09,11777,760,3,7,0.0016512830431262653
2025-01-24,600127,val,-0.0044416976,0.0032431502,2021-11-23,2025-01-09,11777,760,3,7,0.0016512830431262653
2025-01-24,600153,val,-0.036098037,0.0034588939,2021-11-23,2025-01-09,11777,760,3,7,0.0016512830431262653
2025-01-24,600548,val,-0.08668347,0.009737826,2021-11-23,2025-01-09,11777,760,3,7,0.0016512830431262653
2025-01-24,600865,val,-0.083714634,-0.00696728,2021-11-23,2025-01-09,11777,760,3,7,0.0016512830431262653
2025-01-24,600967,val,0.12069173,0.009670378,2021-11-23,2025-01-09,11777,760,3,7,0.0016512830431262653
2025-01-24,601222,val,-0.04459727,0.005526679,2021-11-23,2025-01-09,11777,760,3,7,0.0016512830431262653
2025-01-24,603237,val,-0.0151484525,-0.0022731628,2021-11-23,2025-01-09,11777,760,3,7,0.0016512830431262653
2025-01-24,603335,val,0.030712683,0.0005469993,2021-11-23,2025-01-09,11777,760,3,7,0.0016512830431262653
2025-01-24,603341,val,0.048451588,0.0046607554,2021-11-23,2025-01-09,11777,760,3,7,0.0016512830431262653
2025-01-24,603658,val,0.0049889134,0.0036262618,2021-11-23,2025-01-09,11777,760,3,7,0.0016512830431262653
2025-01-24,605090,val,-0.044619285,0.0019086078,2021-11-23,2025-01-09,11777,760,3,7,0.0016512830431262653
2025-01-24,605589,val,-0.08528366,0.014102911,2021-11-23,2025-01-09,11777,760,3,7,0.0016512830431262653
2025-01-24,688031,val,0.12703815,-0.027523838,2021-11-23,2025-01-09,11777,760,3,7,0.0016512830431262653
2025-01-24,688045,val,0.021832053,0.009601351,2021-11-23,2025-01-09,11777,760,3,7,0.0016512830431262653
2025-01-24,688133,val,0.034640625,0.004061913,2021-11-23,2025-01-09,11777,760,3,7,0.0016512830431262653
2025-01-24,688147,val,0.017905254,0.00035765022,2021-11-23,2025-01-09,11777,760,3,7,0.0016512830431262653
2025-01-24,688528,val,0.021487737,0.005900507,2021-11-23,2025-01-09,11777,760,3,7,0.0016512830431262653
2025-01-27,600025,val,-0.066665806,0.002394705,2021-11-23,2025-01-09,11777,760,3,7,0.0016512830431262653
2025-01-27,600051,val,-0.02061689,0.0045636836,2021-11-23,2025-01-09,11777,760,3,7,0.0016512830431262653
2025-01-27,600127,val,-0.028282948,0.0035131257,2021-11-23,2025-01-09,11777,760,3,7,0.0016512830431262653
2025-01-27,600153,val,-0.045048147,0.0033746157,2021-11-23,2025-01-09,11777,760,3,7,0.0016512830431262653
2025-01-27,600548,val,-0.07310443,0.008878006,2021-11-23,2025-01-09,11777,760,3,7,0.0016512830431262653
2025-01-27,600865,val,-0.00816511,-0.009635601,2021-11-23,2025-01-09,11777,760,3,7,0.0016512830431262653
2025-01-27,600967,val,0.117124915,0.0071531385,2021-11-23,2025-01-09,11777,760,3,7,0.0016512830431262653
2025-01-27,601222,val,-0.05826368,0.006914965,2021-11-23,2025-01-09,11777,760,3,7,0.0016512830431262653
2025-01-27,603237,val,-0.03429667,-0.0028516073,2021-11-23,2025-01-09,11777,760,3,7,0.0016512830431262653
2025-01-27,603335,val,0.036999352,0.0010678545,2021-11-23,2025-01-09,11777,760,3,7,0.0016512830431262653
2025-01-27,603341,val,0.03423917,0.0032537337,2021-11-23,2025-01-09,11777,760,3,7,0.0016512830431262653
2025-01-27,603658,val,-0.013864294,0.0030818712,2021-11-23,2025-01-09,11777,760,3,7,0.0016512830431262653
2025-01-27,605090,val,-0.06708518,0.0007556677,2021-11-23,2025-01-09,11777,760,3,7,0.0016512830431262653
2025-01-27,605589,val,-0.038246747,0.011922851,2021-11-23,2025-01-09,11777,760,3,7,0.0016512830431262653
2025-01-27,688031,val,0.14476001,-0.030841641,2021-11-23,2025-01-09,11777,760,3,7,0.0016512830431262653
2025-01-27,688045,val,0.02493611,0.011806596,2021-11-23,2025-01-09,11777,760,3,7,0.0016512830431262653
2025-01-27,688133,val,0.04619156,0.0030270806,2021-11-23,2025-01-09,11777,760,3,7,0.0016512830431262653
2025-01-27,688147,val,0.034100424,0.00013973936,2021-11-23,2025-01-09,11777,760,3,7,0.0016512830431262653
2025-01-27,688528,val,0.015288365,0.0075371163,2021-11-23,2025-01-09,11777,760,3,7,0.0016512830431262653
2025-02-05,600025,val,-0.06849169,0.0020009354,2021-11-23,2025-01-09,11777,760,3,7,0.0016512830431262653
2025-02-05,600051,val,-0.015513756,0.0056403014,2021-11-23,2025-01-09,11777,760,3,7,0.0016512830431262653
2025-02-05,600127,val,-0.029467179,0.0038831532,2021-11-23,2025-01-09,11777,760,3,7,0.0016512830431262653
2025-02-05,600153,val,-0.016411241,0.0037689917,2021-11-23,2025-01-09,11777,760,3,7,0.0016512830431262653
2025-02-05,600548,val,-0.06796214,0.0105482675,2021-11-23,2025-01-09,11777,760,3,7,0.0016512830431262653
2025-02-05,600865,val,0.021634286,-0.0117431,2021-11-23,2025-01-09,11777,760,3,7,0.0016512830431262653
2025-02-05,600967,val,0.09541655,0.005247047,2021-11-23,2025-01-09,11777,760,3,7,0.0016512830431262653
2025-02-05,601222,val,-0.044871856,0.006833484,2021-11-23,2025-01-09,11777,760,3,7,0.0016512830431262653
2025-02-05,603237,val,-0.016382229,-0.002754597,2021-11-23,2025-01-09,11777,760,3,7,0.0016512830431262653
2025-02-05,603335,val,0.0025994778,0.0016719513,2021-11-23,2025-01-09,11777,760,3,7,0.0016512830431262653
2025-02-05,603341,val,0.04379169,0.008334941,2021-11-23,2025-01-09,11777,760,3,7,0.0016512830431262653
2025-02-05,603658,val,-0.024782492,0.0030742846,2021-11-23,2025-01-09,11777,760,3,7,0.0016512830431262653
2025-02-05,605090,val,-0.05432816,0.00119045,2021-11-23,2025-01-09,11777,760,3,7,0.0016512830431262653
2025-02-05,605589,val,0.024644034,0.009780772,2021-11-23,2025-01-09,11777,760,3,7,0.0016512830431262653
2025-02-05,688031,val,0.0665764,-0.053059384,2021-11-23,2025-01-09,11777,760,3,7,0.0016512830431262653
2025-02-05,688045,val,0.006901796,0.012100064,2021-11-23,2025-01-09,11777,760,3,7,0.0016512830431262653
2025-02-05,688133,val,0.026797906,0.0029905643,2021-11-23,2025-01-09,11777,760,3,7,0.0016512830431262653
2025-02-05,688147,val,0.058819912,-0.0001387056,2021-11-23,2025-01-09,11777,760,3,7,0.0016512830431262653
2025-02-05,688528,val,-0.008971319,0.008445401,2021-11-23,2025-01-09,11777,760,3,7,0.0016512830431262653
2025-02-06,600025,val,-0.03607955,0.0017721672,2021-11-23,2025-01-09,11777,760,3,7,0.0016512830431262653
2025-02-06,600051,val,0.004305066,0.0066735987,2021-11-23,2025-01-09,11777,760,3,7,0.0016512830431262653
2025-02-06,600127,val,-0.004925703,0.004450891,2021-11-23,2025-01-09,11777,760,3,7,0.0016512830431262653
2025-02-06,600153,val,0.047613695,0.0038546333,2021-11-23,2025-01-09,11777,760,3,7,0.0016512830431262653
2025-02-06,600548,val,-0.034243584,0.011426757,2021-11-23,2025-01-09,11777,760,3,7,0.0016512830431262653
2025-02-06,600865,val,0.042847767,-0.015313625,2021-11-23,2025-01-09,11777,760,3,7,0.0016512830431262653
2025-02-06,600967,val,-0.016244838,0.001188946,2021-11-23,2025-01-09,11777,760,3,7,0.0016512830431262653
2025-02-06,601222,val,-0.024448533,0.0076951543,2021-11-23,2025-01-09,11777,760,3,7,0.0016512830431262653
2025-02-06,603237,val,-0.0053158607,-0.0027104616,2021-11-23,2025-01-09,11777,760,3,7,0.0016512830431262653
2025-02-06,603335,val,-0.015533892,0.0010856837,2021-11-23,2025-01-09,11777,760,3,7,0.0016512830431262653
2025-02-06,603341,val,0.0019724409,0.011268137,2021-11-23,2025-01-09,11777,760,3,7,0.0016512830431262653
2025-02-06,603658,val,-0.0054644397,0.0034689046,2021-11-23,2025-01-09,11777,760,3,7,0.0016512830431262653
2025-02-06,605090,val,-0.029027743,0.0011799438,2021-11-23,2025-01-09,11777,760,3,7,0.0016512830431262653
2025-02-06,605589,val,0.0275083,0.008738056,2021-11-23,2025-01-09,11777,760,3,7,0.0016512830431262653
2025-02-06,688031,val,0.06542523,-0.054618232,2021-11-23,2025-01-09,11777,760,3,7,0.0016512830431262653
2025-02-06,688045,val,-0.021911932,0.012329208,2021-11-23,2025-01-09,11777,760,3,7,0.0016512830431262653
2025-02-06,688133,val,0.0142827695,0.002961549,2021-11-23,2025-01-09,11777,760,3,7,0.0016512830431262653
2025-02-06,688147,val,0.00032035934,-0.0011123121,2021-11-23,2025-01-09,11777,760,3,7,0.0016512830431262653
2025-02-06,688528,val,-0.01107955,0.00694275,2021-11-23,2025-01-09,11777,760,3,7,0.0016512830431262653
2025-02-07,600025,val,-0.03406927,-0.00017957017,2021-11-23,2025-01-09,11777,760,3,7,0.0016512830431262653
2025-02-07,600051,val,-0.020725451,0.0066759237,2021-11-23,2025-01-09,11777,760,3,7,0.0016512830431262653
2025-02-07,600127,val,-0.02531495,0.0047041904,2021-11-23,2025-01-09,11777,760,3,7,0.0016512830431262653
2025-02-07,600153,val,0.041266058,0.0044267774,2021-11-23,2025-01-09,11777,760,3,7,0.0016512830431262653
2025-02-07,600548,val,-0.03755766,0.011983954,2021-11-23,2025-01-09,11777,760,3,7,0.0016512830431262653
2025-02-07,600865,val,-0.00997458,-0.014460599,2021-11-23,2025-01-09,11777,760,3,7,0.0016512830431262653
2025-02-07,600967,val,-0.031864364,-0.019288491,2021-11-23,2025-01-09,11777,760,3,7,0.0016512830431262653
2025-02-07,601222,val,-0.044426434,0.0073566325,2021-11-23,2025-01-09,11777,760,3,7,0.0016512830431262653
2025-02-07,603237,val,-0.019772096,-0.0036142766,2021-11-23,2025-01-09,11777,760,3,7,0.0016512830431262653
2025-02-07,603335,val,-0.03046507,0.00031793676,2021-11-23,2025-01-09,11777,760,3,7,0.0016512830431262653
2025-02-07,603341,val,-0.025712403,0.011853661,2021-11-23,2025-01-09,11777,760,3,7,0.0016512830431262653
2025-02-07,603658,val,0.0006496932,0.0028215526,2021-11-23,2025-01-09,11777,760,3,7,0.0016512830431262653
2025-02-07,605090,val,-0.0398184,-0.0003347462,2021-11-23,2025-01-09,11777,760,3,7,0.0016512830431262653
2025-02-07,605589,val,0.07464323,0.0076011005,2021-11-23,2025-01-09,11777,760,3,7,0.0016512830431262653
2025-02-07,688031,val,0.27262187,-0.027181149,2021-11-23,2025-01-09,11777,760,3,7,0.0016512830431262653
2025-02-07,688045,val,-0.03303211,0.015298646,2021-11-23,2025-01-09,11777,760,3,7,0.0016512830431262653
2025-02-07,688133,val,0.008852853,0.0020811716,2021-11-23,2025-01-09,11777,760,3,7,0.0016512830431262653
2025-02-07,688147,val,-0.021517353,-0.0006880332,2021-11-23,2025-01-09,11777,760,3,7,0.0016512830431262653
2025-02-07,688528,val,-0.023783555,0.0051533333,2021-11-23,2025-01-09,11777,760,3,7,0.0016512830431262653
2025-02-10,600025,val,-0.026744934,-0.0017440412,2021-11-23,2025-01-09,11777,760,3,7,0.0016512830431262653
2025-02-10,600051,val,-0.007787317,0.007368413,2021-11-23,2025-01-09,11777,760,3,7,0.0016512830431262653
2025-02-10,600127,val,-0.0033059476,0.005077781,2021-11-23,2025-01-09,11777,760,3,7,0.0016512830431262653
2025-02-10,600153,val,0.059431225,0.005032998,2021-11-23,2025-01-09,11777,760,3,7,0.0016512830431262653
2025-02-10,600548,val,-0.011439929,0.011896657,2021-11-23,2025-01-09,11777,760,3,7,0.0016512830431262653
2025-02-10,600865,val,-0.0133675095,-0.010880673,2021-11-23,2025-01-09,11777,760,3,7,0.0016512830431262653
2025-02-10,600967,val,-0.059038963,-0.01983019,2021-11-23,2025-01-09,11777,760,3,7,0.0016512830431262653
2025-02-10,601222,val,-0.045312148,0.0076965783,2021-11-23,2025-01-09,11777,760,3,7,0.0016512830431262653
2025-02-10,603237,val,-0.028996857,-0.0042277556,2021-11-23,2025-01-09,11777,760,3,7,0.0016512830431262653
2025-02-10,603335,val,-0.02883995,0.0004173033,2021-11-23,2025-01-09,11777,760,3,7,0.0016512830431262653
2025-02-10,603341,val,-0.013121934,0.015288052,2021-11-23,2025-01-09,11777,760,3,7,0.0016512830431262653
2025-02-10,603658,val,0.018251522,0.0018712617,2021-11-23,2025-01-09,11777,760,3,7,0.0016512830431262653
2025-02-10,605090,val,-0.035858143,-0.0011700019,2021-11-23,2025-01-09,11777,760,3,7,0.0016512830431262653
2025-02-10,605589,val,0.099374935,0.0068946225,2021-11-23,2025-01-09,11777,760,3,7,0.0016512830431262653
2025-02-10,688031,val,0.20590316,-0.035075173,2021-11-23,2025-01-09,11777,760,3,7,0.0016512830431262653
2025-02-10,688045,val,-0.05161867,0.014437461,2021-11-23,2025-01-09,11777,760,3,7,0.0016512830431262653
2025-02-10,688133,val,0.00462438,-0.0021125237,2021-11-23,2025-01-09,11777,760,3,7,0.0016512830431262653
2025-02-10,688147,val,-0.03556674,0.00015102327,2021-11-23,2025-01-09,11777,760,3,7,0.0016512830431262653
2025-02-10,688528,val,-0.02658618,0.0031717857,2021-11-23,2025-01-09,11777,760,3,7,0.0016512830431262653
2025-02-11,600025,val,-0.0027104074,0.00032957457,2021-11-23,2025-01-09,11777,760,3,7,0.0016512830431262653
2025-02-11,600051,val,-0.027570842,0.007169829,2021-11-23,2025-01-09,11777,760,3,7,0.0016512830431262653
2025-02-11,600127,val,-0.012432815,0.005736638,2021-11-23,2025-01-09,11777,760,3,7,0.0016512830431262653
2025-02-11,600153,val,0.045287233,0.0060764104,2021-11-23,2025-01-09,11777,760,3,7,0.0016512830431262653
2025-02-11,600548,val,-0.0008638513,0.011124736,2021-11-23,2025-01-09,11777,760,3,7,0.0016512830431262653
2025-02-11,600865,val,-0.043576136,-0.0067607053,2021-11-23,2025-01-09,11777,760,3,7,0.0016512830431262653
2025-02-11,600967,val,0.009563851,-0.007834366,2021-11-23,2025-01-09,11777,760,3,7,0.0016512830431262653
2025-02-11,601222,val,-0.033418108,0.007862112,2021-11-23,2025-01-09,11777,760,3,7,0.0016512830431262653
2025-02-11,603237,val,-0.01892859,-0.0045493618,2021-11-23,2025-01-09,11777,760,3,7,0.0016512830431262653
2025-02-11,603335,val,-0.043870527,0.0005011521,2021-11-23,2025-01-09,11777,760,3,7,0.0016512830431262653
2025-02-11,603341,val,-0.051478673,0.013238411,2021-11-23,2025-01-09,11777,760,3,7,0.0016512830431262653
2025-02-11,603658,val,0.012855862,0.0020517502,2021-11-23,2025-01-09,11777,760,3,7,0.0016512830431262653
2025-02-11,605090,val,-0.012731355,-0.0009367978,2021-11-23,2025-01-09,11777,760,3,7,0.0016512830431262653
2025-02-11,605589,val,0.10627024,0.006278513,2021-11-23,2025-01-09,11777,760,3,7,0.0016512830431262653
2025-02-11,688031,val,0.17169695,-0.027518641,2021-11-23,2025-01-09,11777,760,3,7,0.0016512830431262653
2025-02-11,688045,val,-0.057764076,0.009850747,2021-11-23,2025-01-09,11777,760,3,7,0.0016512830431262653
2025-02-11,688133,val,-0.01548625,-0.0011340408,2021-11-23,2025-01-09,11777,760,3,7,0.0016512830431262653
2025-02-11,688147,val,0.01550861,0.0003148932,2021-11-23,2025-01-09,11777,760,3,7,0.0016512830431262653
2025-02-11,688528,val,-0.040351115,0.0029321406,2021-11-23,2025-01-09,11777,760,3,7,0.0016512830431262653
2025-02-12,600025,val,-0.0032498192,0.005482996,2021-11-23,2025-01-09,11777,760,3,7,0.0016512830431262653
2025-02-12,600051,val,-0.036375295,0.0082056485,2021-11-23,2025-01-09,11777,760,3,7,0.0016512830431262653
2025-02-12,600127,val,-0.019753931,0.006693471,2021-11-23,2025-01-09,11777,760,3,7,0.0016512830431262653
2025-02-12,600153,val,0.005213379,0.0072550667,2021-11-23,2025-01-09,11777,760,3,7,0.0016512830431262653
2025-02-12,600548,val,-0.00086108485,0.011014073,2021-11-23,2025-01-09,11777,760,3,7,0.0016512830431262653
2025-02-12,600865,val,-0.049854293,-0.00412995,2021-11-23,2025-01-09,11777,760,3,7,0.0016512830431262653
2025-02-12,600967,val,0.032615956,-0.003684122,2021-11-23,2025-01-09,11777,760,3,7,0.0016512830431262653
2025-02-12,601222,val,-0.02582366,0.008017253,2021-11-23,2025-01-09,11777,760,3,7,0.0016512830431262653
2025-02-12,603237,val,-0.03404139,-0.0044375733,2021-11-23,2025-01-09,11777,760,3,7,0.0016512830431262653
2025-02-12,603335,val,-0.022129301,-9.57977e-05,2021-11-23,2025-01-09,11777,760,3,7,0.0016512830431262653
2025-02-12,603341,val,-0.0588945,0.010270389,2021-11-23,2025-01-09,11777,760,3,7,0.0016512830431262653
2025-02-12,603658,val,0.029171884,0.0026161578,2021-11-23,2025-01-09,11777,760,3,7,0.0016512830431262653
2025-02-12,605090,val,-0.02828134,0.0004029479,2021-11-23,2025-01-09,11777,760,3,7,0.0016512830431262653
2025-02-12,605589,val,0.11004183,0.0055966023,2021-11-23,2025-01-09,11777,760,3,7,0.0016512830431262653
2025-02-12,688031,val,0.17884864,-0.016541796,2021-11-23,2025-01-09,11777,760,3,7,0.0016512830431262653
2025-02-12,688045,val,-0.05176271,0.005436681,2021-11-23,2025-01-09,11777,760,3,7,0.0016512830431262653
2025-02-12,688133,val,-0.004456263,-0.007066058,2021-11-23,2025-01-09,11777,760,3,7,0.0016512830431262653
2025-02-12,688147,val,0.004991962,-0.0017332826,2021-11-23,2025-01-09,11777,760,3,7,0.0016512830431262653
2025-02-12,688528,val,-0.025400063,0.0036055855,2021-11-23,2025-01-09,11777,760,3,7,0.0016512830431262653
2025-02-13,600025,val,-0.023784498,0.0058637676,2021-11-23,2025-01-09,11777,760,3,7,0.0016512830431262653
2025-02-13,600051,val,-0.032176107,0.008238414,2021-11-23,2025-01-09,11777,760,3,7,0.0016512830431262653
2025-02-13,600127,val,-0.0290346,0.007003212,2021-11-23,2025-01-09,11777,760,3,7,0.0016512830431262653
2025-02-13,600153,val,-0.07160174,0.0024360474,2021-11-23,2025-01-09,11777,760,3,7,0.0016512830431262653
2025-02-13,600548,val,-0.045658372,0.010151446,2021-11-23,2025-01-09,11777,760,3,7,0.0016512830431262653
2025-02-13,600865,val,-0.029031197,-0.00409662,2021-11-23,2025-01-09,11777,760,3,7,0.0016512830431262653
2025-02-13,600967,val,0.0604983,-0.0006361734,2021-11-23,2025-01-09,11777,760,3,7,0.0016512830431262653
2025-02-13,601222,val,-0.044278156,0.008546828,2021-11-23,2025-01-09,11777,760,3,7,0.0016512830431262653
2025-02-13,603237,val,-0.03610942,-0.0036286712,2021-11-23,2025-01-09,11777,760,3,7,0.0016512830431262653
2025-02-13,603335,val,-0.0032356952,-0.00016641058,2021-11-23,2025-01-09,11777,760,3,7,0.0016512830431262653
2025-02-13,603341,val,0.0023232792,0.010447753,2021-11-23,2025-01-09,11777,760,3,7,0.0016512830431262653
2025-02-13,603658,val,0.032337047,0.0026756562,2021-11-23,2025-01-09,11777,760,3,7,0.0016512830431262653
2025-02-13,605090,val,-0.041664325,0.0009593982,2021-11-23,2025-01-09,11777,760,3,7,0.0016512830431262653
2025-02-13,605589,val,0.11327844,0.0047814483,2021-11-23,2025-01-09,11777,760,3,7,0.0016512830431262653
2025-02-13,688031,val,0.14998886,-0.020876098,2021-11-23,2025-01-09,11777,760,3,7,0.0016512830431262653
2025-02-13,688045,val,-0.03175693,0.0036806855,2021-11-23,2025-01-09,11777,760,3,7,0.0016512830431262653
2025-02-13,688133,val,0.03344273,-0.0048744157,2021-11-23,2025-01-09,11777,760,3,7,0.0016512830431262653
2025-02-13,688147,val,-0.00068991864,-0.00021533482,2021-11-23,2025-01-09,11777,760,3,7,0.0016512830431262653
2025-02-13,688528,val,-0.0028476957,0.002193422,2021-11-23,2025-01-09,11777,760,3,7,0.0016512830431262653
2025-02-14,600025,val,-0.0418659,0.005355018,2021-11-23,2025-01-09,11777,760,3,7,0.0016512830431262653
2025-02-14,600051,val,-0.03193448,0.00848086,2021-11-23,2025-01-09,11777,760,3,7,0.0016512830431262653
2025-02-14,600127,val,-0.022685267,0.006999668,2021-11-23,2025-01-09,11777,760,3,7,0.0016512830431262653
2025-02-14,600153,val,-0.083034694,0.002388034,2021-11-23,2025-01-09,11777,760,3,7,0.0016512830431262653
2025-02-14,600548,val,-0.048285484,0.00877945,2021-11-23,2025-01-09,11777,760,3,7,0.0016512830431262653
2025-02-14,600865,val,-0.0043691453,-0.004884802,2021-11-23,2025-01-09,11777,760,3,7,0.0016512830431262653
2025-02-14,600967,val,0.034781653,0.0004062578,2021-11-23,2025-01-09,11777,760,3,7,0.0016512830431262653
2025-02-14,601222,val,-0.00944502,0.008475567,2021-11-23,2025-01-09,11777,760,3,7,0.0016512830431262653
2025-02-14,603237,val,-0.04298109,-0.0027836356,2021-11-23,2025-01-09,11777,760,3,7,0.0016512830431262653
2025-02-14,603335,val,-0.014892755,0.0011835918,2021-11-23,2025-01-09,11777,760,3,7,0.0016512830431262653
2025-02-14,603341,val,0.109466545,0.011036689,2021-11-23,2025-01-09,11777,760,3,7,0.0016512830431262653
2025-02-14,603658,val,-0.0056247874,0.0019810842,2021-11-23,2025-01-09,11777,760,3,7,0.0016512830431262653
2025-02-14,605090,val,-0.04631337,0.0017080493,2021-11-23,2025-01-09,11777,760,3,7,0.0016512830431262653
2025-02-14,605589,val,0.059966154,-0.0024893982,2021-11-23,2025-01-09,11777,760,3,7,0.0016512830431262653
2025-02-14,688031,val,0.032110233,-0.047525946,2021-11-23,2025-01-09,11777,760,3,7,0.0016512830431262653
2025-02-14,688045,val,0.007993159,0.0034642601,2021-11-23,2025-01-09,11777,760,3,7,0.0016512830431262653
2025-02-14,688133,val,0.049826283,-0.003272539,2021-11-23,2025-01-09,11777,760,3,7,0.0016512830431262653
2025-02-14,688147,val,0.051640432,0.0018193386,2021-11-23,2025-01-09,11777,760,3,7,0.0016512830431262653
2025-02-14,688528,val,0.005647537,0.0011209976,2021-11-23,2025-01-09,11777,760,3,7,0.0016512830431262653
2025-02-17,600025,val,-0.037883513,0.0035516657,2021-12-21,2025-02-14,11888,760,1,5,0.001651991546774904
2025-02-17,600051,val,-0.032242227,0.0038650357,2021-12-21,2025-02-14,11888,760,1,5,0.001651991546774904
2025-02-17,600127,val,-0.021810036,0.0052600065,2021-12-21,2025-02-14,11888,760,1,5,0.001651991546774904
2025-02-17,600153,val,-0.053378265,0.0016228124,2021-12-21,2025-02-14,11888,760,1,5,0.001651991546774904
2025-02-17,600548,val,-0.06463292,0.0036328468,2021-12-21,2025-02-14,11888,760,1,5,0.001651991546774904
2025-02-17,600865,val,-0.047029335,-0.00093855476,2021-12-21,2025-02-14,11888,760,1,5,0.001651991546774904
2025-02-17,600967,val,0.03960245,0.0014562565,2021-12-21,2025-02-14,11888,760,1,5,0.001651991546774904
2025-02-17,601222,val,0.011665314,0.0036064466,2021-12-21,2025-02-14,11888,760,1,5,0.001651991546774904
2025-02-17,603237,val,-0.024662288,-0.00040503917,2021-12-21,2025-02-14,11888,760,1,5,0.001651991546774904
2025-02-17,603335,val,-0.006391533,0.005637127,2021-12-21,2025-02-14,11888,760,1,5,0.001651991546774904
2025-02-17,603341,val,0.12153035,8.84803e-06,2021-12-21,2025-02-14,11888,760,1,5,0.001651991546774904
2025-02-17,603658,val,-0.050929353,0.0032492308,2021-12-21,2025-02-14,11888,760,1,5,0.001651991546774904
2025-02-17,605090,val,-0.023003384,3.9606355e-05,2021-12-21,2025-02-14,11888,760,1,5,0.001651991546774904
2025-02-17,605589,val,0.048867747,-0.0031834035,2021-12-21,2025-02-14,11888,760,1,5,0.001651991546774904
2025-02-17,688031,val,-0.013101762,-0.021048503,2021-12-21,2025-02-14,11888,760,1,5,0.001651991546774904
2025-02-17,688045,val,0.030255118,0.00096415216,2021-12-21,2025-02-14,11888,760,1,5,0.001651991546774904
2025-02-17,688133,val,0.0509869,0.0032393495,2021-12-21,2025-02-14,11888,760,1,5,0.001651991546774904
2025-02-17,688147,val,0.08007789,0.0039007512,2021-12-21,2025-02-14,11888,760,1,5,0.001651991546774904
2025-02-17,688528,val,-0.007921146,0.0011948599,2021-12-21,2025-02-14,11888,760,1,5,0.001651991546774904
2025-02-18,600025,val,-0.05914259,0.002645345,2021-12-21,2025-02-14,11888,760,1,5,0.001651991546774904
2025-02-18,600051,val,-0.035060022,0.0032564043,2021-12-21,2025-02-14,11888,760,1,5,0.001651991546774904
2025-02-18,600127,val,-0.032015882,0.0049286294,2021-12-21,2025-02-14,11888,760,1,5,0.001651991546774904
2025-02-18,600153,val,-0.035060022,0.0031045699,2021-12-21,2025-02-14,11888,760,1,5,0.001651991546774904
2025-02-18,600548,val,-0.08422923,0.0031050695,2021-12-21,2025-02-14,11888,760,1,5,0.001651991546774904
2025-02-18,600865,val,-0.014250773,-0.0020880182,2021-12-21,2025-02-14,11888,760,1,5,0.001651991546774904
2025-02-18,600967,val,-0.024307333,-0.0015838523,2021-12-21,2025-02-14,11888,760,1,5,0.001651991546774904
2025-02-18,601222,val,-0.003106278,0.0031900834,2021-12-21,2025-02-14,11888,760,1,5,0.001651991546774904
2025-02-18,603237,val,-0.040817074,0.00010707788,2021-12-21,2025-02-14,11888,760,1,5,0.001651991546774904
2025-02-18,603335,val,0.00089503505,0.0043436047,2021-12-21,2025-02-14,11888,760,1,5,0.001651991546774904
2025-02-18,603341,val,0.11646836,-0.00085894903,2021-12-21,2025-02-14,11888,760,1,5,0.001651991546774904
2025-02-18,603658,val,-0.051401485,0.004855748,2021-12-21,2025-02-14,11888,760,1,5,0.001651991546774904
2025-02-18,605090,val,-0.05703863,0.00051374966,2021-12-21,2025-02-14,11888,760,1,5,0.001651991546774904
2025-02-18,605589,val,0.008356349,-0.0048316563,2021-12-21,2025-02-14,11888,760,1,5,0.001651991546774904
2025-02-18,688031,val,0.056431286,-0.013711819,2021-12-21,2025-02-14,11888,760,1,5,0.001651991546774904
2025-02-18,688045,val,0.04692196,0.001035193,2021-12-21,2025-02-14,11888,760,1,5,0.001651991546774904
2025-02-18,688133,val,0.06766951,0.0044474453,2021-12-21,2025-02-14,11888,760,1,5,0.001651991546774904
2025-02-18,688147,val,0.11598852,0.0026428248,2021-12-21,2025-02-14,11888,760,1,5,0.001651991546774904
2025-02-18,688528,val,0.023698295,0.0003847205,2021-12-21,2025-02-14,11888,760,1,5,0.001651991546774904
2025-02-19,600025,val,-0.04562043,0.00063311215,2021-12-21,2025-02-14,11888,760,1,5,0.001651991546774904
2025-02-19,600051,val,0.0009364046,0.0038286257,2021-12-21,2025-02-14,11888,760,1,5,0.001651991546774904
2025-02-19,600127,val,-0.02497823,0.0045139124,2021-12-21,2025-02-14,11888,760,1,5,0.001651991546774904
2025-02-19,600153,val,0.024968635,0.0048326943,2021-12-21,2025-02-14,11888,760,1,5,0.001651991546774904
2025-02-19,600548,val,-0.075080134,0.0041000163,2021-12-21,2025-02-14,11888,760,1,5,0.001651991546774904
2025-02-19,600865,val,-0.0090328995,-0.0026089703,2021-12-21,2025-02-14,11888,760,1,5,0.001651991546774904
2025-02-19,600967,val,-0.027813768,-0.0043555466,2021-12-21,2025-02-14,11888,760,1,5,0.001651991546774904
2025-02-19,601222,val,0.0005013868,0.0032317247,2021-12-21,2025-02-14,11888,760,1,5,0.001651991546774904
2025-02-19,603237,val,-0.014591617,-0.0005018492,2021-12-21,2025-02-14,11888,760,1,5,0.001651991546774904
2025-02-19,603335,val,0.005723525,0.0036879773,2021-12-21,2025-02-14,11888,760,1,5,0.001651991546774904
2025-02-19,603341,val,0.07353872,-0.0012285919,2021-12-21,2025-02-14,11888,760,1,5,0.001651991546774904
2025-02-19,603658,val,-0.045676183,0.0061959005,2021-12-21,2025-02-14,11888,760,1,5,0.001651991546774904
2025-02-19,605090,val,-0.03450608,0.0018101591,2021-12-21,2025-02-14,11888,760,1,5,0.001651991546774904
2025-02-19,605589,val,-0.047915578,-0.006150345,2021-12-21,2025-02-14,11888,760,1,5,0.001651991546774904
2025-02-19,688031,val,0.029310912,-0.007664518,2021-12-21,2025-02-14,11888,760,1,5,0.001651991546774904
2025-02-19,688045,val,0.037773643,0.00092793396,2021-12-21,2025-02-14,11888,760,1,5,0.001651991546774904
2025-02-19,688133,val,0.055879053,0.004237549,2021-12-21,2025-02-14,11888,760,1,5,0.001651991546774904
2025-02-19,688147,val,0.085040994,0.002126766,2021-12-21,2025-02-14,11888,760,1,5,0.001651991546774904
2025-02-19,688528,val,0.011541641,0.00075705675,2021-12-21,2025-02-14,11888,760,1,5,0.001651991546774904
2025-02-20,600025,val,-0.033339173,8.339202e-05,2021-12-21,2025-02-14,11888,760,1,5,0.001651991546774904
2025-02-20,600051,val,0.0071549295,0.0033165761,2021-12-21,2025-02-14,11888,760,1,5,0.001651991546774904
2025-02-20,600127,val,-0.010844943,0.0035982262,2021-12-21,2025-02-14,11888,760,1,5,0.001651991546774904
2025-02-20,600153,val,0.05517382,0.0035907864,2021-12-21,2025-02-14,11888,760,1,5,0.001651991546774904
2025-02-20,600548,val,-0.013866091,0.0051095835,2021-12-21,2025-02-14,11888,760,1,5,0.001651991546774904
2025-02-20,600865,val,0.0092108315,-0.0025109905,2021-12-21,2025-02-14,11888,760,1,5,0.001651991546774904
2025-02-20,600967,val,-0.07418654,-0.003740122,2021-12-21,2025-02-14,11888,760,1,5,0.001651991546774904
2025-02-20,601222,val,0.010295793,0.0029872027,2021-12-21,2025-02-14,11888,760,1,5,0.001651991546774904
2025-02-20,603237,val,0.027182939,9.79281e-05,2021-12-21,2025-02-14,11888,760,1,5,0.001651991546774904
2025-02-20,603335,val,-0.016021265,0.0034038913,2021-12-21,2025-02-14,11888,760,1,5,0.001651991546774904
2025-02-20,603341,val,0.06494049,-0.0030198474,2021-12-21,2025-02-14,11888,760,1,5,0.001651991546774904
2025-02-20,603658,val,-0.05665569,0.0063536814,2021-12-21,2025-02-14,11888,760,1,5,0.001651991546774904
2025-02-20,605090,val,-0.038906515,0.0011266111,2021-12-21,2025-02-14,11888,760,1,5,0.001651991546774904
2025-02-20,605589,val,-0.02584829,-0.0049623116,2021-12-21,2025-02-14,11888,760,1,5,0.001651991546774904
2025-02-20,688031,val,-0.052760668,-0.0050675203,2021-12-21,2025-02-14,11888,760,1,5,0.001651991546774904
2025-02-20,688045,val,0.030381696,0.00034614792,2021-12-21,2025-02-14,11888,760,1,5,0.001651991546774904
2025-02-20,688133,val,0.052362185,0.0031871167,2021-12-21,2025-02-14,11888,760,1,5,0.001651991546774904
2025-02-20,688147,val,0.06267926,0.003893916,2021-12-21,2025-02-14,11888,760,1,5,0.001651991546774904
2025-02-20,688528,val,0.0030472279,0.0016679415,2021-12-21,2025-02-14,11888,760,1,5,0.001651991546774904
2025-02-21,600025,val,0.007747605,0.0006133835,2021-12-21,2025-02-14,11888,760,1,5,0.001651991546774904
2025-02-21,600051,val,0.048694614,0.0026153694,2021-12-21,2025-02-14,11888,760,1,5,0.001651991546774904
2025-02-21,600127,val,0.010937021,0.0030320394,2021-12-21,2025-02-14,11888,760,1,5,0.001651991546774904
2025-02-21,600153,val,0.09698822,0.002790106,2021-12-21,2025-02-14,11888,760,1,5,0.001651991546774904
2025-02-21,600548,val,0.058470912,0.0038302331,2021-12-21,2025-02-14,11888,760,1,5,0.001651991546774904
2025-02-21,600865,val,0.038632106,-0.0015227529,2021-12-21,2025-02-14,11888,760,1,5,0.001651991546774904
2025-02-21,600967,val,-0.067472905,-0.00070020324,2021-12-21,2025-02-14,11888,760,1,5,0.001651991546774904
2025-02-21,601222,val,0.010129746,0.0044576125,2021-12-21,2025-02-14,11888,760,1,5,0.001651991546774904
2025-02-21,603237,val,0.042935178,0.00023194728,2021-12-21,2025-02-14,11888,760,1,5,0.001651991546774904
2025-02-21,603335,val,0.012359506,0.0032986323,2021-12-21,2025-02-14,11888,760,1,5,0.001651991546774904
2025-02-21,603341,val,-0.07316082,-0.0071184603,2021-12-21,2025-02-14,11888,760,1,5,0.001651991546774904
2025-02-21,603658,val,-0.039290477,0.007130057,2021-12-21,2025-02-14,11888,760,1,5,0.001651991546774904
2025-02-21,605090,val,0.01924769,0.001128553,2021-12-21,2025-02-14,11888,760,1,5,0.001651991546774904
2025-02-21,605589,val,-0.053785183,-0.0019823625,2021-12-21,2025-02-14,11888,760,1,5,0.001651991546774904
2025-02-21,688031,val,-0.11130892,-0.006664286,2021-12-21,2025-02-14,11888,760,1,5,0.001651991546774904
2025-02-21,688045,val,-0.009160986,-0.00016273512,2021-12-21,2025-02-14,11888,760,1,5,0.001651991546774904
2025-02-21,688133,val,-0.008744664,0.0022190353,2021-12-21,2025-02-14,11888,760,1,5,0.001651991546774904
2025-02-21,688147,val,0.0047703865,0.0018118867,2021-12-21,2025-02-14,11888,760,1,5,0.001651991546774904
2025-02-21,688528,val,0.012010966,0.002484791,2021-12-21,2025-02-14,11888,760,1,5,0.001651991546774904
2025-02-24,600025,val,0.0058717127,0.00019570021,2021-12-21,2025-02-14,11888,760,1,5,0.001651991546774904
2025-02-24,600051,val,0.033048682,0.0027531562,2021-12-21,2025-02-14,11888,760,1,5,0.001651991546774904
2025-02-24,600127,val,-0.0010017209,0.003930534,2021-12-21,2025-02-14,11888,760,1,5,0.001651991546774904
2025-02-24,600153,val,0.059933826,0.0029565436,2021-12-21,2025-02-14,11888,760,1,5,0.001651991546774904
2025-02-24,600548,val,0.08343958,0.0027851663,2021-12-21,2025-02-14,11888,760,1,5,0.001651991546774904
2025-02-24,600865,val,0.034917235,-0.0021296018,2021-12-21,2025-02-14,11888,760,1,5,0.001651991546774904
2025-02-24,600967,val,-0.048495915,0.0003574756,2021-12-21,2025-02-14,11888,760,1,5,0.001651991546774904
2025-02-24,601222,val,0.0065132114,0.0047607967,2021-12-21,2025-02-14,11888,760,1,5,0.001651991546774904
2025-02-24,603237,val,0.03440307,-7.7043194e-05,2021-12-21,2025-02-14,11888,760,1,5,0.001651991546774904
2025-02-24,603335,val,0.0033430916,0.0034363442,2021-12-21,2025-02-14,11888,760,1,5,0.001651991546774904
2025-02-24,603341,val,-0.14782125,-0.009409711,2021-12-21,2025-02-14,11888,760,1,5,0.001651991546774904
2025-02-24,603658,val,-0.0035707292,0.005187014,2021-12-21,2025-02-14,11888,760,1,5,0.001651991546774904
2025-02-24,605090,val,0.0016732707,0.00043573044,2021-12-21,2025-02-14,11888,760,1,5,0.001651991546774904
2025-02-24,605589,val,-0.060197357,0.0021096123,2021-12-21,2025-02-14,11888,760,1,5,0.001651991546774904
2025-02-24,688031,val,-0.0907595,-0.004898853,2021-12-21,2025-02-14,11888,760,1,5,0.001651991546774904
2025-02-24,688045,val,0.0036189642,2.0718202e-05,2021-12-21,2025-02-14,11888,760,1,5,0.001651991546774904
2025-02-24,688133,val,0.035560515,0.0040110904,2021-12-21,2025-02-14,11888,760,1,5,0.001651991546774904
2025-02-24,688147,val,0.038001727,2.3613684e-06,2021-12-21,2025-02-14,11888,760,1,5,0.001651991546774904
2025-02-24,688528,val,0.011521583,0.002919592,2021-12-21,2025-02-14,11888,760,1,5,0.001651991546774904
2025-02-25,600025,val,-0.012524407,-0.00038044294,2021-12-21,2025-02-14,11888,760,1,5,0.001651991546774904
2025-02-25,600051,val,0.041558396,0.002542777,2021-12-21,2025-02-14,11888,760,1,5,0.001651991546774904
2025-02-25,600127,val,0.006425003,0.004104776,2021-12-21,2025-02-14,11888,760,1,5,0.001651991546774904
2025-02-25,600153,val,0.034935687,0.0037192055,2021-12-21,2025-02-14,11888,760,1,5,0.001651991546774904
2025-02-25,600548,val,0.07606295,0.0013894304,2021-12-21,2025-02-14,11888,760,1,5,0.001651991546774904
2025-02-25,600865,val,0.0007848297,-0.002849164,2021-12-21,2025-02-14,11888,760,1,5,0.001651991546774904
2025-02-25,600967,val,-0.013200594,6.7069195e-05,2021-12-21,2025-02-14,11888,760,1,5,0.001651991546774904
2025-02-25,601222,val,-0.015563488,0.0046071094,2021-12-21,2025-02-14,11888,760,1,5,0.001651991546774904
2025-02-25,603237,val,0.03240179,0.00082328403,2021-12-21,2025-02-14,11888,760,1,5,0.001651991546774904
2025-02-25,603335,val,-0.0042070267,0.003242671,2021-12-21,2025-02-14,11888,760,1,5,0.001651991546774904
2025-02-25,603341,val,-0.11378563,-0.0068599493,2021-12-21,2025-02-14,11888,760,1,5,0.001651991546774904
2025-02-25,603658,val,0.0094896285,0.0034470307,2021-12-21,2025-02-14,11888,760,1,5,0.001651991546774904
2025-02-25,605090,val,-0.016712004,-0.00017670216,2021-12-21,2025-02-14,11888,760,1,5,0.001651991546774904
2025-02-25,605589,val,-0.06746739,0.005233333,2021-12-21,2025-02-14,11888,760,1,5,0.001651991546774904
2025-02-25,688031,val,-0.086535916,-0.009347875,2021-12-21,2025-02-14,11888,760,1,5,0.001651991546774904
2025-02-25,688045,val,0.034568805,0.0010808683,2021-12-21,2025-02-14,11888,760,1,5,0.001651991546774904
2025-02-25,688133,val,0.07668392,0.005188497,2021-12-21,2025-02-14,11888,760,1,5,0.001651991546774904
2025-02-25,688147,val,0.007155212,-0.010486929,2021-12-21,2025-02-14,11888,760,1,5,0.001651991546774904
2025-02-25,688528,val,0.009930234,0.0035711932,2021-12-21,2025-02-14,11888,760,1,5,0.001651991546774904
2025-02-26,600025,val,0.008334479,-0.0008861651,2021-12-21,2025-02-14,11888,760,1,5,0.001651991546774904
2025-02-26,600051,val,0.007842084,0.0032049757,2021-12-21,2025-02-14,11888,760,1,5,0.001651991546774904
2025-02-26,600127,val,0.013627788,0.0034242594,2021-12-21,2025-02-14,11888,760,1,5,0.001651991546774904
2025-02-26,600153,val,-0.0030764563,0.0029725921,2021-12-21,2025-02-14,11888,760,1,5,0.001651991546774904
2025-02-26,600548,val,0.08915711,-0.00067812623,2021-12-21,2025-02-14,11888,760,1,5,0.001651991546774904
2025-02-26,600865,val,0.008883203,-0.0030204854,2021-12-21,2025-02-14,11888,760,1,5,0.001651991546774904
2025-02-26,600967,val,-0.02428259,-0.00020317314,2021-12-21,2025-02-14,11888,760,1,5,0.001651991546774904
2025-02-26,601222,val,-0.02701647,0.004721339,2021-12-21,2025-02-14,11888,760,1,5,0.001651991546774904
2025-02-26,603237,val,0.014361815,0.0019649598,2021-12-21,2025-02-14,11888,760,1,5,0.001651991546774904
2025-02-26,603335,val,-0.02772113,0.003238453,2021-12-21,2025-02-14,11888,760,1,5,0.001651991546774904
2025-02-26,603341,val,-0.07213115,-0.0011212551,2021-12-21,2025-02-14,11888,760,1,5,0.001651991546774904
2025-02-26,603658,val,0.01654559,0.0023116306,2021-12-21,2025-02-14,11888,760,1,5,0.001651991546774904
2025-02-26,605090,val,-0.013254835,-0.0014948179,2021-12-21,2025-02-14,11888,760,1,5,0.001651991546774904
2025-02-26,605589,val,-0.024335064,0.005268872,2021-12-21,2025-02-14,11888,760,1,5,0.001651991546774904
2025-02-26,688031,val,-0.075513266,-0.007982165,2021-12-21,2025-02-14,11888,760,1,5,0.001651991546774904
2025-02-26,688045,val,0.012818509,1.1082739e-06,2021-12-21,2025-02-14,11888,760,1,5,0.001651991546774904
2025-02-26,688133,val,0.10909247,0.0077132434,2021-12-21,2025-02-14,11888,760,1,5,0.001651991546774904
2025-02-26,688147,val,-0.012785472,-0.009174012,2021-12-21,2025-02-14,11888,760,1,5,0.001651991546774904
2025-02-26,688528,val,-0.0005466164,0.0042545367,2021-12-21,2025-02-14,11888,760,1,5,0.001651991546774904
2025-02-27,600025,val,-0.014784926,-0.0014212956,2021-12-21,2025-02-14,11888,760,1,5,0.001651991546774904
2025-02-27,600051,val,-0.01490862,0.0031086728,2021-12-21,2025-02-14,11888,760,1,5,0.001651991546774904
2025-02-27,600127,val,-0.009309754,0.0029146145,2021-12-21,2025-02-14,11888,760,1,5,0.001651991546774904
2025-02-27,600153,val,-0.01946136,0.0033863992,2021-12-21,2025-02-14,11888,760,1,5,0.001651991546774904
2025-02-27,600548,val,0.008031311,-0.001579585,2021-12-21,2025-02-14,11888,760,1,5,0.001651991546774904
2025-02-27,600865,val,-0.042374343,-0.0029745703,2021-12-21,2025-02-14,11888,760,1,5,0.001651991546774904
2025-02-27,600967,val,0.004744457,-0.0010052756,2021-12-21,2025-02-14,11888,760,1,5,0.001651991546774904
2025-02-27,601222,val,-0.032649353,0.004616132,2021-12-21,2025-02-14,11888,760,1,5,0.001651991546774904
2025-02-27,603237,val,-0.039430235,0.0017051068,2021-12-21,2025-02-14,11888,760,1,5,0.001651991546774904
2025-02-27,603335,val,-0.027499141,0.0031493763,2021-12-21,2025-02-14,11888,760,1,5,0.001651991546774904
2025-02-27,603341,val,-0.10082822,0.0017294749,2021-12-21,2025-02-14,11888,760,1,5,0.001651991546774904
2025-02-27,603658,val,0.014346244,0.0011311849,2021-12-21,2025-02-14,11888,760,1,5,0.001651991546774904
2025-02-27,605090,val,-0.00093063945,0.00023661321,2021-12-21,2025-02-14,11888,760,1,5,0.001651991546774904
2025-02-27,605589,val,-0.028446592,0.005284616,2021-12-21,2025-02-14,11888,760,1,5,0.001651991546774904
2025-02-27,688031,val,0.11805869,-0.0042940765,2021-12-21,2025-02-14,11888,760,1,5,0.001651991546774904
2025-02-27,688045,val,0.018320724,0.0006557484,2021-12-21,2025-02-14,11888,760,1,5,0.001651991546774904
2025-02-27,688133,val,0.068377204,0.0069402563,2021-12-21,2025-02-14,11888,760,1,5,0.001651991546774904
2025-02-27,688147,val,0.074176595,-0.00056218123,2021-12-21,2025-02-14,11888,760,1,5,0.001651991546774904
2025-02-27,688528,val,0.024567962,0.004817496,2021-12-21,2025-02-14,11888,760,1,5,0.001651991546774904
2025-02-28,600025,val,-0.016805554,0.00064101303,2021-12-21,2025-02-14,11888,760,1,5,0.001651991546774904
2025-02-28,600051,val,-0.032549705,0.0033056848,2021-12-21,2025-02-14,11888,760,1,5,0.001651991546774904
2025-02-28,600127,val,-0.015864238,0.0026665158,2021-12-21,2025-02-14,11888,760,1,5,0.001651991546774904
2025-02-28,600153,val,-0.058645815,0.0040476457,2021-12-21,2025-02-14,11888,760,1,5,0.001651991546774904
2025-02-28,600548,val,-0.061142176,0.0011480046,2021-12-21,2025-02-14,11888,760,1,5,0.001651991546774904
2025-02-28,600865,val,-0.06977154,0.0011182227,2021-12-21,2025-02-14,11888,760,1,5,0.001651991546774904
2025-02-28,600967,val,0.03489077,-0.00095160725,2021-12-21,2025-02-14,11888,760,1,5,0.001651991546774904
2025-02-28,601222,val,-0.056489985,0.0042359047,2021-12-21,2025-02-14,11888,760,1,5,0.001651991546774904
2025-02-28,603237,val,-0.04323954,0.002691782,2021-12-21,2025-02-14,11888,760,1,5,0.001651991546774904
2025-02-28,603335,val,-0.042966373,0.0022420012,2021-12-21,2025-02-14,11888,760,1,5,0.001651991546774904
2025-02-28,603341,val,-0.023647241,0.003404935,2021-12-21,2025-02-14,11888,760,1,5,0.001651991546774904
2025-02-28,603658,val,0.016632127,0.0030989344,2021-12-21,2025-02-14,11888,760,1,5,0.001651991546774904
2025-02-28,605090,val,-0.017001994,-0.0003010952,2021-12-21,2025-02-14,11888,760,1,5,0.001651991546774904
2025-02-28,605589,val,-0.05105004,0.0041159526,2021-12-21,2025-02-14,11888,760,1,5,0.001651991546774904
2025-02-28,688031,val,0.12458544,-0.0035538985,2021-12-21,2025-02-14,11888,760,1,5,0.001651991546774904
2025-02-28,688045,val,0.0379172,0.0018610149,2021-12-21,2025-02-14,11888,760,1,5,0.001651991546774904
2025-02-28,688133,val,0.14218755,0.008948421,2021-12-21,2025-02-14,11888,760,1,5,0.001651991546774904
2025-02-28,688147,val,0.092408344,0.0067636166,2021-12-21,2025-02-14,11888,760,1,5,0.001651991546774904
2025-02-28,688528,val,0.040552773,0.0050616455,2021-12-21,2025-02-14,11888,760,1,5,0.001651991546774904
2025-03-03,600025,val,-0.010279155,0.0021052137,2021-12-21,2025-02-14,11888,760,1,5,0.001651991546774904
2025-03-03,600051,val,-0.015015547,0.0035215602,2021-12-21,2025-02-14,11888,760,1,5,0.001651991546774904
2025-03-03,600127,val,-0.023987519,0.0020009289,2021-12-21,2025-02-14,11888,760,1,5,0.001651991546774904
2025-03-03,600153,val,-0.05567548,0.0045025316,2021-12-21,2025-02-14,11888,760,1,5,0.001651991546774904
2025-03-03,600548,val,-0.06787584,0.0037019714,2021-12-21,2025-02-14,11888,760,1,5,0.001651991546774904
2025-03-03,600865,val,-0.037135307,0.0050262655,2021-12-21,2025-02-14,11888,760,1,5,0.001651991546774904
2025-03-03,600967,val,0.022220625,-0.0019233325,2021-12-21,2025-02-14,11888,760,1,5,0.001651991546774904
2025-03-03,601222,val,-0.04365692,0.0054775337,2021-12-21,2025-02-14,11888,760,1,5,0.001651991546774904
2025-03-03,603237,val,-0.03332058,0.0044945376,2021-12-21,2025-02-14,11888,760,1,5,0.001651991546774904
2025-03-03,603335,val,-0.03150991,0.0014711185,2021-12-21,2025-02-14,11888,760,1,5,0.001651991546774904
2025-03-03,603341,val,0.06736627,0.0026571,2021-12-21,2025-02-14,11888,760,1,5,0.001651991546774904
2025-03-03,603658,val,0.0010059319,0.0012747613,2021-12-21,2025-02-14,11888,760,1,5,0.001651991546774904
2025-03-03,605090,val,-0.015961569,0.00047702854,2021-12-21,2025-02-14,11888,760,1,5,0.001651991546774904
2025-03-03,605589,val,0.012835108,0.00260938,2021-12-21,2025-02-14,11888,760,1,5,0.001651991546774904
2025-03-03,688031,val,0.072790444,-0.005557571,2021-12-21,2025-02-14,11888,760,1,5,0.001651991546774904
2025-03-03,688045,val,0.032965753,0.0023674355,2021-12-21,2025-02-14,11888,760,1,5,0.001651991546774904
2025-03-03,688133,val,0.044097107,0.0039629713,2021-12-21,2025-02-14,11888,760,1,5,0.001651991546774904
2025-03-03,688147,val,0.05334349,0.006468616,2021-12-21,2025-02-14,11888,760,1,5,0.001651991546774904
2025-03-03,688528,val,0.027793087,0.004520542,2021-12-21,2025-02-14,11888,760,1,5,0.001651991546774904
2025-03-04,600025,val,0.014046746,0.0016974006,2021-12-21,2025-02-14,11888,760,1,5,0.001651991546774904
2025-03-04,600051,val,-0.0064926627,0.0040297164,2021-12-21,2025-02-14,11888,760,1,5,0.001651991546774904
2025-03-04,600127,val,-0.0093786,0.0008786754,2021-12-21,2025-02-14,11888,760,1,5,0.001651991546774904
2025-03-04,600153,val,-0.051084552,0.005661716,2021-12-21,2025-02-14,11888,760,1,5,0.001651991546774904
2025-03-04,600548,val,-0.059304997,0.006620247,2021-12-21,2025-02-14,11888,760,1,5,0.001651991546774904
2025-03-04,600865,val,-0.0009857332,0.0034233392,2021-12-21,2025-02-14,11888,760,1,5,0.001651991546774904
2025-03-04,600967,val,0.07974309,-0.0015942813,2021-12-21,2025-02-14,11888,760,1,5,0.001651991546774904
2025-03-04,601222,val,-0.018486151,0.005227208,2021-12-21,2025-02-14,11888,760,1,5,0.001651991546774904
2025-03-04,603237,val,-0.019230101,0.0041374415,2021-12-21,2025-02-14,11888,760,1,5,0.001651991546774904
2025-03-04,603335,val,-0.032251168,0.0009383443,2021-12-21,2025-02-14,11888,760,1,5,0.001651991546774904
2025-03-04,603341,val,0.024184404,0.003377562,2021-12-21,2025-02-14,11888,760,1,5,0.001651991546774904
2025-03-04,603658,val,-0.0077092284,0.0015522284,2021-12-21,2025-02-14,11888,760,1,5,0.001651991546774904
2025-03-04,605090,val,-4.5687877e-05,0.0012115473,2021-12-21,2025-02-14,11888,760,1,5,0.001651991546774904
2025-03-04,605589,val,0.044937532,0.0010380093,2021-12-21,2025-02-14,11888,760,1,5,0.001651991546774904
2025-03-04,688031,val,0.034321845,-0.00851907,2021-12-21,2025-02-14,11888,760,1,5,0.001651991546774904
2025-03-04,688045,val,0.006553096,0.002102967,2021-12-21,2025-02-14,11888,760,1,5,0.001651991546774904
2025-03-04,688133,val,0.0023530247,-0.0038786526,2021-12-21,2025-02-14,11888,760,1,5,0.001651991546774904
2025-03-04,688147,val,-0.019141795,0.0036149975,2021-12-21,2025-02-14,11888,760,1,5,0.001651991546774904
2025-03-04,688528,val,0.017970942,0.00435853,2021-12-21,2025-02-14,11888,760,1,5,0.001651991546774904
2025-03-05,600025,val,-0.019897383,0.0021919836,2021-12-21,2025-02-14,11888,760,1,5,0.001651991546774904
2025-03-05,600051,val,-0.0024646618,0.0041289837,2021-12-21,2025-02-14,11888,760,1,5,0.001651991546774904
2025-03-05,600127,val,-0.009879643,0.00070233876,2021-12-21,2025-02-14,11888,760,1,5,0.001651991546774904
2025-03-05,600153,val,-0.028935691,0.006021061,2021-12-21,2025-02-14,11888,760,1,5,0.001651991546774904
2025-03-05,600548,val,-0.06775092,0.005713358,2021-12-21,2025-02-14,11888,760,1,5,0.001651991546774904
2025-03-05,600865,val,-0.01071446,0.0021407185,2021-12-21,2025-02-14,11888,760,1,5,0.001651991546774904
2025-03-05,600967,val,0.18704312,-0.003603469,2021-12-21,2025-02-14,11888,760,1,5,0.001651991546774904
2025-03-05,601222,val,0.011652001,0.0064836927,2021-12-21,2025-02-14,11888,760,1,5,0.001651991546774904
2025-03-05,603237,val,-0.015799774,0.0032058912,2021-12-21,2025-02-14,11888,760,1,5,0.001651991546774904
2025-03-05,603335,val,-0.01976204,0.0010151318,2021-12-21,2025-02-14,11888,760,1,5,0.001651991546774904
2025-03-05,603341,val,0.006512536,0.0033010743,2021-12-21,2025-02-14,11888,760,1,5,0.001651991546774904
2025-03-05,603658,val,-0.028882928,0.00162635,2021-12-21,2025-02-14,11888,760,1,5,0.001651991546774904
2025-03-05,605090,val,-0.0059014945,0.0014303122,2021-12-21,2025-02-14,11888,760,1,5,0.001651991546774904
2025-03-05,605589,val,0.021021353,-0.0007174243,2021-12-21,2025-02-14,11888,760,1,5,0.001651991546774904
2025-03-05,688031,val,0.012711317,-0.009706229,2021-12-21,2025-02-14,11888,760,1,5,0.001651991546774904
2025-03-05,688045,val,0.00432705,0.004581548,2021-12-21,2025-02-14,11888,760,1,5,0.001651991546774904
2025-03-05,688133,val,-0.045693915,-0.0055202744,2021-12-21,2025-02-14,11888,760,1,5,0.001651991546774904
2025-03-05,688147,val,0.0023980616,0.0064875954,2021-12-21,2025-02-14,11888,760,1,5,0.001651991546774904
2025-03-05,688528,val,0.01001747,0.0038849982,2021-12-21,2025-02-14,11888,760,1,5,0.001651991546774904
2025-03-06,600025,val,0.011075461,0.0017200955,2021-12-21,2025-02-14,11888,760,1,5,0.001651991546774904
2025-03-06,600051,val,0.010237066,0.0037027556,2021-12-21,2025-02-14,11888,760,1,5,0.001651991546774904
2025-03-06,600127,val,-0.00029674394,0.00068211975,2021-12-21,2025-02-14,11888,760,1,5,0.001651991546774904
2025-03-06,600153,val,0.0037840283,0.0056997323,2021-12-21,2025-02-14,11888,760,1,5,0.001651991546774904
2025-03-06,600548,val,0.0018745357,0.0050063627,2021-12-21,2025-02-14,11888,760,1,5,0.001651991546774904
2025-03-06,600865,val,-0.0039971196,0.00053877104,2021-12-21,2025-02-14,11888,760,1,5,0.001651991546774904
2025-03-06,600967,val,0.31706634,-0.0034249579,2021-12-21,2025-02-14,11888,760,1,5,0.001651991546774904
2025-03-06,601222,val,0.042495236,0.0059132,2021-12-21,2025-02-14,11888,760,1,5,0.001651991546774904
2025-03-06,603237,val,-0.0035372716,0.0018930058,2021-12-21,2025-02-14,11888,760,1,5,0.001651991546774904
2025-03-06,603335,val,-0.030655535,0.0013657627,2021-12-21,2025-02-14,11888,760,1,5,0.001651991546774904
2025-03-06,603341,val,0.005305228,0.003766159,2021-12-21,2025-02-14,11888,760,1,5,0.001651991546774904
2025-03-06,603658,val,-0.018488199,0.0016447739,2021-12-21,2025-02-14,11888,760,1,5,0.001651991546774904
2025-03-06,605090,val,0.0076621566,0.0013946011,2021-12-21,2025-02-14,11888,760,1,5,0.001651991546774904
2025-03-06,605589,val,-0.016203614,-0.0014640815,2021-12-21,2025-02-14,11888,760,1,5,0.001651991546774904
2025-03-06,688031,val,-0.15602575,-0.016130686,2021-12-21,2025-02-14,11888,760,1,5,0.001651991546774904
2025-03-06,688045,val,-0.025780939,0.007176768,2021-12-21,2025-02-14,11888,760,1,5,0.001651991546774904
2025-03-06,688133,val,-0.047268633,0.0001647463,2021-12-21,2025-02-14,11888,760,1,5,0.001651991546774904
2025-03-06,688147,val,-0.07456594,0.0018787808,2021-12-21,2025-02-14,11888,760,1,5,0.001651991546774904
2025-03-06,688528,val,-0.022680314,0.0024929657,2021-12-21,2025-02-14,11888,760,1,5,0.001651991546774904
2025-03-07,600025,val,-0.01119295,0.0027655591,2021-12-21,2025-02-14,11888,760,1,5,0.001651991546774904
2025-03-07,600051,val,0.012586924,0.0036399947,2021-12-21,2025-02-14,11888,760,1,5,0.001651991546774904
2025-03-07,600127,val,-0.0006316574,0.0010943445,2021-12-21,2025-02-14,11888,760,1,5,0.001651991546774904
2025-03-07,600153,val,0.0040801363,0.005638151,2021-12-21,2025-02-14,11888,760,1,5,0.001651991546774904
2025-03-07,600548,val,-0.010558855,0.0051143803,2021-12-21,2025-02-14,11888,760,1,5,0.001651991546774904
2025-03-07,600865,val,0.030851452,4.125759e-07,2021-12-21,2025-02-14,11888,760,1,5,0.001651991546774904
2025-03-07,600967,val,0.15689163,-0.003142377,2021-12-21,2025-02-14,11888,760,1,5,0.001651991546774904
2025-03-07,601222,val,0.030383179,0.005210042,2021-12-21,2025-02-14,11888,760,1,5,0.001651991546774904
2025-03-07,603237,val,0.010644733,0.001943137,2021-12-21,2025-02-14,11888,760,1,5,0.001651991546774904
2025-03-07,603335,val,-0.004535197,0.0018473817,2021-12-21,2025-02-14,11888,760,1,5,0.001651991546774904
2025-03-07,603341,val,0.0018279657,0.001830433,2021-12-21,2025-02-14,11888,760,1,5,0.001651991546774904
2025-03-07,603658,val,-0.0050827074,0.0018238388,2021-12-21,2025-02-14,11888,760,1,5,0.001651991546774904
2025-03-07,605090,val,-0.021930361,0.0038327095,2021-12-21,2025-02-14,11888,760,1,5,0.001651991546774904
2025-03-07,605589,val,0.06812217,-0.0015911642,2021-12-21,2025-02-14,11888,760,1,5,0.001651991546774904
2025-03-07,688031,val,-0.12830193,-0.017103633,2021-12-21,2025-02-14,11888,760,1,5,0.001651991546774904
2025-03-07,688045,val,-0.009887904,0.007343066,2021-12-21,2025-02-14,11888,760,1,5,0.001651991546774904
2025-03-07,688133,val,-0.0337126,0.00048390543,2021-12-21,2025-02-14,11888,760,1,5,0.001651991546774904
2025-03-07,688147,val,-0.06355419,0.0047369516,2021-12-21,2025-02-14,11888,760,1,5,0.001651991546774904
2025-03-07,688528,val,-0.025999842,-0.0008109049,2021-12-21,2025-02-14,11888,760,1,5,0.001651991546774904
2025-03-10,600025,val,-0.005510579,0.0037665186,2021-12-21,2025-02-14,11888,760,1,5,0.001651991546774904
2025-03-10,600051,val,0.00499912,0.003848908,2021-12-21,2025-02-14,11888,760,1,5,0.001651991546774904
2025-03-10,600127,val,-0.0020452393,0.0033002696,2021-12-21,2025-02-14,11888,760,1,5,0.001651991546774904
2025-03-10,600153,val,0.034289807,0.0046359436,2021-12-21,2025-02-14,11888,760,1,5,0.001651991546774904
2025-03-10,600548,val,-0.01994966,0.0029384946,2021-12-21,2025-02-14,11888,760,1,5,0.001651991546774904
2025-03-10,600865,val,0.021215955,-0.00050851563,2021-12-21,2025-02-14,11888,760,1,5,0.001651991546774904
2025-03-10,600967,val,0.16652705,-0.0004383861,2021-12-21,2025-02-14,11888,760,1,5,0.001651991546774904
2025-03-10,601222,val,0.014959016,0.004068801,2021-12-21,2025-02-14,11888,760,1,5,0.001651991546774904
2025-03-10,603237,val,0.014283763,0.0010580537,2021-12-21,2025-02-14,11888,760,1,5,0.001651991546774904
2025-03-10,603335,val,-0.0015940744,0.002123583,2021-12-21,2025-02-14,11888,760,1,5,0.001651991546774904
2025-03-10,603341,val,-0.019759802,-0.002486274,2021-12-21,2025-02-14,11888,760,1,5,0.001651991546774904
2025-03-10,603658,val,-0.0040148054,0.00330903,2021-12-21,2025-02-14,11888,760,1,5,0.001651991546774904
2025-03-10,605090,val,0.004635946,0.0038884014,2021-12-21,2025-02-14,11888,760,1,5,0.001651991546774904
2025-03-10,605589,val,0.027155302,-0.0049179583,2021-12-21,2025-02-14,11888,760,1,5,0.001651991546774904
2025-03-10,688031,val,-0.14741285,-0.012927918,2021-12-21,2025-02-14,11888,760,1,5,0.001651991546774904
2025-03-10,688045,val,-0.028289946,0.0054637194,2021-12-21,2025-02-14,11888,760,1,5,0.001651991546774904
2025-03-10,688133,val,-0.014798482,0.0016663014,2021-12-21,2025-02-14,11888,760,1,5,0.001651991546774904
2025-03-10,688147,val,-0.018227052,0.002725137,2021-12-21,2025-02-14,11888,760,1,5,0.001651991546774904
2025-03-10,688528,val,-0.026463453,-0.0012746812,2021-12-21,2025-02-14,11888,760,1,5,0.001651991546774904
2025-03-11,600025,val,-0.0091109285,0.0038398756,2021-12-21,2025-02-14,11888,760,1,5,0.001651991546774904
2025-03-11,600051,val,0.0109328525,0.0056414064,2021-12-21,2025-02-14,11888,760,1,5,0.001651991546774904
2025-03-11,600127,val,0.00083252194,0.0035787774,2021-12-21,2025-02-14,11888,760,1,5,0.001651991546774904
2025-03-11,600153,val,0.03556178,0.0044140685,2021-12-21,2025-02-14,11888,760,1,5,0.001651991546774904
2025-03-11,600548,val,-0.019062065,0.0028570774,2021-12-21,2025-02-14,11888,760,1,5,0.001651991546774904
2025-03-11,600865,val,0.021514282,-0.00026252354,2021-12-21,2025-02-14,11888,760,1,5,0.001651991546774904
2025-03-11,600967,val,0.045865316,-0.0057455325,2021-12-21,2025-02-14,11888,760,1,5,0.001651991546774904
2025-03-11,601222,val,0.008472994,0.004189772,2021-12-21,2025-02-14,11888,760,1,5,0.001651991546774904
2025-03-11,603237,val,0.02805109,0.0027341428,2021-12-21,2025-02-14,11888,760,1,5,0.001651991546774904
2025-03-11,603335,val,0.020200029,0.0025892095,2021-12-21,2025-02-14,11888,760,1,5,0.001651991546774904
2025-03-11,603341,val,-0.021604298,-0.0048810677,2021-12-21,2025-02-14,11888,760,1,5,0.001651991546774904
2025-03-11,603658,val,0.016219402,0.0028110952,2021-12-21,2025-02-14,11888,760,1,5,0.001651991546774904
2025-03-11,605090,val,0.014432858,0.0037173713,2021-12-21,2025-02-14,11888,760,1,5,0.001651991546774904
2025-03-11,605589,val,0.0075844554,-0.005721343,2021-12-21,2025-02-14,11888,760,1,5,0.001651991546774904
2025-03-11,688031,val,-0.13232084,-0.010180494,2021-12-21,2025-02-14,11888,760,1,5,0.001651991546774904
2025-03-11,688045,val,-0.035504952,0.00597207,2021-12-21,2025-02-14,11888,760,1,5,0.001651991546774904
2025-03-11,688133,val,-0.012176166,0.00562599,2021-12-21,2025-02-14,11888,760,1,5,0.001651991546774904
2025-03-11,688147,val,0.029929804,0.00402976,2021-12-21,2025-02-14,11888,760,1,5,0.001651991546774904
2025-03-11,688528,val,-0.009818144,0.0021302127,2021-12-21,2025-02-14,11888,760,1,5,0.001651991546774904
2025-03-12,600025,val,0.028512236,0.004006651,2021-12-21,2025-02-14,11888,760,1,5,0.001651991546774904
2025-03-12,600051,val,0.012728073,0.005749183,2021-12-21,2025-02-14,11888,760,1,5,0.001651991546774904
2025-03-12,600127,val,-0.006627304,0.0040997216,2021-12-21,2025-02-14,11888,760,1,5,0.001651991546774904
2025-03-12,600153,val,0.03523236,0.0031592823,2021-12-21,2025-02-14,11888,760,1,5,0.001651991546774904
2025-03-12,600548,val,0.0025771728,0.0023700725,2021-12-21,2025-02-14,11888,760,1,5,0.001651991546774904
2025-03-12,600865,val,0.00880895,0.00048345653,2021-12-21,2025-02-14,11888,760,1,5,0.001651991546774904
2025-03-12,600967,val,-0.051407736,-0.015708145,2021-12-21,2025-02-14,11888,760,1,5,0.001651991546774904
2025-03-12,601222,val,-0.01702123,0.0044003045,2021-12-21,2025-02-14,11888,760,1,5,0.001651991546774904
2025-03-12,603237,val,0.029702662,0.00252449,2021-12-21,2025-02-14,11888,760,1,5,0.001651991546774904
2025-03-12,603335,val,0.021071274,0.0032357154,2021-12-21,2025-02-14,11888,760,1,5,0.001651991546774904
2025-03-12,603341,val,-0.035374705,-0.004476572,2021-12-21,2025-02-14,11888,760,1,5,0.001651991546774904
2025-03-12,603658,val,0.031372633,0.002455067,2021-12-21,2025-02-14,11888,760,1,5,0.001651991546774904
2025-03-12,605090,val,0.024311535,0.0026637376,2021-12-21,2025-02-14,11888,760,1,5,0.001651991546774904
2025-03-12,605589,val,-0.00889463,-0.004388899,2021-12-21,2025-02-14,11888,760,1,5,0.001651991546774904
2025-03-12,688031,val,-0.13856642,-0.008456882,2021-12-21,2025-02-14,11888,760,1,5,0.001651991546774904
2025-03-12,688045,val,-0.037005927,0.0074248533,2021-12-21,2025-02-14,11888,760,1,5,0.001651991546774904
2025-03-12,688133,val,0.03988586,0.00740355,2021-12-21,2025-02-14,11888,760,1,5,0.001651991546774904
2025-03-12,688147,val,0.06738038,0.005009671,2021-12-21,2025-02-14,11888,760,1,5,0.001651991546774904
2025-03-12,688528,val,-0.006685186,0.0041396394,2021-12-21,2025-02-14,11888,760,1,5,0.001651991546774904
2025-03-13,600025,val,0.015557641,0.0030256552,2021-12-21,2025-02-14,11888,760,1,5,0.001651991546774904
2025-03-13,600051,val,0.01600621,0.00543393,2021-12-21,2025-02-14,11888,760,1,5,0.001651991546774904
2025-03-13,600127,val,-0.0033102832,0.0032219826,2021-12-21,2025-02-14,11888,760,1,5,0.001651991546774904
2025-03-13,600153,val,-0.004341211,0.0026823902,2021-12-21,2025-02-14,11888,760,1,5,0.001651991546774904
2025-03-13,600548,val,-0.0050668265,0.003259425,2021-12-21,2025-02-14,11888,760,1,5,0.001651991546774904
2025-03-13,600865,val,0.009147248,0.00074534584,2021-12-21,2025-02-14,11888,760,1,5,0.001651991546774904
2025-03-13,600967,val,-0.09546565,-0.025404088,2021-12-21,2025-02-14,11888,760,1,5,0.001651991546774904
2025-03-13,601222,val,-0.03565371,0.0035795723,2021-12-21,2025-02-14,11888,760,1,5,0.001651991546774904
2025-03-13,603237,val,0.024883043,0.0025505046,2021-12-21,2025-02-14,11888,760,1,5,0.001651991546774904
2025-03-13,603335,val,0.07042243,0.0029663858,2021-12-21,2025-02-14,11888,760,1,5,0.001651991546774904
2025-03-13,603341,val,-0.038115036,-0.0038457778,2021-12-21,2025-02-14,11888,760,1,5,0.001651991546774904
2025-03-13,603658,val,0.012653798,0.001845736,2021-12-21,2025-02-14,11888,760,1,5,0.001651991546774904
2025-03-13,605090,val,0.011348103,0.0030604545,2021-12-21,2025-02-14,11888,760,1,5,0.001651991546774904
2025-03-13,605589,val,0.01455337,-0.0023080553,2021-12-21,2025-02-14,11888,760,1,5,0.001651991546774904
2025-03-13,688031,val,-0.08908943,-0.006705752,2021-12-21,2025-02-14,11888,760,1,5,0.001651991546774904
2025-03-13,688045,val,0.0008459928,0.0065229866,2021-12-21,2025-02-14,11888,760,1,5,0.001651991546774904
2025-03-13,688133,val,0.037159692,0.005954401,2021-12-21,2025-02-14,11888,760,1,5,0.001651991546774904
2025-03-13,688147,val,0.05029265,0.0033695973,2021-12-21,2025-02-14,11888,760,1,5,0.001651991546774904
2025-03-13,688528,val,0.008171972,0.0045870105,2021-12-21,2025-02-14,11888,760,1,5,0.001651991546774904
2025-03-14,600025,val,0.033235043,0.0024345987,2021-12-21,2025-02-14,11888,760,1,5,0.001651991546774904
2025-03-14,600051,val,0.01105849,0.004764755,2021-12-21,2025-02-14,11888,760,1,5,0.001651991546774904
2025-03-14,600127,val,0.0044910507,0.0045521357,2021-12-21,2025-02-14,11888,760,1,5,0.001651991546774904
2025-03-14,600153,val,0.031643983,0.0029581985,2021-12-21,2025-02-14,11888,760,1,5,0.001651991546774904
2025-03-14,600548,val,0.035633355,0.0028599156,2021-12-21,2025-02-14,11888,760,1,5,0.001651991546774904
2025-03-14,600865,val,-0.022647057,0.00040761847,2021-12-21,2025-02-14,11888,760,1,5,0.001651991546774904
2025-03-14,600967,val,-0.014632542,-0.022160508,2021-12-21,2025-02-14,11888,760,1,5,0.001651991546774904
2025-03-14,601222,val,-0.0053620986,0.004214113,2021-12-21,2025-02-14,11888,760,1,5,0.001651991546774904
2025-03-14,603237,val,0.021243725,0.0036913226,2021-12-21,2025-02-14,11888,760,1,5,0.001651991546774904
2025-03-14,603335,val,0.037539966,0.0017267098,2021-12-21,2025-02-14,11888,760,1,5,0.001651991546774904
2025-03-14,603341,val,-0.04931765,-0.0026207338,2021-12-21,2025-02-14,11888,760,1,5,0.001651991546774904
2025-03-14,603658,val,0.016391668,0.0030228687,2021-12-21,2025-02-14,11888,760,1,5,0.001651991546774904
2025-03-14,605090,val,0.033810247,0.0023949975,2021-12-21,2025-02-14,11888,760,1,5,0.001651991546774904
2025-03-14,605589,val,-0.015393436,-0.0029308167,2021-12-21,2025-02-14,11888,760,1,5,0.001651991546774904
2025-03-14,688031,val,-0.10504091,-0.0039918325,2021-12-21,2025-02-14,11888,760,1,5,0.001651991546774904
2025-03-14,688045,val,-0.029297793,0.004040649,2021-12-21,2025-02-14,11888,760,1,5,0.001651991546774904
2025-03-14,688133,val,-0.02503495,0.002579799,2021-12-21,2025-02-14,11888,760,1,5,0.001651991546774904
2025-03-14,688147,val,0.051903214,0.0009998064,2021-12-21,2025-02-14,11888,760,1,5,0.001651991546774904
2025-03-14,688528,val,-0.010224309,0.0040417975,2021-12-21,2025-02-14,11888,760,1,5,0.001651991546774904
2025-03-17,600025,val,0.04475128,-0.00018632412,2022-01-26,2025-03-14,11997,760,1,5,0.0013278557259278994
2025-03-17,600051,val,-0.0040954063,-0.00028327107,2022-01-26,2025-03-14,11997,760,1,5,0.0013278557259278994
2025-03-17,600127,val,-0.00093526917,-0.0018000454,2022-01-26,2025-03-14,11997,760,1,5,0.0013278557259278994
2025-03-17,600153,val,0.012578244,-0.0076690093,2022-01-26,2025-03-14,11997,760,1,5,0.0013278557259278994
2025-03-17,600548,val,-0.01230401,-0.0012791082,2022-01-26,2025-03-14,11997,760,1,5,0.0013278557259278994
2025-03-17,600865,val,-0.027737971,-0.0043059066,2022-01-26,2025-03-14,11997,760,1,5,0.0013278557259278994
2025-03-17,600967,val,-0.029220516,-0.034706913,2022-01-26,2025-03-14,11997,760,1,5,0.0013278557259278994
2025-03-17,601222,val,0.014287481,0.0021741316,2022-01-26,2025-03-14,11997,760,1,5,0.0013278557259278994
2025-03-17,603237,val,0.031593923,-0.0039559864,2022-01-26,2025-03-14,11997,760,1,5,0.0013278557259278994
2025-03-17,603335,val,-0.03845292,-0.0030504316,2022-01-26,2025-03-14,11997,760,1,5,0.0013278557259278994
2025-03-17,603341,val,0.021122392,-0.00029081106,2022-01-26,2025-03-14,11997,760,1,5,0.0013278557259278994
2025-03-17,603658,val,0.029081648,0.00060737133,2022-01-26,2025-03-14,11997,760,1,5,0.0013278557259278994
2025-03-17,605090,val,0.01792874,-0.0007408224,2022-01-26,2025-03-14,11997,760,1,5,0.0013278557259278994
2025-03-17,605589,val,-0.002519214,-0.005273998,2022-01-26,2025-03-14,11997,760,1,5,0.0013278557259278994
2025-03-17,688031,val,-0.07820239,-0.009647891,2022-01-26,2025-03-14,11997,760,1,5,0.0013278557259278994
2025-03-17,688045,val,-0.046957146,0.00014922768,2022-01-26,2025-03-14,11997,760,1,5,0.0013278557259278994
2025-03-17,688133,val,0.047368314,-0.0040018447,2022-01-26,2025-03-14,11997,760,1,5,0.0013278557259278994
2025-03-17,688147,val,0.04786776,-0.0062061995,2022-01-26,2025-03-14,11997,760,1,5,0.0013278557259278994
2025-03-17,688528,val,-0.026154933,2.8789043e-05,2022-01-26,2025-03-14,11997,760,1,5,0.0013278557259278994
2025-03-18,600025,val,0.079878554,7.0266426e-05,2022-01-26,2025-03-14,11997,760,1,5,0.0013278557259278994
2025-03-18,600051,val,-0.0009283422,-0.001174897,2022-01-26,2025-03-14,11997,760,1,5,0.0013278557259278994
2025-03-18,600127,val,0.016967913,-0.0020514876,2022-01-26,2025-03-14,11997,760,1,5,0.0013278557259278994
2025-03-18,600153,val,0.04414633,-0.0075442567,2022-01-26,2025-03-14,11997,760,1,5,0.0013278557259278994
2025-03-18,600548,val,-0.0006919941,-0.0021241158,2022-01-26,2025-03-14,11997,760,1,5,0.0013278557259278994
2025-03-18,600865,val,-0.027106177,-0.0037549362,2022-01-26,2025-03-14,11997,760,1,5,0.0013278557259278994
2025-03-18,600967,val,-0.012347633,-0.012481138,2022-01-26,2025-03-14,11997,760,1,5,0.0013278557259278994
2025-03-18,601222,val,0.03359539,0.0036008395,2022-01-26,2025-03-14,11997,760,1,5,0.0013278557259278994
2025-03-18,603237,val,0.024001911,-0.0055059455,2022-01-26,2025-03-14,11997,760,1,5,0.0013278557259278994
2025-03-18,603335,val,-0.044238526,-0.0018267632,2022-01-26,2025-03-14,11997,760,1,5,0.0013278557259278994
2025-03-18,603341,val,-0.014902751,0.0006994717,2022-01-26,2025-03-14,11997,760,1,5,0.0013278557259278994
2025-03-18,603658,val,0.038442995,0.0009829998,2022-01-26,2025-03-14,11997,760,1,5,0.0013278557259278994
2025-03-18,605090,val,0.036310095,0.00049191713,2022-01-26,2025-03-14,11997,760,1,5,0.0013278557259278994
2025-03-18,605589,val,-0.026877273,0.0012179241,2022-01-26,2025-03-14,11997,760,1,5,0.0013278557259278994
2025-03-18,688031,val,-0.09842244,-0.009169824,2022-01-26,2025-03-14,11997,760,1,5,0.0013278557259278994
2025-03-18,688045,val,-0.047392506,-0.0010924041,2022-01-26,2025-03-14,11997,760,1,5,0.0013278557259278994
2025-03-18,688133,val,0.017669681,-0.0066244267,2022-01-26,2025-03-14,11997,760,1,5,0.0013278557259278994
2025-03-18,688147,val,0.019365562,-0.017079063,2022-01-26,2025-03-14,11997,760,1,5,0.0013278557259278994
2025-03-18,688528,val,-0.037470784,-0.0033965968,2022-01-26,2025-03-14,11997,760,1,5,0.0013278557259278994
2025-03-19,600025,val,0.0473305,-0.0030681752,2022-01-26,2025-03-14,11997,760,1,5,0.0013278557259278994
2025-03-19,600051,val,0.02252139,0.0001349859,2022-01-26,2025-03-14,11997,760,1,5,0.0013278557259278994
2025-03-19,600127,val,0.017830748,-0.0019489117,2022-01-26,2025-03-14,11997,760,1,5,0.0013278557259278994
2025-03-19,600153,val,0.035542108,-0.0052146614,2022-01-26,2025-03-14,11997,760,1,5,0.0013278557259278994
2025-03-19,600548,val,-0.017481117,-0.002829343,2022-01-26,2025-03-14,11997,760,1,5,0.0013278557259278994
2025-03-19,600865,val,-0.015761575,-0.0038798377,2022-01-26,2025-03-14,11997,760,1,5,0.0013278557259278994
2025-03-19,600967,val,-0.015251543,-0.0018054023,2022-01-26,2025-03-14,11997,760,1,5,0.0013278557259278994
2025-03-19,601222,val,0.042077515,0.0038276687,2022-01-26,2025-03-14,11997,760,1,5,0.0013278557259278994
2025-03-19,603237,val,0.026552208,-0.0034423992,2022-01-26,2025-03-14,11997,760,1,5,0.0013278557259278994
2025-03-19,603335,val,-0.033639867,-0.00065806136,2022-01-26,2025-03-14,11997,760,1,5,0.0013278557259278994
2025-03-19,603341,val,-0.0015917281,0.0003169179,2022-01-26,2025-03-14,11997,760,1,5,0.0013278557259278994
2025-03-19,603658,val,0.01771909,9.23872e-05,2022-01-26,2025-03-14,11997,760,1,5,0.0013278557259278994
2025-03-19,605090,val,0.008274963,0.0017858595,2022-01-26,2025-03-14,11997,760,1,5,0.0013278557259278994
2025-03-19,605589,val,-0.012583068,0.0032262802,2022-01-26,2025-03-14,11997,760,1,5,0.0013278557259278994
2025-03-19,688031,val,-0.07616696,-0.0038765594,2022-01-26,2025-03-14,11997,760,1,5,0.0013278557259278994
2025-03-19,688045,val,-0.03595271,-0.00021097064,2022-01-26,2025-03-14,11997,760,1,5,0.0013278557259278994
2025-03-19,688133,val,-0.015408576,-0.014018871,2022-01-26,2025-03-14,11997,760,1,5,0.0013278557259278994
2025-03-19,688147,val,0.026049074,-0.027261741,2022-01-26,2025-03-14,11997,760,1,5,0.0013278557259278994
2025-03-19,688528,val,-0.020060454,-0.0038309656,2022-01-26,2025-03-14,11997,760,1,5,0.0013278557259278994
2025-03-20,600025,val,0.03567334,-0.00097593665,2022-01-26,2025-03-14,11997,760,1,5,0.0013278557259278994
2025-03-20,600051,val,0.010422961,8.720905e-06,2022-01-26,2025-03-14,11997,760,1,5,0.0013278557259278994
2025-03-20,600127,val,0.016039887,-0.0020040944,2022-01-26,2025-03-14,11997,760,1,5,0.0013278557259278994
2025-03-20,600153,val,0.04229887,-0.0014776923,2022-01-26,2025-03-14,11997,760,1,5,0.0013278557259278994
2025-03-20,600548,val,-0.032161977,-0.0019739643,2022-01-26,2025-03-14,11997,760,1,5,0.0013278557259278994
2025-03-20,600865,val,-0.019641414,-0.004690841,2022-01-26,2025-03-14,11997,760,1,5,0.0013278557259278994
2025-03-20,600967,val,-0.012930004,-0.0036448687,2022-01-26,2025-03-14,11997,760,1,5,0.0013278557259278994
2025-03-20,601222,val,0.022146339,0.003520649,2022-01-26,2025-03-14,11997,760,1,5,0.0013278557259278994
2025-03-20,603237,val,0.026782611,-0.0019243844,2022-01-26,2025-03-14,11997,760,1,5,0.0013278557259278994
2025-03-20,603335,val,-0.075939484,-0.0038315281,2022-01-26,2025-03-14,11997,760,1,5,0.0013278557259278994
2025-03-20,603341,val,-0.006857566,0.00034270808,2022-01-26,2025-03-14,11997,760,1,5,0.0013278557259278994
2025-03-20,603658,val,0.04247826,-0.0004974082,2022-01-26,2025-03-14,11997,760,1,5,0.0013278557259278994
2025-03-20,605090,val,0.00297006,0.0019427612,2022-01-26,2025-03-14,11997,760,1,5,0.0013278557259278994
2025-03-20,605589,val,-0.0012210949,0.005406931,2022-01-26,2025-03-14,11997,760,1,5,0.0013278557259278994
2025-03-20,688031,val,-0.055641137,-0.004301723,2022-01-26,2025-03-14,11997,760,1,5,0.0013278557259278994
2025-03-20,688045,val,-0.044218432,-0.0028451644,2022-01-26,2025-03-14,11997,760,1,5,0.0013278557259278994
2025-03-20,688133,val,0.026482332,-0.013335489,2022-01-26,2025-03-14,11997,760,1,5,0.0013278557259278994
2025-03-20,688147,val,0.0666729,-0.021900147,2022-01-26,2025-03-14,11997,760,1,5,0.0013278557259278994
2025-03-20,688528,val,-0.043356445,-0.0073890015,2022-01-26,2025-03-14,11997,760,1,5,0.0013278557259278994
2025-03-21,600025,val,0.04389923,0.00093336403,2022-01-26,2025-03-14,11997,760,1,5,0.0013278557259278994
2025-03-21,600051,val,-0.0009224155,-0.0034356415,2022-01-26,2025-03-14,11997,760,1,5,0.0013278557259278994
2025-03-21,600127,val,0.023216525,-0.0022091754,2022-01-26,2025-03-14,11997,760,1,5,0.0013278557259278994
2025-03-21,600153,val,0.030930186,-0.00086043775,2022-01-26,2025-03-14,11997,760,1,5,0.0013278557259278994
2025-03-21,600548,val,-0.037674785,-0.00174224,2022-01-26,2025-03-14,11997,760,1,5,0.0013278557259278994
2025-03-21,600865,val,-0.02430868,-0.0045991056,2022-01-26,2025-03-14,11997,760,1,5,0.0013278557259278994
2025-03-21,600967,val,-0.005268415,-0.0002540499,2022-01-26,2025-03-14,11997,760,1,5,0.0013278557259278994
2025-03-21,601222,val,0.015483203,0.0032867566,2022-01-26,2025-03-14,11997,760,1,5,0.0013278557259278994
2025-03-21,603237,val,0.02432198,-0.0012304261,2022-01-26,2025-03-14,11997,760,1,5,0.0013278557259278994
2025-03-21,603335,val,-0.06774747,-0.003569115,2022-01-26,2025-03-14,11997,760,1,5,0.0013278557259278994
2025-03-21,603341,val,-0.014458189,0.0012077428,2022-01-26,2025-03-14,11997,760,1,5,0.0013278557259278994
2025-03-21,603658,val,0.027694117,-0.0006760657,2022-01-26,2025-03-14,11997,760,1,5,0.0013278557259278994
2025-03-21,605090,val,-0.0076905745,0.002171073,2022-01-26,2025-03-14,11997,760,1,5,0.0013278557259278994
2025-03-21,605589,val,0.0019348623,0.005310353,2022-01-26,2025-03-14,11997,760,1,5,0.0013278557259278994
2025-03-21,688031,val,-0.038157314,-0.0007385984,2022-01-26,2025-03-14,11997,760,1,5,0.0013278557259278994
2025-03-21,688045,val,-0.03513344,-0.00014584512,2022-01-26,2025-03-14,11997,760,1,5,0.0013278557259278994
2025-03-21,688133,val,0.049887147,-0.012869202,2022-01-26,2025-03-14,11997,760,1,5,0.0013278557259278994
2025-03-21,688147,val,0.056765035,-0.01519908,2022-01-26,2025-03-14,11997,760,1,5,0.0013278557259278994
2025-03-21,688528,val,-0.042770997,-0.006114602,2022-01-26,2025-03-14,11997,760,1,5,0.0013278557259278994
2025-03-24,600025,val,0.05113871,0.0011621714,2022-01-26,2025-03-14,11997,760,1,5,0.0013278557259278994
2025-03-24,600051,val,0.008920919,-0.0027912818,2022-01-26,2025-03-14,11997,760,1,5,0.0013278557259278994
2025-03-24,600127,val,0.0118164895,-0.002071876,2022-01-26,2025-03-14,11997,760,1,5,0.0013278557259278994
2025-03-24,600153,val,0.02880437,0.0005088076,2022-01-26,2025-03-14,11997,760,1,5,0.0013278557259278994
2025-03-24,600548,val,0.04080483,-0.002583515,2022-01-26,2025-03-14,11997,760,1,5,0.0013278557259278994
2025-03-24,600865,val,-0.003316843,-0.003874641,2022-01-26,2025-03-14,11997,760,1,5,0.0013278557259278994
2025-03-24,600967,val,-0.019637018,0.00089209527,2022-01-26,2025-03-14,11997,760,1,5,0.0013278557259278994
2025-03-24,601222,val,0.0043238224,0.002496235,2022-01-26,2025-03-14,11997,760,1,5,0.0013278557259278994
2025-03-24,603237,val,0.00475171,-0.0020333268,2022-01-26,2025-03-14,11997,760,1,5,0.0013278557259278994
2025-03-24,603335,val,-0.02168948,-0.0004923418,2022-01-26,2025-03-14,11997,760,1,5,0.0013278557259278994
2025-03-24,603341,val,-0.083712965,-0.0047858097,2022-01-26,2025-03-14,11997,760,1,5,0.0013278557259278994
2025-03-24,603658,val,0.0045191655,-0.0011914298,2022-01-26,2025-03-14,11997,760,1,5,0.0013278557259278994
2025-03-24,605090,val,0.0023262464,0.0017537326,2022-01-26,2025-03-14,11997,760,1,5,0.0013278557259278994
2025-03-24,605589,val,0.007925249,0.0042924955,2022-01-26,2025-03-14,11997,760,1,5,0.0013278557259278994
2025-03-24,688031,val,0.034499,0.0034715384,2022-01-26,2025-03-14,11997,760,1,5,0.0013278557259278994
2025-03-24,688045,val,-0.0045216773,0.0008515455,2022-01-26,2025-03-14,11997,760,1,5,0.0013278557259278994
2025-03-24,688133,val,-0.041676205,-0.022830673,2022-01-26,2025-03-14,11997,760,1,5,0.0013278557259278994
2025-03-24,688147,val,-0.023112185,-0.016919497,2022-01-26,2025-03-14,11997,760,1,5,0.0013278557259278994
2025-03-24,688528,val,-0.0021641355,-0.0025478601,2022-01-26,2025-03-14,11997,760,1,5,0.0013278557259278994
2025-03-25,600025,val,0.020632317,-0.0062402785,2022-01-26,2025-03-14,11997,760,1,5,0.0013278557259278994
2025-03-25,600051,val,0.010478703,-0.0021058097,2022-01-26,2025-03-14,11997,760,1,5,0.0013278557259278994
2025-03-25,600127,val,0.004492738,-0.0022812262,2022-01-26,2025-03-14,11997,760,1,5,0.0013278557259278994
2025-03-25,600153,val,-0.01782922,-0.0007086806,2022-01-26,2025-03-14,11997,760,1,5,0.0013278557259278994
2025-03-25,600548,val,0.02460125,-0.003283739,2022-01-26,2025-03-14,11997,760,1,5,0.0013278557259278994
2025-03-25,600865,val,0.00022091024,-0.0045944005,2022-01-26,2025-03-14,11997,760,1,5,0.0013278557259278994
2025-03-25,600967,val,-0.026831603,-0.001057826,2022-01-26,2025-03-14,11997,760,1,5,0.0013278557259278994
2025-03-25,601222,val,-0.0031356574,0.0012874603,2022-01-26,2025-03-14,11997,760,1,5,0.0013278557259278994
2025-03-25,603237,val,0.016553063,-0.0017903298,2022-01-26,2025-03-14,11997,760,1,5,0.0013278557259278994
2025-03-25,603335,val,-0.032091275,0.0010032319,2022-01-26,2025-03-14,11997,760,1,5,0.0013278557259278994
2025-03-25,603341,val,-0.028710812,-0.0035546347,2022-01-26,2025-03-14,11997,760,1,5,0.0013278557259278994
2025-03-25,603658,val,0.0072155013,-0.0017186292,2022-01-26,2025-03-14,11997,760,1,5,0.0013278557259278994
2025-03-25,605090,val,-0.02106196,0.0010330305,2022-01-26,2025-03-14,11997,760,1,5,0.0013278557259278994
2025-03-25,605589,val,0.015100178,0.001085557,2022-01-26,2025-03-14,11997,760,1,5,0.0013278557259278994
2025-03-25,688031,val,0.049947146,0.0047020987,2022-01-26,2025-03-14,11997,760,1,5,0.0013278557259278994
2025-03-25,688045,val,-0.0019047342,0.00012982637,2022-01-26,2025-03-14,11997,760,1,5,0.0013278557259278994
2025-03-25,688133,val,0.005257589,-0.017813344,2022-01-26,2025-03-14,11997,760,1,5,0.0013278557259278994
2025-03-25,688147,val,-0.033195037,-0.012799103,2022-01-26,2025-03-14,11997,760,1,5,0.0013278557259278994
2025-03-25,688528,val,0.010260905,-0.0013870299,2022-01-26,2025-03-14,11997,760,1,5,0.0013278557259278994
2025-03-26,600025,val,0.022889495,-0.0042405166,2022-01-26,2025-03-14,11997,760,1,5,0.0013278557259278994
2025-03-26,600051,val,-0.016202912,-0.0077010468,2022-01-26,2025-03-14,11997,760,1,5,0.0013278557259278994
2025-03-26,600127,val,0.0054805675,-0.0026450418,2022-01-26,2025-03-14,11997,760,1,5,0.0013278557259278994
2025-03-26,600153,val,-0.016384464,-0.002478417,2022-01-26,2025-03-14,11997,760,1,5,0.0013278557259278994
2025-03-26,600548,val,0.0033783047,-0.0038488284,2022-01-26,2025-03-14,11997,760,1,5,0.0013278557259278994
2025-03-26,600865,val,-0.004644626,-0.004957862,2022-01-26,2025-03-14,11997,760,1,5,0.0013278557259278994
2025-03-26,600967,val,-0.014557748,-0.0037351996,2022-01-26,2025-03-14,11997,760,1,5,0.0013278557259278994
2025-03-26,601222,val,-0.015162208,-0.0005884841,2022-01-26,2025-03-14,11997,760,1,5,0.0013278557259278994
2025-03-26,603237,val,0.016609987,-0.0027948767,2022-01-26,2025-03-14,11997,760,1,5,0.0013278557259278994
2025-03-26,603335,val,-0.041872837,0.0014047697,2022-01-26,2025-03-14,11997,760,1,5,0.0013278557259278994
2025-03-26,603341,val,-0.034249954,-0.0014139339,2022-01-26,2025-03-14,11997,760,1,5,0.0013278557259278994
2025-03-26,603658,val,0.018668067,-0.00029801205,2022-01-26,2025-03-14,11997,760,1,5,0.0013278557259278994
2025-03-26,605090,val,-0.002194755,0.0007839203,2022-01-26,2025-03-14,11997,760,1,5,0.0013278557259278994
2025-03-26,605589,val,0.047817975,0.0025184788,2022-01-26,2025-03-14,11997,760,1,5,0.0013278557259278994
2025-03-26,688031,val,0.049184382,0.005797647,2022-01-26,2025-03-14,11997,760,1,5,0.0013278557259278994
2025-03-26,688045,val,0.032240167,-0.00014817715,2022-01-26,2025-03-14,11997,760,1,5,0.0013278557259278994
2025-03-26,688133,val,0.009911959,-0.011470206,2022-01-26,2025-03-14,11997,760,1,5,0.0013278557259278994
2025-03-26,688147,val,-0.06494298,-0.02027458,2022-01-26,2025-03-14,11997,760,1,5,0.0013278557259278994
2025-03-26,688528,val,0.0040315716,-0.0010406412,2022-01-26,2025-03-14,11997,760,1,5,0.0013278557259278994
2025-03-27,600025,val,0.051939808,0.00015703961,2022-01-26,2025-03-14,11997,760,1,5,0.0013278557259278994
2025-03-27,600051,val,-0.008730271,-0.0054228157,2022-01-26,2025-03-14,11997,760,1,5,0.0013278557259278994
2025-03-27,600127,val,0.033583693,-0.0024731942,2022-01-26,2025-03-14,11997,760,1,5,0.0013278557259278994
2025-03-27,600153,val,0.017571034,-0.0013429336,2022-01-26,2025-03-14,11997,760,1,5,0.0013278557259278994
2025-03-27,600548,val,0.030691275,-0.0037252083,2022-01-26,2025-03-14,11997,760,1,5,0.0013278557259278994
2025-03-27,600865,val,0.012132028,-0.004663322,2022-01-26,2025-03-14,11997,760,1,5,0.0013278557259278994
2025-03-27,600967,val,-0.047217477,-0.017047022,2022-01-26,2025-03-14,11997,760,1,5,0.0013278557259278994
2025-03-27,601222,val,0.0014020621,0.0014991611,2022-01-26,2025-03-14,11997,760,1,5,0.0013278557259278994
2025-03-27,603237,val,0.028048445,-0.002845332,2022-01-26,2025-03-14,11997,760,1,5,0.0013278557259278994
2025-03-27,603335,val,0.07160304,0.00039916486,2022-01-26,2025-03-14,11997,760,1,5,0.0013278557259278994
2025-03-27,603341,val,-0.04475697,-0.00090832636,2022-01-26,2025-03-14,11997,760,1,5,0.0013278557259278994
2025-03-27,603658,val,0.004346525,-0.00050741807,2022-01-26,2025-03-14,11997,760,1,5,0.0013278557259278994
2025-03-27,605090,val,-0.0068277596,-0.0006387904,2022-01-26,2025-03-14,11997,760,1,5,0.0013278557259278994
2025-03-27,605589,val,-0.014499951,-0.00010228902,2022-01-26,2025-03-14,11997,760,1,5,0.0013278557259278994
2025-03-27,688031,val,-0.0069308984,0.0059624612,2022-01-26,2025-03-14,11997,760,1,5,0.0013278557259278994
2025-03-27,688045,val,0.0033390112,-0.0015819445,2022-01-26,2025-03-14,11997,760,1,5,0.0013278557259278994
2025-03-27,688133,val,-0.05531584,-0.01203654,2022-01-26,2025-03-14,11997,760,1,5,0.0013278557259278994
2025-03-27,688147,val,-0.075642705,-0.016396143,2022-01-26,2025-03-14,11997,760,1,5,0.0013278557259278994
2025-03-27,688528,val,0.0052649514,-0.0013683327,2022-01-26,2025-03-14,11997,760,1,5,0.0013278557259278994
2025-03-28,600025,val,0.09810975,0.0011404641,2022-01-26,2025-03-14,11997,760,1,5,0.0013278557259278994
2025-03-28,600051,val,-0.0018944948,-0.0011189282,2022-01-26,2025-03-14,11997,760,1,5,0.0013278557259278994
2025-03-28,600127,val,0.15530108,-0.009161267,2022-01-26,2025-03-14,11997,760,1,5,0.0013278557259278994
2025-03-28,600153,val,0.035304964,-0.0026220195,2022-01-26,2025-03-14,11997,760,1,5,0.0013278557259278994
2025-03-28,600548,val,0.059758805,-0.0019818358,2022-01-26,2025-03-14,11997,760,1,5,0.0013278557259278994
2025-03-28,600865,val,0.018376684,-0.0045741946,2022-01-26,2025-03-14,11997,760,1,5,0.0013278557259278994
2025-03-28,600967,val,-0.022168152,-0.01883316,2022-01-26,2025-03-14,11997,760,1,5,0.0013278557259278994
2025-03-28,601222,val,-0.0076193972,0.0029792301,2022-01-26,2025-03-14,11997,760,1,5,0.0013278557259278994
2025-03-28,603237,val,0.0314962,-0.0011035018,2022-01-26,2025-03-14,11997,760,1,5,0.0013278557259278994
2025-03-28,603335,val,0.07163679,-0.0013543181,2022-01-26,2025-03-14,11997,760,1,5,0.0013278557259278994
2025-03-28,603341,val,-0.043679707,-0.0018298365,2022-01-26,2025-03-14,11997,760,1,5,0.0013278557259278994
2025-03-28,603658,val,0.035714075,-0.0008560084,2022-01-26,2025-03-14,11997,760,1,5,0.0013278557259278994
2025-03-28,605090,val,0.010426536,-0.0028791875,2022-01-26,2025-03-14,11997,760,1,5,0.0013278557259278994
2025-03-28,605589,val,-0.027046988,-0.0036742166,2022-01-26,2025-03-14,11997,760,1,5,0.0013278557259278994
2025-03-28,688031,val,-0.09683594,0.0067344867,2022-01-26,2025-03-14,11997,760,1,5,0.0013278557259278994
2025-03-28,688045,val,-0.043980643,-0.002365321,2022-01-26,2025-03-14,11997,760,1,5,0.0013278557259278994
2025-03-28,688133,val,-0.11363796,-0.018219702,2022-01-26,2025-03-14,11997,760,1,5,0.0013278557259278994
2025-03-28,688147,val,-0.10454968,-0.018410958,2022-01-26,2025-03-14,11997,760,1,5,0.0013278557259278994
2025-03-28,688528,val,-0.05471193,-0.00064175576,2022-01-26,2025-03-14,11997,760,1,5,0.0013278557259278994
2025-03-31,600025,val,0.092554905,-0.00043185055,2022-01-26,2025-03-14,11997,760,1,5,0.0013278557259278994
2025-03-31,600051,val,-0.033993963,0.002062872,2022-01-26,2025-03-14,11997,760,1,5,0.0013278557259278994
2025-03-31,600127,val,0.24689814,-0.0068025663,2022-01-26,2025-03-14,11997,760,1,5,0.0013278557259278994
2025-03-31,600153,val,0.049059782,0.00019863993,2022-01-26,2025-03-14,11997,760,1,5,0.0013278557259278994
2025-03-31,600548,val,0.054920197,-0.0010020956,2022-01-26,2025-03-14,11997,760,1,5,0.0013278557259278994
2025-03-31,600865,val,0.041623034,-0.0049689785,2022-01-26,2025-03-14,11997,760,1,5,0.0013278557259278994
2025-03-31,600967,val,-0.007375849,-0.01785452,2022-01-26,2025-03-14,11997,760,1,5,0.0013278557259278994
2025-03-31,601222,val,-0.011829749,0.0023995861,2022-01-26,2025-03-14,11997,760,1,5,0.0013278557259278994
2025-03-31,603237,val,0.06569024,0.0014106967,2022-01-26,2025-03-14,11997,760,1,5,0.0013278557259278994
2025-03-31,603335,val,-0.013017696,-0.0033430904,2022-01-26,2025-03-14,11997,760,1,5,0.0013278557259278994
2025-03-31,603341,val,-0.13741094,-6.712228e-05,2022-01-26,2025-03-14,11997,760,1,5,0.0013278557259278994
2025-03-31,603658,val,0.057989825,-0.00035465136,2022-01-26,2025-03-14,11997,760,1,5,0.0013278557259278994
2025-03-31,605090,val,0.011388943,-0.003233157,2022-01-26,2025-03-14,11997,760,1,5,0.0013278557259278994
2025-03-31,605589,val,-0.09399627,-0.01230865,2022-01-26,2025-03-14,11997,760,1,5,0.0013278557259278994
2025-03-31,688031,val,-0.11499766,0.0022770986,2022-01-26,2025-03-14,11997,760,1,5,0.0013278557259278994
2025-03-31,688045,val,-0.059282444,-0.002745036,2022-01-26,2025-03-14,11997,760,1,5,0.0013278557259278994
2025-03-31,688133,val,-0.040003214,-0.015848707,2022-01-26,2025-03-14,11997,760,1,5,0.0013278557259278994
2025-03-31,688147,val,-0.07106571,-0.009639248,2022-01-26,2025-03-14,11997,760,1,5,0.0013278557259278994
2025-03-31,688528,val,-0.037151568,-0.003094077,2022-01-26,2025-03-14,11997,760,1,5,0.0013278557259278994
2025-04-01,600025,val,0.07776783,0.004770804,2022-01-26,2025-03-14,11997,760,1,5,0.0013278557259278994
2025-04-01,600051,val,-0.04826738,0.0009191483,2022-01-26,2025-03-14,11997,760,1,5,0.0013278557259278994
2025-04-01,600127,val,0.16145672,-0.0044222474,2022-01-26,2025-03-14,11997,760,1,5,0.0013278557259278994
2025-04-01,600153,val,0.076287985,0.0012929812,2022-01-26,2025-03-14,11997,760,1,5,0.0013278557259278994
2025-04-01,600548,val,0.060307935,0.00022031367,2022-01-26,2025-03-14,11997,760,1,5,0.0013278557259278994
2025-04-01,600865,val,0.055498112,-0.005839128,2022-01-26,2025-03-14,11997,760,1,5,0.0013278557259278994
2025-04-01,600967,val,0.07073825,-0.015931841,2022-01-26,2025-03-14,11997,760,1,5,0.0013278557259278994
2025-04-01,601222,val,-0.042074032,0.0026760697,2022-01-26,2025-03-14,11997,760,1,5,0.0013278557259278994
2025-04-01,603237,val,0.03677965,-0.0017756075,2022-01-26,2025-03-14,11997,760,1,5,0.0013278557259278994
2025-04-01,603335,val,-0.02747827,-0.0063053295,2022-01-26,2025-03-14,11997,760,1,5,0.0013278557259278994
2025-04-01,603341,val,-0.12774988,-0.00089770183,2022-01-26,2025-03-14,11997,760,1,5,0.0013278557259278994
2025-04-01,603658,val,0.022961456,-0.003775224,2022-01-26,2025-03-14,11997,760,1,5,0.0013278557259278994
2025-04-01,605090,val,-0.016772868,-0.0028619803,2022-01-26,2025-03-14,11997,760,1,5,0.0013278557259278994
2025-04-01,605589,val,-0.09160327,-0.011265159,2022-01-26,2025-03-14,11997,760,1,5,0.0013278557259278994
2025-04-01,688031,val,-0.10339483,-0.0025297627,2022-01-26,2025-03-14,11997,760,1,5,0.0013278557259278994
2025-04-01,688045,val,-0.034695007,-0.0027985722,2022-01-26,2025-03-14,11997,760,1,5,0.0013278557259278994
2025-04-01,688133,val,-0.01758362,-0.016210306,2022-01-26,2025-03-14,11997,760,1,5,0.0013278557259278994
2025-04-01,688147,val,-0.0067733005,-0.0031459257,2022-01-26,2025-03-14,11997,760,1,5,0.0013278557259278994
2025-04-01,688528,val,-0.045405474,-0.0045827776,2022-01-26,2025-03-14,11997,760,1,5,0.0013278557259278994
2025-04-02,600025,val,0.040703204,0.0076826923,2022-01-26,2025-03-14,11997,760,1,5,0.0013278557259278994
2025-04-02,600051,val,-0.052885197,0.0025075153,2022-01-26,2025-03-14,11997,760,1,5,0.0013278557259278994
2025-04-02,600127,val,0.2460327,-0.002580814,2022-01-26,2025-03-14,11997,760,1,5,0.0013278557259278994
2025-04-02,600153,val,0.05313146,0.0028316565,2022-01-26,2025-03-14,11997,760,1,5,0.0013278557259278994
2025-04-02,600548,val,0.08381109,0.0015856922,2022-01-26,2025-03-14,11997,760,1,5,0.0013278557259278994
2025-04-02,600865,val,0.06267859,-0.0062843487,2022-01-26,2025-03-14,11997,760,1,5,0.0013278557259278994
2025-04-02,600967,val,0.069218606,-0.016626373,2022-01-26,2025-03-14,11997,760,1,5,0.0013278557259278994
2025-04-02,601222,val,-0.052574877,0.0024327636,2022-01-26,2025-03-14,11997,760,1,5,0.0013278557259278994
2025-04-02,603237,val,0.03617064,-0.00071166456,2022-01-26,2025-03-14,11997,760,1,5,0.0013278557259278994
2025-04-02,603335,val,-0.03789896,-0.006315764,2022-01-26,2025-03-14,11997,760,1,5,0.0013278557259278994
2025-04-02,603341,val,-0.114384025,-0.00019425899,2022-01-26,2025-03-14,11997,760,1,5,0.0013278557259278994
2025-04-02,603658,val,0.017573163,-0.0014686361,2022-01-26,2025-03-14,11997,760,1,5,0.0013278557259278994
2025-04-02,605090,val,-0.024691531,-0.0032510757,2022-01-26,2025-03-14,11997,760,1,5,0.0013278557259278994
2025-04-02,605589,val,-0.12129252,-0.015441079,2022-01-26,2025-03-14,11997,760,1,5,0.0013278557259278994
2025-04-02,688031,val,-0.09193904,-0.0051858127,2022-01-26,2025-03-14,11997,760,1,5,0.0013278557259278994
2025-04-02,688045,val,-0.0648047,-0.013179548,2022-01-26,2025-03-14,11997,760,1,5,0.0013278557259278994
2025-04-02,688133,val,0.031853072,-0.012207046,2022-01-26,2025-03-14,11997,760,1,5,0.0013278557259278994
2025-04-02,688147,val,-0.026172346,-0.003489107,2022-01-26,2025-03-14,11997,760,1,5,0.0013278557259278994
2025-04-02,688528,val,-0.054529328,-0.0020770691,2022-01-26,2025-03-14,11997,760,1,5,0.0013278557259278994
2025-04-03,600025,val,0.016344571,0.0062957853,2022-01-26,2025-03-14,11997,760,1,5,0.0013278557259278994
2025-04-03,600051,val,-0.058473043,0.002377119,2022-01-26,2025-03-14,11997,760,1,5,0.0013278557259278994
2025-04-03,600127,val,0.13763474,-0.0066442788,2022-01-26,2025-03-14,11997,760,1,5,0.0013278557259278994
2025-04-03,600153,val,0.0013533051,-0.00067519397,2022-01-26,2025-03-14,11997,760,1,5,0.0013278557259278994
2025-04-03,600548,val,0.0592175,0.00167422,2022-01-26,2025-03-14,11997,760,1,5,0.0013278557259278994
2025-04-03,600865,val,0.036473956,-0.006568566,2022-01-26,2025-03-14,11997,760,1,5,0.0013278557259278994
2025-04-03,600967,val,0.066002525,-0.016780175,2022-01-26,2025-03-14,11997,760,1,5,0.0013278557259278994
2025-04-03,601222,val,-0.05559053,0.0017170645,2022-01-26,2025-03-14,11997,760,1,5,0.0013278557259278994
2025-04-03,603237,val,0.016909163,-0.0011898205,2022-01-26,2025-03-14,11997,760,1,5,0.0013278557259278994
2025-04-03,603335,val,-0.13012883,-0.0035123117,2022-01-26,2025-03-14,11997,760,1,5,0.0013278557259278994
2025-04-03,603341,val,-0.07756273,0.0005437918,2022-01-26,2025-03-14,11997,760,1,5,0.0013278557259278994
2025-04-03,603658,val,0.016061187,0.0004761666,2022-01-26,2025-03-14,11997,760,1,5,0.0013278557259278994
2025-04-03,605090,val,-0.024279756,-0.004137479,2022-01-26,2025-03-14,11997,760,1,5,0.0013278557259278994
2025-04-03,605589,val,-0.057756767,-0.0078024343,2022-01-26,2025-03-14,11997,760,1,5,0.0013278557259278994
2025-04-03,688031,val,-0.06048363,-0.0020237155,2022-01-26,2025-03-14,11997,760,1,5,0.0013278557259278994
2025-04-03,688045,val,0.056501452,-0.009744406,2022-01-26,2025-03-14,11997,760,1,5,0.0013278557259278994
2025-04-03,688133,val,0.07493716,-0.007319249,2022-01-26,2025-03-14,11997,760,1,5,0.0013278557259278994
2025-04-03,688147,val,0.015259906,-0.0032669492,2022-01-26,2025-03-14,11997,760,1,5,0.0013278557259278994
2025-04-03,688528,val,-0.032420177,-0.000675153,2022-01-26,2025-03-14,11997,760,1,5,0.0013278557259278994
2025-04-07,600025,val,-0.06861152,0.003735181,2022-01-26,2025-03-14,11997,760,1,5,0.0013278557259278994
2025-04-07,600051,val,-0.061747555,0.001158528,2022-01-26,2025-03-14,11997,760,1,5,0.0013278557259278994
2025-04-07,600127,val,-0.027227169,-0.017620374,2022-01-26,2025-03-14,11997,760,1,5,0.0013278557259278994
2025-04-07,600153,val,-0.049375553,-0.0019714385,2022-01-26,2025-03-14,11997,760,1,5,0.0013278557259278994
2025-04-07,600548,val,-0.018529426,0.00151214,2022-01-26,2025-03-14,11997,760,1,5,0.0013278557259278994
2025-04-07,600865,val,0.066792496,-0.007044483,2022-01-26,2025-03-14,11997,760,1,5,0.0013278557259278994
2025-04-07,600967,val,0.08023236,-0.015502438,2022-01-26,2025-03-14,11997,760,1,5,0.0013278557259278994
2025-04-07,601222,val,-0.06456154,-0.00010763854,2022-01-26,2025-03-14,11997,760,1,5,0.0013278557259278994
2025-04-07,603237,val,0.027399177,-0.0017843172,2022-01-26,2025-03-14,11997,760,1,5,0.0013278557259278994
2025-04-07,603335,val,-0.113265336,0.00016538799,2022-01-26,2025-03-14,11997,760,1,5,0.0013278557259278994
2025-04-07,603341,val,-0.05413609,0.0011671111,2022-01-26,2025-03-14,11997,760,1,5,0.0013278557259278994
2025-04-07,603658,val,-0.043878615,-0.0015074536,2022-01-26,2025-03-14,11997,760,1,5,0.0013278557259278994
2025-04-07,605090,val,-0.03593604,-0.005785577,2022-01-26,2025-03-14,11997,760,1,5,0.0013278557259278994
2025-04-07,605589,val,-0.080069765,-0.0048061237,2022-01-26,2025-03-14,11997,760,1,5,0.0013278557259278994
2025-04-07,688031,val,0.04516347,0.0019156709,2022-01-26,2025-03-14,11997,760,1,5,0.0013278557259278994
2025-04-07,688045,val,0.13811287,-0.003371805,2022-01-26,2025-03-14,11997,760,1,5,0.0013278557259278994
2025-04-07,688133,val,0.16309136,-0.0026815087,2022-01-26,2025-03-14,11997,760,1,5,0.0013278557259278994
2025-04-07,688147,val,0.06429971,-0.0026855618,2022-01-26,2025-03-14,11997,760,1,5,0.0013278557259278994
2025-04-07,688528,val,0.032247156,-0.0003694743,2022-01-26,2025-03-14,11997,760,1,5,0.0013278557259278994
2025-04-08,600025,val,-0.08446838,0.0048301853,2022-01-26,2025-03-14,11997,760,1,5,0.0013278557259278994
2025-04-08,600051,val,-0.005145748,-0.0004306659,2022-01-26,2025-03-14,11997,760,1,5,0.0013278557259278994
2025-04-08,600127,val,-0.09815144,-0.024201095,2022-01-26,2025-03-14,11997,760,1,5,0.0013278557259278994
2025-04-08,600153,val,-0.07992691,-0.002861388,2022-01-26,2025-03-14,11997,760,1,5,0.0013278557259278994
2025-04-08,600548,val,-0.045266505,0.0009634532,2022-01-26,2025-03-14,11997,760,1,5,0.0013278557259278994
2025-04-08,600865,val,0.018770132,-0.008153301,2022-01-26,2025-03-14,11997,760,1,5,0.0013278557259278994
2025-04-08,600967,val,0.069672234,-0.014596131,2022-01-26,2025-03-14,11997,760,1,5,0.0013278557259278994
2025-04-08,601222,val,-0.061697137,-0.0015215799,2022-01-26,2025-03-14,11997,760,1,5,0.0013278557259278994
2025-04-08,603237,val,0.014246211,-0.0017902404,2022-01-26,2025-03-14,11997,760,1,5,0.0013278557259278994
2025-04-08,603335,val,0.10204369,0.00026518852,2022-01-26,2025-03-14,11997,760,1,5,0.0013278557259278994
2025-04-08,603341,val,0.050390378,0.0060387924,2022-01-26,2025-03-14,11997,760,1,5,0.0013278557259278994
2025-04-08,603658,val,-0.06076996,-0.0018077604,2022-01-26,2025-03-14,11997,760,1,5,0.0013278557259278994
2025-04-08,605090,val,-0.047109924,-0.0052995533,2022-01-26,2025-03-14,11997,760,1,5,0.0013278557259278994
2025-04-08,605589,val,-0.025890179,-0.0015205666,2022-01-26,2025-03-14,11997,760,1,5,0.0013278557259278994
2025-04-08,688031,val,0.0012375172,0.0042699277,2022-01-26,2025-03-14,11997,760,1,5,0.0013278557259278994
2025-04-08,688045,val,0.13709494,0.0004273057,2022-01-26,2025-03-14,11997,760,1,5,0.0013278557259278994
2025-04-08,688133,val,0.093519635,-0.0029687658,2022-01-26,2025-03-14,11997,760,1,5,0.0013278557259278994
2025-04-08,688147,val,0.028006062,-0.004148539,2022-01-26,2025-03-14,11997,760,1,5,0.0013278557259278994
2025-04-08,688528,val,-0.006554615,0.0012754239,2022-01-26,2025-03-14,11997,760,1,5,0.0013278557259278994
2025-04-09,600025,val,-0.047546614,0.0061395653,2022-01-26,2025-03-14,11997,760,1,5,0.0013278557259278994
2025-04-09,600051,val,-0.006935951,-0.0017988905,2022-01-26,2025-03-14,11997,760,1,5,0.0013278557259278994
2025-04-09,600127,val,-0.060242932,-0.023096532,2022-01-26,2025-03-14,11997,760,1,5,0.0013278557259278994
2025-04-09,600153,val,-0.043123975,-0.004167646,2022-01-26,2025-03-14,11997,760,1,5,0.0013278557259278994
2025-04-09,600548,val,-0.02584579,0.00037833676,2022-01-26,2025-03-14,11997,760,1,5,0.0013278557259278994
2025-04-09,600865,val,0.0146929035,-0.0100558065,2022-01-26,2025-03-14,11997,760,1,5,0.0013278557259278994
2025-04-09,600967,val,-0.03194547,-0.019228887,2022-01-26,2025-03-14,11997,760,1,5,0.0013278557259278994
2025-04-09,601222,val,-0.031997196,-0.0021662973,2022-01-26,2025-03-14,11997,760,1,5,0.0013278557259278994
2025-04-09,603237,val,0.032338254,-0.003351599,2022-01-26,2025-03-14,11997,760,1,5,0.0013278557259278994
2025-04-09,603335,val,0.0849152,-0.0010172352,2022-01-26,2025-03-14,11997,760,1,5,0.0013278557259278994
2025-04-09,603341,val,0.021240443,0.004751645,2022-01-26,2025-03-14,11997,760,1,5,0.0013278557259278994
2025-04-09,603658,val,-0.03662828,-0.0011146441,2022-01-26,2025-03-14,11997,760,1,5,0.0013278557259278994
2025-04-09,605090,val,0.004833782,-0.004099123,2022-01-26,2025-03-14,11997,760,1,5,0.0013278557259278994
2025-04-09,605589,val,-0.034393135,-0.0017098859,2022-01-26,2025-03-14,11997,760,1,5,0.0013278557259278994
2025-04-09,688031,val,-0.047690943,0.007184293,2022-01-26,2025-03-14,11997,760,1,5,0.0013278557259278994
2025-04-09,688045,val,0.21377932,0.0027566403,2022-01-26,2025-03-14,11997,760,1,5,0.0013278557259278994
2025-04-09,688133,val,0.04548614,-0.0023508593,2022-01-26,2025-03-14,11997,760,1,5,0.0013278557259278994
2025-04-09,688147,val,-0.021048851,-0.0047978982,2022-01-26,2025-03-14,11997,760,1,5,0.0013278557259278994
2025-04-09,688528,val,-0.029886892,0.0035269782,2022-01-26,2025-03-14,11997,760,1,5,0.0013278557259278994
2025-04-10,600025,val,-0.016740374,0.0067982823,2022-01-26,2025-03-14,11997,760,1,5,0.0013278557259278994
2025-04-10,600051,val,0.0061598932,-0.0027151369,2022-01-26,2025-03-14,11997,760,1,5,0.0013278557259278994
2025-04-10,600127,val,-0.13614932,-0.022570007,2022-01-26,2025-03-14,11997,760,1,5,0.0013278557259278994
2025-04-10,600153,val,-0.031380434,-0.0029370077,2022-01-26,2025-03-14,11997,760,1,5,0.0013278557259278994
2025-04-10,600548,val,-0.05832557,0.00012817234,2022-01-26,2025-03-14,11997,760,1,5,0.0013278557259278994
2025-04-10,600865,val,0.021172244,-0.012144458,2022-01-26,2025-03-14,11997,760,1,5,0.0013278557259278994
2025-04-10,600967,val,-0.036705382,-0.026493616,2022-01-26,2025-03-14,11997,760,1,5,0.0013278557259278994
2025-04-10,601222,val,-0.021684963,-0.0031657107,2022-01-26,2025-03-14,11997,760,1,5,0.0013278557259278994
2025-04-10,603237,val,0.12788457,-0.003351383,2022-01-26,2025-03-14,11997,760,1,5,0.0013278557259278994
2025-04-10,603335,val,0.047704328,-0.0014118403,2022-01-26,2025-03-14,11997,760,1,5,0.0013278557259278994
2025-04-10,603341,val,-0.007441051,0.003594581,2022-01-26,2025-03-14,11997,760,1,5,0.0013278557259278994
2025-04-10,603658,val,-0.03238151,-0.0021305382,2022-01-26,2025-03-14,11997,760,1,5,0.0013278557259278994
2025-04-10,605090,val,-0.0033390124,-0.0044105276,2022-01-26,2025-03-14,11997,760,1,5,0.0013278557259278994
2025-04-10,605589,val,0.00013178027,-0.0017185919,2022-01-26,2025-03-14,11997,760,1,5,0.0013278557259278994
2025-04-10,688031,val,-0.07916727,0.006809555,2022-01-26,2025-03-14,11997,760,1,5,0.0013278557259278994
2025-04-10,688045,val,0.20778827,0.007811796,2022-01-26,2025-03-14,11997,760,1,5,0.0013278557259278994
2025-04-10,688133,val,0.033199314,-0.0063111857,2022-01-26,2025-03-14,11997,760,1,5,0.0013278557259278994
2025-04-10,688147,val,-0.010472468,-0.005893655,2022-01-26,2025-03-14,11997,760,1,5,0.0013278557259278994
2025-04-10,688528,val,-0.010253065,0.0032690577,2022-01-26,2025-03-14,11997,760,1,5,0.0013278557259278994
2025-04-11,600025,val,-0.011626522,0.0061065108,2022-01-26,2025-03-14,11997,760,1,5,0.0013278557259278994
2025-04-11,600051,val,0.016206102,-0.003302537,2022-01-26,2025-03-14,11997,760,1,5,0.0013278557259278994
2025-04-11,600127,val,-0.10131121,-0.01694958,2022-01-26,2025-03-14,11997,760,1,5,0.0013278557259278994
2025-04-11,600153,val,0.01280779,-0.0015430897,2022-01-26,2025-03-14,11997,760,1,5,0.0013278557259278994
2025-04-11,600548,val,-0.04400097,-2.489239e-05,2022-01-26,2025-03-14,11997,760,1,5,0.0013278557259278994
2025-04-11,600865,val,0.14501253,-0.007963829,2022-01-26,2025-03-14,11997,760,1,5,0.0013278557259278994
2025-04-11,600967,val,-0.025560908,-0.023721382,2022-01-26,2025-03-14,11997,760,1,5,0.0013278557259278994
2025-04-11,601222,val,-0.0066108825,-0.0036990196,2022-01-26,2025-03-14,11997,760,1,5,0.0013278557259278994
2025-04-11,603237,val,0.07381269,-0.0014394149,2022-01-26,2025-03-14,11997,760,1,5,0.0013278557259278994
2025-04-11,603335,val,0.04076148,-0.001670666,2022-01-26,2025-03-14,11997,760,1,5,0.0013278557259278994
2025-04-11,603341,val,0.006403278,0.0037367046,2022-01-26,2025-03-14,11997,760,1,5,0.0013278557259278994
2025-04-11,603658,val,-0.06960225,-0.0034992322,2022-01-26,2025-03-14,11997,760,1,5,0.0013278557259278994
2025-04-11,605090,val,0.036678646,-0.004932616,2022-01-26,2025-03-14,11997,760,1,5,0.0013278557259278994
2025-04-11,605589,val,-0.03050883,-0.0011680126,2022-01-26,2025-03-14,11997,760,1,5,0.0013278557259278994
2025-04-11,688031,val,-0.08998955,0.0076656714,2022-01-26,2025-03-14,11997,760,1,5,0.0013278557259278994
2025-04-11,688045,val,0.061139252,0.0014025867,2022-01-26,2025-03-14,11997,760,1,5,0.0013278557259278994
2025-04-11,688133,val,0.029992854,-0.0125902,2022-01-26,2025-03-14,11997,760,1,5,0.0013278557259278994
2025-04-11,688147,val,-0.038073838,-0.008448787,2022-01-26,2025-03-14,11997,760,1,5,0.0013278557259278994
2025-04-11,688528,val,-0.0055296742,0.0037755147,2022-01-26,2025-03-14,11997,760,1,5,0.0013278557259278994
2025-04-14,600025,val,-0.031426724,0.0036497377,2022-01-26,2025-03-14,11997,760,1,5,0.0013278557259278994
2025-04-14,600051,val,0.0074841133,-0.0037962794,2022-01-26,2025-03-14,11997,760,1,5,0.0013278557259278994
2025-04-14,600127,val,-0.10579772,-0.006227523,2022-01-26,2025-03-14,11997,760,1,5,0.0013278557259278994
2025-04-14,600153,val,0.0029517135,-0.0021470264,2022-01-26,2025-03-14,11997,760,1,5,0.0013278557259278994
2025-04-14,600548,val,-0.048048645,-0.0012666136,2022-01-26,2025-03-14,11997,760,1,5,0.0013278557259278994
2025-04-14,600865,val,0.2123677,-0.0072358213,2022-01-26,2025-03-14,11997,760,1,5,0.0013278557259278994
2025-04-14,600967,val,-0.025696386,-0.019440003,2022-01-26,2025-03-14,11997,760,1,5,0.0013278557259278994
2025-04-14,601222,val,-0.018227583,-0.003374476,2022-01-26,2025-03-14,11997,760,1,5,0.0013278557259278994
2025-04-14,603237,val,0.13739379,-0.0062486157,2022-01-26,2025-03-14,11997,760,1,5,0.0013278557259278994
2025-04-14,603335,val,-0.009636191,0.0040618107,2022-01-26,2025-03-14,11997,760,1,5,0.0013278557259278994
2025-04-14,603341,val,-0.03248694,0.00944731,2022-01-26,2025-03-14,11997,760,1,5,0.0013278557259278994
2025-04-14,603658,val,-0.076448485,-0.0029380843,2022-01-26,2025-03-14,11997,760,1,5,0.0013278557259278994
2025-04-14,605090,val,0.0015016599,-0.007890634,2022-01-26,2025-03-14,11997,760,1,5,0.0013278557259278994
2025-04-14,605589,val,-0.010011249,-0.00024786592,2022-01-26,2025-03-14,11997,760,1,5,0.0013278557259278994
2025-04-14,688031,val,-0.018408952,0.006761927,2022-01-26,2025-03-14,11997,760,1,5,0.0013278557259278994
2025-04-14,688045,val,0.042316794,-0.0013236515,2022-01-26,2025-03-14,11997,760,1,5,0.0013278557259278994
2025-04-14,688133,val,0.049138434,-0.00995269,2022-01-26,2025-03-14,11997,760,1,5,0.0013278557259278994
2025-04-14,688147,val,-0.052139256,-0.008543663,2022-01-26,2025-03-14,11997,760,1,5,0.0013278557259278994
2025-04-14,688528,val,-0.024826065,0.0033325553,2022-01-26,2025-03-14,11997,760,1,5,0.0013278557259278994
2025-04-15,600025,val,-0.023125233,0.007864382,2022-03-02,2025-04-14,12097,760,1,5,0.0013804529832365613
2025-04-15,600051,val,0.008974434,0.00078291446,2022-03-02,2025-04-14,12097,760,1,5,0.0013804529832365613
2025-04-15,600127,val,-0.08805519,0.013237216,2022-03-02,2025-04-14,12097,760,1,5,0.0013804529832365613
2025-04-15,600153,val,0.027377576,0.0063316263,2022-03-02,2025-04-14,12097,760,1,5,0.0013804529832365613
2025-04-15,600548,val,-0.048826568,0.010665432,2022-03-02,2025-04-14,12097,760,1,5,0.0013804529832365613
2025-04-15,600865,val,0.33829305,-0.0019803792,2022-03-02,2025-04-14,12097,760,1,5,0.0013804529832365613
2025-04-15,600967,val,-0.0166375,-0.010349125,2022-03-02,2025-04-14,12097,760,1,5,0.0013804529832365613
2025-04-15,601222,val,-0.020903997,0.0021234974,2022-03-02,2025-04-14,12097,760,1,5,0.0013804529832365613
2025-04-15,603237,val,0.057845745,-0.011202686,2022-03-02,2025-04-14,12097,760,1,5,0.0013804529832365613
2025-04-15,603335,val,-0.10209885,0.0055503882,2022-03-02,2025-04-14,12097,760,1,5,0.0013804529832365613
2025-04-15,603341,val,-0.026915988,0.007747952,2022-03-02,2025-04-14,12097,760,1,5,0.0013804529832365613
2025-04-15,603658,val,-0.07772491,0.0049602985,2022-03-02,2025-04-14,12097,760,1,5,0.0013804529832365613
2025-04-15,605090,val,0.008199312,0.002191648,2022-03-02,2025-04-14,12097,760,1,5,0.0013804529832365613
2025-04-15,605589,val,-0.02795974,0.0037231222,2022-03-02,2025-04-14,12097,760,1,5,0.0013804529832365613
2025-04-15,688031,val,-0.0184781,0.011216644,2022-03-02,2025-04-14,12097,760,1,5,0.0013804529832365613
2025-04-15,688045,val,0.023606777,-0.0005076751,2022-03-02,2025-04-14,12097,760,1,5,0.0013804529832365613
2025-04-15,688133,val,0.05406723,-0.00514438,2022-03-02,2025-04-14,12097,760,1,5,0.0013804529832365613
2025-04-15,688147,val,-0.037975885,-0.00030177087,2022-03-02,2025-04-14,12097,760,1,5,0.0013804529832365613
2025-04-15,688528,val,-0.02966215,0.004716348,2022-03-02,2025-04-14,12097,760,1,5,0.0013804529832365613
2025-04-16,600025,val,-0.040996604,0.005124565,2022-03-02,2025-04-14,12097,760,1,5,0.0013804529832365613
2025-04-16,600051,val,0.04169744,0.0013590008,2022-03-02,2025-04-14,12097,760,1,5,0.0013804529832365613
2025-04-16,600127,val,-0.064813666,0.016955864,2022-03-02,2025-04-14,12097,760,1,5,0.0013804529832365613
2025-04-16,600153,val,-0.014710624,0.005177632,2022-03-02,2025-04-14,12097,760,1,5,0.0013804529832365613
2025-04-16,600548,val,-0.07056369,0.0083673,2022-03-02,2025-04-14,12097,760,1,5,0.0013804529832365613
2025-04-16,600865,val,0.22183819,0.0026905425,2022-03-02,2025-04-14,12097,760,1,5,0.0013804529832365613
2025-04-16,600967,val,-0.00043445764,-0.0040567443,2022-03-02,2025-04-14,12097,760,1,5,0.0013804529832365613
2025-04-16,601222,val,-0.0028484722,0.001530122,2022-03-02,2025-04-14,12097,760,1,5,0.0013804529832365613
2025-04-16,603237,val,0.0036142129,-0.009920351,2022-03-02,2025-04-14,12097,760,1,5,0.0013804529832365613
2025-04-16,603335,val,-0.049464583,0.0059573576,2022-03-02,2025-04-14,12097,760,1,5,0.0013804529832365613
2025-04-16,603341,val,0.012460122,0.009001233,2022-03-02,2025-04-14,12097,760,1,5,0.0013804529832365613
2025-04-16,603658,val,-0.07051943,0.0040002987,2022-03-02,2025-04-14,12097,760,1,5,0.0013804529832365613
2025-04-16,605090,val,-0.0075766975,0.002332531,2022-03-02,2025-04-14,12097,760,1,5,0.0013804529832365613
2025-04-16,605589,val,0.022756448,0.004013937,2022-03-02,2025-04-14,12097,760,1,5,0.0013804529832365613
2025-04-16,688031,val,0.02373395,0.010846622,2022-03-02,2025-04-14,12097,760,1,5,0.0013804529832365613
2025-04-16,688045,val,-0.052194748,-0.015861906,2022-03-02,2025-04-14,12097,760,1,5,0.0013804529832365613
2025-04-16,688133,val,0.050117303,-0.003456369,2022-03-02,2025-04-14,12097,760,1,5,0.0013804529832365613
2025-04-16,688147,val,-0.030976122,0.0016597062,2022-03-02,2025-04-14,12097,760,1,5,0.0013804529832365613
2025-04-16,688528,val,0.028881434,0.0057008117,2022-03-02,2025-04-14,12097,760,1,5,0.0013804529832365613
2025-04-17,600025,val,-0.016657082,0.003918104,2022-03-02,2025-04-14,12097,760,1,5,0.0013804529832365613
2025-04-17,600051,val,0.14804904,0.0020779893,2022-03-02,2025-04-14,12097,760,1,5,0.0013804529832365613
2025-04-17,600127,val,-0.059758052,0.015874945,2022-03-02,2025-04-14,12097,760,1,5,0.0013804529832365613
2025-04-17,600153,val,0.015129167,0.005101759,2022-03-02,2025-04-14,12097,760,1,5,0.0013804529832365613
2025-04-17,600548,val,-0.03383976,0.0056886375,2022-03-02,2025-04-14,12097,760,1,5,0.0013804529832365613
2025-04-17,600865,val,0.13416857,0.0024563447,2022-03-02,2025-04-14,12097,760,1,5,0.0013804529832365613
2025-04-17,600967,val,-0.019309366,-0.0018274635,2022-03-02,2025-04-14,12097,760,1,5,0.0013804529832365613
2025-04-17,601222,val,0.013722045,0.0014202669,2022-03-02,2025-04-14,12097,760,1,5,0.0013804529832365613
2025-04-17,603237,val,-0.061638787,-0.023961753,2022-03-02,2025-04-14,12097,760,1,5,0.0013804529832365613
2025-04-17,603335,val,0.09200748,0.008319981,2022-03-02,2025-04-14,12097,760,1,5,0.0013804529832365613
2025-04-17,603341,val,0.015352655,0.010413609,2022-03-02,2025-04-14,12097,760,1,5,0.0013804529832365613
2025-04-17,603658,val,-0.080415495,0.003127765,2022-03-02,2025-04-14,12097,760,1,5,0.0013804529832365613
2025-04-17,605090,val,0.010135957,0.0027874783,2022-03-02,2025-04-14,12097,760,1,5,0.0013804529832365613
2025-04-17,605589,val,-0.024296004,0.0035818443,2022-03-02,2025-04-14,12097,760,1,5,0.0013804529832365613
2025-04-17,688031,val,0.010269666,0.010111973,2022-03-02,2025-04-14,12097,760,1,5,0.0013804529832365613
2025-04-17,688045,val,-0.094713904,-0.016291276,2022-03-02,2025-04-14,12097,760,1,5,0.0013804529832365613
2025-04-17,688133,val,-0.028088031,-0.005272329,2022-03-02,2025-04-14,12097,760,1,5,0.0013804529832365613
2025-04-17,688147,val,-0.03008307,0.0033340305,2022-03-02,2025-04-14,12097,760,1,5,0.0013804529832365613
2025-04-17,688528,val,0.009964963,0.006529033,2022-03-02,2025-04-14,12097,760,1,5,0.0013804529832365613
2025-04-18,600025,val,-0.0025411192,0.002990272,2022-03-02,2025-04-14,12097,760,1,5,0.0013804529832365613
2025-04-18,600051,val,0.2559788,0.0029842705,2022-03-02,2025-04-14,12097,760,1,5,0.0013804529832365613
2025-04-18,600127,val,-0.036786202,0.0124963,2022-03-02,2025-04-14,12097,760,1,5,0.0013804529832365613
2025-04-18,600153,val,0.005939057,0.004659284,2022-03-02,2025-04-14,12097,760,1,5,0.0013804529832365613
2025-04-18,600548,val,-0.03629294,0.0035714805,2022-03-02,2025-04-14,12097,760,1,5,0.0013804529832365613
2025-04-18,600865,val,-0.077592686,-0.006678432,2022-03-02,2025-04-14,12097,760,1,5,0.0013804529832365613
2025-04-18,600967,val,-0.03873894,0.00020565838,2022-03-02,2025-04-14,12097,760,1,5,0.0013804529832365613
2025-04-18,601222,val,0.017290676,0.0011770464,2022-03-02,2025-04-14,12097,760,1,5,0.0013804529832365613
2025-04-18,603237,val,0.0356226,-0.02021531,2022-03-02,2025-04-14,12097,760,1,5,0.0013804529832365613
2025-04-18,603335,val,0.058828503,0.01069117,2022-03-02,2025-04-14,12097,760,1,5,0.0013804529832365613
2025-04-18,603341,val,-0.006782991,0.010905355,2022-03-02,2025-04-14,12097,760,1,5,0.0013804529832365613
2025-04-18,603658,val,-0.041002087,0.00033215433,2022-03-02,2025-04-14,12097,760,1,5,0.0013804529832365613
2025-04-18,605090,val,-0.024884734,0.0014574006,2022-03-02,2025-04-14,12097,760,1,5,0.0013804529832365613
2025-04-18,605589,val,-0.0049119624,0.0039776377,2022-03-02,2025-04-14,12097,760,1,5,0.0013804529832365613
2025-04-18,688031,val,0.033181313,0.009713214,2022-03-02,2025-04-14,12097,760,1,5,0.0013804529832365613
2025-04-18,688045,val,-0.0809249,-0.0058334097,2022-03-02,2025-04-14,12097,760,1,5,0.0013804529832365613
2025-04-18,688133,val,-0.035288125,-0.0024080798,2022-03-02,2025-04-14,12097,760,1,5,0.0013804529832365613
2025-04-18,688147,val,-0.021846846,0.004286673,2022-03-02,2025-04-14,12097,760,1,5,0.0013804529832365613
2025-04-18,688528,val,0.00075257686,0.0071360394,2022-03-02,2025-04-14,12097,760,1,5,0.0013804529832365613
2025-04-21,600025,val,0.057206046,0.002780538,2022-03-02,2025-04-14,12097,760,1,5,0.0013804529832365613
2025-04-21,600051,val,0.25162318,0.0037144162,2022-03-02,2025-04-14,12097,760,1,5,0.0013804529832365613
2025-04-21,600127,val,-0.021201221,0.007814717,2022-03-02,2025-04-14,12097,760,1,5,0.0013804529832365613
2025-04-21,600153,val,0.027455365,0.005510468,2022-03-02,2025-04-14,12097,760,1,5,0.0013804529832365613
2025-04-21,600548,val,0.0029013671,0.0028533712,2022-03-02,2025-04-14,12097,760,1,5,0.0013804529832365613
2025-04-21,600865,val,-0.16787228,-0.010296956,2022-03-02,2025-04-14,12097,760,1,5,0.0013804529832365613
2025-04-21,600967,val,-0.012912529,-0.0012999922,2022-03-02,2025-04-14,12097,760,1,5,0.0013804529832365613
2025-04-21,601222,val,-0.05857757,0.0013269819,2022-03-02,2025-04-14,12097,760,1,5,0.0013804529832365613
2025-04-21,603237,val,-0.07475842,-0.023863949,2022-03-02,2025-04-14,12097,760,1,5,0.0013804529832365613
2025-04-21,603335,val,0.013458825,0.011544965,2022-03-02,2025-04-14,12097,760,1,5,0.0013804529832365613
2025-04-21,603341,val,0.016387684,0.010847233,2022-03-02,2025-04-14,12097,760,1,5,0.0013804529832365613
2025-04-21,603658,val,-0.0033265832,0.0014667921,2022-03-02,2025-04-14,12097,760,1,5,0.0013804529832365613
2025-04-21,605090,val,0.0014827014,0.003157787,2022-03-02,2025-04-14,12097,760,1,5,0.0013804529832365613
2025-04-21,605589,val,-0.0014238791,0.0044352002,2022-03-02,2025-04-14,12097,760,1,5,0.0013804529832365613
2025-04-21,688031,val,0.019934135,0.008467164,2022-03-02,2025-04-14,12097,760,1,5,0.0013804529832365613
2025-04-21,688045,val,-0.048755787,0.005449839,2022-03-02,2025-04-14,12097,760,1,5,0.0013804529832365613
2025-04-21,688133,val,-0.016579224,-0.001963757,2022-03-02,2025-04-14,12097,760,1,5,0.0013804529832365613
2025-04-21,688147,val,-0.011713805,0.00506182,2022-03-02,2025-04-14,12097,760,1,5,0.0013804529832365613
2025-04-21,688528,val,0.026671974,0.006665539,2022-03-02,2025-04-14,12097,760,1,5,0.0013804529832365613
2025-04-22,600025,test,0.037922755,-9.011477e-05,2022-03-02,2025-04-14,12097,760,1,5,0.0013804529832365613
2025-04-22,600051,test,0.10247727,0.003993422,2022-03-02,2025-04-14,12097,760,1,5,0.0013804529832365613
2025-04-22,600127,test,-0.020766716,0.005812619,2022-03-02,2025-04-14,12097,760,1,5,0.0013804529832365613
2025-04-22,600153,test,0.013339033,0.0035852492,2022-03-02,2025-04-14,12097,760,1,5,0.0013804529832365613
2025-04-22,600548,test,0.0026771545,0.0022853538,2022-03-02,2025-04-14,12097,760,1,5,0.0013804529832365613
2025-04-22,600865,test,-0.25625917,-0.01769451,2022-03-02,2025-04-14,12097,760,1,5,0.0013804529832365613
2025-04-22,600967,test,-0.006246313,0.0013259947,2022-03-02,2025-04-14,12097,760,1,5,0.0013804529832365613
2025-04-22,601222,test,-0.089910634,0.0013270825,2022-03-02,2025-04-14,12097,760,1,5,0.0013804529832365613
2025-04-22,603237,test,-0.062247697,-0.010150768,2022-03-02,2025-04-14,12097,760,1,5,0.0013804529832365613
2025-04-22,603335,test,0.10488429,0.010967016,2022-03-02,2025-04-14,12097,760,1,5,0.0013804529832365613
2025-04-22,603341,test,0.046613883,0.0110037625,2022-03-02,2025-04-14,12097,760,1,5,0.0013804529832365613
2025-04-22,603658,test,-0.015928557,-1.295656e-05,2022-03-02,2025-04-14,12097,760,1,5,0.0013804529832365613
2025-04-22,605090,test,-0.011149947,0.00411056,2022-03-02,2025-04-14,12097,760,1,5,0.0013804529832365613
2025-04-22,605589,test,0.007603614,0.0043771267,2022-03-02,2025-04-14,12097,760,1,5,0.0013804529832365613
2025-04-22,688031,test,0.04180523,0.00949572,2022-03-02,2025-04-14,12097,760,1,5,0.0013804529832365613
2025-04-22,688045,test,-0.0154450275,0.013494469,2022-03-02,2025-04-14,12097,760,1,5,0.0013804529832365613
2025-04-22,688133,test,-0.021070886,-0.007019311,2022-03-02,2025-04-14,12097,760,1,5,0.0013804529832365613
2025-04-22,688147,test,0.08949326,0.0041852295,2022-03-02,2025-04-14,12097,760,1,5,0.0013804529832365613
2025-04-22,688528,test,0.05220847,0.0060266256,2022-03-02,2025-04-14,12097,760,1,5,0.0013804529832365613
2025-04-23,600025,test,0.042136755,0.0020574778,2022-03-02,2025-04-14,12097,760,1,5,0.0013804529832365613
2025-04-23,600051,test,-0.0038906897,0.0012802705,2022-03-02,2025-04-14,12097,760,1,5,0.0013804529832365613
2025-04-23,600127,test,-0.0065750107,0.003761001,2022-03-02,2025-04-14,12097,760,1,5,0.0013804529832365613
2025-04-23,600153,test,-0.00030067458,0.006314039,2022-03-02,2025-04-14,12097,760,1,5,0.0013804529832365613
2025-04-23,600548,test,0.021560926,0.0024069175,2022-03-02,2025-04-14,12097,760,1,5,0.0013804529832365613
2025-04-23,600865,test,-0.21283473,-0.019938812,2022-03-02,2025-04-14,12097,760,1,5,0.0013804529832365613
2025-04-23,600967,test,0.01827546,0.0025964752,2022-03-02,2025-04-14,12097,760,1,5,0.0013804529832365613
2025-04-23,601222,test,-0.10564193,0.0016709119,2022-03-02,2025-04-14,12097,760,1,5,0.0013804529832365613
2025-04-23,603237,test,0.009752761,0.0030723661,2022-03-02,2025-04-14,12097,760,1,5,0.0013804529832365613
2025-04-23,603335,test,0.10473854,0.009025902,2022-03-02,2025-04-14,12097,760,1,5,0.0013804529832365613
2025-04-23,603341,test,0.04342249,0.010500323,2022-03-02,2025-04-14,12097,760,1,5,0.0013804529832365613
2025-04-23,603658,test,-0.028774522,-0.0006049797,2022-03-02,2025-04-14,12097,760,1,5,0.0013804529832365613
2025-04-23,605090,test,-0.009470285,0.0061976016,2022-03-02,2025-04-14,12097,760,1,5,0.0013804529832365613
2025-04-23,605589,test,0.047606576,0.004682254,2022-03-02,2025-04-14,12097,760,1,5,0.0013804529832365613
2025-04-23,688031,test,0.11169292,0.008461714,2022-03-02,2025-04-14,12097,760,1,5,0.0013804529832365613
2025-04-23,688045,test,-0.07997456,0.01645045,2022-03-02,2025-04-14,12097,760,1,5,0.0013804529832365613
2025-04-23,688133,test,-0.079419434,-0.0029211864,2022-03-02,2025-04-14,12097,760,1,5,0.0013804529832365613
2025-04-23,688147,test,0.08671036,0.004356742,2022-03-02,2025-04-14,12097,760,1,5,0.0013804529832365613
2025-04-23,688528,test,0.04098504,0.0052523986,2022-03-02,2025-04-14,12097,760,1,5,0.0013804529832365613
2025-04-24,600025,test,0.0046415143,0.002795875,2022-03-02,2025-04-14,12097,760,1,5,0.0013804529832365613
2025-04-24,600051,test,-0.084668376,-0.016741782,2022-03-02,2025-04-14,12097,760,1,5,0.0013804529832365613
2025-04-24,600127,test,-0.005348674,0.0010587648,2022-03-02,2025-04-14,12097,760,1,5,0.0013804529832365613
2025-04-24,600153,test,-0.037084553,0.0072049424,2022-03-02,2025-04-14,12097,760,1,5,0.0013804529832365613
2025-04-24,600548,test,-0.0034537697,0.0014309511,2022-03-02,2025-04-14,12097,760,1,5,0.0013804529832365613
2025-04-24,600865,test,-0.16335306,-0.00772848,2022-03-02,2025-04-14,12097,760,1,5,0.0013804529832365613
2025-04-24,600967,test,0.05179309,0.004026279,2022-03-02,2025-04-14,12097,760,1,5,0.0013804529832365613
2025-04-24,601222,test,-0.13239633,0.0021182373,2022-03-02,2025-04-14,12097,760,1,5,0.0013804529832365613
2025-04-24,603237,test,-0.008839383,0.010323182,2022-03-02,2025-04-14,12097,760,1,5,0.0013804529832365613
2025-04-24,603335,test,0.08063486,0.002423279,2022-03-02,2025-04-14,12097,760,1,5,0.0013804529832365613
2025-04-24,603341,test,0.053476956,0.010436293,2022-03-02,2025-04-14,12097,760,1,5,0.0013804529832365613
2025-04-24,603658,test,-0.023448564,-0.0011578426,2022-03-02,2025-04-14,12097,760,1,5,0.0013804529832365613
2025-04-24,605090,test,-0.017360685,0.007232368,2022-03-02,2025-04-14,12097,760,1,5,0.0013804529832365613
2025-04-24,605589,test,0.08724704,0.004886482,2022-03-02,2025-04-14,12097,760,1,5,0.0013804529832365613
2025-04-24,688031,test,0.16476221,0.010176681,2022-03-02,2025-04-14,12097,760,1,5,0.0013804529832365613
2025-04-24,688045,test,-0.06730425,0.016267426,2022-03-02,2025-04-14,12097,760,1,5,0.0013804529832365613
2025-04-24,688133,test,-0.042329986,0.0011153147,2022-03-02,2025-04-14,12097,760,1,5,0.0013804529832365613
2025-04-24,688147,test,0.09364926,0.004648477,2022-03-02,2025-04-14,12097,760,1,5,0.0013804529832365613
2025-04-24,688528,test,0.049382698,0.0052839927,2022-03-02,2025-04-14,12097,760,1,5,0.0013804529832365613
2025-04-25,600025,test,-0.012915764,-0.00021737069,2022-03-02,2025-04-14,12097,760,1,5,0.0013804529832365613
2025-04-25,600051,test,-0.18502747,-0.020565681,2022-03-02,2025-04-14,12097,760,1,5,0.0013804529832365613
2025-04-25,600127,test,0.05053213,0.00010999292,2022-03-02,2025-04-14,12097,760,1,5,0.0013804529832365613
2025-04-25,600153,test,-0.05550858,0.0022165105,2022-03-02,2025-04-14,12097,760,1,5,0.0013804529832365613
2025-04-25,600548,test,-0.015324372,0.00053899735,2022-03-02,2025-04-14,12097,760,1,5,0.0013804529832365613
2025-04-25,600865,test,-0.064994305,0.0069721043,2022-03-02,2025-04-14,12097,760,1,5,0.0013804529832365613
2025-04-25,600967,test,0.12138033,0.004389696,2022-03-02,2025-04-14,12097,760,1,5,0.0013804529832365613
2025-04-25,601222,test,-0.14715181,0.002342686,2022-03-02,2025-04-14,12097,760,1,5,0.0013804529832365613
2025-04-25,603237,test,-0.07573457,0.008841295,2022-03-02,2025-04-14,12097,760,1,5,0.0013804529832365613
2025-04-25,603335,test,0.23423615,0.0029767714,2022-03-02,2025-04-14,12097,760,1,5,0.0013804529832365613
2025-04-25,603341,test,0.041284494,0.009843484,2022-03-02,2025-04-14,12097,760,1,5,0.0013804529832365613
2025-04-25,603658,test,-0.037348695,-0.00022820383,2022-03-02,2025-04-14,12097,760,1,5,0.0013804529832365613
2025-04-25,605090,test,-0.02540132,0.007575743,2022-03-02,2025-04-14,12097,760,1,5,0.0013804529832365613
2025-04-25,605589,test,0.0680836,0.0053915456,2022-03-02,2025-04-14,12097,760,1,5,0.0013804529832365613
2025-04-25,688031,test,0.110551685,0.010898359,2022-03-02,2025-04-14,12097,760,1,5,0.0013804529832365613
2025-04-25,688045,test,-0.05514485,0.0140880495,2022-03-02,2025-04-14,12097,760,1,5,0.0013804529832365613
2025-04-25,688133,test,-0.04854856,0.003907375,2022-03-02,2025-04-14,12097,760,1,5,0.0013804529832365613
2025-04-25,688147,test,0.055341892,0.004401572,2022-03-02,2025-04-14,12097,760,1,5,0.0013804529832365613
2025-04-25,688528,test,0.041690025,0.005538322,2022-03-02,2025-04-14,12097,760,1,5,0.0013804529832365613
2025-04-28,600025,test,-0.0395491,0.00077775866,2022-03-02,2025-04-14,12097,760,1,5,0.0013804529832365613
2025-04-28,600051,test,-0.17325512,-0.027059518,2022-03-02,2025-04-14,12097,760,1,5,0.0013804529832365613
2025-04-28,600127,test,0.04181342,-0.0005730763,2022-03-02,2025-04-14,12097,760,1,5,0.0013804529832365613
2025-04-28,600153,test,-0.064646825,0.0038141906,2022-03-02,2025-04-14,12097,760,1,5,0.0013804529832365613
2025-04-28,600548,test,-0.03173844,-0.00031141192,2022-03-02,2025-04-14,12097,760,1,5,0.0013804529832365613
2025-04-28,600865,test,0.009283851,0.011831738,2022-03-02,2025-04-14,12097,760,1,5,0.0013804529832365613
2025-04-28,600967,test,0.1000714,0.0022465773,2022-03-02,2025-04-14,12097,760,1,5,0.0013804529832365613
2025-04-28,601222,test,-0.059793606,0.003397368,2022-03-02,2025-04-14,12097,760,1,5,0.0013804529832365613
2025-04-28,603237,test,-0.02912995,0.009740774,2022-03-02,2025-04-14,12097,760,1,5,0.0013804529832365613
2025-04-28,603335,test,0.17924415,0.0074445643,2022-03-02,2025-04-14,12097,760,1,5,0.0013804529832365613
2025-04-28,603341,test,0.027872942,0.009207204,2022-03-02,2025-04-14,12097,760,1,5,0.0013804529832365613
2025-04-28,603658,test,-0.041428756,0.00035831332,2022-03-02,2025-04-14,12097,760,1,5,0.0013804529832365613
2025-04-28,605090,test,-0.03455397,0.006929867,2022-03-02,2025-04-14,12097,760,1,5,0.0013804529832365613
2025-04-28,605589,test,0.062930405,0.0059644245,2022-03-02,2025-04-14,12097,760,1,5,0.0013804529832365613
2025-04-28,688031,test,0.062086336,0.009969927,2022-03-02,2025-04-14,12097,760,1,5,0.0013804529832365613
2025-04-28,688045,test,-0.060461026,0.01161506,2022-03-02,2025-04-14,12097,760,1,5,0.0013804529832365613
2025-04-28,688133,test,-0.0841887,0.0034323558,2022-03-02,2025-04-14,12097,760,1,5,0.0013804529832365613
2025-04-28,688147,test,0.06270638,0.0046725012,2022-03-02,2025-04-14,12097,760,1,5,0.0013804529832365613
2025-04-28,688528,test,0.07273662,0.006495785,2022-03-02,2025-04-14,12097,760,1,5,0.0013804529832365613
2025-04-29,600025,test,0.010197421,0.003036186,2022-03-02,2025-04-14,12097,760,1,5,0.0013804529832365613
2025-04-29,600051,test,-0.049814932,-0.009693578,2022-03-02,2025-04-14,12097,760,1,5,0.0013804529832365613
2025-04-29,600127,test,0.035393853,-0.0016134307,2022-03-02,2025-04-14,12097,760,1,5,0.0013804529832365613
2025-04-29,600153,test,-0.050330825,0.0060320757,2022-03-02,2025-04-14,12097,760,1,5,0.0013804529832365613
2025-04-29,600548,test,0.0045229844,-0.00021729618,2022-03-02,2025-04-14,12097,760,1,5,0.0013804529832365613
2025-04-29,600865,test,0.0049071624,0.01093192,2022-03-02,2025-04-14,12097,760,1,5,0.0013804529832365613
2025-04-29,600967,test,0.080810085,0.0014084503,2022-03-02,2025-04-14,12097,760,1,5,0.0013804529832365613
2025-04-29,601222,test,-0.0077161277,0.003899943,2022-03-02,2025-04-14,12097,760,1,5,0.0013804529832365613
2025-04-29,603237,test,0.06880411,0.009024378,2022-03-02,2025-04-14,12097,760,1,5,0.0013804529832365613
2025-04-29,603335,test,0.019982887,0.0037639067,2022-03-02,2025-04-14,12097,760,1,5,0.0013804529832365613
2025-04-29,603341,test,-0.0050775185,0.008739669,2022-03-02,2025-04-14,12097,760,1,5,0.0013804529832365613
2025-04-29,603658,test,-0.0010471161,0.0009551123,2022-03-02,2025-04-14,12097,760,1,5,0.0013804529832365613
2025-04-29,605090,test,-0.009485858,0.006052442,2022-03-02,2025-04-14,12097,760,1,5,0.0013804529832365613
2025-04-29,605589,test,0.10377507,0.005771138,2022-03-02,2025-04-14,12097,760,1,5,0.0013804529832365613
2025-04-29,688031,test,0.026446799,0.010068208,2022-03-02,2025-04-14,12097,760,1,5,0.0013804529832365613
2025-04-29,688045,test,-0.10451201,0.008616768,2022-03-02,2025-04-14,12097,760,1,5,0.0013804529832365613
2025-04-29,688133,test,-0.11224069,0.0023210086,2022-03-02,2025-04-14,12097,760,1,5,0.0013804529832365613
2025-04-29,688147,test,-0.063823976,-0.006199144,2022-03-02,2025-04-14,12097,760,1,5,0.0013804529832365613
2025-04-29,688528,test,0.049208682,0.006881967,2022-03-02,2025-04-14,12097,760,1,5,0.0013804529832365613
2025-04-30,600025,test,-0.0057139522,0.0058547966,2022-03-02,2025-04-14,12097,760,1,5,0.0013804529832365613
2025-04-30,600051,test,0.021365805,0.00042448938,2022-03-02,2025-04-14,12097,760,1,5,0.0013804529832365613
2025-04-30,600127,test,0.008344864,-0.0017347485,2022-03-02,2025-04-14,12097,760,1,5,0.0013804529832365613
2025-04-30,600153,test,-0.03509825,0.006705083,2022-03-02,2025-04-14,12097,760,1,5,0.0013804529832365613
2025-04-30,600548,test,-0.009560343,-0.00028783083,2022-03-02,2025-04-14,12097,760,1,5,0.0013804529832365613
2025-04-30,600865,test,0.010704572,0.008511215,2022-03-02,2025-04-14,12097,760,1,5,0.0013804529832365613
2025-04-30,600967,test,0.0699159,-0.0010216758,2022-03-02,2025-04-14,12097,760,1,5,0.0013804529832365613
2025-04-30,601222,test,-0.0150296725,0.0052230842,2022-03-02,2025-04-14,12097,760,1,5,0.0013804529832365613
2025-04-30,603237,test,0.016075796,0.0078494325,2022-03-02,2025-04-14,12097,760,1,5,0.0013804529832365613
2025-04-30,603335,test,0.061018765,-0.00041476637,2022-03-02,2025-04-14,12097,760,1,5,0.0013804529832365613
2025-04-30,603341,test,0.0029471095,0.008732788,2022-03-02,2025-04-14,12097,760,1,5,0.0013804529832365613
2025-04-30,603658,test,-0.004021385,0.001555346,2022-03-02,2025-04-14,12097,760,1,5,0.0013804529832365613
2025-04-30,605090,test,-0.007070927,0.0056198016,2022-03-02,2025-04-14,12097,760,1,5,0.0013804529832365613
2025-04-30,605589,test,0.032720055,0.004829265,2022-03-02,2025-04-14,12097,760,1,5,0.0013804529832365613
2025-04-30,688031,test,-0.061183512,0.0065649077,2022-03-02,2025-04-14,12097,760,1,5,0.0013804529832365613
2025-04-30,688045,test,-0.032855686,0.0041610673,2022-03-02,2025-04-14,12097,760,1,5,0.0013804529832365613
2025-04-30,688133,test,-0.049270608,0.001959063,2022-03-02,2025-04-14,12097,760,1,5,0.0013804529832365613
2025-04-30,688147,test,-0.053496808,-0.0064786375,2022-03-02,2025-04-14,12097,760,1,5,0.0013804529832365613
2025-04-30,688528,test,0.050208285,0.008430738,2022-03-02,2025-04-14,12097,760,1,5,0.0013804529832365613
2025-05-06,600025,test,0.02840762,0.0070393234,2022-03-02,2025-04-14,12097,760,1,5,0.0013804529832365613
2025-05-06,600051,test,0.017981028,0.010951873,2022-03-02,2025-04-14,12097,760,1,5,0.0013804529832365613
2025-05-06,600127,test,0.024014076,-0.0018002614,2022-03-02,2025-04-14,12097,760,1,5,0.0013804529832365613
2025-05-06,600153,test,-0.0103643015,0.0074489936,2022-03-02,2025-04-14,12097,760,1,5,0.0013804529832365613
2025-05-06,600548,test,0.025757696,-0.00018502772,2022-03-02,2025-04-14,12097,760,1,5,0.0013804529832365613
2025-05-06,600865,test,0.0036089232,0.0061299503,2022-03-02,2025-04-14,12097,760,1,5,0.0013804529832365613
2025-05-06,600967,test,0.00217305,-0.00854414,2022-03-02,2025-04-14,12097,760,1,5,0.0013804529832365613
2025-05-06,601222,test,0.023034554,0.0049923584,2022-03-02,2025-04-14,12097,760,1,5,0.0013804529832365613
2025-05-06,603237,test,0.014169581,0.005878404,2022-03-02,2025-04-14,12097,760,1,5,0.0013804529832365613
2025-05-06,603335,test,-0.039898504,-0.0007178858,2022-03-02,2025-04-14,12097,760,1,5,0.0013804529832365613
2025-05-06,603341,test,-0.019416684,0.008739904,2022-03-02,2025-04-14,12097,760,1,5,0.0013804529832365613
2025-05-06,603658,test,0.01777551,0.0023365468,2022-03-02,2025-04-14,12097,760,1,5,0.0013804529832365613
2025-05-06,605090,test,0.0155825,0.0044959113,2022-03-02,2025-04-14,12097,760,1,5,0.0013804529832365613
2025-05-06,605589,test,0.01299381,0.005525805,2022-03-02,2025-04-14,12097,760,1,5,0.0013804529832365613
2025-05-06,688031,test,-0.04895996,0.0051363967,2022-03-02,2025-04-14,12097,760,1,5,0.0013804529832365613
2025-05-06,688045,test,-0.021706784,0.00416195,2022-03-02,2025-04-14,12097,760,1,5,0.0013804529832365613
2025-05-06,688133,test,-0.04229307,0.0044635125,2022-03-02,2025-04-14,12097,760,1,5,0.0013804529832365613
2025-05-06,688147,test,-0.04318399,-0.006111063,2022-03-02,2025-04-14,12097,760,1,5,0.0013804529832365613
2025-05-06,688528,test,0.04032495,0.0067395046,2022-03-02,2025-04-14,12097,760,1,5,0.0013804529832365613
2025-05-07,600025,test,0.030710759,0.007704079,2022-03-02,2025-04-14,12097,760,1,5,0.0013804529832365613
2025-05-07,600051,test,0.074047565,0.014035109,2022-03-02,2025-04-14,12097,760,1,5,0.0013804529832365613
2025-05-07,600127,test,-0.019686876,-0.0070838407,2022-03-02,2025-04-14,12097,760,1,5,0.0013804529832365613
2025-05-07,600153,test,0.008899545,0.007323377,2022-03-02,2025-04-14,12097,760,1,5,0.0013804529832365613
2025-05-07,600548,test,0.028840575,0.00079886615,2022-03-02,2025-04-14,12097,760,1,5,0.0013804529832365613
2025-05-07,600865,test,0.011360205,0.0038238317,2022-03-02,2025-04-14,12097,760,1,5,0.0013804529832365613
2025-05-07,600967,test,-0.053454347,-0.021914728,2022-03-02,2025-04-14,12097,760,1,5,0.0013804529832365613
2025-05-07,601222,test,0.023340575,0.006920941,2022-03-02,2025-04-14,12097,760,1,5,0.0013804529832365613
2025-05-07,603237,test,0.008350613,0.0032354668,2022-03-02,2025-04-14,12097,760,1,5,0.0013804529832365613
2025-05-07,603335,test,-0.120458804,-0.005865954,2022-03-02,2025-04-14,12097,760,1,5,0.0013804529832365613
2025-05-07,603341,test,-0.024512505,0.010052137,2022-03-02,2025-04-14,12097,760,1,5,0.0013804529832365613
2025-05-07,603658,test,0.025900552,0.0028539188,2022-03-02,2025-04-14,12097,760,1,5,0.0013804529832365613
2025-05-07,605090,test,0.030423146,0.003967963,2022-03-02,2025-04-14,12097,760,1,5,0.0013804529832365613
2025-05-07,605589,test,0.02240524,0.0065187514,2022-03-02,2025-04-14,12097,760,1,5,0.0013804529832365613
2025-05-07,688031,test,0.0023046287,0.009686217,2022-03-02,2025-04-14,12097,760,1,5,0.0013804529832365613
2025-05-07,688045,test,-0.029854985,0.005394906,2022-03-02,2025-04-14,12097,760,1,5,0.0013804529832365613
2025-05-07,688133,test,-0.033806555,0.0061439313,2022-03-02,2025-04-14,12097,760,1,5,0.0013804529832365613
2025-05-07,688147,test,-0.009130332,0.0008627027,2022-03-02,2025-04-14,12097,760,1,5,0.0013804529832365613
2025-05-07,688528,test,0.024320997,0.008289352,2022-03-02,2025-04-14,12097,760,1,5,0.0013804529832365613
2025-05-08,600025,test,0.04187435,0.007943079,2022-03-02,2025-04-14,12097,760,1,5,0.0013804529832365613
2025-05-08,600051,test,0.056166872,0.014032498,2022-03-02,2025-04-14,12097,760,1,5,0.0013804529832365613
2025-05-08,600127,test,0.007294044,-0.00790479,2022-03-02,2025-04-14,12097,760,1,5,0.0013804529832365613
2025-05-08,600153,test,0.020933326,0.0071427375,2022-03-02,2025-04-14,12097,760,1,5,0.0013804529832365613
2025-05-08,600548,test,0.049956553,0.002218075,2022-03-02,2025-04-14,12097,760,1,5,0.0013804529832365613
2025-05-08,600865,test,-0.008701932,-0.0020771995,2022-03-02,2025-04-14,12097,760,1,5,0.0013804529832365613
2025-05-08,600967,test,-0.07440274,-0.026467718,2022-03-02,2025-04-14,12097,760,1,5,0.0013804529832365613
2025-05-08,601222,test,0.023403548,0.009153433,2022-03-02,2025-04-14,12097,760,1,5,0.0013804529832365613
2025-05-08,603237,test,0.012541296,0.00197215,2022-03-02,2025-04-14,12097,760,1,5,0.0013804529832365613
2025-05-08,603335,test,-0.024217155,-0.00053182244,2022-03-02,2025-04-14,12097,760,1,5,0.0013804529832365613
2025-05-08,603341,test,-0.050225373,0.010910194,2022-03-02,2025-04-14,12097,760,1,5,0.0013804529832365613
2025-05-08,603658,test,0.021725545,0.0034157187,2022-03-02,2025-04-14,12097,760,1,5,0.0013804529832365613
2025-05-08,605090,test,0.03368477,0.0046999753,2022-03-02,2025-04-14,12097,760,1,5,0.0013804529832365613
2025-05-08,605589,test,0.013928242,0.008475762,2022-03-02,2025-04-14,12097,760,1,5,0.0013804529832365613
2025-05-08,688031,test,-0.035355713,0.013527833,2022-03-02,2025-04-14,12097,760,1,5,0.0013804529832365613
2025-05-08,688045,test,-0.033116076,0.0050723143,2022-03-02,2025-04-14,12097,760,1,5,0.0013804529832365613
2025-05-08,688133,test,-0.03121119,0.0052933767,2022-03-02,2025-04-14,12097,760,1,5,0.0013804529832365613
2025-05-08,688147,test,-0.031457733,0.0070627294,2022-03-02,2025-04-14,12097,760,1,5,0.0013804529832365613
2025-05-08,688528,test,0.0071793683,0.0071125627,2022-03-02,2025-04-14,12097,760,1,5,0.0013804529832365613
2025-05-09,600025,test,0.001433145,0.00592649,2022-03-02,2025-04-14,12097,760,1,5,0.0013804529832365613
2025-05-09,600051,test,0.041836448,0.010839175,2022-03-02,2025-04-14,12097,760,1,5,0.0013804529832365613
2025-05-09,600127,test,-0.011631524,-0.0057182387,2022-03-02,2025-04-14,12097,760,1,5,0.0013804529832365613
2025-05-09,600153,test,-0.0075627775,0.004513316,2022-03-02,2025-04-14,12097,760,1,5,0.0013804529832365613
2025-05-09,600548,test,0.0088570565,0.0007020533,2022-03-02,2025-04-14,12097,760,1,5,0.0013804529832365613
2025-05-09,600865,test,0.0152670285,-0.0025529563,2022-03-02,2025-04-14,12097,760,1,5,0.0013804529832365613
2025-05-09,600967,test,-0.055486377,-0.01930765,2022-03-02,2025-04-14,12097,760,1,5,0.0013804529832365613
2025-05-09,601222,test,0.011584,0.01023699,2022-03-02,2025-04-14,12097,760,1,5,0.0013804529832365613
2025-05-09,603237,test,-0.06785691,-0.008530699,2022-03-02,2025-04-14,12097,760,1,5,0.0013804529832365613
2025-05-09,603335,test,0.066784024,0.0091769025,2022-03-02,2025-04-14,12097,760,1,5,0.0013804529832365613
2025-05-09,603341,test,-0.029175108,0.01200461,2022-03-02,2025-04-14,12097,760,1,5,0.0013804529832365613
2025-05-09,603658,test,0.012664266,0.0032689385,2022-03-02,2025-04-14,12097,760,1,5,0.0013804529832365613
2025-05-09,605090,test,0.031025939,0.004858546,2022-03-02,2025-04-14,12097,760,1,5,0.0013804529832365613
2025-05-09,605589,test,-0.016782194,0.0026830733,2022-03-02,2025-04-14,12097,760,1,5,0.0013804529832365613
2025-05-09,688031,test,-0.016254338,0.018733807,2022-03-02,2025-04-14,12097,760,1,5,0.0013804529832365613
2025-05-09,688045,test,0.0033069274,0.004891902,2022-03-02,2025-04-14,12097,760,1,5,0.0013804529832365613
2025-05-09,688133,test,0.0044543934,0.0035010055,2022-03-02,2025-04-14,12097,760,1,5,0.0013804529832365613
2025-05-09,688147,test,-0.009653598,0.010736883,2022-03-02,2025-04-14,12097,760,1,5,0.0013804529832365613
2025-05-09,688528,test,0.017189596,0.00835206,2022-03-02,2025-04-14,12097,760,1,5,0.0013804529832365613
2025-05-12,600025,test,0.02046302,0.006352335,2022-03-02,2025-04-14,12097,760,1,5,0.0013804529832365613
2025-05-12,600051,test,0.08607994,0.006966904,2022-03-02,2025-04-14,12097,760,1,5,0.0013804529832365613
2025-05-12,600127,test,0.0072330534,-0.0012777001,2022-03-02,2025-04-14,12097,760,1,5,0.0013804529832365613
2025-05-12,600153,test,-0.019618537,0.0055836514,2022-03-02,2025-04-14,12097,760,1,5,0.0013804529832365613
2025-05-12,600548,test,0.009389623,-0.00022790581,2022-03-02,2025-04-14,12097,760,1,5,0.0013804529832365613
2025-05-12,600865,test,0.047869917,-0.0015767664,2022-03-02,2025-04-14,12097,760,1,5,0.0013804529832365613
2025-05-12,600967,test,-0.0608787,-0.02321197,2022-03-02,2025-04-14,12097,760,1,5,0.0013804529832365613
2025-05-12,601222,test,0.00760219,0.010198895,2022-03-02,2025-04-14,12097,760,1,5,0.0013804529832365613
2025-05-12,603237,test,0.007735386,-0.009207107,2022-03-02,2025-04-14,12097,760,1,5,0.0013804529832365613
2025-05-12,603335,test,0.0016811903,0.010910943,2022-03-02,2025-04-14,12097,760,1,5,0.0013804529832365613
2025-05-12,603341,test,-0.06474646,0.009440798,2022-03-02,2025-04-14,12097,760,1,5,0.0013804529832365613
2025-05-12,603658,test,0.0049999445,0.002399519,2022-03-02,2025-04-14,12097,760,1,5,0.0013804529832365613
2025-05-12,605090,test,0.028948255,0.00265095,2022-03-02,2025-04-14,12097,760,1,5,0.0013804529832365613
2025-05-12,605589,test,-0.022142941,0.004933901,2022-03-02,2025-04-14,12097,760,1,5,0.0013804529832365613
2025-05-12,688031,test,-0.025437014,0.017395776,2022-03-02,2025-04-14,12097,760,1,5,0.0013804529832365613
2025-05-12,688045,test,-0.019294148,0.0044394396,2022-03-02,2025-04-14,12097,760,1,5,0.0013804529832365613
2025-05-12,688133,test,0.00050162297,0.0039458796,2022-03-02,2025-04-14,12097,760,1,5,0.0013804529832365613
2025-05-12,688147,test,-0.008987447,0.012024511,2022-03-02,2025-04-14,12097,760,1,5,0.0013804529832365613
2025-05-12,688528,test,-0.0013988918,0.0008487478,2022-03-02,2025-04-14,12097,760,1,5,0.0013804529832365613
2025-05-13,600025,test,0.021263381,0.006243445,2022-03-02,2025-04-14,12097,760,1,5,0.0013804529832365613
2025-05-13,600051,test,0.06449511,0.0023943186,2022-03-02,2025-04-14,12097,760,1,5,0.0013804529832365613
2025-05-13,600127,test,0.004921126,0.0015362091,2022-03-02,2025-04-14,12097,760,1,5,0.0013804529832365613
2025-05-13,600153,test,-0.023501066,0.004810825,2022-03-02,2025-04-14,12097,760,1,5,0.0013804529832365613
2025-05-13,600548,test,-0.013552765,0.00031710416,2022-03-02,2025-04-14,12097,760,1,5,0.0013804529832365613
2025-05-13,600865,test,0.039919123,-0.00015074015,2022-03-02,2025-04-14,12097,760,1,5,0.0013804529832365613
2025-05-13,600967,test,-0.012445522,-0.0070174113,2022-03-02,2025-04-14,12097,760,1,5,0.0013804529832365613
2025-05-13,601222,test,-0.017168883,0.010112353,2022-03-02,2025-04-14,12097,760,1,5,0.0013804529832365613
2025-05-13,603237,test,0.022839893,-0.01366698,2022-03-02,2025-04-14,12097,760,1,5,0.0013804529832365613
2025-05-13,603335,test,0.021544682,0.010670323,2022-03-02,2025-04-14,12097,760,1,5,0.0013804529832365613
2025-05-13,603341,test,-0.050237697,0.0102074295,2022-03-02,2025-04-14,12097,760,1,5,0.0013804529832365613
2025-05-13,603658,test,-0.004236093,0.0018469915,2022-03-02,2025-04-14,12097,760,1,5,0.0013804529832365613
2025-05-13,605090,test,0.016604533,-0.00036800653,2022-03-02,2025-04-14,12097,760,1,5,0.0013804529832365613
2025-05-13,605589,test,-0.014888219,0.0075803064,2022-03-02,2025-04-14,12097,760,1,5,0.0013804529832365613
2025-05-13,688031,test,-0.04813137,0.013838775,2022-03-02,2025-04-14,12097,760,1,5,0.0013804529832365613
2025-05-13,688045,test,0.012565046,0.0047790594,2022-03-02,2025-04-14,12097,760,1,5,0.0013804529832365613
2025-05-13,688133,test,-0.020073583,0.0043339953,2022-03-02,2025-04-14,12097,760,1,5,0.0013804529832365613
2025-05-13,688147,test,-0.017780052,0.010919072,2022-03-02,2025-04-14,12097,760,1,5,0.0013804529832365613
2025-05-13,688528,test,0.017862357,0.004902471,2022-03-02,2025-04-14,12097,760,1,5,0.0013804529832365613
2025-05-14,600025,test,0.030864654,0.00488114,2022-03-02,2025-04-14,12097,760,1,5,0.0013804529832365613
2025-05-14,600051,test,0.013602968,-0.011233717,2022-03-02,2025-04-14,12097,760,1,5,0.0013804529832365613
2025-05-14,600127,test,-0.005977451,0.0030019581,2022-03-02,2025-04-14,12097,760,1,5,0.0013804529832365613
2025-05-14,600153,test,-0.028222142,0.0001545474,2022-03-02,2025-04-14,12097,760,1,5,0.0013804529832365613
2025-05-14,600548,test,0.0057279337,0.0028706342,2022-03-02,2025-04-14,12097,760,1,5,0.0013804529832365613
2025-05-14,600865,test,0.01822497,-0.0015211329,2022-03-02,2025-04-14,12097,760,1,5,0.0013804529832365613
2025-05-14,600967,test,-0.028180696,0.0050444156,2022-03-02,2025-04-14,12097,760,1,5,0.0013804529832365613
2025-05-14,601222,test,-0.014967023,0.010181934,2022-03-02,2025-04-14,12097,760,1,5,0.0013804529832365613
2025-05-14,603237,test,0.05147044,-0.006243564,2022-03-02,2025-04-14,12097,760,1,5,0.0013804529832365613
2025-05-14,603335,test,0.071110345,0.008286927,2022-03-02,2025-04-14,12097,760,1,5,0.0013804529832365613
2025-05-14,603341,test,-0.031657208,0.010113273,2022-03-02,2025-04-14,12097,760,1,5,0.0013804529832365613
2025-05-14,603658,test,0.0035262448,0.0022793263,2022-03-02,2025-04-14,12097,760,1,5,0.0013804529832365613
2025-05-14,605090,test,0.041780163,0.00014580041,2022-03-02,2025-04-14,12097,760,1,5,0.0013804529832365613
2025-05-14,605589,test,-0.010817362,0.007479381,2022-03-02,2025-04-14,12097,760,1,5,0.0013804529832365613
2025-05-14,688031,test,-0.08567199,0.011150882,2022-03-02,2025-04-14,12097,760,1,5,0.0013804529832365613
2025-05-14,688045,test,0.009104112,0.0048810504,2022-03-02,2025-04-14,12097,760,1,5,0.0013804529832365613
2025-05-14,688133,test,-0.040567253,0.0048696287,2022-03-02,2025-04-14,12097,760,1,5,0.0013804529832365613
2025-05-14,688147,test,-0.014582164,0.011249315,2022-03-02,2025-04-14,12097,760,1,5,0.0013804529832365613
2025-05-14,688528,test,0.015231457,0.008088019,2022-03-02,2025-04-14,12097,760,1,5,0.0013804529832365613
2025-05-15,600025,test,0.027182834,0.0022151843,2022-03-02,2025-04-14,12097,760,1,5,0.0013804529832365613
2025-05-15,600051,test,0.006152692,-0.020284653,2022-03-02,2025-04-14,12097,760,1,5,0.0013804529832365613
2025-05-15,600127,test,-0.03097977,0.0018847175,2022-03-02,2025-04-14,12097,760,1,5,0.0013804529832365613
2025-05-15,600153,test,-0.022679828,0.0016213581,2022-03-02,2025-04-14,12097,760,1,5,0.0013804529832365613
2025-05-15,600548,test,0.0031325151,0.0044062138,2022-03-02,2025-04-14,12097,760,1,5,0.0013804529832365613
2025-05-15,600865,test,-0.025767913,-0.004605502,2022-03-02,2025-04-14,12097,760,1,5,0.0013804529832365613
2025-05-15,600967,test,0.044815175,0.0096946955,2022-03-02,2025-04-14,12097,760,1,5,0.0013804529832365613
2025-05-15,601222,test,-0.020293674,0.009283077,2022-03-02,2025-04-14,12097,760,1,5,0.0013804529832365613
2025-05-15,603237,test,-0.007909058,-0.0074406937,2022-03-02,2025-04-14,12097,760,1,5,0.0013804529832365613
2025-05-15,603335,test,0.04024798,0.009047646,2022-03-02,2025-04-14,12097,760,1,5,0.0013804529832365613
2025-05-15,603341,test,0.006478083,0.008738264,2022-03-02,2025-04-14,12097,760,1,5,0.0013804529832365613
2025-05-15,603658,test,0.00067028106,0.0022309683,2022-03-02,2025-04-14,12097,760,1,5,0.0013804529832365613
2025-05-15,605090,test,0.054782547,0.0027134828,2022-03-02,2025-04-14,12097,760,1,5,0.0013804529832365613
2025-05-15,605589,test,-0.013215924,0.0126260705,2022-03-02,2025-04-14,12097,760,1,5,0.0013804529832365613
2025-05-15,688031,test,-0.04156067,0.011422701,2022-03-02,2025-04-14,12097,760,1,5,0.0013804529832365613
2025-05-15,688045,test,0.0017520795,0.005359791,2022-03-02,2025-04-14,12097,760,1,5,0.0013804529832365613
2025-05-15,688133,test,-0.03560133,0.0034702122,2022-03-02,2025-04-14,12097,760,1,5,0.0013804529832365613
2025-05-15,688147,test,0.009442469,0.009755693,2022-03-02,2025-04-14,12097,760,1,5,0.0013804529832365613
2025-05-15,688528,test,0.003351508,0.011858232,2022-03-02,2025-04-14,12097,760,1,5,0.0013804529832365613
2025-05-16,600025,test,0.034874626,0.0078097982,2022-03-30,2025-05-15,12197,760,4,8,0.0016740016095961134
2025-05-16,600051,test,-0.01467316,-0.039023567,2022-03-30,2025-05-15,12197,760,4,8,0.0016740016095961134
2025-05-16,600127,test,-0.013894883,-0.00067477615,2022-03-30,2025-05-15,12197,760,4,8,0.0016740016095961134
2025-05-16,600153,test,0.010662658,0.0018559505,2022-03-30,2025-05-15,12197,760,4,8,0.0016740016095961134
2025-05-16,600548,test,0.02198752,3.9487e-05,2022-03-30,2025-05-15,12197,760,4,8,0.0016740016095961134
2025-05-16,600865,test,-0.0230272,-0.008402428,2022-03-30,2025-05-15,12197,760,4,8,0.0016740016095961134
2025-05-16,600967,test,0.03007349,0.0017559262,2022-03-30,2025-05-15,12197,760,4,8,0.0016740016095961134
2025-05-16,601222,test,-0.008000508,0.00079974637,2022-03-30,2025-05-15,12197,760,4,8,0.0016740016095961134
2025-05-16,603237,test,0.008591202,-0.009980806,2022-03-30,2025-05-15,12197,760,4,8,0.0016740016095961134
2025-05-16,603335,test,-0.001785475,-0.025671976,2022-03-30,2025-05-15,12197,760,4,8,0.0016740016095961134
2025-05-16,603341,test,-0.018941265,0.0026036964,2022-03-30,2025-05-15,12197,760,4,8,0.0016740016095961134
2025-05-16,603658,test,0.005987932,-0.0020228466,2022-03-30,2025-05-15,12197,760,4,8,0.0016740016095961134
2025-05-16,605090,test,0.049779788,-0.0014907537,2022-03-30,2025-05-15,12197,760,4,8,0.0016740016095961134
2025-05-16,605589,test,-0.0044715684,0.0044165174,2022-03-30,2025-05-15,12197,760,4,8,0.0016740016095961134
2025-05-16,688031,test,-0.050823342,0.0018274878,2022-03-30,2025-05-15,12197,760,4,8,0.0016740016095961134
2025-05-16,688045,test,-0.019183313,-0.0055228975,2022-03-30,2025-05-15,12197,760,4,8,0.0016740016095961134
2025-05-16,688133,test,-0.03398516,0.004931314,2022-03-30,2025-05-15,12197,760,4,8,0.0016740016095961134
2025-05-16,688147,test,0.027683806,0.016586741,2022-03-30,2025-05-15,12197,760,4,8,0.0016740016095961134
2025-05-16,688528,test,-0.00085514085,0.0049138064,2022-03-30,2025-05-15,12197,760,4,8,0.0016740016095961134
2025-05-19,600025,test,0.02415946,0.007213974,2022-03-30,2025-05-15,12197,760,4,8,0.0016740016095961134
2025-05-19,600051,test,-0.04539046,-0.05977034,2022-03-30,2025-05-15,12197,760,4,8,0.0016740016095961134
2025-05-19,600127,test,-0.014424431,0.0015043059,2022-03-30,2025-05-15,12197,760,4,8,0.0016740016095961134
2025-05-19,600153,test,0.046202693,0.0017832558,2022-03-30,2025-05-15,12197,760,4,8,0.0016740016095961134
2025-05-19,600548,test,-0.00030823675,0.002018649,2022-03-30,2025-05-15,12197,760,4,8,0.0016740016095961134
2025-05-19,600865,test,-0.03278168,-0.010862072,2022-03-30,2025-05-15,12197,760,4,8,0.0016740016095961134
2025-05-19,600967,test,0.020711785,0.0023641875,2022-03-30,2025-05-15,12197,760,4,8,0.0016740016095961134
2025-05-19,601222,test,-0.009445789,0.0010218244,2022-03-30,2025-05-15,12197,760,4,8,0.0016740016095961134
2025-05-19,603237,test,0.004290414,-0.0140019385,2022-03-30,2025-05-15,12197,760,4,8,0.0016740016095961134
2025-05-19,603335,test,0.037529573,-0.031861085,2022-03-30,2025-05-15,12197,760,4,8,0.0016740016095961134
2025-05-19,603341,test,0.013584597,-0.00026576666,2022-03-30,2025-05-15,12197,760,4,8,0.0016740016095961134
2025-05-19,603658,test,0.007612067,-0.001196657,2022-03-30,2025-05-15,12197,760,4,8,0.0016740016095961134
2025-05-19,605090,test,0.059998874,-0.00013493959,2022-03-30,2025-05-15,12197,760,4,8,0.0016740016095961134
2025-05-19,605589,test,-0.011752287,0.004651888,2022-03-30,2025-05-15,12197,760,4,8,0.0016740016095961134
2025-05-19,688031,test,-0.02563393,-0.0033081728,2022-03-30,2025-05-15,12197,760,4,8,0.0016740016095961134
2025-05-19,688045,test,-0.023189394,-0.0024970998,2022-03-30,2025-05-15,12197,760,4,8,0.0016740016095961134
2025-05-19,688133,test,-0.043152176,0.0030256617,2022-03-30,2025-05-15,12197,760,4,8,0.0016740016095961134
2025-05-19,688147,test,-0.006333409,0.014313045,2022-03-30,2025-05-15,12197,760,4,8,0.0016740016095961134
2025-05-19,688528,test,-0.0016776699,0.0042905407,2022-03-30,2025-05-15,12197,760,4,8,0.0016740016095961134
2025-05-20,600025,test,0.023758646,0.00730216,2022-03-30,2025-05-15,12197,760,4,8,0.0016740016095961134
2025-05-20,600051,test,-0.03150487,-0.053769175,2022-03-30,2025-05-15,12197,760,4,8,0.0016740016095961134
2025-05-20,600127,test,-0.0026757878,0.0025233491,2022-03-30,2025-05-15,12197,760,4,8,0.0016740016095961134
2025-05-20,600153,test,0.040499203,0.0034298955,2022-03-30,2025-05-15,12197,760,4,8,0.0016740016095961134
2025-05-20,600548,test,-0.0025422783,0.0041945856,2022-03-30,2025-05-15,12197,760,4,8,0.0016740016095961134
2025-05-20,600865,test,-0.016384248,-0.012175098,2022-03-30,2025-05-15,12197,760,4,8,0.0016740016095961134
2025-05-20,600967,test,0.042843226,-5.519521e-05,2022-03-30,2025-05-15,12197,760,4,8,0.0016740016095961134
2025-05-20,601222,test,0.0036802504,0.0016792832,2022-03-30,2025-05-15,12197,760,4,8,0.0016740016095961134
2025-05-20,603237,test,-0.010744819,-0.025929585,2022-03-30,2025-05-15,12197,760,4,8,0.0016740016095961134
2025-05-20,603335,test,0.053740848,-0.031012585,2022-03-30,2025-05-15,12197,760,4,8,0.0016740016095961134
2025-05-20,603341,test,-0.01100259,-0.002943227,2022-03-30,2025-05-15,12197,760,4,8,0.0016740016095961134
2025-05-20,603658,test,0.013780045,-0.0004660251,2022-03-30,2025-05-15,12197,760,4,8,0.0016740016095961134
2025-05-20,605090,test,0.05729147,0.00015522327,2022-03-30,2025-05-15,12197,760,4,8,0.0016740016095961134
2025-05-20,605589,test,-0.019205516,0.004023889,2022-03-30,2025-05-15,12197,760,4,8,0.0016740016095961134
2025-05-20,688031,test,-0.037660792,-0.006844773,2022-03-30,2025-05-15,12197,760,4,8,0.0016740016095961134
2025-05-20,688045,test,-0.025482226,0.00018505528,2022-03-30,2025-05-15,12197,760,4,8,0.0016740016095961134
2025-05-20,688133,test,-0.036259197,0.0061714533,2022-03-30,2025-05-15,12197,760,4,8,0.0016740016095961134
2025-05-20,688147,test,-0.024209647,0.012840736,2022-03-30,2025-05-15,12197,760,4,8,0.0016740016095961134
2025-05-20,688528,test,-0.017921718,0.0007402763,2022-03-30,2025-05-15,12197,760,4,8,0.0016740016095961134
2025-05-21,600025,test,0.013830127,0.0069155437,2022-03-30,2025-05-15,12197,760,4,8,0.0016740016095961134
2025-05-21,600051,test,-0.022191681,-0.036920127,2022-03-30,2025-05-15,12197,760,4,8,0.0016740016095961134
2025-05-21,600127,test,-0.006862315,0.0028774603,2022-03-30,2025-05-15,12197,760,4,8,0.0016740016095961134
2025-05-21,600153,test,0.023118366,0.0029301066,2022-03-30,2025-05-15,12197,760,4,8,0.0016740016095961134
2025-05-21,600548,test,0.004165398,0.0037995647,2022-03-30,2025-05-15,12197,760,4,8,0.0016740016095961134
2025-05-21,600865,test,-0.00019223864,-0.010759677,2022-03-30,2025-05-15,12197,760,4,8,0.0016740016095961134
2025-05-21,600967,test,0.08558771,-0.0027901307,2022-03-30,2025-05-15,12197,760,4,8,0.0016740016095961134
2025-05-21,601222,test,0.009402685,0.0021768273,2022-03-30,2025-05-15,12197,760,4,8,0.0016740016095961134
2025-05-21,603237,test,-0.035635415,-0.0262885,2022-03-30,2025-05-15,12197,760,4,8,0.0016740016095961134
2025-05-21,603335,test,0.00092885434,-0.052357055,2022-03-30,2025-05-15,12197,760,4,8,0.0016740016095961134
2025-05-21,603341,test,-0.025206324,-0.0032090237,2022-03-30,2025-05-15,12197,760,4,8,0.0016740016095961134
2025-05-21,603658,test,0.016675899,3.5955192e-05,2022-03-30,2025-05-15,12197,760,4,8,0.0016740016095961134
2025-05-21,605090,test,0.022704111,-0.0067236344,2022-03-30,2025-05-15,12197,760,4,8,0.0016740016095961134
2025-05-21,605589,test,-0.017328233,0.003082464,2022-03-30,2025-05-15,12197,760,4,8,0.0016740016095961134
2025-05-21,688031,test,-0.030048262,-0.006471545,2022-03-30,2025-05-15,12197,760,4,8,0.0016740016095961134
2025-05-21,688045,test,0.01514857,-0.00024093848,2022-03-30,2025-05-15,12197,760,4,8,0.0016740016095961134
2025-05-21,688133,test,-0.0117968125,0.011545526,2022-03-30,2025-05-15,12197,760,4,8,0.0016740016095961134
2025-05-21,688147,test,-0.03222368,0.009545764,2022-03-30,2025-05-15,12197,760,4,8,0.0016740016095961134
2025-05-21,688528,test,-0.010076763,0.0009413593,2022-03-30,2025-05-15,12197,760,4,8,0.0016740016095961134
2025-05-22,600025,test,-0.017463248,0.0071731512,2022-03-30,2025-05-15,12197,760,4,8,0.0016740016095961134
2025-05-22,600051,test,-0.008529287,-0.02205919,2022-03-30,2025-05-15,12197,760,4,8,0.0016740016095961134
2025-05-22,600127,test,-0.01168733,0.0028875791,2022-03-30,2025-05-15,12197,760,4,8,0.0016740016095961134
2025-05-22,600153,test,0.0008201032,0.0016910569,2022-03-30,2025-05-15,12197,760,4,8,0.0016740016095961134
2025-05-22,600548,test,-0.027382577,0.0033984398,2022-03-30,2025-05-15,12197,760,4,8,0.0016740016095961134
2025-05-22,600865,test,0.01226611,-0.010096251,2022-03-30,2025-05-15,12197,760,4,8,0.0016740016095961134
2025-05-22,600967,test,0.0072730714,-0.011920328,2022-03-30,2025-05-15,12197,760,4,8,0.0016740016095961134
2025-05-22,601222,test,0.008470632,0.0022641402,2022-03-30,2025-05-15,12197,760,4,8,0.0016740016095961134
2025-05-22,603237,test,-0.012939726,-0.008714316,2022-03-30,2025-05-15,12197,760,4,8,0.0016740016095961134
2025-05-22,603335,test,0.047095142,-0.05374711,2022-03-30,2025-05-15,12197,760,4,8,0.0016740016095961134
2025-05-22,603341,test,-0.042076193,-0.0024522808,2022-03-30,2025-05-15,12197,760,4,8,0.0016740016095961134
2025-05-22,603658,test,0.021437503,0.00013898555,2022-03-30,2025-05-15,12197,760,4,8,0.0016740016095961134
2025-05-22,605090,test,0.0030508835,-0.0069644754,2022-03-30,2025-05-15,12197,760,4,8,0.0016740016095961134
2025-05-22,605589,test,0.0051605175,0.0025456322,2022-03-30,2025-05-15,12197,760,4,8,0.0016740016095961134
2025-05-22,688031,test,-0.007728565,-0.004510969,2022-03-30,2025-05-15,12197,760,4,8,0.0016740016095961134
2025-05-22,688045,test,0.021760466,0.00026140982,2022-03-30,2025-05-15,12197,760,4,8,0.0016740016095961134
2025-05-22,688133,test,0.009093183,0.012399097,2022-03-30,2025-05-15,12197,760,4,8,0.0016740016095961134
2025-05-22,688147,test,-0.023202945,0.0048989267,2022-03-30,2025-05-15,12197,760,4,8,0.0016740016095961134
2025-05-22,688528,test,0.014582259,0.001046437,2022-03-30,2025-05-15,12197,760,4,8,0.0016740016095961134
2025-05-23,600025,test,0.0016555121,0.007538388,2022-03-30,2025-05-15,12197,760,4,8,0.0016740016095961134
2025-05-23,600051,test,0.009356924,-0.0132198045,2022-03-30,2025-05-15,12197,760,4,8,0.0016740016095961134
2025-05-23,600127,test,-0.0050279964,0.002204285,2022-03-30,2025-05-15,12197,760,4,8,0.0016740016095961134
2025-05-23,600153,test,-0.00238386,-0.0002752565,2022-03-30,2025-05-15,12197,760,4,8,0.0016740016095961134
2025-05-23,600548,test,-0.014583499,0.0029214243,2022-03-30,2025-05-15,12197,760,4,8,0.0016740016095961134
2025-05-23,600865,test,0.010394844,-0.006891633,2022-03-30,2025-05-15,12197,760,4,8,0.0016740016095961134
2025-05-23,600967,test,0.053159952,-0.018805737,2022-03-30,2025-05-15,12197,760,4,8,0.0016740016095961134
2025-05-23,601222,test,0.0026886212,0.0018981124,2022-03-30,2025-05-15,12197,760,4,8,0.0016740016095961134
2025-05-23,603237,test,-0.07079811,0.0043185446,2022-03-30,2025-05-15,12197,760,4,8,0.0016740016095961134
2025-05-23,603335,test,0.018588511,-0.045342024,2022-03-30,2025-05-15,12197,760,4,8,0.0016740016095961134
2025-05-23,603341,test,-0.022241037,-0.001557229,2022-03-30,2025-05-15,12197,760,4,8,0.0016740016095961134
2025-05-23,603658,test,0.019502304,-0.00016828385,2022-03-30,2025-05-15,12197,760,4,8,0.0016740016095961134
2025-05-23,605090,test,0.010698764,-0.0051844562,2022-03-30,2025-05-15,12197,760,4,8,0.0016740016095961134
2025-05-23,605589,test,0.025272496,0.0012353604,2022-03-30,2025-05-15,12197,760,4,8,0.0016740016095961134
2025-05-23,688031,test,-0.017198455,-0.0002505392,2022-03-30,2025-05-15,12197,760,4,8,0.0016740016095961134
2025-05-23,688045,test,0.020493759,0.0011119364,2022-03-30,2025-05-15,12197,760,4,8,0.0016740016095961134
2025-05-23,688133,test,0.0022965244,0.013623704,2022-03-30,2025-05-15,12197,760,4,8,0.0016740016095961134
2025-05-23,688147,test,-0.052326296,-0.0014144463,2022-03-30,2025-05-15,12197,760,4,8,0.0016740016095961134
2025-05-23,688528,test,0.010451035,0.00064211513,2022-03-30,2025-05-15,12197,760,4,8,0.0016740016095961134
2025-05-26,600025,test,-0.005609916,0.00750938,2022-03-30,2025-05-15,12197,760,4,8,0.0016740016095961134
2025-05-26,600051,test,0.011294603,-0.00648783,2022-03-30,2025-05-15,12197,760,4,8,0.0016740016095961134
2025-05-26,600127,test,0.007057423,0.0015874716,2022-03-30,2025-05-15,12197,760,4,8,0.0016740016095961134
2025-05-26,600153,test,-0.032610636,-0.0006142453,2022-03-30,2025-05-15,12197,760,4,8,0.0016740016095961134
2025-05-26,600548,test,-0.017957615,0.003241078,2022-03-30,2025-05-15,12197,760,4,8,0.0016740016095961134
2025-05-26,600865,test,0.016666792,-0.0034663551,2022-03-30,2025-05-15,12197,760,4,8,0.0016740016095961134
2025-05-26,600967,test,0.051498685,-0.020115217,2022-03-30,2025-05-15,12197,760,4,8,0.0016740016095961134
2025-05-26,601222,test,0.02033502,0.0018878864,2022-03-30,2025-05-15,12197,760,4,8,0.0016740016095961134
2025-05-26,603237,test,-0.12960757,1.955399e-06,2022-03-30,2025-05-15,12197,760,4,8,0.0016740016095961134
2025-05-26,603335,test,-0.014459763,-0.058973134,2022-03-30,2025-05-15,12197,760,4,8,0.0016740016095961134
2025-05-26,603341,test,-0.04261556,0.00013199318,2022-03-30,2025-05-15,12197,760,4,8,0.0016740016095961134
2025-05-26,603658,test,0.026106633,0.00025662695,2022-03-30,2025-05-15,12197,760,4,8,0.0016740016095961134
2025-05-26,605090,test,0.015910462,-0.00070226856,2022-03-30,2025-05-15,12197,760,4,8,0.0016740016095961134
2025-05-26,605589,test,0.044561405,0.0013648696,2022-03-30,2025-05-15,12197,760,4,8,0.0016740016095961134
2025-05-26,688031,test,-0.017954128,-0.0014680148,2022-03-30,2025-05-15,12197,760,4,8,0.0016740016095961134
2025-05-26,688045,test,0.03531774,0.00093250186,2022-03-30,2025-05-15,12197,760,4,8,0.0016740016095961134
2025-05-26,688133,test,0.04201189,0.011649037,2022-03-30,2025-05-15,12197,760,4,8,0.0016740016095961134
2025-05-26,688147,test,-0.022840308,-0.0028420123,2022-03-30,2025-05-15,12197,760,4,8,0.0016740016095961134
2025-05-26,688528,test,0.012894843,0.0006734381,2022-03-30,2025-05-15,12197,760,4,8,0.0016740016095961134
2025-05-27,600025,test,-0.031613864,0.0070367367,2022-03-30,2025-05-15,12197,760,4,8,0.0016740016095961134
2025-05-27,600051,test,0.012546745,-0.00090447336,2022-03-30,2025-05-15,12197,760,4,8,0.0016740016095961134
2025-05-27,600127,test,-0.004623311,0.00025828983,2022-03-30,2025-05-15,12197,760,4,8,0.0016740016095961134
2025-05-27,600153,test,-0.013381937,-0.0002086618,2022-03-30,2025-05-15,12197,760,4,8,0.0016740016095961134
2025-05-27,600548,test,-0.011230384,0.003952015,2022-03-30,2025-05-15,12197,760,4,8,0.0016740016095961134
2025-05-27,600865,test,0.019586442,0.000100836245,2022-03-30,2025-05-15,12197,760,4,8,0.0016740016095961134
2025-05-27,600967,test,0.008095987,-0.03278882,2022-03-30,2025-05-15,12197,760,4,8,0.0016740016095961134
2025-05-27,601222,test,0.01076779,0.0015833332,2022-03-30,2025-05-15,12197,760,4,8,0.0016740016095961134
2025-05-27,603237,test,-0.12762588,-0.0043842564,2022-03-30,2025-05-15,12197,760,4,8,0.0016740016095961134
2025-05-27,603335,test,-0.006189727,-0.07448813,2022-03-30,2025-05-15,12197,760,4,8,0.0016740016095961134
2025-05-27,603341,test,-0.017730057,-0.0014871816,2022-03-30,2025-05-15,12197,760,4,8,0.0016740016095961134
2025-05-27,603658,test,0.014437706,0.00021438868,2022-03-30,2025-05-15,12197,760,4,8,0.0016740016095961134
2025-05-27,605090,test,0.027157266,0.0051268595,2022-03-30,2025-05-15,12197,760,4,8,0.0016740016095961134
2025-05-27,605589,test,0.054908287,0.0014252205,2022-03-30,2025-05-15,12197,760,4,8,0.0016740016095961134
2025-05-27,688031,test,0.005690206,-0.0024043564,2022-03-30,2025-05-15,12197,760,4,8,0.0016740016095961134
2025-05-27,688045,test,0.010347959,0.0020361007,2022-03-30,2025-05-15,12197,760,4,8,0.0016740016095961134
2025-05-27,688133,test,0.051430102,0.010496852,2022-03-30,2025-05-15,12197,760,4,8,0.0016740016095961134
2025-05-27,688147,test,-0.00023734615,-5.283873e-05,2022-03-30,2025-05-15,12197,760,4,8,0.0016740016095961134
2025-05-27,688528,test,-0.002335982,0.00059616764,2022-03-30,2025-05-15,12197,760,4,8,0.0016740016095961134
2025-05-28,600025,test,-0.044647712,0.00703433,2022-03-30,2025-05-15,12197,760,4,8,0.0016740016095961134
2025-05-28,600051,test,0.012697156,0.0019717733,2022-03-30,2025-05-15,12197,760,4,8,0.0016740016095961134
2025-05-28,600127,test,-0.014532737,-0.00039352514,2022-03-30,2025-05-15,12197,760,4,8,0.0016740016095961134
2025-05-28,600153,test,-0.008043585,0.0019170898,2022-03-30,2025-05-15,12197,760,4,8,0.0016740016095961134
2025-05-28,600548,test,-0.0388822,0.0030899807,2022-03-30,2025-05-15,12197,760,4,8,0.0016740016095961134
2025-05-28,600865,test,-0.011185381,0.00042248247,2022-03-30,2025-05-15,12197,760,4,8,0.0016740016095961134
2025-05-28,600967,test,-0.021514118,-0.054563563,2022-03-30,2025-05-15,12197,760,4,8,0.0016740016095961134
2025-05-28,601222,test,0.0063224984,0.0016417793,2022-03-30,2025-05-15,12197,760,4,8,0.0016740016095961134
2025-05-28,603237,test,-0.12655057,3.6872545e-05,2022-03-30,2025-05-15,12197,760,4,8,0.0016740016095961134
2025-05-28,603335,test,-0.020175513,-0.06830326,2022-03-30,2025-05-15,12197,760,4,8,0.0016740016095961134
2025-05-28,603341,test,0.023283329,-0.0050128964,2022-03-30,2025-05-15,12197,760,4,8,0.0016740016095961134
2025-05-28,603658,test,-0.0038301847,7.723979e-05,2022-03-30,2025-05-15,12197,760,4,8,0.0016740016095961134
2025-05-28,605090,test,0.04248664,0.006938395,2022-03-30,2025-05-15,12197,760,4,8,0.0016740016095961134
2025-05-28,605589,test,0.0795843,0.0010644185,2022-03-30,2025-05-15,12197,760,4,8,0.0016740016095961134
2025-05-28,688031,test,0.06475476,-0.00699819,2022-03-30,2025-05-15,12197,760,4,8,0.0016740016095961134
2025-05-28,688045,test,-0.017976044,0.0024994006,2022-03-30,2025-05-15,12197,760,4,8,0.0016740016095961134
2025-05-28,688133,test,0.055030193,0.007816679,2022-03-30,2025-05-15,12197,760,4,8,0.0016740016095961134
2025-05-28,688147,test,0.011974774,0.0023758493,2022-03-30,2025-05-15,12197,760,4,8,0.0016740016095961134
2025-05-28,688528,test,0.011204387,0.0003024734,2022-03-30,2025-05-15,12197,760,4,8,0.0016740016095961134
2025-05-29,600025,test,-0.023936223,0.0063174213,2022-03-30,2025-05-15,12197,760,4,8,0.0016740016095961134
2025-05-29,600051,test,0.00582783,0.003859661,2022-03-30,2025-05-15,12197,760,4,8,0.0016740016095961134
2025-05-29,600127,test,0.0031054395,-0.001305451,2022-03-30,2025-05-15,12197,760,4,8,0.0016740016095961134
2025-05-29,600153,test,0.0139591405,0.002963593,2022-03-30,2025-05-15,12197,760,4,8,0.0016740016095961134
2025-05-29,600548,test,-0.0020016392,0.003126598,2022-03-30,2025-05-15,12197,760,4,8,0.0016740016095961134
2025-05-29,600865,test,-0.008177772,-0.0022536423,2022-03-30,2025-05-15,12197,760,4,8,0.0016740016095961134
2025-05-29,600967,test,-0.012319707,-0.040844843,2022-03-30,2025-05-15,12197,760,4,8,0.0016740016095961134
2025-05-29,601222,test,0.0052414783,0.001593337,2022-03-30,2025-05-15,12197,760,4,8,0.0016740016095961134
2025-05-29,603237,test,-0.118210666,0.0073035453,2022-03-30,2025-05-15,12197,760,4,8,0.0016740016095961134
2025-05-29,603335,test,-0.029685006,-0.075108364,2022-03-30,2025-05-15,12197,760,4,8,0.0016740016095961134
2025-05-29,603341,test,0.031234045,-0.009509993,2022-03-30,2025-05-15,12197,760,4,8,0.0016740016095961134
2025-05-29,603658,test,-0.0019645148,-0.00059864845,2022-03-30,2025-05-15,12197,760,4,8,0.0016740016095961134
2025-05-29,605090,test,0.036738355,0.0077650645,2022-03-30,2025-05-15,12197,760,4,8,0.0016740016095961134
2025-05-29,605589,test,0.05887662,-0.002232575,2022-03-30,2025-05-15,12197,760,4,8,0.0016740016095961134
2025-05-29,688031,test,0.029633788,-0.0060407664,2022-03-30,2025-05-15,12197,760,4,8,0.0016740016095961134
2025-05-29,688045,test,-0.015733922,0.0033725472,2022-03-30,2025-05-15,12197,760,4,8,0.0016740016095961134
2025-05-29,688133,test,0.023116777,0.005975883,2022-03-30,2025-05-15,12197,760,4,8,0.0016740016095961134
2025-05-29,688147,test,-0.0035221206,0.0019517827,2022-03-30,2025-05-15,12197,760,4,8,0.0016740016095961134
2025-05-29,688528,test,0.0078181,-0.0021986475,2022-03-30,2025-05-15,12197,760,4,8,0.0016740016095961134
2025-05-30,600025,test,-0.05332071,0.005776116,2022-03-30,2025-05-15,12197,760,4,8,0.0016740016095961134
2025-05-30,600051,test,0.005473445,0.0039248643,2022-03-30,2025-05-15,12197,760,4,8,0.0016740016095961134
2025-05-30,600127,test,-0.0054321843,-0.0018849057,2022-03-30,2025-05-15,12197,760,4,8,0.0016740016095961134
2025-05-30,600153,test,-0.008631727,0.0033124792,2022-03-30,2025-05-15,12197,760,4,8,0.0016740016095961134
2025-05-30,600548,test,-0.03481042,0.0029495868,2022-03-30,2025-05-15,12197,760,4,8,0.0016740016095961134
2025-05-30,600865,test,0.004122281,-0.0040726946,2022-03-30,2025-05-15,12197,760,4,8,0.0016740016095961134
2025-05-30,600967,test,-0.007788321,-0.04468732,2022-03-30,2025-05-15,12197,760,4,8,0.0016740016095961134
2025-05-30,601222,test,-0.0048884624,0.0010734341,2022-03-30,2025-05-15,12197,760,4,8,0.0016740016095961134
2025-05-30,603237,test,-0.05406052,0.017568832,2022-03-30,2025-05-15,12197,760,4,8,0.0016740016095961134
2025-05-30,603335,test,0.008656423,-0.060352754,2022-03-30,2025-05-15,12197,760,4,8,0.0016740016095961134
2025-05-30,603341,test,0.031824358,-0.01041747,2022-03-30,2025-05-15,12197,760,4,8,0.0016740016095961134
2025-05-30,603658,test,-0.013271898,-0.0020153928,2022-03-30,2025-05-15,12197,760,4,8,0.0016740016095961134
2025-05-30,605090,test,-0.0024222531,0.0071424893,2022-03-30,2025-05-15,12197,760,4,8,0.0016740016095961134
2025-05-30,605589,test,0.030566033,-0.013320052,2022-03-30,2025-05-15,12197,760,4,8,0.0016740016095961134
2025-05-30,688031,test,0.056445163,-0.009928854,2022-03-30,2025-05-15,12197,760,4,8,0.0016740016095961134
2025-05-30,688045,test,0.014797815,0.0043389658,2022-03-30,2025-05-15,12197,760,4,8,0.0016740016095961134
2025-05-30,688133,test,0.017270075,0.0054475493,2022-03-30,2025-05-15,12197,760,4,8,0.0016740016095961134
2025-05-30,688147,test,0.010449218,0.0018545814,2022-03-30,2025-05-15,12197,760,4,8,0.0016740016095961134
2025-05-30,688528,test,0.0050216843,-0.0017926487,2022-03-30,2025-05-15,12197,760,4,8,0.0016740016095961134
2025-06-03,600025,test,-0.031412207,0.0060446146,2022-03-30,2025-05-15,12197,760,4,8,0.0016740016095961134
2025-06-03,600051,test,0.013802674,-0.000336165,2022-03-30,2025-05-15,12197,760,4,8,0.0016740016095961134
2025-06-03,600127,test,0.010086027,-0.002174099,2022-03-30,2025-05-15,12197,760,4,8,0.0016740016095961134
2025-06-03,600153,test,0.015190474,0.003115046,2022-03-30,2025-05-15,12197,760,4,8,0.0016740016095961134
2025-06-03,600548,test,-0.004663236,0.0044415947,2022-03-30,2025-05-15,12197,760,4,8,0.0016740016095961134
2025-06-03,600865,test,-0.005759727,-0.0054515805,2022-03-30,2025-05-15,12197,760,4,8,0.0016740016095961134
2025-06-03,600967,test,0.009970911,-0.031449996,2022-03-30,2025-05-15,12197,760,4,8,0.0016740016095961134
2025-06-03,601222,test,-0.001028194,-9.6362e-05,2022-03-30,2025-05-15,12197,760,4,8,0.0016740016095961134
2025-06-03,603237,test,-0.036265943,0.01910444,2022-03-30,2025-05-15,12197,760,4,8,0.0016740016095961134
2025-06-03,603335,test,-0.0067082257,-0.047572397,2022-03-30,2025-05-15,12197,760,4,8,0.0016740016095961134
2025-06-03,603341,test,0.030538497,-0.0076159737,2022-03-30,2025-05-15,12197,760,4,8,0.0016740016095961134
2025-06-03,603658,test,0.0012676563,0.0010391363,2022-03-30,2025-05-15,12197,760,4,8,0.0016740016095961134
2025-06-03,605090,test,-0.0077076075,0.0055307928,2022-03-30,2025-05-15,12197,760,4,8,0.0016740016095961134
2025-06-03,605589,test,0.022082677,-0.015761493,2022-03-30,2025-05-15,12197,760,4,8,0.0016740016095961134
2025-06-03,688031,test,0.0038819,-0.011051425,2022-03-30,2025-05-15,12197,760,4,8,0.0016740016095961134
2025-06-03,688045,test,0.0020955966,0.006134315,2022-03-30,2025-05-15,12197,760,4,8,0.0016740016095961134
2025-06-03,688133,test,0.0016459124,0.003631676,2022-03-30,2025-05-15,12197,760,4,8,0.0016740016095961134
2025-06-03,688147,test,-0.016503325,0.00074956904,2022-03-30,2025-05-15,12197,760,4,8,0.0016740016095961134
2025-06-03,688528,test,-0.0005138582,-0.003719014,2022-03-30,2025-05-15,12197,760,4,8,0.0016740016095961134
2025-06-04,600025,test,-0.019688465,0.0065880194,2022-03-30,2025-05-15,12197,760,4,8,0.0016740016095961134
2025-06-04,600051,test,0.00759115,-0.003314252,2022-03-30,2025-05-15,12197,760,4,8,0.0016740016095961134
2025-06-04,600127,test,-0.006302287,-0.0026102215,2022-03-30,2025-05-15,12197,760,4,8,0.0016740016095961134
2025-06-04,600153,test,-0.0030916038,0.0036529936,2022-03-30,2025-05-15,12197,760,4,8,0.0016740016095961134
2025-06-04,600548,test,-0.015723027,0.0046080137,2022-03-30,2025-05-15,12197,760,4,8,0.0016740016095961134
2025-06-04,600865,test,-0.022198107,-0.009824057,2022-03-30,2025-05-15,12197,760,4,8,0.0016740016095961134
2025-06-04,600967,test,0.022165814,-0.015364024,2022-03-30,2025-05-15,12197,760,4,8,0.0016740016095961134
2025-06-04,601222,test,-0.003796474,-0.0010260165,2022-03-30,2025-05-15,12197,760,4,8,0.0016740016095961134
2025-06-04,603237,test,-0.044051047,0.014805994,2022-03-30,2025-05-15,12197,760,4,8,0.0016740016095961134
2025-06-04,603335,test,0.062617145,-0.045015972,2022-03-30,2025-05-15,12197,760,4,8,0.0016740016095961134
2025-06-04,603341,test,0.06791219,-0.004809879,2022-03-30,2025-05-15,12197,760,4,8,0.0016740016095961134
2025-06-04,603658,test,-0.008206087,0.0032626821,2022-03-30,2025-05-15,12197,760,4,8,0.0016740016095961134
2025-06-04,605090,test,-0.026922943,0.0037418194,2022-03-30,2025-05-15,12197,760,4,8,0.0016740016095961134
2025-06-04,605589,test,0.004746869,-0.017897625,2022-03-30,2025-05-15,12197,760,4,8,0.0016740016095961134
2025-06-04,688031,test,0.004073819,-0.012379193,2022-03-30,2025-05-15,12197,760,4,8,0.0016740016095961134
2025-06-04,688045,test,-0.00030507194,0.0044358037,2022-03-30,2025-05-15,12197,760,4,8,0.0016740016095961134
2025-06-04,688133,test,-0.0123655405,-0.00029070457,2022-03-30,2025-05-15,12197,760,4,8,0.0016740016095961134
2025-06-04,688147,test,-0.022453777,-3.2626005e-05,2022-03-30,2025-05-15,12197,760,4,8,0.0016740016095961134
2025-06-04,688528,test,0.015997449,-0.0010039195,2022-03-30,2025-05-15,12197,760,4,8,0.0016740016095961134
2025-06-05,600025,test,-0.010702458,0.006885948,2022-03-30,2025-05-15,12197,760,4,8,0.0016740016095961134
2025-06-05,600051,test,0.0018968674,-0.006908143,2022-03-30,2025-05-15,12197,760,4,8,0.0016740016095961134
2025-06-05,600127,test,0.00069036265,-0.0023514573,2022-03-30,2025-05-15,12197,760,4,8,0.0016740016095961134
2025-06-05,600153,test,0.0038598431,0.0034233867,2022-03-30,2025-05-15,12197,760,4,8,0.0016740016095961134
2025-06-05,600548,test,-0.0263644,0.003582372,2022-03-30,2025-05-15,12197,760,4,8,0.0016740016095961134
2025-06-05,600865,test,-0.0077399206,-0.008085411,2022-03-30,2025-05-15,12197,760,4,8,0.0016740016095961134
2025-06-05,600967,test,0.00019384194,-0.0045666033,2022-03-30,2025-05-15,12197,760,4,8,0.0016740016095961134
2025-06-05,601222,test,-0.0022814055,-0.0018629058,2022-03-30,2025-05-15,12197,760,4,8,0.0016740016095961134
2025-06-05,603237,test,-0.02405791,0.011340535,2022-03-30,2025-05-15,12197,760,4,8,0.0016740016095961134
2025-06-05,603335,test,0.20138459,-0.03165957,2022-03-30,2025-05-15,12197,760,4,8,0.0016740016095961134
2025-06-05,603341,test,0.02871625,-0.0002113546,2022-03-30,2025-05-15,12197,760,4,8,0.0016740016095961134
2025-06-05,603658,test,-0.0043566325,0.0039095767,2022-03-30,2025-05-15,12197,760,4,8,0.0016740016095961134
2025-06-05,605090,test,-0.036358003,0.0030615923,2022-03-30,2025-05-15,12197,760,4,8,0.0016740016095961134
2025-06-05,605589,test,-0.035626564,-0.025943905,2022-03-30,2025-05-15,12197,760,4,8,0.0016740016095961134
2025-06-05,688031,test,-0.04414669,-0.001983129,2022-03-30,2025-05-15,12197,760,4,8,0.0016740016095961134
2025-06-05,688045,test,-0.003809056,0.003993719,2022-03-30,2025-05-15,12197,760,4,8,0.0016740016095961134
2025-06-05,688133,test,-0.017788716,-0.0018423394,2022-03-30,2025-05-15,12197,760,4,8,0.0016740016095961134
2025-06-05,688147,test,-0.038955383,0.0001290814,2022-03-30,2025-05-15,12197,760,4,8,0.0016740016095961134
2025-06-05,688528,test,0.0154453935,0.0005506659,2022-03-30,2025-05-15,12197,760,4,8,0.0016740016095961134
2025-06-06,600025,test,0.012047138,0.004772452,2022-03-30,2025-05-15,12197,760,4,8,0.0016740016095961134
2025-06-06,600051,test,0.014491157,-0.007510764,2022-03-30,2025-05-15,12197,760,4,8,0.0016740016095961134
2025-06-06,600127,test,0.033775926,-0.0018592254,2022-03-30,2025-05-15,12197,760,4,8,0.0016740016095961134
2025-06-06,600153,test,0.0039594,0.0026489676,2022-03-30,2025-05-15,12197,760,4,8,0.0016740016095961134
2025-06-06,600548,test,-0.03969801,0.0018848997,2022-03-30,2025-05-15,12197,760,4,8,0.0016740016095961134
2025-06-06,600865,test,-0.010005854,-0.005365932,2022-03-30,2025-05-15,12197,760,4,8,0.0016740016095961134
2025-06-06,600967,test,0.055525742,0.0077087027,2022-03-30,2025-05-15,12197,760,4,8,0.0016740016095961134
2025-06-06,601222,test,0.007692998,-0.0005428685,2022-03-30,2025-05-15,12197,760,4,8,0.0016740016095961134
2025-06-06,603237,test,-0.017031007,0.008090209,2022-03-30,2025-05-15,12197,760,4,8,0.0016740016095961134
2025-06-06,603335,test,0.08784393,-0.023438556,2022-03-30,2025-05-15,12197,760,4,8,0.0016740016095961134
2025-06-06,603341,test,0.02838143,0.0031667051,2022-03-30,2025-05-15,12197,760,4,8,0.0016740016095961134
2025-06-06,603658,test,-0.022682179,0.0029995486,2022-03-30,2025-05-15,12197,760,4,8,0.0016740016095961134
2025-06-06,605090,test,0.008616839,0.0043505286,2022-03-30,2025-05-15,12197,760,4,8,0.0016740016095961134
2025-06-06,605589,test,-0.025022533,-0.018467478,2022-03-30,2025-05-15,12197,760,4,8,0.0016740016095961134
2025-06-06,688031,test,-0.07152687,0.007218251,2022-03-30,2025-05-15,12197,760,4,8,0.0016740016095961134
2025-06-06,688045,test,-0.020409483,0.0039212755,2022-03-30,2025-05-15,12197,760,4,8,0.0016740016095961134
2025-06-06,688133,test,-0.031218674,0.00033048305,2022-03-30,2025-05-15,12197,760,4,8,0.0016740016095961134
2025-06-06,688147,test,-0.014503075,-0.0003407733,2022-03-30,2025-05-15,12197,760,4,8,0.0016740016095961134
2025-06-06,688528,test,-0.00023687718,-0.0034548207,2022-03-30,2025-05-15,12197,760,4,8,0.0016740016095961134
2025-06-09,600025,test,0.020749336,0.0042472556,2022-03-30,2025-05-15,12197,760,4,8,0.0016740016095961134
2025-06-09,600051,test,0.020373082,-0.0067395405,2022-03-30,2025-05-15,12197,760,4,8,0.0016740016095961134
2025-06-09,600127,test,0.032297324,-0.0016209643,2022-03-30,2025-05-15,12197,760,4,8,0.0016740016095961134
2025-06-09,600153,test,0.023720143,0.0031464894,2022-03-30,2025-05-15,12197,760,4,8,0.0016740016095961134
2025-06-09,600548,test,-0.026623739,0.0019764467,2022-03-30,2025-05-15,12197,760,4,8,0.0016740016095961134
2025-06-09,600865,test,-0.019365082,-0.004257636,2022-03-30,2025-05-15,12197,760,4,8,0.0016740016095961134
2025-06-09,600967,test,0.01918761,0.0015583142,2022-03-30,2025-05-15,12197,760,4,8,0.0016740016095961134
2025-06-09,601222,test,0.012178233,0.00043823602,2022-03-30,2025-05-15,12197,760,4,8,0.0016740016095961134
2025-06-09,603237,test,-0.012362476,0.0026369635,2022-03-30,2025-05-15,12197,760,4,8,0.0016740016095961134
2025-06-09,603335,test,0.041495822,-0.023265993,2022-03-30,2025-05-15,12197,760,4,8,0.0016740016095961134
2025-06-09,603341,test,0.01319754,0.0094934935,2022-03-30,2025-05-15,12197,760,4,8,0.0016740016095961134
2025-06-09,603658,test,-0.030185768,0.0021181176,2022-03-30,2025-05-15,12197,760,4,8,0.0016740016095961134
2025-06-09,605090,test,0.015693763,0.0045905197,2022-03-30,2025-05-15,12197,760,4,8,0.0016740016095961134
2025-06-09,605589,test,-0.013980038,-0.009547374,2022-03-30,2025-05-15,12197,760,4,8,0.0016740016095961134
2025-06-09,688031,test,-0.05618579,0.016573278,2022-03-30,2025-05-15,12197,760,4,8,0.0016740016095961134
2025-06-09,688045,test,-0.02473819,0.003627196,2022-03-30,2025-05-15,12197,760,4,8,0.0016740016095961134
2025-06-09,688133,test,-0.010000904,0.00160253,2022-03-30,2025-05-15,12197,760,4,8,0.0016740016095961134
2025-06-09,688147,test,-0.023042308,-0.00047166683,2022-03-30,2025-05-15,12197,760,4,8,0.0016740016095961134
2025-06-09,688528,test,0.017591441,-0.004064059,2022-03-30,2025-05-15,12197,760,4,8,0.0016740016095961134
2025-06-10,600025,test,0.034628224,0.0039126505,2022-03-30,2025-05-15,12197,760,4,8,0.0016740016095961134
2025-06-10,600051,test,0.0054117613,-0.010205602,2022-03-30,2025-05-15,12197,760,4,8,0.0016740016095961134
2025-06-10,600127,test,0.018375581,-0.008916316,2022-03-30,2025-05-15,12197,760,4,8,0.0016740016095961134
2025-06-10,600153,test,0.020496244,0.0028721197,2022-03-30,2025-05-15,12197,760,4,8,0.0016740016095961134
2025-06-10,600548,test,-0.031665333,0.00076720235,2022-03-30,2025-05-15,12197,760,4,8,0.0016740016095961134
2025-06-10,600865,test,-0.013752735,-0.004787429,2022-03-30,2025-05-15,12197,760,4,8,0.0016740016095961134
2025-06-10,600967,test,0.04586142,-0.0034503723,2022-03-30,2025-05-15,12197,760,4,8,0.0016740016095961134
2025-06-10,601222,test,0.008201161,-8.820827e-05,2022-03-30,2025-05-15,12197,760,4,8,0.0016740016095961134
2025-06-10,603237,test,-0.012777859,0.0021616048,2022-03-30,2025-05-15,12197,760,4,8,0.0016740016095961134
2025-06-10,603335,test,0.018447064,-0.01998836,2022-03-30,2025-05-15,12197,760,4,8,0.0016740016095961134
2025-06-10,603341,test,0.032527607,0.009726392,2022-03-30,2025-05-15,12197,760,4,8,0.0016740016095961134
2025-06-10,603658,test,-0.032301273,0.0017539432,2022-03-30,2025-05-15,12197,760,4,8,0.0016740016095961134
2025-06-10,605090,test,0.0040023676,0.004400276,2022-03-30,2025-05-15,12197,760,4,8,0.0016740016095961134
2025-06-10,605589,test,-0.039917506,-0.00059961993,2022-03-30,2025-05-15,12197,760,4,8,0.0016740016095961134
2025-06-10,688031,test,-0.018520541,0.0145904375,2022-03-30,2025-05-15,12197,760,4,8,0.0016740016095961134
2025-06-10,688045,test,-0.029943483,0.003624269,2022-03-30,2025-05-15,12197,760,4,8,0.0016740016095961134
2025-06-10,688133,test,-0.020907661,0.0039412747,2022-03-30,2025-05-15,12197,760,4,8,0.0016740016095961134
2025-06-10,688147,test,-0.010829004,0.00046630725,2022-03-30,2025-05-15,12197,760,4,8,0.0016740016095961134
2025-06-10,688528,test,0.022663971,-0.0042655026,2022-03-30,2025-05-15,12197,760,4,8,0.0016740016095961134
2025-06-11,600025,test,0.051641118,0.002313435,2022-03-30,2025-05-15,12197,760,4,8,0.0016740016095961134
2025-06-11,600051,test,-0.016718494,-0.011619504,2022-03-30,2025-05-15,12197,760,4,8,0.0016740016095961134
2025-06-11,600127,test,0.025339365,-0.008742531,2022-03-30,2025-05-15,12197,760,4,8,0.0016740016095961134
2025-06-11,600153,test,0.013626333,0.0026982818,2022-03-30,2025-05-15,12197,760,4,8,0.0016740016095961134
2025-06-11,600548,test,-0.02459854,0.0008650053,2022-03-30,2025-05-15,12197,760,4,8,0.0016740016095961134
2025-06-11,600865,test,-0.023572791,-0.0051215934,2022-03-30,2025-05-15,12197,760,4,8,0.0016740016095961134
2025-06-11,600967,test,0.10978018,-0.006013964,2022-03-30,2025-05-15,12197,760,4,8,0.0016740016095961134
2025-06-11,601222,test,0.01723514,3.9279315e-05,2022-03-30,2025-05-15,12197,760,4,8,0.0016740016095961134
2025-06-11,603237,test,-0.016042078,0.0037351516,2022-03-30,2025-05-15,12197,760,4,8,0.0016740016095961134
2025-06-11,603335,test,-0.08879452,-0.045423534,2022-03-30,2025-05-15,12197,760,4,8,0.0016740016095961134
2025-06-11,603341,test,0.01688203,0.0010478563,2022-03-30,2025-05-15,12197,760,4,8,0.0016740016095961134
2025-06-11,603658,test,-0.026621345,0.0019091537,2022-03-30,2025-05-15,12197,760,4,8,0.0016740016095961134
2025-06-11,605090,test,-0.00054556795,0.0028820282,2022-03-30,2025-05-15,12197,760,4,8,0.0016740016095961134
2025-06-11,605589,test,-0.0139598735,0.0035274315,2022-03-30,2025-05-15,12197,760,4,8,0.0016740016095961134
2025-06-11,688031,test,-0.012865159,0.015087801,2022-03-30,2025-05-15,12197,760,4,8,0.0016740016095961134
2025-06-11,688045,test,-0.0114118345,0.0043917033,2022-03-30,2025-05-15,12197,760,4,8,0.0016740016095961134
2025-06-11,688133,test,-0.028488362,0.0063130283,2022-03-30,2025-05-15,12197,760,4,8,0.0016740016095961134
2025-06-11,688147,test,0.0072829444,0.0016557031,2022-03-30,2025-05-15,12197,760,4,8,0.0016740016095961134
2025-06-11,688528,test,0.021831462,-0.0022865904,2022-03-30,2025-05-15,12197,760,4,8,0.0016740016095961134
2025-06-12,600025,test,0.074219175,0.0018479432,2022-03-30,2025-05-15,12197,760,4,8,0.0016740016095961134
2025-06-12,600051,test,-0.022506,-0.009326131,2022-03-30,2025-05-15,12197,760,4,8,0.0016740016095961134
2025-06-12,600127,test,0.023263764,-0.006430073,2022-03-30,2025-05-15,12197,760,4,8,0.0016740016095961134
2025-06-12,600153,test,0.013090824,0.0037228016,2022-03-30,2025-05-15,12197,760,4,8,0.0016740016095961134
2025-06-12,600548,test,0.0004847207,0.0027182912,2022-03-30,2025-05-15,12197,760,4,8,0.0016740016095961134
2025-06-12,600865,test,-0.03601176,-0.0059790877,2022-03-30,2025-05-15,12197,760,4,8,0.0016740016095961134
2025-06-12,600967,test,0.1672967,-0.0046423725,2022-03-30,2025-05-15,12197,760,4,8,0.0016740016095961134
2025-06-12,601222,test,0.0107009495,-0.0001740506,2022-03-30,2025-05-15,12197,760,4,8,0.0016740016095961134
2025-06-12,603237,test,-0.014228913,0.0067841625,2022-03-30,2025-05-15,12197,760,4,8,0.0016740016095961134
2025-06-12,603335,test,-0.17978193,-0.09680825,2022-03-30,2025-05-15,12197,760,4,8,0.0016740016095961134
2025-06-12,603341,test,0.018210707,0.00307285,2022-03-30,2025-05-15,12197,760,4,8,0.0016740016095961134
2025-06-12,603658,test,-0.019886743,0.002432045,2022-03-30,2025-05-15,12197,760,4,8,0.0016740016095961134
2025-06-12,605090,test,0.019812578,0.0020579326,2022-03-30,2025-05-15,12197,760,4,8,0.0016740016095961134
2025-06-12,605589,test,-0.002057337,0.00466123,2022-03-30,2025-05-15,12197,760,4,8,0.0016740016095961134
2025-06-12,688031,test,-0.022810213,0.015081364,2022-03-30,2025-05-15,12197,760,4,8,0.0016740016095961134
2025-06-12,688045,test,-0.014373935,0.0040492304,2022-03-30,2025-05-15,12197,760,4,8,0.0016740016095961134
2025-06-12,688133,test,-0.030741636,0.007091509,2022-03-30,2025-05-15,12197,760,4,8,0.0016740016095961134
2025-06-12,688147,test,0.011522499,0.0022230395,2022-03-30,2025-05-15,12197,760,4,8,0.0016740016095961134
2025-06-12,688528,test,0.003796551,-0.00039711324,2022-03-30,2025-05-15,12197,760,4,8,0.0016740016095961134
2025-06-13,600025,test,0.05360644,0.0015093354,2022-03-30,2025-05-15,12197,760,4,8,0.0016740016095961134
2025-06-13,600051,test,-0.027360767,-0.008046808,2022-03-30,2025-05-15,12197,760,4,8,0.0016740016095961134
2025-06-13,600127,test,-0.006056211,-0.0076163183,2022-03-30,2025-05-15,12197,760,4,8,0.0016740016095961134
2025-06-13,600153,test,0.011796271,0.0037432117,2022-03-30,2025-05-15,12197,760,4,8,0.0016740016095961134
2025-06-13,600548,test,0.0065392163,0.0026788244,2022-03-30,2025-05-15,12197,760,4,8,0.0016740016095961134
2025-06-13,600865,test,-0.00816016,-0.006009951,2022-03-30,2025-05-15,12197,760,4,8,0.0016740016095961134
2025-06-13,600967,test,0.06468573,-0.012703139,2022-03-30,2025-05-15,12197,760,4,8,0.0016740016095961134
2025-06-13,601222,test,0.016371116,5.1165087e-05,2022-03-30,2025-05-15,12197,760,4,8,0.0016740016095961134
2025-06-13,603237,test,-0.0039018698,0.010470296,2022-03-30,2025-05-15,12197,760,4,8,0.0016740016095961134
2025-06-13,603335,test,-0.094668664,-0.10194951,2022-03-30,2025-05-15,12197,760,4,8,0.0016740016095961134
2025-06-13,603341,test,0.006979469,0.0055106212,2022-03-30,2025-05-15,12197,760,4,8,0.0016740016095961134
2025-06-13,603658,test,0.0055776164,0.0036910619,2022-03-30,2025-05-15,12197,760,4,8,0.0016740016095961134
2025-06-13,605090,test,-0.014130301,0.0005054056,2022-03-30,2025-05-15,12197,760,4,8,0.0016740016095961134
2025-06-13,605589,test,0.005178178,0.003778003,2022-03-30,2025-05-15,12197,760,4,8,0.0016740016095961134
2025-06-13,688031,test,-0.034122,0.010027512,2022-03-30,2025-05-15,12197,760,4,8,0.0016740016095961134
2025-06-13,688045,test,-0.013098719,0.0028456515,2022-03-30,2025-05-15,12197,760,4,8,0.0016740016095961134
2025-06-13,688133,test,0.009688543,0.008465719,2022-03-30,2025-05-15,12197,760,4,8,0.0016740016095961134
2025-06-13,688147,test,0.011478127,0.0019919637,2022-03-30,2025-05-15,12197,760,4,8,0.0016740016095961134
2025-06-13,688528,test,0.009597982,0.0020042297,2022-03-30,2025-05-15,12197,760,4,8,0.0016740016095961134
2025-06-16,600025,test,0.02986634,-0.0029587224,2022-04-29,2025-06-13,12297,760,2,6,0.00116196385351941
2025-06-16,600051,test,-0.0039767106,-0.007016994,2022-04-29,2025-06-13,12297,760,2,6,0.00116196385351941
2025-06-16,600127,test,0.012978404,-0.0052658543,2022-04-29,2025-06-13,12297,760,2,6,0.00116196385351941
2025-06-16,600153,test,-0.009496399,0.0040419847,2022-04-29,2025-06-13,12297,760,2,6,0.00116196385351941
2025-06-16,600548,test,-0.010651936,0.0027046427,2022-04-29,2025-06-13,12297,760,2,6,0.00116196385351941
2025-06-16,600865,test,8.868648e-05,-0.0021420047,2022-04-29,2025-06-13,12297,760,2,6,0.00116196385351941
2025-06-16,600967,test,0.09736549,-0.010384835,2022-04-29,2025-06-13,12297,760,2,6,0.00116196385351941
2025-06-16,601222,test,0.0021035804,0.007702954,2022-04-29,2025-06-13,12297,760,2,6,0.00116196385351941
2025-06-16,603237,test,-0.022771535,-0.001124002,2022-04-29,2025-06-13,12297,760,2,6,0.00116196385351941
2025-06-16,603335,test,-0.054579258,-0.0359919,2022-04-29,2025-06-13,12297,760,2,6,0.00116196385351941
2025-06-16,603341,test,0.022346772,0.010125853,2022-04-29,2025-06-13,12297,760,2,6,0.00116196385351941
2025-06-16,603658,test,0.00036578102,0.00025632232,2022-04-29,2025-06-13,12297,760,2,6,0.00116196385351941
2025-06-16,605090,test,-0.012900569,-0.009441659,2022-04-29,2025-06-13,12297,760,2,6,0.00116196385351941
2025-06-16,605589,test,-0.0224731,-0.0027550086,2022-04-29,2025-06-13,12297,760,2,6,0.00116196385351941
2025-06-16,688031,test,-0.035758987,0.008416839,2022-04-29,2025-06-13,12297,760,2,6,0.00116196385351941
2025-06-16,688045,test,-0.006807158,0.0063173696,2022-04-29,2025-06-13,12297,760,2,6,0.00116196385351941
2025-06-16,688133,test,-0.010286279,0.008790813,2022-04-29,2025-06-13,12297,760,2,6,0.00116196385351941
2025-06-16,688147,test,0.017833395,0.004699342,2022-04-29,2025-06-13,12297,760,2,6,0.00116196385351941
2025-06-16,688528,test,0.0067534777,-0.009046681,2022-04-29,2025-06-13,12297,760,2,6,0.00116196385351941
2025-06-17,600025,test,-0.015685149,-0.006873913,2022-04-29,2025-06-13,12297,760,2,6,0.00116196385351941
2025-06-17,600051,test,-0.0027290005,-0.0041646883,2022-04-29,2025-06-13,12297,760,2,6,0.00116196385351941
2025-06-17,600127,test,-0.02390926,-0.0053627715,2022-04-29,2025-06-13,12297,760,2,6,0.00116196385351941
2025-06-17,600153,test,-0.023800034,0.0044896975,2022-04-29,2025-06-13,12297,760,2,6,0.00116196385351941
2025-06-17,600548,test,-0.026371252,0.0026721507,2022-04-29,2025-06-13,12297,760,2,6,0.00116196385351941
2025-06-17,600865,test,-0.012225676,-0.003352262,2022-04-29,2025-06-13,12297,760,2,6,0.00116196385351941
2025-06-17,600967,test,0.119192325,-0.018086903,2022-04-29,2025-06-13,12297,760,2,6,0.00116196385351941
2025-06-17,601222,test,-0.013093138,0.007831886,2022-04-29,2025-06-13,12297,760,2,6,0.00116196385351941
2025-06-17,603237,test,-0.0274293,-6.8448484e-05,2022-04-29,2025-06-13,12297,760,2,6,0.00116196385351941
2025-06-17,603335,test,-0.010629822,-0.027379341,2022-04-29,2025-06-13,12297,760,2,6,0.00116196385351941
2025-06-17,603341,test,-0.008798773,0.0057363138,2022-04-29,2025-06-13,12297,760,2,6,0.00116196385351941
2025-06-17,603658,test,-0.017249346,0.000520654,2022-04-29,2025-06-13,12297,760,2,6,0.00116196385351941
2025-06-17,605090,test,-0.033964325,-0.008628704,2022-04-29,2025-06-13,12297,760,2,6,0.00116196385351941
2025-06-17,605589,test,0.0247141,-0.0013773516,2022-04-29,2025-06-13,12297,760,2,6,0.00116196385351941
2025-06-17,688031,test,-0.013813228,0.0069454834,2022-04-29,2025-06-13,12297,760,2,6,0.00116196385351941
2025-06-17,688045,test,0.020404276,0.0042121857,2022-04-29,2025-06-13,12297,760,2,6,0.00116196385351941
2025-06-17,688133,test,0.012344026,0.0071013346,2022-04-29,2025-06-13,12297,760,2,6,0.00116196385351941
2025-06-17,688147,test,0.037172038,0.004717447,2022-04-29,2025-06-13,12297,760,2,6,0.00116196385351941
2025-06-17,688528,test,0.015871543,-0.009327143,2022-04-29,2025-06-13,12297,760,2,6,0.00116196385351941
2025-06-18,600025,test,-0.02954201,-0.0069459006,2022-04-29,2025-06-13,12297,760,2,6,0.00116196385351941
2025-06-18,600051,test,-0.0019028705,-0.0026648715,2022-04-29,2025-06-13,12297,760,2,6,0.00116196385351941
2025-06-18,600127,test,-0.024613066,-0.0017628148,2022-04-29,2025-06-13,12297,760,2,6,0.00116196385351941
2025-06-18,600153,test,0.0071157957,0.004713796,2022-04-29,2025-06-13,12297,760,2,6,0.00116196385351941
2025-06-18,600548,test,-0.025568686,0.0029278025,2022-04-29,2025-06-13,12297,760,2,6,0.00116196385351941
2025-06-18,600865,test,-0.0081892405,-0.002473265,2022-04-29,2025-06-13,12297,760,2,6,0.00116196385351941
2025-06-18,600967,test,0.13623527,-0.027935915,2022-04-29,2025-06-13,12297,760,2,6,0.00116196385351941
2025-06-18,601222,test,-0.027507422,0.0057145134,2022-04-29,2025-06-13,12297,760,2,6,0.00116196385351941
2025-06-18,603237,test,-0.025109341,0.0016757026,2022-04-29,2025-06-13,12297,760,2,6,0.00116196385351941
2025-06-18,603335,test,-0.00053646805,-0.017610028,2022-04-29,2025-06-13,12297,760,2,6,0.00116196385351941
2025-06-18,603341,test,-0.024012664,0.005732268,2022-04-29,2025-06-13,12297,760,2,6,0.00116196385351941
2025-06-18,603658,test,-0.01729237,0.0010655001,2022-04-29,2025-06-13,12297,760,2,6,0.00116196385351941
2025-06-18,605090,test,-0.03178126,-0.0066166744,2022-04-29,2025-06-13,12297,760,2,6,0.00116196385351941
2025-06-18,605589,test,0.0016079191,-0.0012282655,2022-04-29,2025-06-13,12297,760,2,6,0.00116196385351941
2025-06-18,688031,test,-0.0031711392,0.0061090738,2022-04-29,2025-06-13,12297,760,2,6,0.00116196385351941
2025-06-18,688045,test,0.0056901975,0.0019056424,2022-04-29,2025-06-13,12297,760,2,6,0.00116196385351941
2025-06-18,688133,test,0.04358706,0.0059406385,2022-04-29,2025-06-13,12297,760,2,6,0.00116196385351941
2025-06-18,688147,test,0.022996195,0.0045094267,2022-04-29,2025-06-13,12297,760,2,6,0.00116196385351941
2025-06-18,688528,test,0.0019941034,-0.009692356,2022-04-29,2025-06-13,12297,760,2,6,0.00116196385351941
2025-06-19,600025,test,-0.039294448,-0.0054930225,2022-04-29,2025-06-13,12297,760,2,6,0.00116196385351941
2025-06-19,600051,test,0.004433529,-0.0014835671,2022-04-29,2025-06-13,12297,760,2,6,0.00116196385351941
2025-06-19,600127,test,-0.012560441,0.0012990311,2022-04-29,2025-06-13,12297,760,2,6,0.00116196385351941
2025-06-19,600153,test,0.02334531,0.003638707,2022-04-29,2025-06-13,12297,760,2,6,0.00116196385351941
2025-06-19,600548,test,-0.04014915,0.0025740787,2022-04-29,2025-06-13,12297,760,2,6,0.00116196385351941
2025-06-19,600865,test,0.022078913,-0.0005804673,2022-04-29,2025-06-13,12297,760,2,6,0.00116196385351941
2025-06-19,600967,test,0.109059595,-0.031969883,2022-04-29,2025-06-13,12297,760,2,6,0.00116196385351941
2025-06-19,601222,test,-0.032629102,0.005786553,2022-04-29,2025-06-13,12297,760,2,6,0.00116196385351941
2025-06-19,603237,test,-0.02409129,0.0036226586,2022-04-29,2025-06-13,12297,760,2,6,0.00116196385351941
2025-06-19,603335,test,0.0040755575,-0.012044333,2022-04-29,2025-06-13,12297,760,2,6,0.00116196385351941
2025-06-19,603341,test,-0.035248403,0.006672181,2022-04-29,2025-06-13,12297,760,2,6,0.00116196385351941
2025-06-19,603658,test,-0.022952545,0.0010216162,2022-04-29,2025-06-13,12297,760,2,6,0.00116196385351941
2025-06-19,605090,test,-0.052810244,-0.010107435,2022-04-29,2025-06-13,12297,760,2,6,0.00116196385351941
2025-06-19,605589,test,-0.0027551092,-3.387779e-05,2022-04-29,2025-06-13,12297,760,2,6,0.00116196385351941
2025-06-19,688031,test,0.013622476,0.0042021945,2022-04-29,2025-06-13,12297,760,2,6,0.00116196385351941
2025-06-19,688045,test,0.027646825,0.0009079799,2022-04-29,2025-06-13,12297,760,2,6,0.00116196385351941
2025-06-19,688133,test,0.026057454,0.003939368,2022-04-29,2025-06-13,12297,760,2,6,0.00116196385351941
2025-06-19,688147,test,0.019323412,0.004742734,2022-04-29,2025-06-13,12297,760,2,6,0.00116196385351941
2025-06-19,688528,test,0.012847662,-0.009234428,2022-04-29,2025-06-13,12297,760,2,6,0.00116196385351941
2025-06-20,600025,test,-0.0758371,-0.004900463,2022-04-29,2025-06-13,12297,760,2,6,0.00116196385351941
2025-06-20,600051,test,0.006462144,-0.0021632463,2022-04-29,2025-06-13,12297,760,2,6,0.00116196385351941
2025-06-20,600127,test,-0.028219346,0.0038624033,2022-04-29,2025-06-13,12297,760,2,6,0.00116196385351941
2025-06-20,600153,test,0.0043718633,0.0025020912,2022-04-29,2025-06-13,12297,760,2,6,0.00116196385351941
2025-06-20,600548,test,-0.053479377,0.0022847354,2022-04-29,2025-06-13,12297,760,2,6,0.00116196385351941
2025-06-20,600865,test,-0.01060568,-0.0014885366,2022-04-29,2025-06-13,12297,760,2,6,0.00116196385351941
2025-06-20,600967,test,0.2849469,-0.028541185,2022-04-29,2025-06-13,12297,760,2,6,0.00116196385351941
2025-06-20,601222,test,-0.046209294,0.006184943,2022-04-29,2025-06-13,12297,760,2,6,0.00116196385351941
2025-06-20,603237,test,-0.035731517,0.004751526,2022-04-29,2025-06-13,12297,760,2,6,0.00116196385351941
2025-06-20,603335,test,-0.0025239624,-0.010540009,2022-04-29,2025-06-13,12297,760,2,6,0.00116196385351941
2025-06-20,603341,test,-0.04365518,0.007417619,2022-04-29,2025-06-13,12297,760,2,6,0.00116196385351941
2025-06-20,603658,test,-0.041832574,-0.0015559644,2022-04-29,2025-06-13,12297,760,2,6,0.00116196385351941
2025-06-20,605090,test,-0.061243955,-0.00858172,2022-04-29,2025-06-13,12297,760,2,6,0.00116196385351941
2025-06-20,605589,test,-0.008742535,-0.0018751919,2022-04-29,2025-06-13,12297,760,2,6,0.00116196385351941
2025-06-20,688031,test,0.04211061,0.002332978,2022-04-29,2025-06-13,12297,760,2,6,0.00116196385351941
2025-06-20,688045,test,0.051474992,0.0006780401,2022-04-29,2025-06-13,12297,760,2,6,0.00116196385351941
2025-06-20,688133,test,0.002365394,0.0025122166,2022-04-29,2025-06-13,12297,760,2,6,0.00116196385351941
2025-06-20,688147,test,0.007853193,0.004213199,2022-04-29,2025-06-13,12297,760,2,6,0.00116196385351941
2025-06-20,688528,test,0.008495414,-0.0071166605,2022-04-29,2025-06-13,12297,760,2,6,0.00116196385351941
2025-06-23,600025,test,-0.07334597,0.0012586787,2022-04-29,2025-06-13,12297,760,2,6,0.00116196385351941
2025-06-23,600051,test,-0.03502285,-0.010745734,2022-04-29,2025-06-13,12297,760,2,6,0.00116196385351941
2025-06-23,600127,test,-0.063340366,-0.00014482439,2022-04-29,2025-06-13,12297,760,2,6,0.00116196385351941
2025-06-23,600153,test,-0.0033759666,0.0035496727,2022-04-29,2025-06-13,12297,760,2,6,0.00116196385351941
2025-06-23,600548,test,-0.049869943,0.0034329817,2022-04-29,2025-06-13,12297,760,2,6,0.00116196385351941
2025-06-23,600865,test,-0.031398248,-0.002277039,2022-04-29,2025-06-13,12297,760,2,6,0.00116196385351941
2025-06-23,600967,test,0.3554697,-0.026451237,2022-04-29,2025-06-13,12297,760,2,6,0.00116196385351941
2025-06-23,601222,test,-0.02997961,0.0072893575,2022-04-29,2025-06-13,12297,760,2,6,0.00116196385351941
2025-06-23,603237,test,-0.030435931,0.006005667,2022-04-29,2025-06-13,12297,760,2,6,0.00116196385351941
2025-06-23,603335,test,-0.012492101,-0.01225879,2022-04-29,2025-06-13,12297,760,2,6,0.00116196385351941
2025-06-23,603341,test,-0.014291271,0.00845702,2022-04-29,2025-06-13,12297,760,2,6,0.00116196385351941
2025-06-23,603658,test,-0.040229898,-5.789846e-05,2022-04-29,2025-06-13,12297,760,2,6,0.00116196385351941
2025-06-23,605090,test,-0.06732865,-0.004955508,2022-04-29,2025-06-13,12297,760,2,6,0.00116196385351941
2025-06-23,605589,test,-0.0058438983,-0.0012544617,2022-04-29,2025-06-13,12297,760,2,6,0.00116196385351941
2025-06-23,688031,test,0.027568573,0.0016674921,2022-04-29,2025-06-13,12297,760,2,6,0.00116196385351941
2025-06-23,688045,test,0.040233918,0.0007188022,2022-04-29,2025-06-13,12297,760,2,6,0.00116196385351941
2025-06-23,688133,test,0.0188681,0.002279915,2022-04-29,2025-06-13,12297,760,2,6,0.00116196385351941
2025-06-23,688147,test,0.009501133,0.0036401227,2022-04-29,2025-06-13,12297,760,2,6,0.00116196385351941
2025-06-23,688528,test,0.0053132824,-0.0056881234,2022-04-29,2025-06-13,12297,760,2,6,0.00116196385351941
2025-06-24,600025,test,-0.039344177,0.0067972317,2022-04-29,2025-06-13,12297,760,2,6,0.00116196385351941
2025-06-24,600051,test,-0.029033404,-0.012156911,2022-04-29,2025-06-13,12297,760,2,6,0.00116196385351941
2025-06-24,600127,test,-0.034620613,0.0033195987,2022-04-29,2025-06-13,12297,760,2,6,0.00116196385351941
2025-06-24,600153,test,0.002506544,0.005244516,2022-04-29,2025-06-13,12297,760,2,6,0.00116196385351941
2025-06-24,600548,test,-0.037071493,0.003952503,2022-04-29,2025-06-13,12297,760,2,6,0.00116196385351941
2025-06-24,600865,test,-0.025350107,-0.0018793717,2022-04-29,2025-06-13,12297,760,2,6,0.00116196385351941
2025-06-24,600967,test,0.27478245,-0.029355682,2022-04-29,2025-06-13,12297,760,2,6,0.00116196385351941
2025-06-24,601222,test,-0.025953725,0.006469913,2022-04-29,2025-06-13,12297,760,2,6,0.00116196385351941
2025-06-24,603237,test,-0.02474775,0.006239392,2022-04-29,2025-06-13,12297,760,2,6,0.00116196385351941
2025-06-24,603335,test,-0.008977788,-0.013198964,2022-04-29,2025-06-13,12297,760,2,6,0.00116196385351941
2025-06-24,603341,test,-0.016196419,0.008611672,2022-04-29,2025-06-13,12297,760,2,6,0.00116196385351941
2025-06-24,603658,test,-0.032369412,0.0015571639,2022-04-29,2025-06-13,12297,760,2,6,0.00116196385351941
2025-06-24,605090,test,-0.051893543,-0.003260918,2022-04-29,2025-06-13,12297,760,2,6,0.00116196385351941
2025-06-24,605589,test,0.011354212,-0.0032774433,2022-04-29,2025-06-13,12297,760,2,6,0.00116196385351941
2025-06-24,688031,test,-0.008243671,0.001895316,2022-04-29,2025-06-13,12297,760,2,6,0.00116196385351941
2025-06-24,688045,test,0.02770355,0.0002650693,2022-04-29,2025-06-13,12297,760,2,6,0.00116196385351941
2025-06-24,688133,test,0.026891416,0.0006283,2022-04-29,2025-06-13,12297,760,2,6,0.00116196385351941
2025-06-24,688147,test,0.0010528258,0.0016548857,2022-04-29,2025-06-13,12297,760,2,6,0.00116196385351941
2025-06-24,688528,test,-0.01048889,-0.0085919425,2022-04-29,2025-06-13,12297,760,2,6,0.00116196385351941
2025-06-25,600025,test,-0.027239013,0.008794747,2022-04-29,2025-06-13,12297,760,2,6,0.00116196385351941
2025-06-25,600051,test,-0.00056861434,-0.008235015,2022-04-29,2025-06-13,12297,760,2,6,0.00116196385351941
2025-06-25,600127,test,-0.013219394,0.0050807223,2022-04-29,2025-06-13,12297,760,2,6,0.00116196385351941
2025-06-25,600153,test,0.008826146,0.00039777905,2022-04-29,2025-06-13,12297,760,2,6,0.00116196385351941
2025-06-25,600548,test,-0.027272742,0.0045227334,2022-04-29,2025-06-13,12297,760,2,6,0.00116196385351941
2025-06-25,600865,test,-0.004431081,-0.00049943477,2022-04-29,2025-06-13,12297,760,2,6,0.00116196385351941
2025-06-25,600967,test,0.07842117,-0.032740332,2022-04-29,2025-06-13,12297,760,2,6,0.00116196385351941
2025-06-25,601222,test,0.0036950114,0.005379036,2022-04-29,2025-06-13,12297,760,2,6,0.00116196385351941
2025-06-25,603237,test,-0.0029095283,0.006967053,2022-04-29,2025-06-13,12297,760,2,6,0.00116196385351941
2025-06-25,603335,test,0.013331832,-0.013130307,2022-04-29,2025-06-13,12297,760,2,6,0.00116196385351941
2025-06-25,603341,test,-0.033766013,0.006412901,2022-04-29,2025-06-13,12297,760,2,6,0.00116196385351941
2025-06-25,603658,test,-0.012615776,0.0028423145,2022-04-29,2025-06-13,12297,760,2,6,0.00116196385351941
2025-06-25,605090,test,-0.013572768,-0.0016302094,2022-04-29,2025-06-13,12297,760,2,6,0.00116196385351941
2025-06-25,605589,test,0.013960536,-0.001159966,2022-04-29,2025-06-13,12297,760,2,6,0.00116196385351941
2025-06-25,688031,test,-0.03588823,0.001036711,2022-04-29,2025-06-13,12297,760,2,6,0.00116196385351941
2025-06-25,688045,test,0.029606124,0.0015581995,2022-04-29,2025-06-13,12297,760,2,6,0.00116196385351941
2025-06-25,688133,test,0.0068301344,-0.001890175,2022-04-29,2025-06-13,12297,760,2,6,0.00116196385351941
2025-06-25,688147,test,0.004951609,0.0034679621,2022-04-29,2025-06-13,12297,760,2,6,0.00116196385351941
2025-06-25,688528,test,0.011860599,-0.005521409,2022-04-29,2025-06-13,12297,760,2,6,0.00116196385351941
2025-06-26,600025,test,-0.045493335,0.00845854,2022-04-29,2025-06-13,12297,760,2,6,0.00116196385351941
2025-06-26,600051,test,0.0044548754,-0.004334621,2022-04-29,2025-06-13,12297,760,2,6,0.00116196385351941
2025-06-26,600127,test,-0.006415129,0.0051259547,2022-04-29,2025-06-13,12297,760,2,6,0.00116196385351941
2025-06-26,600153,test,-0.010248537,-0.0013989434,2022-04-29,2025-06-13,12297,760,2,6,0.00116196385351941
2025-06-26,600548,test,-0.02094843,0.0048597082,2022-04-29,2025-06-13,12297,760,2,6,0.00116196385351941
2025-06-26,600865,test,-0.019508341,-0.0022704825,2022-04-29,2025-06-13,12297,760,2,6,0.00116196385351941
2025-06-26,600967,test,0.050228436,-0.03719475,2022-04-29,2025-06-13,12297,760,2,6,0.00116196385351941
2025-06-26,601222,test,0.0030111833,0.004081182,2022-04-29,2025-06-13,12297,760,2,6,0.00116196385351941
2025-06-26,603237,test,0.0029414902,0.007084042,2022-04-29,2025-06-13,12297,760,2,6,0.00116196385351941
2025-06-26,603335,test,0.027758945,-0.013161592,2022-04-29,2025-06-13,12297,760,2,6,0.00116196385351941
2025-06-26,603341,test,-0.0039363503,0.006371163,2022-04-29,2025-06-13,12297,760,2,6,0.00116196385351941
2025-06-26,603658,test,-0.0065191085,0.0033770874,2022-04-29,2025-06-13,12297,760,2,6,0.00116196385351941
2025-06-26,605090,test,-0.017445799,-0.002005808,2022-04-29,2025-06-13,12297,760,2,6,0.00116196385351941
2025-06-26,605589,test,0.014409999,-0.0008785352,2022-04-29,2025-06-13,12297,760,2,6,0.00116196385351941
2025-06-26,688031,test,-0.043607917,0.00066723675,2022-04-29,2025-06-13,12297,760,2,6,0.00116196385351941
2025-06-26,688045,test,0.0025347974,-0.0026976988,2022-04-29,2025-06-13,12297,760,2,6,0.00116196385351941
2025-06-26,688133,test,0.04491076,0.001379326,2022-04-29,2025-06-13,12297,760,2,6,0.00116196385351941
2025-06-26,688147,test,0.008094163,0.00597056,2022-04-29,2025-06-13,12297,760,2,6,0.00116196385351941
2025-06-26,688528,test,0.015778298,-0.0029579774,2022-04-29,2025-06-13,12297,760,2,6,0.00116196385351941
2025-06-27,600025,test,-0.005389473,0.005361147,2022-04-29,2025-06-13,12297,760,2,6,0.00116196385351941
2025-06-27,600051,test,0.011162251,-0.0015475973,2022-04-29,2025-06-13,12297,760,2,6,0.00116196385351941
2025-06-27,600127,test,0.00620473,0.0048949346,2022-04-29,2025-06-13,12297,760,2,6,0.00116196385351941
2025-06-27,600153,test,-0.00050666067,-0.0010439903,2022-04-29,2025-06-13,12297,760,2,6,0.00116196385351941
2025-06-27,600548,test,-0.016104454,0.0043222383,2022-04-29,2025-06-13,12297,760,2,6,0.00116196385351941
2025-06-27,600865,test,-0.010945029,0.00011193007,2022-04-29,2025-06-13,12297,760,2,6,0.00116196385351941
2025-06-27,600967,test,-0.048197694,-0.04005272,2022-04-29,2025-06-13,12297,760,2,6,0.00116196385351941
2025-06-27,601222,test,0.05415582,0.0034363344,2022-04-29,2025-06-13,12297,760,2,6,0.00116196385351941
2025-06-27,603237,test,0.007839631,0.007132627,2022-04-29,2025-06-13,12297,760,2,6,0.00116196385351941
2025-06-27,603335,test,0.00067113293,-0.013296813,2022-04-29,2025-06-13,12297,760,2,6,0.00116196385351941
2025-06-27,603341,test,-0.006157522,0.005734265,2022-04-29,2025-06-13,12297,760,2,6,0.00116196385351941
2025-06-27,603658,test,0.00076849206,0.0027398989,2022-04-29,2025-06-13,12297,760,2,6,0.00116196385351941
2025-06-27,605090,test,-0.013606079,-0.0018654987,2022-04-29,2025-06-13,12297,760,2,6,0.00116196385351941
2025-06-27,605589,test,0.026276594,-0.0016766861,2022-04-29,2025-06-13,12297,760,2,6,0.00116196385351941
2025-06-27,688031,test,-0.041290257,0.0028832927,2022-04-29,2025-06-13,12297,760,2,6,0.00116196385351941
2025-06-27,688045,test,-0.015418972,-0.0031228065,2022-04-29,2025-06-13,12297,760,2,6,0.00116196385351941
2025-06-27,688133,test,0.050639212,0.0049110875,2022-04-29,2025-06-13,12297,760,2,6,0.00116196385351941
2025-06-27,688147,test,0.00034215194,0.00677108,2022-04-29,2025-06-13,12297,760,2,6,0.00116196385351941
2025-06-27,688528,test,-0.00044387474,-0.0010113716,2022-04-29,2025-06-13,12297,760,2,6,0.00116196385351941
2025-06-30,600025,test,0.0069891037,0.0050648972,2022-04-29,2025-06-13,12297,760,2,6,0.00116196385351941
2025-06-30,600051,test,0.039878204,0.001394704,2022-04-29,2025-06-13,12297,760,2,6,0.00116196385351941
2025-06-30,600127,test,0.01625772,0.003692247,2022-04-29,2025-06-13,12297,760,2,6,0.00116196385351941
2025-06-30,600153,test,0.015072626,0.0018402562,2022-04-29,2025-06-13,12297,760,2,6,0.00116196385351941
2025-06-30,600548,test,-0.00851004,0.0037781075,2022-04-29,2025-06-13,12297,760,2,6,0.00116196385351941
2025-06-30,600865,test,0.0022100878,0.0028631315,2022-04-29,2025-06-13,12297,760,2,6,0.00116196385351941
2025-06-30,600967,test,-0.08493319,-0.04093895,2022-04-29,2025-06-13,12297,760,2,6,0.00116196385351941
2025-06-30,601222,test,0.08530035,0.0020856634,2022-04-29,2025-06-13,12297,760,2,6,0.00116196385351941
2025-06-30,603237,test,0.008786316,0.0065923557,2022-04-29,2025-06-13,12297,760,2,6,0.00116196385351941
2025-06-30,603335,test,0.00039975418,-0.012868628,2022-04-29,2025-06-13,12297,760,2,6,0.00116196385351941
2025-06-30,603341,test,-0.04889409,0.003143184,2022-04-29,2025-06-13,12297,760,2,6,0.00116196385351941
2025-06-30,603658,test,0.005356992,0.002423115,2022-04-29,2025-06-13,12297,760,2,6,0.00116196385351941
2025-06-30,605090,test,0.0038695023,-0.0017231256,2022-04-29,2025-06-13,12297,760,2,6,0.00116196385351941
2025-06-30,605589,test,0.040910143,0.0012830421,2022-04-29,2025-06-13,12297,760,2,6,0.00116196385351941
2025-06-30,688031,test,-0.068196975,0.005232908,2022-04-29,2025-06-13,12297,760,2,6,0.00116196385351941
2025-06-30,688045,test,-0.027378667,-0.00015741587,2022-04-29,2025-06-13,12297,760,2,6,0.00116196385351941
2025-06-30,688133,test,0.035257716,0.0049962625,2022-04-29,2025-06-13,12297,760,2,6,0.00116196385351941
2025-06-30,688147,test,-0.0042509604,0.006510429,2022-04-29,2025-06-13,12297,760,2,6,0.00116196385351941
2025-06-30,688528,test,-0.018124605,-0.002097778,2022-04-29,2025-06-13,12297,760,2,6,0.00116196385351941
2025-07-01,600025,test,-0.015172902,0.003855288,2022-04-29,2025-06-13,12297,760,2,6,0.00116196385351941
2025-07-01,600051,test,0.024702078,0.0032326058,2022-04-29,2025-06-13,12297,760,2,6,0.00116196385351941
2025-07-01,600127,test,0.009073839,0.0029960573,2022-04-29,2025-06-13,12297,760,2,6,0.00116196385351941
2025-07-01,600153,test,0.0088567035,0.003968835,2022-04-29,2025-06-13,12297,760,2,6,0.00116196385351941
2025-07-01,600548,test,-0.0068913284,0.0028235093,2022-04-29,2025-06-13,12297,760,2,6,0.00116196385351941
2025-07-01,600865,test,0.0041951463,0.0040391386,2022-04-29,2025-06-13,12297,760,2,6,0.00116196385351941
2025-07-01,600967,test,-0.10564393,-0.040219583,2022-04-29,2025-06-13,12297,760,2,6,0.00116196385351941
2025-07-01,601222,test,0.07193346,0.0017963797,2022-04-29,2025-06-13,12297,760,2,6,0.00116196385351941
2025-07-01,603237,test,0.012798409,0.006115526,2022-04-29,2025-06-13,12297,760,2,6,0.00116196385351941
2025-07-01,603335,test,-0.0049228244,-0.013427742,2022-04-29,2025-06-13,12297,760,2,6,0.00116196385351941
2025-07-01,603341,test,-0.032053262,0.0045406595,2022-04-29,2025-06-13,12297,760,2,6,0.00116196385351941
2025-07-01,603658,test,0.0027240564,0.0020785332,2022-04-29,2025-06-13,12297,760,2,6,0.00116196385351941
2025-07-01,605090,test,0.013380554,-0.0016210005,2022-04-29,2025-06-13,12297,760,2,6,0.00116196385351941
2025-07-01,605589,test,0.042025514,-0.0032842234,2022-04-29,2025-06-13,12297,760,2,6,0.00116196385351941
2025-07-01,688031,test,-0.04619643,0.0071088895,2022-04-29,2025-06-13,12297,760,2,6,0.00116196385351941
2025-07-01,688045,test,-0.029382678,0.0010505095,2022-04-29,2025-06-13,12297,760,2,6,0.00116196385351941
2025-07-01,688133,test,0.039197467,-0.0006577,2022-04-29,2025-06-13,12297,760,2,6,0.00116196385351941
2025-07-01,688147,test,0.009588567,0.0061599314,2022-04-29,2025-06-13,12297,760,2,6,0.00116196385351941
2025-07-01,688528,test,0.0017875532,-0.0019362196,2022-04-29,2025-06-13,12297,760,2,6,0.00116196385351941
2025-07-02,600025,test,-0.031630658,0.0025042146,2022-04-29,2025-06-13,12297,760,2,6,0.00116196385351941
2025-07-02,600051,test,0.0096890945,0.004025571,2022-04-29,2025-06-13,12297,760,2,6,0.00116196385351941
2025-07-02,600127,test,-0.017526183,0.0015349835,2022-04-29,2025-06-13,12297,760,2,6,0.00116196385351941
2025-07-02,600153,test,-0.012684988,0.0048280656,2022-04-29,2025-06-13,12297,760,2,6,0.00116196385351941
2025-07-02,600548,test,-0.0026254733,0.0008831322,2022-04-29,2025-06-13,12297,760,2,6,0.00116196385351941
2025-07-02,600865,test,-0.017773896,0.003690742,2022-04-29,2025-06-13,12297,760,2,6,0.00116196385351941
2025-07-02,600967,test,-0.00079295604,-0.029045962,2022-04-29,2025-06-13,12297,760,2,6,0.00116196385351941
2025-07-02,601222,test,0.035270464,0.0006092489,2022-04-29,2025-06-13,12297,760,2,6,0.00116196385351941
2025-07-02,603237,test,-0.01321627,0.0053702667,2022-04-29,2025-06-13,12297,760,2,6,0.00116196385351941
2025-07-02,603335,test,-0.02925214,-0.01233536,2022-04-29,2025-06-13,12297,760,2,6,0.00116196385351941
2025-07-02,603341,test,-0.022302877,0.003072776,2022-04-29,2025-06-13,12297,760,2,6,0.00116196385351941
2025-07-02,603658,test,-0.016913028,0.00074088573,2022-04-29,2025-06-13,12297,760,2,6,0.00116196385351941
2025-07-02,605090,test,-0.017050743,-0.002843164,2022-04-29,2025-06-13,12297,760,2,6,0.00116196385351941
2025-07-02,605589,test,0.010364658,-0.0019950196,2022-04-29,2025-06-13,12297,760,2,6,0.00116196385351941
2025-07-02,688031,test,-0.041969236,0.0063456222,2022-04-29,2025-06-13,12297,760,2,6,0.00116196385351941
2025-07-02,688045,test,-0.049009215,0.0022509173,2022-04-29,2025-06-13,12297,760,2,6,0.00116196385351941
2025-07-02,688133,test,0.030846965,0.0005117953,2022-04-29,2025-06-13,12297,760,2,6,0.00116196385351941
2025-07-02,688147,test,-0.005008267,0.006027378,2022-04-29,2025-06-13,12297,760,2,6,0.00116196385351941
2025-07-02,688528,test,0.19158475,-0.0022402033,2022-04-29,2025-06-13,12297,760,2,6,0.00116196385351941
2025-07-03,600025,test,-0.03475319,0.0010836422,2022-04-29,2025-06-13,12297,760,2,6,0.00116196385351941
2025-07-03,600051,test,0.020576682,0.0032961518,2022-04-29,2025-06-13,12297,760,2,6,0.00116196385351941
2025-07-03,600127,test,-0.024693655,-0.0016651228,2022-04-29,2025-06-13,12297,760,2,6,0.00116196385351941
2025-07-03,600153,test,-0.0010581625,0.0066609904,2022-04-29,2025-06-13,12297,760,2,6,0.00116196385351941
2025-07-03,600548,test,-0.0065857293,-0.00058131665,2022-04-29,2025-06-13,12297,760,2,6,0.00116196385351941
2025-07-03,600865,test,-0.005540219,0.0023980364,2022-04-29,2025-06-13,12297,760,2,6,0.00116196385351941
2025-07-03,600967,test,0.03629295,-0.017908879,2022-04-29,2025-06-13,12297,760,2,6,0.00116196385351941
2025-07-03,601222,test,0.02832413,0.0017784759,2022-04-29,2025-06-13,12297,760,2,6,0.00116196385351941
2025-07-03,603237,test,-0.01971493,0.004781626,2022-04-29,2025-06-13,12297,760,2,6,0.00116196385351941
2025-07-03,603335,test,-0.03304367,-0.012679853,2022-04-29,2025-06-13,12297,760,2,6,0.00116196385351941
2025-07-03,603341,test,-0.04458357,0.0012255386,2022-04-29,2025-06-13,12297,760,2,6,0.00116196385351941
2025-07-03,603658,test,-0.020069143,-0.00015265495,2022-04-29,2025-06-13,12297,760,2,6,0.00116196385351941
2025-07-03,605090,test,0.011253576,-0.0022103414,2022-04-29,2025-06-13,12297,760,2,6,0.00116196385351941
2025-07-03,605589,test,0.01212677,-0.00043189526,2022-04-29,2025-06-13,12297,760,2,6,0.00116196385351941
2025-07-03,688031,test,-0.043934792,0.0052523315,2022-04-29,2025-06-13,12297,760,2,6,0.00116196385351941
2025-07-03,688045,test,-0.045579053,0.0055406466,2022-04-29,2025-06-13,12297,760,2,6,0.00116196385351941
2025-07-03,688133,test,-0.019456653,-0.0044305027,2022-04-29,2025-06-13,12297,760,2,6,0.00116196385351941
2025-07-03,688147,test,-0.006592268,0.0067863837,2022-04-29,2025-06-13,12297,760,2,6,0.00116196385351941
2025-07-03,688528,test,0.19703092,-0.0013509914,2022-04-29,2025-06-13,12297,760,2,6,0.00116196385351941
2025-07-04,600025,test,-0.047413733,-0.00013846904,2022-04-29,2025-06-13,12297,760,2,6,0.00116196385351941
2025-07-04,600051,test,0.027245572,0.00085736066,2022-04-29,2025-06-13,12297,760,2,6,0.00116196385351941
2025-07-04,600127,test,-0.031174881,-0.0015109926,2022-04-29,2025-06-13,12297,760,2,6,0.00116196385351941
2025-07-04,600153,test,-0.0064186007,0.007455148,2022-04-29,2025-06-13,12297,760,2,6,0.00116196385351941
2025-07-04,600548,test,-0.013987982,-0.00068320334,2022-04-29,2025-06-13,12297,760,2,6,0.00116196385351941
2025-07-04,600865,test,0.014950521,0.0020699948,2022-04-29,2025-06-13,12297,760,2,6,0.00116196385351941
2025-07-04,600967,test,0.038236316,-0.014183246,2022-04-29,2025-06-13,12297,760,2,6,0.00116196385351941
2025-07-04,601222,test,-0.024633223,-0.008100413,2022-04-29,2025-06-13,12297,760,2,6,0.00116196385351941
2025-07-04,603237,test,-0.02143361,0.004958637,2022-04-29,2025-06-13,12297,760,2,6,0.00116196385351941
2025-07-04,603335,test,-0.009661894,-0.010265507,2022-04-29,2025-06-13,12297,760,2,6,0.00116196385351941
2025-07-04,603341,test,-0.02922979,0.0013539493,2022-04-29,2025-06-13,12297,760,2,6,0.00116196385351941
2025-07-04,603658,test,-0.022557544,-0.0005757138,2022-04-29,2025-06-13,12297,760,2,6,0.00116196385351941
2025-07-04,605090,test,-0.001337608,-0.0014159605,2022-04-29,2025-06-13,12297,760,2,6,0.00116196385351941
2025-07-04,605589,test,-0.025556656,-0.00291764,2022-04-29,2025-06-13,12297,760,2,6,0.00116196385351941
2025-07-04,688031,test,0.087612785,0.005186893,2022-04-29,2025-06-13,12297,760,2,6,0.00116196385351941
2025-07-04,688045,test,-0.023186794,0.008239187,2022-04-29,2025-06-13,12297,760,2,6,0.00116196385351941
2025-07-04,688133,test,0.01185371,-0.0022400245,2022-04-29,2025-06-13,12297,760,2,6,0.00116196385351941
2025-07-04,688147,test,0.002104918,0.007235706,2022-04-29,2025-06-13,12297,760,2,6,0.00116196385351941
2025-07-04,688528,test,0.07458849,0.0011735633,2022-04-29,2025-06-13,12297,760,2,6,0.00116196385351941
2025-07-07,600025,test,-0.041058265,0.0005910918,2022-04-29,2025-06-13,12297,760,2,6,0.00116196385351941
2025-07-07,600051,test,0.01387986,-0.0065247193,2022-04-29,2025-06-13,12297,760,2,6,0.00116196385351941
2025-07-07,600127,test,-0.027498247,0.00022176653,2022-04-29,2025-06-13,12297,760,2,6,0.00116196385351941
2025-07-07,600153,test,0.0017822563,0.008507721,2022-04-29,2025-06-13,12297,760,2,6,0.00116196385351941
2025-07-07,600548,test,-0.010567972,-7.5019896e-05,2022-04-29,2025-06-13,12297,760,2,6,0.00116196385351941
2025-07-07,600865,test,0.0028030681,0.0016017333,2022-04-29,2025-06-13,12297,760,2,6,0.00116196385351941
2025-07-07,600967,test,-0.0029109512,-0.023030497,2022-04-29,2025-06-13,12297,760,2,6,0.00116196385351941
2025-07-07,601222,test,-0.057945162,-0.01784312,2022-04-29,2025-06-13,12297,760,2,6,0.00116196385351941
2025-07-07,603237,test,-0.012116153,0.0057503805,2022-04-29,2025-06-13,12297,760,2,6,0.00116196385351941
2025-07-07,603335,test,-0.00057375967,-0.009614348,2022-04-29,2025-06-13,12297,760,2,6,0.00116196385351941
2025-07-07,603341,test,-0.01806033,0.002094619,2022-04-29,2025-06-13,12297,760,2,6,0.00116196385351941
2025-07-07,603658,test,-0.018001696,0.00023064762,2022-04-29,2025-06-13,12297,760,2,6,0.00116196385351941
2025-07-07,605090,test,-0.011408179,-0.00083407015,2022-04-29,2025-06-13,12297,760,2,6,0.00116196385351941
2025-07-07,605589,test,0.00028541713,-0.0025220737,2022-04-29,2025-06-13,12297,760,2,6,0.00116196385351941
2025-07-07,688031,test,0.09836139,0.004271969,2022-04-29,2025-06-13,12297,760,2,6,0.00116196385351941
2025-07-07,688045,test,-0.0010592466,0.009144001,2022-04-29,2025-06-13,12297,760,2,6,0.00116196385351941
2025-07-07,688133,test,7.501136e-05,-0.00032918155,2022-04-29,2025-06-13,12297,760,2,6,0.00116196385351941
2025-07-07,688147,test,-0.0011831522,0.0073525906,2022-04-29,2025-06-13,12297,760,2,6,0.00116196385351941
2025-07-07,688528,test,0.08519611,0.002940476,2022-04-29,2025-06-13,12297,760,2,6,0.00116196385351941
2025-07-08,600025,test,-0.01991593,0.0019302964,2022-04-29,2025-06-13,12297,760,2,6,0.00116196385351941
2025-07-08,600051,test,0.0120081,-0.004288651,2022-04-29,2025-06-13,12297,760,2,6,0.00116196385351941
2025-07-08,600127,test,-0.026730724,0.003185071,2022-04-29,2025-06-13,12297,760,2,6,0.00116196385351941
2025-07-08,600153,test,0.016015677,0.008724041,2022-04-29,2025-06-13,12297,760,2,6,0.00116196385351941
2025-07-08,600548,test,-0.007847181,0.00057221204,2022-04-29,2025-06-13,12297,760,2,6,0.00116196385351941
2025-07-08,600865,test,-0.0042056614,0.0015150979,2022-04-29,2025-06-13,12297,760,2,6,0.00116196385351941
2025-07-08,600967,test,0.010845482,-0.02303493,2022-04-29,2025-06-13,12297,760,2,6,0.00116196385351941
2025-07-08,601222,test,-0.05345891,-0.01708319,2022-04-29,2025-06-13,12297,760,2,6,0.00116196385351941
2025-07-08,603237,test,-0.020515729,0.0066607147,2022-04-29,2025-06-13,12297,760,2,6,0.00116196385351941
2025-07-08,603335,test,-0.026913155,-0.009160981,2022-04-29,2025-06-13,12297,760,2,6,0.00116196385351941
2025-07-08,603341,test,-0.013480022,0.00059601665,2022-04-29,2025-06-13,12297,760,2,6,0.00116196385351941
2025-07-08,603658,test,-0.011386809,0.0014454722,2022-04-29,2025-06-13,12297,760,2,6,0.00116196385351941
2025-07-08,605090,test,0.014177355,0.0015425459,2022-04-29,2025-06-13,12297,760,2,6,0.00116196385351941
2025-07-08,605589,test,-0.0033034852,-0.00925494,2022-04-29,2025-06-13,12297,760,2,6,0.00116196385351941
2025-07-08,688031,test,0.13891123,0.0023756698,2022-04-29,2025-06-13,12297,760,2,6,0.00116196385351941
2025-07-08,688045,test,-0.005597138,0.0069432557,2022-04-29,2025-06-13,12297,760,2,6,0.00116196385351941
2025-07-08,688133,test,-0.032383803,-0.003314823,2022-04-29,2025-06-13,12297,760,2,6,0.00116196385351941
2025-07-08,688147,test,-0.00011408528,0.0030828938,2022-04-29,2025-06-13,12297,760,2,6,0.00116196385351941
2025-07-08,688528,test,0.03389479,0.0017946512,2022-04-29,2025-06-13,12297,760,2,6,0.00116196385351941
2025-07-09,600025,test,-0.01579732,0.0029097572,2022-04-29,2025-06-13,12297,760,2,6,0.00116196385351941
2025-07-09,600051,test,0.037477545,-0.00084307045,2022-04-29,2025-06-13,12297,760,2,6,0.00116196385351941
2025-07-09,600127,test,-0.006901323,0.004836999,2022-04-29,2025-06-13,12297,760,2,6,0.00116196385351941
2025-07-09,600153,test,-0.021233328,0.0090249255,2022-04-29,2025-06-13,12297,760,2,6,0.00116196385351941
2025-07-09,600548,test,-0.011373246,0.0012925342,2022-04-29,2025-06-13,12297,760,2,6,0.00116196385351941
2025-07-09,600865,test,0.014314905,0.0024763867,2022-04-29,2025-06-13,12297,760,2,6,0.00116196385351941
2025-07-09,600967,test,-0.03221108,-0.026854225,2022-04-29,2025-06-13,12297,760,2,6,0.00116196385351941
2025-07-09,601222,test,-0.034683425,-0.008199669,2022-04-29,2025-06-13,12297,760,2,6,0.00116196385351941
2025-07-09,603237,test,0.0006281105,0.007371478,2022-04-29,2025-06-13,12297,760,2,6,0.00116196385351941
2025-07-09,603335,test,0.022719225,-0.0076579973,2022-04-29,2025-06-13,12297,760,2,6,0.00116196385351941
2025-07-09,603341,test,-0.010057104,0.00078647584,2022-04-29,2025-06-13,12297,760,2,6,0.00116196385351941
2025-07-09,603658,test,0.007089542,0.00259953,2022-04-29,2025-06-13,12297,760,2,6,0.00116196385351941
2025-07-09,605090,test,0.04249646,0.0029160604,2022-04-29,2025-06-13,12297,760,2,6,0.00116196385351941
2025-07-09,605589,test,-0.007312591,-0.0060952455,2022-04-29,2025-06-13,12297,760,2,6,0.00116196385351941
2025-07-09,688031,test,0.13435207,0.0013763458,2022-04-29,2025-06-13,12297,760,2,6,0.00116196385351941
2025-07-09,688045,test,0.023727555,0.0055476204,2022-04-29,2025-06-13,12297,760,2,6,0.00116196385351941
2025-07-09,688133,test,-0.024791794,-0.00049143285,2022-04-29,2025-06-13,12297,760,2,6,0.00116196385351941
2025-07-09,688147,test,0.0054025883,0.0033986494,2022-04-29,2025-06-13,12297,760,2,6,0.00116196385351941
2025-07-09,688528,test,-0.1238468,-0.016871877,2022-04-29,2025-06-13,12297,760,2,6,0.00116196385351941
2025-07-10,600025,test,-0.020416057,0.0028932616,2022-04-29,2025-06-13,12297,760,2,6,0.00116196385351941
2025-07-10,600051,test,-0.0022264707,0.00057916343,2022-04-29,2025-06-13,12297,760,2,6,0.00116196385351941
2025-07-10,600127,test,-0.014535277,0.005417712,2022-04-29,2025-06-13,12297,760,2,6,0.00116196385351941
2025-07-10,600153,test,-0.04750392,0.0072949454,2022-04-29,2025-06-13,12297,760,2,6,0.00116196385351941
2025-07-10,600548,test,-0.021907965,0.0030721277,2022-04-29,2025-06-13,12297,760,2,6,0.00116196385351941
2025-07-10,600865,test,-8.3036226e-05,0.0017379895,2022-04-29,2025-06-13,12297,760,2,6,0.00116196385351941
2025-07-10,600967,test,0.001785027,-0.030513339,2022-04-29,2025-06-13,12297,760,2,6,0.00116196385351941
2025-07-10,601222,test,-0.0324688,-0.000959225,2022-04-29,2025-06-13,12297,760,2,6,0.00116196385351941
2025-07-10,603237,test,-0.008199569,0.0077343807,2022-04-29,2025-06-13,12297,760,2,6,0.00116196385351941
2025-07-10,603335,test,0.010974695,-0.0067783445,2022-04-29,2025-06-13,12297,760,2,6,0.00116196385351941
2025-07-10,603341,test,0.0027473532,0.0014931634,2022-04-29,2025-06-13,12297,760,2,6,0.00116196385351941
2025-07-10,603658,test,-0.000574054,0.0037730709,2022-04-29,2025-06-13,12297,760,2,6,0.00116196385351941
2025-07-10,605090,test,0.03405058,0.000560835,2022-04-29,2025-06-13,12297,760,2,6,0.00116196385351941
2025-07-10,605589,test,0.0469193,-0.0019805804,2022-04-29,2025-06-13,12297,760,2,6,0.00116196385351941
2025-07-10,688031,test,0.13627428,0.0012496188,2022-04-29,2025-06-13,12297,760,2,6,0.00116196385351941
2025-07-10,688045,test,0.03807277,0.004471056,2022-04-29,2025-06-13,12297,760,2,6,0.00116196385351941
2025-07-10,688133,test,0.011834745,0.0018640086,2022-04-29,2025-06-13,12297,760,2,6,0.00116196385351941
2025-07-10,688147,test,0.010228243,0.004114397,2022-04-29,2025-06-13,12297,760,2,6,0.00116196385351941
2025-07-10,688528,test,-0.14497185,-0.0263393,2022-04-29,2025-06-13,12297,760,2,6,0.00116196385351941
2025-07-11,600025,test,-0.014990399,0.0020996183,2022-04-29,2025-06-13,12297,760,2,6,0.00116196385351941
2025-07-11,600051,test,-0.032580443,-0.00070845336,2022-04-29,2025-06-13,12297,760,2,6,0.00116196385351941
2025-07-11,600127,test,-0.013627035,0.005031608,2022-04-29,2025-06-13,12297,760,2,6,0.00116196385351941
2025-07-11,600153,test,-0.0487443,0.0066692755,2022-04-29,2025-06-13,12297,760,2,6,0.00116196385351941
2025-07-11,600548,test,-0.0094004795,0.0037624761,2022-04-29,2025-06-13,12297,760,2,6,0.00116196385351941
2025-07-11,600865,test,-0.025730856,0.00056253374,2022-04-29,2025-06-13,12297,760,2,6,0.00116196385351941
2025-07-11,600967,test,0.06071086,-0.03133089,2022-04-29,2025-06-13,12297,760,2,6,0.00116196385351941
2025-07-11,601222,test,-0.034478366,0.0040306076,2022-04-29,2025-06-13,12297,760,2,6,0.00116196385351941
2025-07-11,603237,test,-0.00899185,0.0073499084,2022-04-29,2025-06-13,12297,760,2,6,0.00116196385351941
2025-07-11,603335,test,-0.00878909,-0.0054334924,2022-04-29,2025-06-13,12297,760,2,6,0.00116196385351941
2025-07-11,603341,test,-0.007172447,0.0014614761,2022-04-29,2025-06-13,12297,760,2,6,0.00116196385351941
2025-07-11,603658,test,0.0008672406,0.003987469,2022-04-29,2025-06-13,12297,760,2,6,0.00116196385351941
2025-07-11,605090,test,0.04524977,0.0030195042,2022-04-29,2025-06-13,12297,760,2,6,0.00116196385351941
2025-07-11,605589,test,0.08441434,0.0015683994,2022-04-29,2025-06-13,12297,760,2,6,0.00116196385351941
2025-07-11,688031,test,-0.010555615,-0.0074489936,2022-04-29,2025-06-13,12297,760,2,6,0.00116196385351941
2025-07-11,688045,test,0.02624655,0.0027500913,2022-04-29,2025-06-13,12297,760,2,6,0.00116196385351941
2025-07-11,688133,test,0.016137272,0.0045406222,2022-04-29,2025-06-13,12297,760,2,6,0.00116196385351941
2025-07-11,688147,test,0.00288763,0.0045228526,2022-04-29,2025-06-13,12297,760,2,6,0.00116196385351941
2025-07-11,688528,test,-0.02145278,-0.02451159,2022-04-29,2025-06-13,12297,760,2,6,0.00116196385351941
2025-07-14,600025,test,-0.013100198,0.003956292,2022-06-01,2025-07-11,12397,760,1,5,0.0008618443389423192
2025-07-14,600051,test,-0.024313617,0.0031215549,2022-06-01,2025-07-11,12397,760,1,5,0.0008618443389423192
2025-07-14,600127,test,-0.01331836,0.004205168,2022-06-01,2025-07-11,12397,760,1,5,0.0008618443389423192
2025-07-14,600153,test,-0.05913475,0.0057120826,2022-06-01,2025-07-11,12397,760,1,5,0.0008618443389423192
2025-07-14,600548,test,-0.013304704,0.0030520856,2022-06-01,2025-07-11,12397,760,1,5,0.0008618443389423192
2025-07-14,600865,test,-0.016176967,0.0028891526,2022-06-01,2025-07-11,12397,760,1,5,0.0008618443389423192
2025-07-14,600967,test,0.12458002,-0.015868068,2022-06-01,2025-07-11,12397,760,1,5,0.0008618443389423192
2025-07-14,601222,test,-0.027280828,0.009459935,2022-06-01,2025-07-11,12397,760,1,5,0.0008618443389423192
2025-07-14,603237,test,-0.018736549,0.0014868956,2022-06-01,2025-07-11,12397,760,1,5,0.0008618443389423192
2025-07-14,603335,test,-0.020491961,0.00043240516,2022-06-01,2025-07-11,12397,760,1,5,0.0008618443389423192
2025-07-14,603341,test,-0.0032948356,0.0029074699,2022-06-01,2025-07-11,12397,760,1,5,0.0008618443389423192
2025-07-14,603658,test,-0.008649856,0.0036561014,2022-06-01,2025-07-11,12397,760,1,5,0.0008618443389423192
2025-07-14,605090,test,0.039790906,0.00566308,2022-06-01,2025-07-11,12397,760,1,5,0.0008618443389423192
2025-07-14,605589,test,0.046647042,0.0025783936,2022-06-01,2025-07-11,12397,760,1,5,0.0008618443389423192
2025-07-14,688031,test,-0.018242473,0.0037701651,2022-06-01,2025-07-11,12397,760,1,5,0.0008618443389423192
2025-07-14,688045,test,0.023239817,0.00096438173,2022-06-01,2025-07-11,12397,760,1,5,0.0008618443389423192
2025-07-14,688133,test,0.03676775,0.00786263,2022-06-01,2025-07-11,12397,760,1,5,0.0008618443389423192
2025-07-14,688147,test,-0.006530922,0.0052041598,2022-06-01,2025-07-11,12397,760,1,5,0.0008618443389423192
2025-07-14,688528,test,-0.02844952,-0.011621859,2022-06-01,2025-07-11,12397,760,1,5,0.0008618443389423192
2025-07-15,600025,test,0.002575068,0.003410521,2022-06-01,2025-07-11,12397,760,1,5,0.0008618443389423192
2025-07-15,600051,test,-0.016115587,0.006076455,2022-06-01,2025-07-11,12397,760,1,5,0.0008618443389423192
2025-07-15,600127,test,-0.0043870746,0.004397409,2022-06-01,2025-07-11,12397,760,1,5,0.0008618443389423192
2025-07-15,600153,test,-0.051026225,0.0057468964,2022-06-01,2025-07-11,12397,760,1,5,0.0008618443389423192
2025-07-15,600548,test,-0.0017266736,0.0028856518,2022-06-01,2025-07-11,12397,760,1,5,0.0008618443389423192
2025-07-15,600865,test,-0.01277524,0.0050606914,2022-06-01,2025-07-11,12397,760,1,5,0.0008618443389423192
2025-07-15,600967,test,0.095085986,-0.0148339635,2022-06-01,2025-07-11,12397,760,1,5,0.0008618443389423192
2025-07-15,601222,test,0.0021980586,0.007674477,2022-06-01,2025-07-11,12397,760,1,5,0.0008618443389423192
2025-07-15,603237,test,-0.010785104,0.0019877013,2022-06-01,2025-07-11,12397,760,1,5,0.0008618443389423192
2025-07-15,603335,test,-0.0010921432,0.0010069977,2022-06-01,2025-07-11,12397,760,1,5,0.0008618443389423192
2025-07-15,603341,test,-0.0039533693,0.0018983092,2022-06-01,2025-07-11,12397,760,1,5,0.0008618443389423192
2025-07-15,603658,test,-0.0020552718,0.0037600892,2022-06-01,2025-07-11,12397,760,1,5,0.0008618443389423192
2025-07-15,605090,test,0.023149427,0.005217992,2022-06-01,2025-07-11,12397,760,1,5,0.0008618443389423192
2025-07-15,605589,test,0.018335301,0.00015754718,2022-06-01,2025-07-11,12397,760,1,5,0.0008618443389423192
2025-07-15,688031,test,-0.07720933,-0.0012789853,2022-06-01,2025-07-11,12397,760,1,5,0.0008618443389423192
2025-07-15,688045,test,0.010925239,0.0009985724,2022-06-01,2025-07-11,12397,760,1,5,0.0008618443389423192
2025-07-15,688133,test,0.046823658,0.0075237313,2022-06-01,2025-07-11,12397,760,1,5,0.0008618443389423192
2025-07-15,688147,test,-0.023720723,0.0038638422,2022-06-01,2025-07-11,12397,760,1,5,0.0008618443389423192
2025-07-15,688528,test,0.0057540084,-0.0038524615,2022-06-01,2025-07-11,12397,760,1,5,0.0008618443389423192
2025-07-16,600025,test,-0.016214043,0.0026966743,2022-06-01,2025-07-11,12397,760,1,5,0.0008618443389423192
2025-07-16,600051,test,-0.041821007,0.005245948,2022-06-01,2025-07-11,12397,760,1,5,0.0008618443389423192
2025-07-16,600127,test,-0.015343863,0.0038648527,2022-06-01,2025-07-11,12397,760,1,5,0.0008618443389423192
2025-07-16,600153,test,-0.011848052,0.0057855053,2022-06-01,2025-07-11,12397,760,1,5,0.0008618443389423192
2025-07-16,600548,test,-0.0021024344,0.0020665126,2022-06-01,2025-07-11,12397,760,1,5,0.0008618443389423192
2025-07-16,600865,test,-0.012807631,0.004609096,2022-06-01,2025-07-11,12397,760,1,5,0.0008618443389423192
2025-07-16,600967,test,0.09169547,-0.011470029,2022-06-01,2025-07-11,12397,760,1,5,0.0008618443389423192
2025-07-16,601222,test,-0.012177188,0.0058124214,2022-06-01,2025-07-11,12397,760,1,5,0.0008618443389423192
2025-07-16,603237,test,-0.0143646225,0.0016089873,2022-06-01,2025-07-11,12397,760,1,5,0.0008618443389423192
2025-07-16,603335,test,-0.043949462,-0.0027934108,2022-06-01,2025-07-11,12397,760,1,5,0.0008618443389423192
2025-07-16,603341,test,0.0018376341,0.0015750416,2022-06-01,2025-07-11,12397,760,1,5,0.0008618443389423192
2025-07-16,603658,test,-0.0067966096,0.0041975947,2022-06-01,2025-07-11,12397,760,1,5,0.0008618443389423192
2025-07-16,605090,test,0.00055445236,0.0017598895,2022-06-01,2025-07-11,12397,760,1,5,0.0008618443389423192
2025-07-16,605589,test,0.03643634,0.0039776545,2022-06-01,2025-07-11,12397,760,1,5,0.0008618443389423192
2025-07-16,688031,test,-0.034741633,-0.0009007901,2022-06-01,2025-07-11,12397,760,1,5,0.0008618443389423192
2025-07-16,688045,test,0.011317975,0.0008261986,2022-06-01,2025-07-11,12397,760,1,5,0.0008618443389423192
2025-07-16,688133,test,0.055939417,0.006581787,2022-06-01,2025-07-11,12397,760,1,5,0.0008618443389423192
2025-07-16,688147,test,0.025168044,0.004097676,2022-06-01,2025-07-11,12397,760,1,5,0.0008618443389423192
2025-07-16,688528,test,-0.010782791,0.0018984843,2022-06-01,2025-07-11,12397,760,1,5,0.0008618443389423192
2025-07-17,600025,test,-0.01992563,0.0028301207,2022-06-01,2025-07-11,12397,760,1,5,0.0008618443389423192
2025-07-17,600051,test,-0.021962876,0.006542532,2022-06-01,2025-07-11,12397,760,1,5,0.0008618443389423192
2025-07-17,600127,test,0.0105355615,0.0035799965,2022-06-01,2025-07-11,12397,760,1,5,0.0008618443389423192
2025-07-17,600153,test,-0.0108000515,0.0055562463,2022-06-01,2025-07-11,12397,760,1,5,0.0008618443389423192
2025-07-17,600548,test,-0.0059988867,0.0012155538,2022-06-01,2025-07-11,12397,760,1,5,0.0008618443389423192
2025-07-17,600865,test,-0.02740303,0.0045952685,2022-06-01,2025-07-11,12397,760,1,5,0.0008618443389423192
2025-07-17,600967,test,0.034844212,-0.017748758,2022-06-01,2025-07-11,12397,760,1,5,0.0008618443389423192
2025-07-17,601222,test,-0.009424261,0.0044113183,2022-06-01,2025-07-11,12397,760,1,5,0.0008618443389423192
2025-07-17,603237,test,-0.0037758977,0.0018195752,2022-06-01,2025-07-11,12397,760,1,5,0.0008618443389423192
2025-07-17,603335,test,0.04516163,-0.003077072,2022-06-01,2025-07-11,12397,760,1,5,0.0008618443389423192
2025-07-17,603341,test,-0.009982034,0.0010830788,2022-06-01,2025-07-11,12397,760,1,5,0.0008618443389423192
2025-07-17,603658,test,0.01935002,0.004847182,2022-06-01,2025-07-11,12397,760,1,5,0.0008618443389423192
2025-07-17,605090,test,-0.032480616,5.682651e-05,2022-06-01,2025-07-11,12397,760,1,5,0.0008618443389423192
2025-07-17,605589,test,-0.031071614,-0.004113832,2022-06-01,2025-07-11,12397,760,1,5,0.0008618443389423192
2025-07-17,688031,test,-0.022137608,0.00076008635,2022-06-01,2025-07-11,12397,760,1,5,0.0008618443389423192
2025-07-17,688045,test,-0.0049523683,0.0017177407,2022-06-01,2025-07-11,12397,760,1,5,0.0008618443389423192
2025-07-17,688133,test,0.08285843,0.0049927766,2022-06-01,2025-07-11,12397,760,1,5,0.0008618443389423192
2025-07-17,688147,test,0.007232506,0.0044872696,2022-06-01,2025-07-11,12397,760,1,5,0.0008618443389423192
2025-07-17,688528,test,-6.748114e-05,0.0045502475,2022-06-01,2025-07-11,12397,760,1,5,0.0008618443389423192
2025-07-18,600025,test,-0.029153641,0.0025271438,2022-06-01,2025-07-11,12397,760,1,5,0.0008618443389423192
2025-07-18,600051,test,-0.013091821,0.006027026,2022-06-01,2025-07-11,12397,760,1,5,0.0008618443389423192
2025-07-18,600127,test,-0.011953205,0.0032467507,2022-06-01,2025-07-11,12397,760,1,5,0.0008618443389423192
2025-07-18,600153,test,0.0027378262,0.005658211,2022-06-01,2025-07-11,12397,760,1,5,0.0008618443389423192
2025-07-18,600548,test,-0.02393479,0.0009798016,2022-06-01,2025-07-11,12397,760,1,5,0.0008618443389423192
2025-07-18,600865,test,-0.025988622,0.0041704103,2022-06-01,2025-07-11,12397,760,1,5,0.0008618443389423192
2025-07-18,600967,test,-0.0019742365,-0.030453574,2022-06-01,2025-07-11,12397,760,1,5,0.0008618443389423192
2025-07-18,601222,test,-0.00754776,0.0032558907,2022-06-01,2025-07-11,12397,760,1,5,0.0008618443389423192
2025-07-18,603237,test,0.012699975,0.0018287217,2022-06-01,2025-07-11,12397,760,1,5,0.0008618443389423192
2025-07-18,603335,test,0.008495976,-0.001078391,2022-06-01,2025-07-11,12397,760,1,5,0.0008618443389423192
2025-07-18,603341,test,-0.00066196726,0.0011743577,2022-06-01,2025-07-11,12397,760,1,5,0.0008618443389423192
2025-07-18,603658,test,0.027591279,0.005683517,2022-06-01,2025-07-11,12397,760,1,5,0.0008618443389423192
2025-07-18,605090,test,-0.03507431,0.0021905303,2022-06-01,2025-07-11,12397,760,1,5,0.0008618443389423192
2025-07-18,605589,test,-0.057887305,-0.0087756645,2022-06-01,2025-07-11,12397,760,1,5,0.0008618443389423192
2025-07-18,688031,test,0.059305556,0.008143853,2022-06-01,2025-07-11,12397,760,1,5,0.0008618443389423192
2025-07-18,688045,test,0.0082116285,0.0025103502,2022-06-01,2025-07-11,12397,760,1,5,0.0008618443389423192
2025-07-18,688133,test,0.062398743,0.0003104792,2022-06-01,2025-07-11,12397,760,1,5,0.0008618443389423192
2025-07-18,688147,test,0.036315102,0.0047723185,2022-06-01,2025-07-11,12397,760,1,5,0.0008618443389423192
2025-07-18,688528,test,-0.010488431,0.0065493872,2022-06-01,2025-07-11,12397,760,1,5,0.0008618443389423192
2025-07-21,600025,test,-0.045088235,0.0042034136,2022-06-01,2025-07-11,12397,760,1,5,0.0008618443389423192
2025-07-21,600051,test,-0.0282953,0.0037941057,2022-06-01,2025-07-11,12397,760,1,5,0.0008618443389423192
2025-07-21,600127,test,-0.021059854,0.0037192525,2022-06-01,2025-07-11,12397,760,1,5,0.0008618443389423192
2025-07-21,600153,test,-0.008943212,0.005569848,2022-06-01,2025-07-11,12397,760,1,5,0.0008618443389423192
2025-07-21,600548,test,-0.02450091,0.00064862985,2022-06-01,2025-07-11,12397,760,1,5,0.0008618443389423192
2025-07-21,600865,test,-0.03397217,0.0038754232,2022-06-01,2025-07-11,12397,760,1,5,0.0008618443389423192
2025-07-21,600967,test,0.005457364,-0.04012411,2022-06-01,2025-07-11,12397,760,1,5,0.0008618443389423192
2025-07-21,601222,test,-0.020203985,0.0021307068,2022-06-01,2025-07-11,12397,760,1,5,0.0008618443389423192
2025-07-21,603237,test,0.0071622487,0.0022127032,2022-06-01,2025-07-11,12397,760,1,5,0.0008618443389423192
2025-07-21,603335,test,0.018165106,0.00061450107,2022-06-01,2025-07-11,12397,760,1,5,0.0008618443389423192
2025-07-21,603341,test,-0.0008893018,0.0018889811,2022-06-01,2025-07-11,12397,760,1,5,0.0008618443389423192
2025-07-21,603658,test,0.028727304,0.00593472,2022-06-01,2025-07-11,12397,760,1,5,0.0008618443389423192
2025-07-21,605090,test,-0.030271297,0.0060989354,2022-06-01,2025-07-11,12397,760,1,5,0.0008618443389423192
2025-07-21,605589,test,-3.0105446e-05,-0.0038810507,2022-06-01,2025-07-11,12397,760,1,5,0.0008618443389423192
2025-07-21,688031,test,0.043813527,0.0102333985,2022-06-01,2025-07-11,12397,760,1,5,0.0008618443389423192
2025-07-21,688045,test,0.017012533,0.00415734,2022-06-01,2025-07-11,12397,760,1,5,0.0008618443389423192
2025-07-21,688133,test,0.06483841,-0.003010064,2022-06-01,2025-07-11,12397,760,1,5,0.0008618443389423192
2025-07-21,688147,test,0.03060398,0.005418638,2022-06-01,2025-07-11,12397,760,1,5,0.0008618443389423192
2025-07-21,688528,test,-0.0025261,0.0069397483,2022-06-01,2025-07-11,12397,760,1,5,0.0008618443389423192
2025-07-22,600025,test,-0.067573495,0.0025880253,2022-06-01,2025-07-11,12397,760,1,5,0.0008618443389423192
2025-07-22,600051,test,-0.033761565,0.0035437113,2022-06-01,2025-07-11,12397,760,1,5,0.0008618443389423192
2025-07-22,600127,test,-0.027699154,0.0036987653,2022-06-01,2025-07-11,12397,760,1,5,0.0008618443389423192
2025-07-22,600153,test,-0.02827531,0.005031256,2022-06-01,2025-07-11,12397,760,1,5,0.0008618443389423192
2025-07-22,600548,test,-0.03393186,0.0003006952,2022-06-01,2025-07-11,12397,760,1,5,0.0008618443389423192
2025-07-22,600865,test,-0.043899786,0.0034159757,2022-06-01,2025-07-11,12397,760,1,5,0.0008618443389423192
2025-07-22,600967,test,0.06642796,-0.03522604,2022-06-01,2025-07-11,12397,760,1,5,0.0008618443389423192
2025-07-22,601222,test,-0.040340398,0.00022150856,2022-06-01,2025-07-11,12397,760,1,5,0.0008618443389423192
2025-07-22,603237,test,-0.0035890094,0.0015947828,2022-06-01,2025-07-11,12397,760,1,5,0.0008618443389423192
2025-07-22,603335,test,0.007824351,0.0017396361,2022-06-01,2025-07-11,12397,760,1,5,0.0008618443389423192
2025-07-22,603341,test,-0.007592525,0.0029465966,2022-06-01,2025-07-11,12397,760,1,5,0.0008618443389423192
2025-07-22,603658,test,0.020886349,0.005404163,2022-06-01,2025-07-11,12397,760,1,5,0.0008618443389423192
2025-07-22,605090,test,-0.043761186,0.007388496,2022-06-01,2025-07-11,12397,760,1,5,0.0008618443389423192
2025-07-22,605589,test,-0.0113659855,-0.0014423858,2022-06-01,2025-07-11,12397,760,1,5,0.0008618443389423192
2025-07-22,688031,test,0.04712841,0.011010574,2022-06-01,2025-07-11,12397,760,1,5,0.0008618443389423192
2025-07-22,688045,test,0.03643251,0.006419249,2022-06-01,2025-07-11,12397,760,1,5,0.0008618443389423192
2025-07-22,688133,test,0.12638131,-0.0051745023,2022-06-01,2025-07-11,12397,760,1,5,0.0008618443389423192
2025-07-22,688147,test,0.061912816,0.0052366797,2022-06-01,2025-07-11,12397,760,1,5,0.0008618443389423192
2025-07-22,688528,test,-0.025203427,0.006613111,2022-06-01,2025-07-11,12397,760,1,5,0.0008618443389423192
2025-07-23,600025,test,-0.035005443,0.0050348043,2022-06-01,2025-07-11,12397,760,1,5,0.0008618443389423192
2025-07-23,600051,test,-0.033344887,0.0035431609,2022-06-01,2025-07-11,12397,760,1,5,0.0008618443389423192
2025-07-23,600127,test,-0.005357864,0.0039005866,2022-06-01,2025-07-11,12397,760,1,5,0.0008618443389423192
2025-07-23,600153,test,-0.037095953,0.0037784418,2022-06-01,2025-07-11,12397,760,1,5,0.0008618443389423192
2025-07-23,600548,test,-0.028369818,0.0001264331,2022-06-01,2025-07-11,12397,760,1,5,0.0008618443389423192
2025-07-23,600865,test,-0.03626601,0.0036202958,2022-06-01,2025-07-11,12397,760,1,5,0.0008618443389423192
2025-07-23,600967,test,0.056130905,-0.026606658,2022-06-01,2025-07-11,12397,760,1,5,0.0008618443389423192
2025-07-23,601222,test,-0.030654617,-0.0004992974,2022-06-01,2025-07-11,12397,760,1,5,0.0008618443389423192
2025-07-23,603237,test,0.00013927696,0.0016180677,2022-06-01,2025-07-11,12397,760,1,5,0.0008618443389423192
2025-07-23,603335,test,0.014180791,0.002953005,2022-06-01,2025-07-11,12397,760,1,5,0.0008618443389423192
2025-07-23,603341,test,-0.019477652,0.0031737844,2022-06-01,2025-07-11,12397,760,1,5,0.0008618443389423192
2025-07-23,603658,test,0.019328518,0.0050646346,2022-06-01,2025-07-11,12397,760,1,5,0.0008618443389423192
2025-07-23,605090,test,-0.030974604,0.007989364,2022-06-01,2025-07-11,12397,760,1,5,0.0008618443389423192
2025-07-23,605589,test,0.05272511,0.002986242,2022-06-01,2025-07-11,12397,760,1,5,0.0008618443389423192
2025-07-23,688031,test,-0.021468677,0.0080675315,2022-06-01,2025-07-11,12397,760,1,5,0.0008618443389423192
2025-07-23,688045,test,0.051116854,0.0071827695,2022-06-01,2025-07-11,12397,760,1,5,0.0008618443389423192
2025-07-23,688133,test,0.078293756,-0.0038543162,2022-06-01,2025-07-11,12397,760,1,5,0.0008618443389423192
2025-07-23,688147,test,0.024420733,-0.000552468,2022-06-01,2025-07-11,12397,760,1,5,0.0008618443389423192
2025-07-23,688528,test,-0.01832042,0.003320001,2022-06-01,2025-07-11,12397,760,1,5,0.0008618443389423192
2025-07-24,600025,test,-0.012165532,0.0065572886,2022-06-01,2025-07-11,12397,760,1,5,0.0008618443389423192
2025-07-24,600051,test,-0.03229339,0.0032363432,2022-06-01,2025-07-11,12397,760,1,5,0.0008618443389423192
2025-07-24,600127,test,-0.02652653,0.004336144,2022-06-01,2025-07-11,12397,760,1,5,0.0008618443389423192
2025-07-24,600153,test,-0.03785984,0.0035821525,2022-06-01,2025-07-11,12397,760,1,5,0.0008618443389423192
2025-07-24,600548,test,-0.010703619,0.0005574133,2022-06-01,2025-07-11,12397,760,1,5,0.0008618443389423192
2025-07-24,600865,test,-0.019948607,0.0040090065,2022-06-01,2025-07-11,12397,760,1,5,0.0008618443389423192
2025-07-24,600967,test,0.10521825,-0.018439705,2022-06-01,2025-07-11,12397,760,1,5,0.0008618443389423192
2025-07-24,601222,test,-0.031321336,-0.00020892825,2022-06-01,2025-07-11,12397,760,1,5,0.0008618443389423192
2025-07-24,603237,test,-0.005356036,0.0022133552,2022-06-01,2025-07-11,12397,760,1,5,0.0008618443389423192
2025-07-24,603335,test,-0.06771641,-0.0014107334,2022-06-01,2025-07-11,12397,760,1,5,0.0008618443389423192
2025-07-24,603341,test,-0.009511384,0.0037823953,2022-06-01,2025-07-11,12397,760,1,5,0.0008618443389423192
2025-07-24,603658,test,0.0004233667,0.005371702,2022-06-01,2025-07-11,12397,760,1,5,0.0008618443389423192
2025-07-24,605090,test,-0.02980342,0.008881511,2022-06-01,2025-07-11,12397,760,1,5,0.0008618443389423192
2025-07-24,605589,test,0.059480444,0.0062988345,2022-06-01,2025-07-11,12397,760,1,5,0.0008618443389423192
2025-07-24,688031,test,0.021790238,0.0067553967,2022-06-01,2025-07-11,12397,760,1,5,0.0008618443389423192
2025-07-24,688045,test,0.042770416,0.007678449,2022-06-01,2025-07-11,12397,760,1,5,0.0008618443389423192
2025-07-24,688133,test,0.03273636,-0.0062705954,2022-06-01,2025-07-11,12397,760,1,5,0.0008618443389423192
2025-07-24,688147,test,0.022562655,0.0005402751,2022-06-01,2025-07-11,12397,760,1,5,0.0008618443389423192
2025-07-24,688528,test,-0.0017756249,0.0010443665,2022-06-01,2025-07-11,12397,760,1,5,0.0008618443389423192
2025-07-25,600025,test,-0.013529111,0.0049888687,2022-06-01,2025-07-11,12397,760,1,5,0.0008618443389423192
2025-07-25,600051,test,-0.018272843,0.002543142,2022-06-01,2025-07-11,12397,760,1,5,0.0008618443389423192
2025-07-25,600127,test,-0.010304663,0.0059310896,2022-06-01,2025-07-11,12397,760,1,5,0.0008618443389423192
2025-07-25,600153,test,-0.037866395,0.0039272783,2022-06-01,2025-07-11,12397,760,1,5,0.0008618443389423192
2025-07-25,600548,test,0.0005451915,0.0008824505,2022-06-01,2025-07-11,12397,760,1,5,0.0008618443389423192
2025-07-25,600865,test,-0.012737964,0.0038267374,2022-06-01,2025-07-11,12397,760,1,5,0.0008618443389423192
2025-07-25,600967,test,0.026422372,-0.012940599,2022-06-01,2025-07-11,12397,760,1,5,0.0008618443389423192
2025-07-25,601222,test,-0.023109108,0.00024714228,2022-06-01,2025-07-11,12397,760,1,5,0.0008618443389423192
2025-07-25,603237,test,-0.015074367,0.0030261753,2022-06-01,2025-07-11,12397,760,1,5,0.0008618443389423192
2025-07-25,603335,test,0.0005782868,-0.0015487801,2022-06-01,2025-07-11,12397,760,1,5,0.0008618443389423192
2025-07-25,603341,test,0.0012337873,0.0038805008,2022-06-01,2025-07-11,12397,760,1,5,0.0008618443389423192
2025-07-25,603658,test,-0.0042203246,0.004595274,2022-06-01,2025-07-11,12397,760,1,5,0.0008618443389423192
2025-07-25,605090,test,0.016792405,0.007944539,2022-06-01,2025-07-11,12397,760,1,5,0.0008618443389423192
2025-07-25,605589,test,0.04610029,0.00646626,2022-06-01,2025-07-11,12397,760,1,5,0.0008618443389423192
2025-07-25,688031,test,-0.0031082053,0.0003426373,2022-06-01,2025-07-11,12397,760,1,5,0.0008618443389423192
2025-07-25,688045,test,0.029558731,0.0074973926,2022-06-01,2025-07-11,12397,760,1,5,0.0008618443389423192
2025-07-25,688133,test,0.00904877,-0.005961138,2022-06-01,2025-07-11,12397,760,1,5,0.0008618443389423192
2025-07-25,688147,test,0.0036875217,-0.0018160027,2022-06-01,2025-07-11,12397,760,1,5,0.0008618443389423192
2025-07-25,688528,test,0.0042556264,-6.275112e-05,2022-06-01,2025-07-11,12397,760,1,5,0.0008618443389423192
2025-07-28,600025,test,-0.00857298,0.0037660943,2022-06-01,2025-07-11,12397,760,1,5,0.0008618443389423192
2025-07-28,600051,test,-0.018058432,0.0018392745,2022-06-01,2025-07-11,12397,760,1,5,0.0008618443389423192
2025-07-28,600127,test,-0.013568558,0.007292064,2022-06-01,2025-07-11,12397,760,1,5,0.0008618443389423192
2025-07-28,600153,test,-0.032680072,0.0042939214,2022-06-01,2025-07-11,12397,760,1,5,0.0008618443389423192
2025-07-28,600548,test,0.006218143,0.0009866073,2022-06-01,2025-07-11,12397,760,1,5,0.0008618443389423192
2025-07-28,600865,test,-0.017344443,0.0033696676,2022-06-01,2025-07-11,12397,760,1,5,0.0008618443389423192
2025-07-28,600967,test,0.015344216,-0.017428692,2022-06-01,2025-07-11,12397,760,1,5,0.0008618443389423192
2025-07-28,601222,test,-0.023562258,0.0010038959,2022-06-01,2025-07-11,12397,760,1,5,0.0008618443389423192
2025-07-28,603237,test,-0.010408637,0.0040926673,2022-06-01,2025-07-11,12397,760,1,5,0.0008618443389423192
2025-07-28,603335,test,-0.008291654,-0.0024119765,2022-06-01,2025-07-11,12397,760,1,5,0.0008618443389423192
2025-07-28,603341,test,-0.019828299,0.0040159076,2022-06-01,2025-07-11,12397,760,1,5,0.0008618443389423192
2025-07-28,603658,test,-0.00044533284,0.005899459,2022-06-01,2025-07-11,12397,760,1,5,0.0008618443389423192
2025-07-28,605090,test,0.03533123,0.00690026,2022-06-01,2025-07-11,12397,760,1,5,0.0008618443389423192
2025-07-28,605589,test,-0.007970208,0.00017478596,2022-06-01,2025-07-11,12397,760,1,5,0.0008618443389423192
2025-07-28,688031,test,0.026674168,-0.0015830509,2022-06-01,2025-07-11,12397,760,1,5,0.0008618443389423192
2025-07-28,688045,test,0.031141935,0.0058157854,2022-06-01,2025-07-11,12397,760,1,5,0.0008618443389423192
2025-07-28,688133,test,0.01647436,-0.0083859945,2022-06-01,2025-07-11,12397,760,1,5,0.0008618443389423192
2025-07-28,688147,test,0.026296226,0.00011777645,2022-06-01,2025-07-11,12397,760,1,5,0.0008618443389423192
2025-07-28,688528,test,0.0032505987,-0.00070304284,2022-06-01,2025-07-11,12397,760,1,5,0.0008618443389423192
2025-07-29,600025,test,-0.010247154,0.0027129445,2022-06-01,2025-07-11,12397,760,1,5,0.0008618443389423192
2025-07-29,600051,test,0.0031876827,0.0016233325,2022-06-01,2025-07-11,12397,760,1,5,0.0008618443389423192
2025-07-29,600127,test,-0.010242544,0.00744,2022-06-01,2025-07-11,12397,760,1,5,0.0008618443389423192
2025-07-29,600153,test,-0.03031717,0.004778605,2022-06-01,2025-07-11,12397,760,1,5,0.0008618443389423192
2025-07-29,600548,test,-0.0049854475,0.00057274196,2022-06-01,2025-07-11,12397,760,1,5,0.0008618443389423192
2025-07-29,600865,test,-0.0015502585,0.004255851,2022-06-01,2025-07-11,12397,760,1,5,0.0008618443389423192
2025-07-29,600967,test,-0.009656117,-0.020936863,2022-06-01,2025-07-11,12397,760,1,5,0.0008618443389423192
2025-07-29,601222,test,-0.019715324,0.0016715825,2022-06-01,2025-07-11,12397,760,1,5,0.0008618443389423192
2025-07-29,603237,test,-0.0008019571,0.0047945986,2022-06-01,2025-07-11,12397,760,1,5,0.0008618443389423192
2025-07-29,603335,test,0.012988696,0.0007030964,2022-06-01,2025-07-11,12397,760,1,5,0.0008618443389423192
2025-07-29,603341,test,-0.009166928,0.0040375767,2022-06-01,2025-07-11,12397,760,1,5,0.0008618443389423192
2025-07-29,603658,test,-0.0037174479,0.0069228476,2022-06-01,2025-07-11,12397,760,1,5,0.0008618443389423192
2025-07-29,605090,test,0.037788644,0.005899729,2022-06-01,2025-07-11,12397,760,1,5,0.0008618443389423192
2025-07-29,605589,test,-0.00093345175,-0.0010602451,2022-06-01,2025-07-11,12397,760,1,5,0.0008618443389423192
2025-07-29,688031,test,0.020798672,0.00021620421,2022-06-01,2025-07-11,12397,760,1,5,0.0008618443389423192
2025-07-29,688045,test,0.009841593,0.0036486275,2022-06-01,2025-07-11,12397,760,1,5,0.0008618443389423192
2025-07-29,688133,test,-0.03953028,-0.018669257,2022-06-01,2025-07-11,12397,760,1,5,0.0008618443389423192
2025-07-29,688147,test,0.020357313,-0.0034750034,2022-06-01,2025-07-11,12397,760,1,5,0.0008618443389423192
2025-07-29,688528,test,0.035901483,-0.0008247788,2022-06-01,2025-07-11,12397,760,1,5,0.0008618443389423192
2025-07-30,600025,test,-0.028108146,0.0013782494,2022-06-01,2025-07-11,12397,760,1,5,0.0008618443389423192
2025-07-30,600051,test,0.0020642562,0.0009122784,2022-06-01,2025-07-11,12397,760,1,5,0.0008618443389423192
2025-07-30,600127,test,-0.03471675,0.0067536253,2022-06-01,2025-07-11,12397,760,1,5,0.0008618443389423192
2025-07-30,600153,test,-0.03886396,0.0045717973,2022-06-01,2025-07-11,12397,760,1,5,0.0008618443389423192
2025-07-30,600548,test,-0.025010021,0.00010369532,2022-06-01,2025-07-11,12397,760,1,5,0.0008618443389423192
2025-07-30,600865,test,-0.031615015,0.0028778147,2022-06-01,2025-07-11,12397,760,1,5,0.0008618443389423192
2025-07-30,600967,test,0.12827303,-0.01638645,2022-06-01,2025-07-11,12397,760,1,5,0.0008618443389423192
2025-07-30,601222,test,-0.026740182,0.0017391294,2022-06-01,2025-07-11,12397,760,1,5,0.0008618443389423192
2025-07-30,603237,test,-0.015244703,0.004048245,2022-06-01,2025-07-11,12397,760,1,5,0.0008618443389423192
2025-07-30,603335,test,0.01033649,0.002369497,2022-06-01,2025-07-11,12397,760,1,5,0.0008618443389423192
2025-07-30,603341,test,-0.010892045,0.004185017,2022-06-01,2025-07-11,12397,760,1,5,0.0008618443389423192
2025-07-30,603658,test,-0.021341383,0.007540643,2022-06-01,2025-07-11,12397,760,1,5,0.0008618443389423192
2025-07-30,605090,test,0.018837951,0.0041488297,2022-06-01,2025-07-11,12397,760,1,5,0.0008618443389423192
2025-07-30,605589,test,-0.04540162,-0.009304235,2022-06-01,2025-07-11,12397,760,1,5,0.0008618443389423192
2025-07-30,688031,test,0.09388204,0.003652228,2022-06-01,2025-07-11,12397,760,1,5,0.0008618443389423192
2025-07-30,688045,test,-0.0085029155,-5.0061848e-05,2022-06-01,2025-07-11,12397,760,1,5,0.0008618443389423192
2025-07-30,688133,test,0.0046715653,-0.013777144,2022-06-01,2025-07-11,12397,760,1,5,0.0008618443389423192
2025-07-30,688147,test,-0.005158385,-0.0012645246,2022-06-01,2025-07-11,12397,760,1,5,0.0008618443389423192
2025-07-30,688528,test,0.033529807,-0.0027687438,2022-06-01,2025-07-11,12397,760,1,5,0.0008618443389423192
2025-07-31,600025,test,-0.0335473,0.0014121933,2022-06-01,2025-07-11,12397,760,1,5,0.0008618443389423192
2025-07-31,600051,test,0.011837431,0.0006101583,2022-06-01,2025-07-11,12397,760,1,5,0.0008618443389423192
2025-07-31,600127,test,-0.021358084,0.006334045,2022-06-01,2025-07-11,12397,760,1,5,0.0008618443389423192
2025-07-31,600153,test,-0.021052526,0.0057917126,2022-06-01,2025-07-11,12397,760,1,5,0.0008618443389423192
2025-07-31,600548,test,-0.024181766,-0.00012378115,2022-06-01,2025-07-11,12397,760,1,5,0.0008618443389423192
2025-07-31,600865,test,-0.032601424,0.0018256838,2022-06-01,2025-07-11,12397,760,1,5,0.0008618443389423192
2025-07-31,600967,test,0.083761424,-0.02065766,2022-06-01,2025-07-11,12397,760,1,5,0.0008618443389423192
2025-07-31,601222,test,-0.023568856,0.0017406298,2022-06-01,2025-07-11,12397,760,1,5,0.0008618443389423192
2025-07-31,603237,test,-0.0068341135,0.0038422607,2022-06-01,2025-07-11,12397,760,1,5,0.0008618443389423192
2025-07-31,603335,test,0.007862713,0.0038975962,2022-06-01,2025-07-11,12397,760,1,5,0.0008618443389423192
2025-07-31,603341,test,-0.01273106,0.004266451,2022-06-01,2025-07-11,12397,760,1,5,0.0008618443389423192
2025-07-31,603658,test,0.009361735,0.008631591,2022-06-01,2025-07-11,12397,760,1,5,0.0008618443389423192
2025-07-31,605090,test,0.036665596,0.0029863156,2022-06-01,2025-07-11,12397,760,1,5,0.0008618443389423192
2025-07-31,605589,test,-0.07500029,-0.011209734,2022-06-01,2025-07-11,12397,760,1,5,0.0008618443389423192
2025-07-31,688031,test,0.018726064,0.0005802354,2022-06-01,2025-07-11,12397,760,1,5,0.0008618443389423192
2025-07-31,688045,test,0.04299212,0.00081739854,2022-06-01,2025-07-11,12397,760,1,5,0.0008618443389423192
2025-07-31,688133,test,0.006772928,-0.006246015,2022-06-01,2025-07-11,12397,760,1,5,0.0008618443389423192
2025-07-31,688147,test,-0.0008931905,0.0026728977,2022-06-01,2025-07-11,12397,760,1,5,0.0008618443389423192
2025-07-31,688528,test,0.033788607,-0.0055874763,2022-06-01,2025-07-11,12397,760,1,5,0.0008618443389423192
2025-08-01,600025,test,-0.018341772,0.00029332563,2022-06-01,2025-07-11,12397,760,1,5,0.0008618443389423192
2025-08-01,600051,test,0.011037205,0.0006630863,2022-06-01,2025-07-11,12397,760,1,5,0.0008618443389423192
2025-08-01,600127,test,-0.013670975,0.0056498554,2022-06-01,2025-07-11,12397,760,1,5,0.0008618443389423192
2025-08-01,600153,test,-0.016423369,0.0045199553,2022-06-01,2025-07-11,12397,760,1,5,0.0008618443389423192
2025-08-01,600548,test,-0.0136124175,-0.00044705253,2022-06-01,2025-07-11,12397,760,1,5,0.0008618443389423192
2025-08-01,600865,test,-0.021633876,0.0011873208,2022-06-01,2025-07-11,12397,760,1,5,0.0008618443389423192
2025-08-01,600967,test,0.13977762,-0.011084236,2022-06-01,2025-07-11,12397,760,1,5,0.0008618443389423192
2025-08-01,601222,test,-0.017675672,0.0013080537,2022-06-01,2025-07-11,12397,760,1,5,0.0008618443389423192
2025-08-01,603237,test,-0.006169887,0.0033441223,2022-06-01,2025-07-11,12397,760,1,5,0.0008618443389423192
2025-08-01,603335,test,0.0015260098,0.005678043,2022-06-01,2025-07-11,12397,760,1,5,0.0008618443389423192
2025-08-01,603341,test,-0.032147747,0.004256672,2022-06-01,2025-07-11,12397,760,1,5,0.0008618443389423192
2025-08-01,603658,test,0.0035563917,0.008919802,2022-06-01,2025-07-11,12397,760,1,5,0.0008618443389423192
2025-08-01,605090,test,0.033399448,-0.0011585806,2022-06-01,2025-07-11,12397,760,1,5,0.0008618443389423192
2025-08-01,605589,test,-0.048339006,-0.0062350095,2022-06-01,2025-07-11,12397,760,1,5,0.0008618443389423192
2025-08-01,688031,test,-0.055950064,-0.0034487043,2022-06-01,2025-07-11,12397,760,1,5,0.0008618443389423192
2025-08-01,688045,test,0.0029034647,0.0040503703,2022-06-01,2025-07-11,12397,760,1,5,0.0008618443389423192
2025-08-01,688133,test,-0.007823761,-0.0006154496,2022-06-01,2025-07-11,12397,760,1,5,0.0008618443389423192
2025-08-01,688147,test,-0.017616417,0.003746735,2022-06-01,2025-07-11,12397,760,1,5,0.0008618443389423192
2025-08-01,688528,test,0.07720483,-0.009369261,2022-06-01,2025-07-11,12397,760,1,5,0.0008618443389423192
2025-08-04,600025,test,-0.031572003,0.00020444626,2022-06-01,2025-07-11,12397,760,1,5,0.0008618443389423192
2025-08-04,600051,test,0.01133588,0.00071233884,2022-06-01,2025-07-11,12397,760,1,5,0.0008618443389423192
2025-08-04,600127,test,-0.01391798,0.0047641043,2022-06-01,2025-07-11,12397,760,1,5,0.0008618443389423192
2025-08-04,600153,test,-0.012016423,0.004119098,2022-06-01,2025-07-11,12397,760,1,5,0.0008618443389423192
2025-08-04,600548,test,-0.0288029,0.00040345825,2022-06-01,2025-07-11,12397,760,1,5,0.0008618443389423192
2025-08-04,600865,test,-0.017374601,0.0013820622,2022-06-01,2025-07-11,12397,760,1,5,0.0008618443389423192
2025-08-04,600967,test,0.16210668,-0.014660192,2022-06-01,2025-07-11,12397,760,1,5,0.0008618443389423192
2025-08-04,601222,test,-0.025749026,0.0010210136,2022-06-01,2025-07-11,12397,760,1,5,0.0008618443389423192
2025-08-04,603237,test,-0.011404205,0.003559338,2022-06-01,2025-07-11,12397,760,1,5,0.0008618443389423192
2025-08-04,603335,test,0.011709851,0.005664455,2022-06-01,2025-07-11,12397,760,1,5,0.0008618443389423192
2025-08-04,603341,test,-0.0076398826,0.0056623593,2022-06-01,2025-07-11,12397,760,1,5,0.0008618443389423192
2025-08-04,603658,test,0.022978751,0.008973803,2022-06-01,2025-07-11,12397,760,1,5,0.0008618443389423192
2025-08-04,605090,test,0.0040117367,-0.007077629,2022-06-01,2025-07-11,12397,760,1,5,0.0008618443389423192
2025-08-04,605589,test,-0.040821627,-0.00023306673,2022-06-01,2025-07-11,12397,760,1,5,0.0008618443389423192
2025-08-04,688031,test,-0.015624546,-0.0042111953,2022-06-01,2025-07-11,12397,760,1,5,0.0008618443389423192
2025-08-04,688045,test,-0.010462768,0.0013630018,2022-06-01,2025-07-11,12397,760,1,5,0.0008618443389423192
2025-08-04,688133,test,-0.036591846,-8.628005e-05,2022-06-01,2025-07-11,12397,760,1,5,0.0008618443389423192
2025-08-04,688147,test,0.002046483,0.0051815286,2022-06-01,2025-07-11,12397,760,1,5,0.0008618443389423192
2025-08-04,688528,test,0.03778843,-0.011838042,2022-06-01,2025-07-11,12397,760,1,5,0.0008618443389423192
2025-08-05,600025,test,-0.031166611,-0.0012292219,2022-06-01,2025-07-11,12397,760,1,5,0.0008618443389423192
2025-08-05,600051,test,0.012177315,0.00060589146,2022-06-01,2025-07-11,12397,760,1,5,0.0008618443389423192
2025-08-05,600127,test,-0.008526838,0.003821794,2022-06-01,2025-07-11,12397,760,1,5,0.0008618443389423192
2025-08-05,600153,test,-0.008470859,0.0029655108,2022-06-01,2025-07-11,12397,760,1,5,0.0008618443389423192
2025-08-05,600548,test,-0.016636271,0.0010434748,2022-06-01,2025-07-11,12397,760,1,5,0.0008618443389423192
2025-08-05,600865,test,-0.014886131,0.002247002,2022-06-01,2025-07-11,12397,760,1,5,0.0008618443389423192
2025-08-05,600967,test,0.19843985,-0.011652073,2022-06-01,2025-07-11,12397,760,1,5,0.0008618443389423192
2025-08-05,601222,test,-0.024947057,0.0005120933,2022-06-01,2025-07-11,12397,760,1,5,0.0008618443389423192
2025-08-05,603237,test,-0.014058897,0.0030090604,2022-06-01,2025-07-11,12397,760,1,5,0.0008618443389423192
2025-08-05,603335,test,-0.002870512,0.0043805037,2022-06-01,2025-07-11,12397,760,1,5,0.0008618443389423192
2025-08-05,603341,test,0.004106784,0.0050359443,2022-06-01,2025-07-11,12397,760,1,5,0.0008618443389423192
2025-08-05,603658,test,0.025335887,0.009228319,2022-06-01,2025-07-11,12397,760,1,5,0.0008618443389423192
2025-08-05,605090,test,0.010149486,-0.006388927,2022-06-01,2025-07-11,12397,760,1,5,0.0008618443389423192
2025-08-05,605589,test,-0.05141107,0.004678484,2022-06-01,2025-07-11,12397,760,1,5,0.0008618443389423192
2025-08-05,688031,test,-0.020891514,-4.945323e-07,2022-06-01,2025-07-11,12397,760,1,5,0.0008618443389423192
2025-08-05,688045,test,0.008845158,0.005895352,2022-06-01,2025-07-11,12397,760,1,5,0.0008618443389423192
2025-08-05,688133,test,-0.05411944,0.00080216443,2022-06-01,2025-07-11,12397,760,1,5,0.0008618443389423192
2025-08-05,688147,test,-0.027218241,-0.00016969675,2022-06-01,2025-07-11,12397,760,1,5,0.0008618443389423192
2025-08-05,688528,test,0.016148966,-0.016490955,2022-06-01,2025-07-11,12397,760,1,5,0.0008618443389423192
2025-08-06,600025,test,-0.0348869,-0.0016461532,2022-06-01,2025-07-11,12397,760,1,5,0.0008618443389423192
2025-08-06,600051,test,5.0323113e-05,0.0014668824,2022-06-01,2025-07-11,12397,760,1,5,0.0008618443389423192
2025-08-06,600127,test,-0.011884443,0.0031556273,2022-06-01,2025-07-11,12397,760,1,5,0.0008618443389423192
2025-08-06,600153,test,-0.007941915,0.0027975682,2022-06-01,2025-07-11,12397,760,1,5,0.0008618443389423192
2025-08-06,600548,test,-0.018073443,0.0015341286,2022-06-01,2025-07-11,12397,760,1,5,0.0008618443389423192
2025-08-06,600865,test,-0.0053673293,0.0020867418,2022-06-01,2025-07-11,12397,760,1,5,0.0008618443389423192
2025-08-06,600967,test,0.1978383,-0.023279905,2022-06-01,2025-07-11,12397,760,1,5,0.0008618443389423192
2025-08-06,601222,test,-0.021941915,0.00091971783,2022-06-01,2025-07-11,12397,760,1,5,0.0008618443389423192
2025-08-06,603237,test,-0.017401619,0.0032064114,2022-06-01,2025-07-11,12397,760,1,5,0.0008618443389423192
2025-08-06,603335,test,-0.0070720264,0.0048234966,2022-06-01,2025-07-11,12397,760,1,5,0.0008618443389423192
2025-08-06,603341,test,0.0023757028,0.0055174353,2022-06-01,2025-07-11,12397,760,1,5,0.0008618443389423192
2025-08-06,603658,test,0.028905543,0.009029331,2022-06-01,2025-07-11,12397,760,1,5,0.0008618443389423192
2025-08-06,605090,test,0.048226062,-0.0010725874,2022-06-01,2025-07-11,12397,760,1,5,0.0008618443389423192
2025-08-06,605589,test,-0.0060639572,0.0056340815,2022-06-01,2025-07-11,12397,760,1,5,0.0008618443389423192
2025-08-06,688031,test,-0.06788982,-0.0028695706,2022-06-01,2025-07-11,12397,760,1,5,0.0008618443389423192
2025-08-06,688045,test,-0.0018793823,0.00690304,2022-06-01,2025-07-11,12397,760,1,5,0.0008618443389423192
2025-08-06,688133,test,-0.057680745,0.0013800208,2022-06-01,2025-07-11,12397,760,1,5,0.0008618443389423192
2025-08-06,688147,test,-0.014348457,-0.0011800039,2022-06-01,2025-07-11,12397,760,1,5,0.0008618443389423192
2025-08-06,688528,test,-0.004963986,-0.012854996,2022-06-01,2025-07-11,12397,760,1,5,0.0008618443389423192
2025-08-07,600025,test,-0.015519554,-0.0017011552,2022-06-01,2025-07-11,12397,760,1,5,0.0008618443389423192
2025-08-07,600051,test,-0.013729245,0.0027573574,2022-06-01,2025-07-11,12397,760,1,5,0.0008618443389423192
2025-08-07,600127,test,-0.01750583,0.0022860738,2022-06-01,2025-07-11,12397,760,1,5,0.0008618443389423192
2025-08-07,600153,test,0.06531468,0.0027949335,2022-06-01,2025-07-11,12397,760,1,5,0.0008618443389423192
2025-08-07,600548,test,-0.0085500525,0.0017170617,2022-06-01,2025-07-11,12397,760,1,5,0.0008618443389423192
2025-08-07,600865,test,-0.00801126,0.002093343,2022-06-01,2025-07-11,12397,760,1,5,0.0008618443389423192
2025-08-07,600967,test,0.16064237,-0.026783247,2022-06-01,2025-07-11,12397,760,1,5,0.0008618443389423192
2025-08-07,601222,test,-0.009946629,0.00090537407,2022-06-01,2025-07-11,12397,760,1,5,0.0008618443389423192
2025-08-07,603237,test,-0.018865691,0.0028265128,2022-06-01,2025-07-11,12397,760,1,5,0.0008618443389423192
2025-08-07,603335,test,-0.02719939,0.004643264,2022-06-01,2025-07-11,12397,760,1,5,0.0008618443389423192
2025-08-07,603341,test,0.0010261298,0.005682553,2022-06-01,2025-07-11,12397,760,1,5,0.0008618443389423192
2025-08-07,603658,test,-0.0068681943,0.0056120753,2022-06-01,2025-07-11,12397,760,1,5,0.0008618443389423192
2025-08-07,605090,test,0.04673677,0.0030628862,2022-06-01,2025-07-11,12397,760,1,5,0.0008618443389423192
2025-08-07,605589,test,0.026927585,0.005486847,2022-06-01,2025-07-11,12397,760,1,5,0.0008618443389423192
2025-08-07,688031,test,-0.071043916,0.00035673566,2022-06-01,2025-07-11,12397,760,1,5,0.0008618443389423192
2025-08-07,688045,test,-0.04322436,-0.0010755523,2022-06-01,2025-07-11,12397,760,1,5,0.0008618443389423192
2025-08-07,688133,test,-0.04754246,0.0027086046,2022-06-01,2025-07-11,12397,760,1,5,0.0008618443389423192
2025-08-07,688147,test,0.008078113,0.002816244,2022-06-01,2025-07-11,12397,760,1,5,0.0008618443389423192
2025-08-07,688528,test,-0.020719074,-0.009048134,2022-06-01,2025-07-11,12397,760,1,5,0.0008618443389423192
2025-08-08,600025,test,-0.029719424,-0.0024443027,2022-06-01,2025-07-11,12397,760,1,5,0.0008618443389423192
2025-08-08,600051,test,-0.029773733,0.0031318981,2022-06-01,2025-07-11,12397,760,1,5,0.0008618443389423192
2025-08-08,600127,test,-0.01992676,0.0015531695,2022-06-01,2025-07-11,12397,760,1,5,0.0008618443389423192
2025-08-08,600153,test,0.08017347,0.0018607546,2022-06-01,2025-07-11,12397,760,1,5,0.0008618443389423192
2025-08-08,600548,test,-0.01948848,0.001355161,2022-06-01,2025-07-11,12397,760,1,5,0.0008618443389423192
2025-08-08,600865,test,-0.0189535,0.002474391,2022-06-01,2025-07-11,12397,760,1,5,0.0008618443389423192
2025-08-08,600967,test,0.08093161,-0.025523221,2022-06-01,2025-07-11,12397,760,1,5,0.0008618443389423192
2025-08-08,601222,test,-0.0034014308,0.00041652238,2022-06-01,2025-07-11,12397,760,1,5,0.0008618443389423192
2025-08-08,603237,test,-0.016772572,0.0025741616,2022-06-01,2025-07-11,12397,760,1,5,0.0008618443389423192
2025-08-08,603335,test,-0.03242596,0.0042021982,2022-06-01,2025-07-11,12397,760,1,5,0.0008618443389423192
2025-08-08,603341,test,0.021505054,0.006254118,2022-06-01,2025-07-11,12397,760,1,5,0.0008618443389423192
2025-08-08,603658,test,0.00097070105,0.0037358832,2022-06-01,2025-07-11,12397,760,1,5,0.0008618443389423192
2025-08-08,605090,test,0.009109053,0.00019775145,2022-06-01,2025-07-11,12397,760,1,5,0.0008618443389423192
2025-08-08,605589,test,0.05879874,0.005210519,2022-06-01,2025-07-11,12397,760,1,5,0.0008618443389423192
2025-08-08,688031,test,-0.013496502,0.0036820918,2022-06-01,2025-07-11,12397,760,1,5,0.0008618443389423192
2025-08-08,688045,test,-0.0003717577,0.0012049256,2022-06-01,2025-07-11,12397,760,1,5,0.0008618443389423192
2025-08-08,688133,test,-0.018143876,0.0033443067,2022-06-01,2025-07-11,12397,760,1,5,0.0008618443389423192
2025-08-08,688147,test,0.023208806,0.0061992332,2022-06-01,2025-07-11,12397,760,1,5,0.0008618443389423192
2025-08-08,688528,test,-0.07222344,-0.016712073,2022-06-01,2025-07-11,12397,760,1,5,0.0008618443389423192
2025-08-11,600025,test,-0.027951341,0.0050455285,2022-06-30,2025-08-08,12497,760,1,5,0.0010254319640807807
2025-08-11,600051,test,-0.05193163,0.0047984,2022-06-30,2025-08-08,12497,760,1,5,0.0010254319640807807
2025-08-11,600127,test,-0.023179134,0.0071814186,2022-06-30,2025-08-08,12497,760,1,5,0.0010254319640807807
2025-08-11,600153,test,0.06555744,0.008870511,2022-06-30,2025-08-08,12497,760,1,5,0.0010254319640807807
2025-08-11,600548,test,-0.019361747,0.0036537359,2022-06-30,2025-08-08,12497,760,1,5,0.0010254319640807807
2025-08-11,600865,test,-0.026912237,0.008972345,2022-06-30,2025-08-08,12497,760,1,5,0.0010254319640807807
2025-08-11,600967,test,0.06359275,-0.03713549,2022-06-30,2025-08-08,12497,760,1,5,0.0010254319640807807
2025-08-11,601222,test,-0.009840224,0.008910447,2022-06-30,2025-08-08,12497,760,1,5,0.0010254319640807807
2025-08-11,603237,test,-0.02089168,0.0022315513,2022-06-30,2025-08-08,12497,760,1,5,0.0010254319640807807
2025-08-11,603335,test,-0.06569812,0.0030067917,2022-06-30,2025-08-08,12497,760,1,5,0.0010254319640807807
2025-08-11,603341,test,0.07083073,0.004209644,2022-06-30,2025-08-08,12497,760,1,5,0.0010254319640807807
2025-08-11,603658,test,-0.04063783,-0.0029462585,2022-06-30,2025-08-08,12497,760,1,5,0.0010254319640807807
2025-08-11,605090,test,0.007616529,0.0011378154,2022-06-30,2025-08-08,12497,760,1,5,0.0010254319640807807
2025-08-11,605589,test,0.03637333,-0.003344805,2022-06-30,2025-08-08,12497,760,1,5,0.0010254319640807807
2025-08-11,688031,test,-0.033068452,-0.0020844871,2022-06-30,2025-08-08,12497,760,1,5,0.0010254319640807807
2025-08-11,688045,test,0.078337856,-0.0014748042,2022-06-30,2025-08-08,12497,760,1,5,0.0010254319640807807
2025-08-11,688133,test,-0.011827485,-0.003588342,2022-06-30,2025-08-08,12497,760,1,5,0.0010254319640807807
2025-08-11,688147,test,0.076038614,-0.004874223,2022-06-30,2025-08-08,12497,760,1,5,0.0010254319640807807
2025-08-11,688528,test,-0.06704738,-0.015502348,2022-06-30,2025-08-08,12497,760,1,5,0.0010254319640807807
2025-08-12,600025,test,-0.015498307,0.004805688,2022-06-30,2025-08-08,12497,760,1,5,0.0010254319640807807
2025-08-12,600051,test,-0.010816528,0.0036712615,2022-06-30,2025-08-08,12497,760,1,5,0.0010254319640807807
2025-08-12,600127,test,-0.023248736,0.00517744,2022-06-30,2025-08-08,12497,760,1,5,0.0010254319640807807
2025-08-12,600153,test,0.07938251,0.010006532,2022-06-30,2025-08-08,12497,760,1,5,0.0010254319640807807
2025-08-12,600548,test,-0.015239043,0.0038359882,2022-06-30,2025-08-08,12497,760,1,5,0.0010254319640807807
2025-08-12,600865,test,-0.014407797,0.0089471005,2022-06-30,2025-08-08,12497,760,1,5,0.0010254319640807807
2025-08-12,600967,test,0.003067538,-0.043753732,2022-06-30,2025-08-08,12497,760,1,5,0.0010254319640807807
2025-08-12,601222,test,-0.0028154557,0.009537565,2022-06-30,2025-08-08,12497,760,1,5,0.0010254319640807807
2025-08-12,603237,test,-0.008234912,0.0023116954,2022-06-30,2025-08-08,12497,760,1,5,0.0010254319640807807
2025-08-12,603335,test,-0.020618927,0.0023845704,2022-06-30,2025-08-08,12497,760,1,5,0.0010254319640807807
2025-08-12,603341,test,0.031694863,0.000164642,2022-06-30,2025-08-08,12497,760,1,5,0.0010254319640807807
2025-08-12,603658,test,-0.037681058,-0.0026140036,2022-06-30,2025-08-08,12497,760,1,5,0.0010254319640807807
2025-08-12,605090,test,-0.031909578,0.0011007255,2022-06-30,2025-08-08,12497,760,1,5,0.0010254319640807807
2025-08-12,605589,test,0.010160562,-0.0020095771,2022-06-30,2025-08-08,12497,760,1,5,0.0010254319640807807
2025-08-12,688031,test,-0.0036970158,-0.0008648047,2022-06-30,2025-08-08,12497,760,1,5,0.0010254319640807807
2025-08-12,688045,test,0.050874718,-0.0014482858,2022-06-30,2025-08-08,12497,760,1,5,0.0010254319640807807
2025-08-12,688133,test,-0.018348392,-0.0038689496,2022-06-30,2025-08-08,12497,760,1,5,0.0010254319640807807
2025-08-12,688147,test,0.0686618,-0.0034395782,2022-06-30,2025-08-08,12497,760,1,5,0.0010254319640807807
2025-08-12,688528,test,-0.041326247,-0.008296165,2022-06-30,2025-08-08,12497,760,1,5,0.0010254319640807807
2025-08-13,600025,test,-0.002904201,0.0052758316,2022-06-30,2025-08-08,12497,760,1,5,0.0010254319640807807
2025-08-13,600051,test,-0.0076769753,0.0052007893,2022-06-30,2025-08-08,12497,760,1,5,0.0010254319640807807
2025-08-13,600127,test,-0.011317791,0.006692445,2022-06-30,2025-08-08,12497,760,1,5,0.0010254319640807807
2025-08-13,600153,test,0.0799619,0.01038328,2022-06-30,2025-08-08,12497,760,1,5,0.0010254319640807807
2025-08-13,600548,test,-0.007923311,0.0041638874,2022-06-30,2025-08-08,12497,760,1,5,0.0010254319640807807
2025-08-13,600865,test,-0.0007837448,0.0071115345,2022-06-30,2025-08-08,12497,760,1,5,0.0010254319640807807
2025-08-13,600967,test,-0.101444356,-0.04497825,2022-06-30,2025-08-08,12497,760,1,5,0.0010254319640807807
2025-08-13,601222,test,0.0012164676,0.009441925,2022-06-30,2025-08-08,12497,760,1,5,0.0010254319640807807
2025-08-13,603237,test,0.001948999,0.0014691958,2022-06-30,2025-08-08,12497,760,1,5,0.0010254319640807807
2025-08-13,603335,test,-0.007245761,0.0024408307,2022-06-30,2025-08-08,12497,760,1,5,0.0010254319640807807
2025-08-13,603341,test,0.08125198,0.0025045732,2022-06-30,2025-08-08,12497,760,1,5,0.0010254319640807807
2025-08-13,603658,test,-0.020804783,-7.626135e-05,2022-06-30,2025-08-08,12497,760,1,5,0.0010254319640807807
2025-08-13,605090,test,-0.051484555,-0.00450069,2022-06-30,2025-08-08,12497,760,1,5,0.0010254319640807807
2025-08-13,605589,test,-0.046145108,-0.005532461,2022-06-30,2025-08-08,12497,760,1,5,0.0010254319640807807
2025-08-13,688031,test,-0.004966281,-0.00046757702,2022-06-30,2025-08-08,12497,760,1,5,0.0010254319640807807
2025-08-13,688045,test,0.051116694,-0.0013433555,2022-06-30,2025-08-08,12497,760,1,5,0.0010254319640807807
2025-08-13,688133,test,-0.013453024,-0.004963598,2022-06-30,2025-08-08,12497,760,1,5,0.0010254319640807807
2025-08-13,688147,test,0.088419154,-0.001994148,2022-06-30,2025-08-08,12497,760,1,5,0.0010254319640807807
2025-08-13,688528,test,-0.027765308,-0.002048132,2022-06-30,2025-08-08,12497,760,1,5,0.0010254319640807807
2025-08-14,600025,test,-0.012398339,0.0050895372,2022-06-30,2025-08-08,12497,760,1,5,0.0010254319640807807
2025-08-14,600051,test,0.0037668317,0.0050294725,2022-06-30,2025-08-08,12497,760,1,5,0.0010254319640807807
2025-08-14,600127,test,-0.011511675,0.007695759,2022-06-30,2025-08-08,12497,760,1,5,0.0010254319640807807
2025-08-14,600153,test,0.0029480085,0.00075967144,2022-06-30,2025-08-08,12497,760,1,5,0.0010254319640807807
2025-08-14,600548,test,-0.00457939,0.0051841773,2022-06-30,2025-08-08,12497,760,1,5,0.0010254319640807807
2025-08-14,600865,test,0.011216802,0.008093502,2022-06-30,2025-08-08,12497,760,1,5,0.0010254319640807807
2025-08-14,600967,test,-0.11627327,-0.04173575,2022-06-30,2025-08-08,12497,760,1,5,0.0010254319640807807
2025-08-14,601222,test,-0.0023819942,0.009510654,2022-06-30,2025-08-08,12497,760,1,5,0.0010254319640807807
2025-08-14,603237,test,0.009146991,0.0017618863,2022-06-30,2025-08-08,12497,760,1,5,0.0010254319640807807
2025-08-14,603335,test,0.015318181,0.0017076563,2022-06-30,2025-08-08,12497,760,1,5,0.0010254319640807807
2025-08-14,603341,test,0.102036506,0.0032436205,2022-06-30,2025-08-08,12497,760,1,5,0.0010254319640807807
2025-08-14,603658,test,-0.009138825,0.0018672096,2022-06-30,2025-08-08,12497,760,1,5,0.0010254319640807807
2025-08-14,605090,test,-0.06221949,-0.005353558,2022-06-30,2025-08-08,12497,760,1,5,0.0010254319640807807
2025-08-14,605589,test,-0.042898986,-0.0032340428,2022-06-30,2025-08-08,12497,760,1,5,0.0010254319640807807
2025-08-14,688031,test,0.03135841,0.00029279757,2022-06-30,2025-08-08,12497,760,1,5,0.0010254319640807807
2025-08-14,688045,test,0.047672175,-0.0017671688,2022-06-30,2025-08-08,12497,760,1,5,0.0010254319640807807
2025-08-14,688133,test,-0.012446186,-0.005139674,2022-06-30,2025-08-08,12497,760,1,5,0.0010254319640807807
2025-08-14,688147,test,0.074923776,-0.0020812964,2022-06-30,2025-08-08,12497,760,1,5,0.0010254319640807807
2025-08-14,688528,test,-0.024539528,-0.0006148899,2022-06-30,2025-08-08,12497,760,1,5,0.0010254319640807807
2025-08-15,600025,test,-0.012335121,0.0041248566,2022-06-30,2025-08-08,12497,760,1,5,0.0010254319640807807
2025-08-15,600051,test,-0.00494082,0.005410568,2022-06-30,2025-08-08,12497,760,1,5,0.0010254319640807807
2025-08-15,600127,test,-0.016648622,0.0079553835,2022-06-30,2025-08-08,12497,760,1,5,0.0010254319640807807
2025-08-15,600153,test,-0.0282842,-0.004161331,2022-06-30,2025-08-08,12497,760,1,5,0.0010254319640807807
2025-08-15,600548,test,0.0028326905,0.004587793,2022-06-30,2025-08-08,12497,760,1,5,0.0010254319640807807
2025-08-15,600865,test,0.005609532,0.009107076,2022-06-30,2025-08-08,12497,760,1,5,0.0010254319640807807
2025-08-15,600967,test,-0.028276714,-0.025938004,2022-06-30,2025-08-08,12497,760,1,5,0.0010254319640807807
2025-08-15,601222,test,-0.022383843,0.0067332815,2022-06-30,2025-08-08,12497,760,1,5,0.0010254319640807807
2025-08-15,603237,test,-0.013362681,0.0025034444,2022-06-30,2025-08-08,12497,760,1,5,0.0010254319640807807
2025-08-15,603335,test,-0.012041107,0.00067408476,2022-06-30,2025-08-08,12497,760,1,5,0.0010254319640807807
2025-08-15,603341,test,0.07641353,0.0028505586,2022-06-30,2025-08-08,12497,760,1,5,0.0010254319640807807
2025-08-15,603658,test,-0.023569886,0.0027257027,2022-06-30,2025-08-08,12497,760,1,5,0.0010254319640807807
2025-08-15,605090,test,-0.06522396,-0.004387553,2022-06-30,2025-08-08,12497,760,1,5,0.0010254319640807807
2025-08-15,605589,test,-0.07920921,-0.0050567714,2022-06-30,2025-08-08,12497,760,1,5,0.0010254319640807807
2025-08-15,688031,test,0.06811062,-0.0011714771,2022-06-30,2025-08-08,12497,760,1,5,0.0010254319640807807
2025-08-15,688045,test,0.082254685,-0.0016923798,2022-06-30,2025-08-08,12497,760,1,5,0.0010254319640807807
2025-08-15,688133,test,-0.008738322,-0.0044335676,2022-06-30,2025-08-08,12497,760,1,5,0.0010254319640807807
2025-08-15,688147,test,0.097099505,-0.001786978,2022-06-30,2025-08-08,12497,760,1,5,0.0010254319640807807
2025-08-15,688528,test,-0.01730607,0.00031123683,2022-06-30,2025-08-08,12497,760,1,5,0.0010254319640807807
2025-08-18,600025,test,0.011594818,0.005418502,2022-06-30,2025-08-08,12497,760,1,5,0.0010254319640807807
2025-08-18,600051,test,0.003052574,0.0064594215,2022-06-30,2025-08-08,12497,760,1,5,0.0010254319640807807
2025-08-18,600127,test,-0.0034038706,0.007936697,2022-06-30,2025-08-08,12497,760,1,5,0.0010254319640807807
2025-08-18,600153,test,0.0035866352,-0.0022293348,2022-06-30,2025-08-08,12497,760,1,5,0.0010254319640807807
2025-08-18,600548,test,0.013614661,0.0045441175,2022-06-30,2025-08-08,12497,760,1,5,0.0010254319640807807
2025-08-18,600865,test,0.027268203,0.009917659,2022-06-30,2025-08-08,12497,760,1,5,0.0010254319640807807
2025-08-18,600967,test,-0.088640094,-0.018762447,2022-06-30,2025-08-08,12497,760,1,5,0.0010254319640807807
2025-08-18,601222,test,0.003342932,0.007329982,2022-06-30,2025-08-08,12497,760,1,5,0.0010254319640807807
2025-08-18,603237,test,0.0051943935,0.002304147,2022-06-30,2025-08-08,12497,760,1,5,0.0010254319640807807
2025-08-18,603335,test,-0.003931512,0.0005808044,2022-06-30,2025-08-08,12497,760,1,5,0.0010254319640807807
2025-08-18,603341,test,0.020132916,-0.0010251878,2022-06-30,2025-08-08,12497,760,1,5,0.0010254319640807807
2025-08-18,603658,test,0.004485206,0.0023057712,2022-06-30,2025-08-08,12497,760,1,5,0.0010254319640807807
2025-08-18,605090,test,-0.069143996,-0.0014906432,2022-06-30,2025-08-08,12497,760,1,5,0.0010254319640807807
2025-08-18,605589,test,-0.048816897,-0.0038562557,2022-06-30,2025-08-08,12497,760,1,5,0.0010254319640807807
2025-08-18,688031,test,0.031738523,-0.003056719,2022-06-30,2025-08-08,12497,760,1,5,0.0010254319640807807
2025-08-18,688045,test,0.054760203,-0.00614887,2022-06-30,2025-08-08,12497,760,1,5,0.0010254319640807807
2025-08-18,688133,test,0.039848126,-0.004500213,2022-06-30,2025-08-08,12497,760,1,5,0.0010254319640807807
2025-08-18,688147,test,0.0058593624,-0.006475526,2022-06-30,2025-08-08,12497,760,1,5,0.0010254319640807807
2025-08-18,688528,test,-0.010542185,0.00061246287,2022-06-30,2025-08-08,12497,760,1,5,0.0010254319640807807
2025-08-19,600025,test,-0.02596967,0.006425282,2022-06-30,2025-08-08,12497,760,1,5,0.0010254319640807807
2025-08-19,600051,test,-0.048284844,0.0010110149,2022-06-30,2025-08-08,12497,760,1,5,0.0010254319640807807
2025-08-19,600127,test,-0.005571401,0.007687612,2022-06-30,2025-08-08,12497,760,1,5,0.0010254319640807807
2025-08-19,600153,test,-0.005400723,-0.0008662492,2022-06-30,2025-08-08,12497,760,1,5,0.0010254319640807807
2025-08-19,600548,test,-0.0059075262,0.0051831948,2022-06-30,2025-08-08,12497,760,1,5,0.0010254319640807807
2025-08-19,600865,test,0.0012610676,0.008516733,2022-06-30,2025-08-08,12497,760,1,5,0.0010254319640807807
2025-08-19,600967,test,-0.07580528,-0.012115504,2022-06-30,2025-08-08,12497,760,1,5,0.0010254319640807807
2025-08-19,601222,test,0.03530869,0.008171035,2022-06-30,2025-08-08,12497,760,1,5,0.0010254319640807807
2025-08-19,603237,test,0.00048219127,0.0016565705,2022-06-30,2025-08-08,12497,760,1,5,0.0010254319640807807
2025-08-19,603335,test,-0.025223138,-0.0025201729,2022-06-30,2025-08-08,12497,760,1,5,0.0010254319640807807
2025-08-19,603341,test,0.02411973,0.00059398543,2022-06-30,2025-08-08,12497,760,1,5,0.0010254319640807807
2025-08-19,603658,test,-0.0050007664,0.0020643128,2022-06-30,2025-08-08,12497,760,1,5,0.0010254319640807807
2025-08-19,605090,test,0.008016501,0.00030639768,2022-06-30,2025-08-08,12497,760,1,5,0.0010254319640807807
2025-08-19,605589,test,-0.018261876,-0.005486536,2022-06-30,2025-08-08,12497,760,1,5,0.0010254319640807807
2025-08-19,688031,test,0.02451777,-0.002786518,2022-06-30,2025-08-08,12497,760,1,5,0.0010254319640807807
2025-08-19,688045,test,0.05969662,-0.006291191,2022-06-30,2025-08-08,12497,760,1,5,0.0010254319640807807
2025-08-19,688133,test,0.034671478,-0.0051834593,2022-06-30,2025-08-08,12497,760,1,5,0.0010254319640807807
2025-08-19,688147,test,0.037463393,-0.007959045,2022-06-30,2025-08-08,12497,760,1,5,0.0010254319640807807
2025-08-19,688528,test,-0.01011222,2.9663555e-05,2022-06-30,2025-08-08,12497,760,1,5,0.0010254319640807807
2025-08-20,600025,test,-0.0066473074,0.0064833676,2022-06-30,2025-08-08,12497,760,1,5,0.0010254319640807807
2025-08-20,600051,test,-0.04836713,0.0032559903,2022-06-30,2025-08-08,12497,760,1,5,0.0010254319640807807
2025-08-20,600127,test,-0.0022506625,0.0080657955,2022-06-30,2025-08-08,12497,760,1,5,0.0010254319640807807
2025-08-20,600153,test,0.010133444,0.0034254799,2022-06-30,2025-08-08,12497,760,1,5,0.0010254319640807807
2025-08-20,600548,test,0.006804565,0.0050593168,2022-06-30,2025-08-08,12497,760,1,5,0.0010254319640807807
2025-08-20,600865,test,-0.004433982,0.006325635,2022-06-30,2025-08-08,12497,760,1,5,0.0010254319640807807
2025-08-20,600967,test,-0.08201972,-0.008460953,2022-06-30,2025-08-08,12497,760,1,5,0.0010254319640807807
2025-08-20,601222,test,0.03298111,0.0074174562,2022-06-30,2025-08-08,12497,760,1,5,0.0010254319640807807
2025-08-20,603237,test,-0.0013300562,0.0003961986,2022-06-30,2025-08-08,12497,760,1,5,0.0010254319640807807
2025-08-20,603335,test,-0.06902755,-0.0035206648,2022-06-30,2025-08-08,12497,760,1,5,0.0010254319640807807
2025-08-20,603341,test,-0.008175304,-0.006685228,2022-06-30,2025-08-08,12497,760,1,5,0.0010254319640807807
2025-08-20,603658,test,-0.017358022,0.0019925414,2022-06-30,2025-08-08,12497,760,1,5,0.0010254319640807807
2025-08-20,605090,test,-0.04036218,0.00026634708,2022-06-30,2025-08-08,12497,760,1,5,0.0010254319640807807
2025-08-20,605589,test,0.0007424702,-0.0017580297,2022-06-30,2025-08-08,12497,760,1,5,0.0010254319640807807
2025-08-20,688031,test,0.05770214,-0.0035180459,2022-06-30,2025-08-08,12497,760,1,5,0.0010254319640807807
2025-08-20,688045,test,0.16647649,-0.007554597,2022-06-30,2025-08-08,12497,760,1,5,0.0010254319640807807
2025-08-20,688133,test,-0.00012909927,-0.0042639254,2022-06-30,2025-08-08,12497,760,1,5,0.0010254319640807807
2025-08-20,688147,test,0.050707728,-0.009794257,2022-06-30,2025-08-08,12497,760,1,5,0.0010254319640807807
2025-08-20,688528,test,-0.045446925,0.001367311,2022-06-30,2025-08-08,12497,760,1,5,0.0010254319640807807
2025-08-21,600025,test,-0.022690378,0.0059814937,2022-06-30,2025-08-08,12497,760,1,5,0.0010254319640807807
2025-08-21,600051,test,-0.07686357,0.0052929716,2022-06-30,2025-08-08,12497,760,1,5,0.0010254319640807807
2025-08-21,600127,test,-0.017192395,0.00834023,2022-06-30,2025-08-08,12497,760,1,5,0.0010254319640807807
2025-08-21,600153,test,0.03207911,0.0077565876,2022-06-30,2025-08-08,12497,760,1,5,0.0010254319640807807
2025-08-21,600548,test,-0.016257515,0.0011324175,2022-06-30,2025-08-08,12497,760,1,5,0.0010254319640807807
2025-08-21,600865,test,-0.012959831,0.006959563,2022-06-30,2025-08-08,12497,760,1,5,0.0010254319640807807
2025-08-21,600967,test,-0.056395475,-0.0064646667,2022-06-30,2025-08-08,12497,760,1,5,0.0010254319640807807
2025-08-21,601222,test,0.0050592255,0.0070182583,2022-06-30,2025-08-08,12497,760,1,5,0.0010254319640807807
2025-08-21,603237,test,-0.018659584,0.0017229104,2022-06-30,2025-08-08,12497,760,1,5,0.0010254319640807807
2025-08-21,603335,test,-0.08221117,-0.0016734311,2022-06-30,2025-08-08,12497,760,1,5,0.0010254319640807807
2025-08-21,603341,test,-0.021563852,-0.013302132,2022-06-30,2025-08-08,12497,760,1,5,0.0010254319640807807
2025-08-21,603658,test,-0.035856966,0.0020541921,2022-06-30,2025-08-08,12497,760,1,5,0.0010254319640807807
2025-08-21,605090,test,-0.013915897,0.0013541598,2022-06-30,2025-08-08,12497,760,1,5,0.0010254319640807807
2025-08-21,605589,test,0.015422271,0.0009593731,2022-06-30,2025-08-08,12497,760,1,5,0.0010254319640807807
2025-08-21,688031,test,0.083568476,-0.004300411,2022-06-30,2025-08-08,12497,760,1,5,0.0010254319640807807
2025-08-21,688045,test,0.16435304,-0.005580445,2022-06-30,2025-08-08,12497,760,1,5,0.0010254319640807807
2025-08-21,688133,test,-0.03554422,-0.0027438542,2022-06-30,2025-08-08,12497,760,1,5,0.0010254319640807807
2025-08-21,688147,test,0.16869476,-0.009493298,2022-06-30,2025-08-08,12497,760,1,5,0.0010254319640807807
2025-08-21,688528,test,-0.059066042,0.0018386552,2022-06-30,2025-08-08,12497,760,1,5,0.0010254319640807807
2025-08-22,600025,test,-0.011096485,0.0053914515,2022-06-30,2025-08-08,12497,760,1,5,0.0010254319640807807
2025-08-22,600051,test,-0.064800896,0.0058115637,2022-06-30,2025-08-08,12497,760,1,5,0.0010254319640807807
2025-08-22,600127,test,0.005084745,0.009237617,2022-06-30,2025-08-08,12497,760,1,5,0.0010254319640807807
2025-08-22,600153,test,0.04414015,0.008245855,2022-06-30,2025-08-08,12497,760,1,5,0.0010254319640807807
2025-08-22,600548,test,-0.0042697918,0.0016894648,2022-06-30,2025-08-08,12497,760,1,5,0.0010254319640807807
2025-08-22,600865,test,0.005084745,0.0094572725,2022-06-30,2025-08-08,12497,760,1,5,0.0010254319640807807
2025-08-22,600967,test,0.0089879455,-0.01049468,2022-06-30,2025-08-08,12497,760,1,5,0.0010254319640807807
2025-08-22,601222,test,0.008508231,0.0058858586,2022-06-30,2025-08-08,12497,760,1,5,0.0010254319640807807
2025-08-22,603237,test,-0.0027496142,0.003247738,2022-06-30,2025-08-08,12497,760,1,5,0.0010254319640807807
2025-08-22,603335,test,-0.07871414,-0.00046052318,2022-06-30,2025-08-08,12497,760,1,5,0.0010254319640807807
2025-08-22,603341,test,-0.0008545423,-0.009096726,2022-06-30,2025-08-08,12497,760,1,5,0.0010254319640807807
2025-08-22,603658,test,-0.027580967,0.0018776655,2022-06-30,2025-08-08,12497,760,1,5,0.0010254319640807807
2025-08-22,605090,test,-0.0098468475,0.0019779084,2022-06-30,2025-08-08,12497,760,1,5,0.0010254319640807807
2025-08-22,605589,test,0.0525531,0.0024651047,2022-06-30,2025-08-08,12497,760,1,5,0.0010254319640807807
2025-08-22,688031,test,0.07462234,-0.011370822,2022-06-30,2025-08-08,12497,760,1,5,0.0010254319640807807
2025-08-22,688045,test,0.06189499,-0.011428266,2022-06-30,2025-08-08,12497,760,1,5,0.0010254319640807807
2025-08-22,688133,test,-0.07575884,-0.0023760283,2022-06-30,2025-08-08,12497,760,1,5,0.0010254319640807807
2025-08-22,688147,test,0.09424199,-0.010774587,2022-06-30,2025-08-08,12497,760,1,5,0.0010254319640807807
2025-08-22,688528,test,-0.07944611,0.0012784759,2022-06-30,2025-08-08,12497,760,1,5,0.0010254319640807807
2025-08-25,600025,test,-0.026343873,0.0044358736,2022-06-30,2025-08-08,12497,760,1,5,0.0010254319640807807
2025-08-25,600051,test,-0.057399165,0.006317624,2022-06-30,2025-08-08,12497,760,1,5,0.0010254319640807807
2025-08-25,600127,test,-0.0035326711,0.009054543,2022-06-30,2025-08-08,12497,760,1,5,0.0010254319640807807
2025-08-25,600153,test,-0.05004284,0.0067889458,2022-06-30,2025-08-08,12497,760,1,5,0.0010254319640807807
2025-08-25,600548,test,-0.005324767,0.0036140531,2022-06-30,2025-08-08,12497,760,1,5,0.0010254319640807807
2025-08-25,600865,test,0.043637786,0.008998938,2022-06-30,2025-08-08,12497,760,1,5,0.0010254319640807807
2025-08-25,600967,test,-0.010840917,-0.013885061,2022-06-30,2025-08-08,12497,760,1,5,0.0010254319640807807
2025-08-25,601222,test,0.033107057,0.0049104085,2022-06-30,2025-08-08,12497,760,1,5,0.0010254319640807807
2025-08-25,603237,test,-0.0016573308,0.005022741,2022-06-30,2025-08-08,12497,760,1,5,0.0010254319640807807
2025-08-25,603335,test,-0.04844484,0.00058698375,2022-06-30,2025-08-08,12497,760,1,5,0.0010254319640807807
2025-08-25,603341,test,0.010793039,-0.0044076955,2022-06-30,2025-08-08,12497,760,1,5,0.0010254319640807807
2025-08-25,603658,test,-0.014639065,0.0038178312,2022-06-30,2025-08-08,12497,760,1,5,0.0010254319640807807
2025-08-25,605090,test,0.04129435,-0.00034207758,2022-06-30,2025-08-08,12497,760,1,5,0.0010254319640807807
2025-08-25,605589,test,0.03986345,0.00214577,2022-06-30,2025-08-08,12497,760,1,5,0.0010254319640807807
2025-08-25,688031,test,0.07003468,-0.007789756,2022-06-30,2025-08-08,12497,760,1,5,0.0010254319640807807
2025-08-25,688045,test,0.022107758,-0.016851973,2022-06-30,2025-08-08,12497,760,1,5,0.0010254319640807807
2025-08-25,688133,test,-0.14511652,-0.0082935495,2022-06-30,2025-08-08,12497,760,1,5,0.0010254319640807807
2025-08-25,688147,test,0.1612651,-0.0067270407,2022-06-30,2025-08-08,12497,760,1,5,0.0010254319640807807
2025-08-25,688528,test,-0.058761228,0.003371545,2022-06-30,2025-08-08,12497,760,1,5,0.0010254319640807807
2025-08-26,600025,test,0.04318571,0.0025395323,2022-06-30,2025-08-08,12497,760,1,5,0.0010254319640807807
2025-08-26,600051,test,-0.047706563,0.006519419,2022-06-30,2025-08-08,12497,760,1,5,0.0010254319640807807
2025-08-26,600127,test,0.004854118,0.009508239,2022-06-30,2025-08-08,12497,760,1,5,0.0010254319640807807
2025-08-26,600153,test,-0.059123054,0.006553281,2022-06-30,2025-08-08,12497,760,1,5,0.0010254319640807807
2025-08-26,600548,test,0.024449842,0.0053672227,2022-06-30,2025-08-08,12497,760,1,5,0.0010254319640807807
2025-08-26,600865,test,0.09365888,0.009668713,2022-06-30,2025-08-08,12497,760,1,5,0.0010254319640807807
2025-08-26,600967,test,0.00014291807,-0.01670264,2022-06-30,2025-08-08,12497,760,1,5,0.0010254319640807807
2025-08-26,601222,test,-0.009039383,0.0012759296,2022-06-30,2025-08-08,12497,760,1,5,0.0010254319640807807
2025-08-26,603237,test,0.007670676,0.0068012066,2022-06-30,2025-08-08,12497,760,1,5,0.0010254319640807807
2025-08-26,603335,test,-0.039625213,-4.2365864e-06,2022-06-30,2025-08-08,12497,760,1,5,0.0010254319640807807
2025-08-26,603341,test,-0.04194274,-0.0012916783,2022-06-30,2025-08-08,12497,760,1,5,0.0010254319640807807
2025-08-26,603658,test,0.0023481366,0.0053976635,2022-06-30,2025-08-08,12497,760,1,5,0.0010254319640807807
2025-08-26,605090,test,0.017221697,-0.0028173542,2022-06-30,2025-08-08,12497,760,1,5,0.0010254319640807807
2025-08-26,605589,test,0.01857308,0.0048383707,2022-06-30,2025-08-08,12497,760,1,5,0.0010254319640807807
2025-08-26,688031,test,0.09105566,-0.0056527993,2022-06-30,2025-08-08,12497,760,1,5,0.0010254319640807807
2025-08-26,688045,test,-0.00041791037,-0.01444398,2022-06-30,2025-08-08,12497,760,1,5,0.0010254319640807807
2025-08-26,688133,test,-0.11508915,-0.005734547,2022-06-30,2025-08-08,12497,760,1,5,0.0010254319640807807
2025-08-26,688147,test,0.058017064,-0.0056542074,2022-06-30,2025-08-08,12497,760,1,5,0.0010254319640807807
2025-08-26,688528,test,-0.048233774,0.0019140141,2022-06-30,2025-08-08,12497,760,1,5,0.0010254319640807807
2025-08-27,600025,test,0.030475924,0.0044347756,2022-06-30,2025-08-08,12497,760,1,5,0.0010254319640807807
2025-08-27,600051,test,-0.023900732,0.0062652025,2022-06-30,2025-08-08,12497,760,1,5,0.0010254319640807807
2025-08-27,600127,test,0.007651388,0.009997642,2022-06-30,2025-08-08,12497,760,1,5,0.0010254319640807807
2025-08-27,600153,test,-0.06621163,0.0066214446,2022-06-30,2025-08-08,12497,760,1,5,0.0010254319640807807
2025-08-27,600548,test,0.03810951,0.0061531183,2022-06-30,2025-08-08,12497,760,1,5,0.0010254319640807807
2025-08-27,600865,test,0.07588133,0.0084964475,2022-06-30,2025-08-08,12497,760,1,5,0.0010254319640807807
2025-08-27,600967,test,-0.050055414,-0.018325455,2022-06-30,2025-08-08,12497,760,1,5,0.0010254319640807807
2025-08-27,601222,test,0.00878033,0.0027844375,2022-06-30,2025-08-08,12497,760,1,5,0.0010254319640807807
2025-08-27,603237,test,0.00533626,0.006949605,2022-06-30,2025-08-08,12497,760,1,5,0.0010254319640807807
2025-08-27,603335,test,-0.0028574087,-0.0016062418,2022-06-30,2025-08-08,12497,760,1,5,0.0010254319640807807
2025-08-27,603341,test,-0.036414456,0.0018563829,2022-06-30,2025-08-08,12497,760,1,5,0.0010254319640807807
2025-08-27,603658,test,0.026086751,0.0050179474,2022-06-30,2025-08-08,12497,760,1,5,0.0010254319640807807
2025-08-27,605090,test,0.10566119,-0.0018720794,2022-06-30,2025-08-08,12497,760,1,5,0.0010254319640807807
2025-08-27,605589,test,0.022856876,0.0059599583,2022-06-30,2025-08-08,12497,760,1,5,0.0010254319640807807
2025-08-27,688031,test,0.033149246,-0.0069235032,2022-06-30,2025-08-08,12497,760,1,5,0.0010254319640807807
2025-08-27,688045,test,-0.07880243,-0.025808573,2022-06-30,2025-08-08,12497,760,1,5,0.0010254319640807807
2025-08-27,688133,test,-0.08996725,-0.0033312486,2022-06-30,2025-08-08,12497,760,1,5,0.0010254319640807807
2025-08-27,688147,test,0.010897611,-0.0070225177,2022-06-30,2025-08-08,12497,760,1,5,0.0010254319640807807
2025-08-27,688528,test,-0.0166771,-0.0021801973,2022-06-30,2025-08-08,12497,760,1,5,0.0010254319640807807
2025-08-28,600025,test,0.05455788,0.005214098,2022-06-30,2025-08-08,12497,760,1,5,0.0010254319640807807
2025-08-28,600051,test,0.016484218,0.007486869,2022-06-30,2025-08-08,12497,760,1,5,0.0010254319640807807
2025-08-28,600127,test,0.019566437,0.010375791,2022-06-30,2025-08-08,12497,760,1,5,0.0010254319640807807
2025-08-28,600153,test,-0.06279292,0.0040165903,2022-06-30,2025-08-08,12497,760,1,5,0.0010254319640807807
2025-08-28,600548,test,0.04770642,0.0056554982,2022-06-30,2025-08-08,12497,760,1,5,0.0010254319640807807
2025-08-28,600865,test,0.18102157,0.0077109346,2022-06-30,2025-08-08,12497,760,1,5,0.0010254319640807807
2025-08-28,600967,test,-0.12926772,-0.018351644,2022-06-30,2025-08-08,12497,760,1,5,0.0010254319640807807
2025-08-28,601222,test,0.06357955,0.0036112405,2022-06-30,2025-08-08,12497,760,1,5,0.0010254319640807807
2025-08-28,603237,test,0.081277534,0.0064656264,2022-06-30,2025-08-08,12497,760,1,5,0.0010254319640807807
2025-08-28,603335,test,0.026259674,-0.0014360193,2022-06-30,2025-08-08,12497,760,1,5,0.0010254319640807807
2025-08-28,603341,test,-0.06468891,0.0031915912,2022-06-30,2025-08-08,12497,760,1,5,0.0010254319640807807
2025-08-28,603658,test,0.026402611,0.0047880793,2022-06-30,2025-08-08,12497,760,1,5,0.0010254319640807807
2025-08-28,605090,test,0.09218436,0.0002644919,2022-06-30,2025-08-08,12497,760,1,5,0.0010254319640807807
2025-08-28,605589,test,-0.028109953,0.0048926184,2022-06-30,2025-08-08,12497,760,1,5,0.0010254319640807807
2025-08-28,688031,test,-0.061168786,-0.0092803305,2022-06-30,2025-08-08,12497,760,1,5,0.0010254319640807807
2025-08-28,688045,test,-0.0962754,-0.025638498,2022-06-30,2025-08-08,12497,760,1,5,0.0010254319640807807
2025-08-28,688133,test,-0.06452235,-0.0030549718,2022-06-30,2025-08-08,12497,760,1,5,0.0010254319640807807
2025-08-28,688147,test,-0.11609808,-0.014958399,2022-06-30,2025-08-08,12497,760,1,5,0.0010254319640807807
2025-08-28,688528,test,0.01388386,-0.0022376133,2022-06-30,2025-08-08,12497,760,1,5,0.0010254319640807807
2025-08-29,600025,test,0.043448847,0.0033684252,2022-06-30,2025-08-08,12497,760,1,5,0.0010254319640807807
2025-08-29,600051,test,0.0119561795,0.008744439,2022-06-30,2025-08-08,12497,760,1,5,0.0010254319640807807
2025-08-29,600127,test,-0.0011438685,0.008839916,2022-06-30,2025-08-08,12497,760,1,5,0.0010254319640807807
2025-08-29,600153,test,-0.086872585,0.0036519533,2022-06-30,2025-08-08,12497,760,1,5,0.0010254319640807807
2025-08-29,600548,test,0.019630447,0.005354492,2022-06-30,2025-08-08,12497,760,1,5,0.0010254319640807807
2025-08-29,600865,test,0.13393871,0.006506339,2022-06-30,2025-08-08,12497,760,1,5,0.0010254319640807807
2025-08-29,600967,test,-0.2160393,-0.025732502,2022-06-30,2025-08-08,12497,760,1,5,0.0010254319640807807
2025-08-29,601222,test,0.07099019,0.0051196143,2022-06-30,2025-08-08,12497,760,1,5,0.0010254319640807807
2025-08-29,603237,test,0.06438422,0.0043056784,2022-06-30,2025-08-08,12497,760,1,5,0.0010254319640807807
2025-08-29,603335,test,0.052006826,8.354895e-06,2022-06-30,2025-08-08,12497,760,1,5,0.0010254319640807807
2025-08-29,603341,test,-0.053055,0.0032251207,2022-06-30,2025-08-08,12497,760,1,5,0.0010254319640807807
2025-08-29,603658,test,0.021026045,0.0059622983,2022-06-30,2025-08-08,12497,760,1,5,0.0010254319640807807
2025-08-29,605090,test,0.14807007,0.0013207374,2022-06-30,2025-08-08,12497,760,1,5,0.0010254319640807807
2025-08-29,605589,test,-0.041925088,0.0025735283,2022-06-30,2025-08-08,12497,760,1,5,0.0010254319640807807
2025-08-29,688031,test,-0.08706184,-0.012753139,2022-06-30,2025-08-08,12497,760,1,5,0.0010254319640807807
2025-08-29,688045,test,-0.026068553,-0.014519182,2022-06-30,2025-08-08,12497,760,1,5,0.0010254319640807807
2025-08-29,688133,test,-0.025517307,-0.0032453155,2022-06-30,2025-08-08,12497,760,1,5,0.0010254319640807807
2025-08-29,688147,test,-0.07237105,-0.014215692,2022-06-30,2025-08-08,12497,760,1,5,0.0010254319640807807
2025-08-29,688528,test,0.044603046,-0.0013409434,2022-06-30,2025-08-08,12497,760,1,5,0.0010254319640807807
2025-09-01,600025,test,0.054694057,0.0044683935,2022-06-30,2025-08-08,12497,760,1,5,0.0010254319640807807
2025-09-01,600051,test,0.021258002,0.008846457,2022-06-30,2025-08-08,12497,760,1,5,0.0010254319640807807
2025-09-01,600127,test,-0.0011253521,0.008873604,2022-06-30,2025-08-08,12497,760,1,5,0.0010254319640807807
2025-09-01,600153,test,-0.03075767,-0.00050238986,2022-06-30,2025-08-08,12497,760,1,5,0.0010254319640807807
2025-09-01,600548,test,0.006024083,0.005718096,2022-06-30,2025-08-08,12497,760,1,5,0.0010254319640807807
2025-09-01,600865,test,0.040237464,0.002844234,2022-06-30,2025-08-08,12497,760,1,5,0.0010254319640807807
2025-09-01,600967,test,-0.23120704,-0.024734166,2022-06-30,2025-08-08,12497,760,1,5,0.0010254319640807807
2025-09-01,601222,test,0.03973871,0.00423749,2022-06-30,2025-08-08,12497,760,1,5,0.0010254319640807807
2025-09-01,603237,test,0.046274077,0.00508222,2022-06-30,2025-08-08,12497,760,1,5,0.0010254319640807807
2025-09-01,603335,test,0.035504684,0.0010807058,2022-06-30,2025-08-08,12497,760,1,5,0.0010254319640807807
2025-09-01,603341,test,-0.033165466,0.002551739,2022-06-30,2025-08-08,12497,760,1,5,0.0010254319640807807
2025-09-01,603658,test,0.032172155,0.0060790377,2022-06-30,2025-08-08,12497,760,1,5,0.0010254319640807807
2025-09-01,605090,test,0.091673285,0.00035746116,2022-06-30,2025-08-08,12497,760,1,5,0.0010254319640807807
2025-09-01,605589,test,-0.02781397,0.0030553574,2022-06-30,2025-08-08,12497,760,1,5,0.0010254319640807807
2025-09-01,688031,test,-0.08197106,-0.010285501,2022-06-30,2025-08-08,12497,760,1,5,0.0010254319640807807
2025-09-01,688045,test,-0.056359798,-0.0084367385,2022-06-30,2025-08-08,12497,760,1,5,0.0010254319640807807
2025-09-01,688133,test,0.0026932037,0.00037754234,2022-06-30,2025-08-08,12497,760,1,5,0.0010254319640807807
2025-09-01,688147,test,0.0375131,-0.015522097,2022-06-30,2025-08-08,12497,760,1,5,0.0010254319640807807
2025-09-01,688528,test,0.054617535,-0.00038491283,2022-06-30,2025-08-08,12497,760,1,5,0.0010254319640807807
2025-09-02,600025,test,0.010498349,0.0024647275,2022-06-30,2025-08-08,12497,760,1,5,0.0010254319640807807
2025-09-02,600051,test,0.013102318,0.009283831,2022-06-30,2025-08-08,12497,760,1,5,0.0010254319640807807
2025-09-02,600127,test,-0.013567135,0.008081114,2022-06-30,2025-08-08,12497,760,1,5,0.0010254319640807807
2025-09-02,600153,test,0.014933517,-0.0007576179,2022-06-30,2025-08-08,12497,760,1,5,0.0010254319640807807
2025-09-02,600548,test,-0.008230041,0.006548779,2022-06-30,2025-08-08,12497,760,1,5,0.0010254319640807807
2025-09-02,600865,test,0.06622592,-0.003093454,2022-06-30,2025-08-08,12497,760,1,5,0.0010254319640807807
2025-09-02,600967,test,-0.23795272,-0.02280315,2022-06-30,2025-08-08,12497,760,1,5,0.0010254319640807807
2025-09-02,601222,test,0.05930182,0.0043398878,2022-06-30,2025-08-08,12497,760,1,5,0.0010254319640807807
2025-09-02,603237,test,0.04407056,0.006872331,2022-06-30,2025-08-08,12497,760,1,5,0.0010254319640807807
2025-09-02,603335,test,0.043842085,0.0019164262,2022-06-30,2025-08-08,12497,760,1,5,0.0010254319640807807
2025-09-02,603341,test,0.014073659,-9.819027e-05,2022-06-30,2025-08-08,12497,760,1,5,0.0010254319640807807
2025-09-02,603658,test,0.024072507,0.0067951796,2022-06-30,2025-08-08,12497,760,1,5,0.0010254319640807807
2025-09-02,605090,test,0.057271082,0.00014608819,2022-06-30,2025-08-08,12497,760,1,5,0.0010254319640807807
2025-09-02,605589,test,-0.023350218,0.0025607133,2022-06-30,2025-08-08,12497,760,1,5,0.0010254319640807807
2025-09-02,688031,test,-0.16547175,-0.010773226,2022-06-30,2025-08-08,12497,760,1,5,0.0010254319640807807
2025-09-02,688045,test,-0.029498842,-0.0026714643,2022-06-30,2025-08-08,12497,760,1,5,0.0010254319640807807
2025-09-02,688133,test,-0.02895263,0.0011896333,2022-06-30,2025-08-08,12497,760,1,5,0.0010254319640807807
2025-09-02,688147,test,0.12153539,-0.01229163,2022-06-30,2025-08-08,12497,760,1,5,0.0010254319640807807
2025-09-02,688528,test,0.038096126,0.00015918631,2022-06-30,2025-08-08,12497,760,1,5,0.0010254319640807807
2025-09-03,600025,test,0.00094145816,0.0027907537,2022-06-30,2025-08-08,12497,760,1,5,0.0010254319640807807
2025-09-03,600051,test,0.0154137965,0.009851026,2022-06-30,2025-08-08,12497,760,1,5,0.0010254319640807807
2025-09-03,600127,test,-0.01942,0.0064169397,2022-06-30,2025-08-08,12497,760,1,5,0.0010254319640807807
2025-09-03,600153,test,-0.008411051,-0.0016513541,2022-06-30,2025-08-08,12497,760,1,5,0.0010254319640807807
2025-09-03,600548,test,-0.04893366,0.005071922,2022-06-30,2025-08-08,12497,760,1,5,0.0010254319640807807
2025-09-03,600865,test,0.09883572,-0.00693041,2022-06-30,2025-08-08,12497,760,1,5,0.0010254319640807807
2025-09-03,600967,test,-0.17424361,-0.017320897,2022-06-30,2025-08-08,12497,760,1,5,0.0010254319640807807
2025-09-03,601222,test,0.017388145,0.0045736087,2022-06-30,2025-08-08,12497,760,1,5,0.0010254319640807807
2025-09-03,603237,test,0.072734855,0.0050417865,2022-06-30,2025-08-08,12497,760,1,5,0.0010254319640807807
2025-09-03,603335,test,0.10658643,0.003401869,2022-06-30,2025-08-08,12497,760,1,5,0.0010254319640807807
2025-09-03,603341,test,-0.015189888,-0.0012613358,2022-06-30,2025-08-08,12497,760,1,5,0.0010254319640807807
2025-09-03,603658,test,-0.013503353,0.005771312,2022-06-30,2025-08-08,12497,760,1,5,0.0010254319640807807
2025-09-03,605090,test,0.0186378,-0.0019364068,2022-06-30,2025-08-08,12497,760,1,5,0.0010254319640807807
2025-09-03,605589,test,-0.032617062,0.0037540933,2022-06-30,2025-08-08,12497,760,1,5,0.0010254319640807807
2025-09-03,688031,test,-0.1164432,-0.008989177,2022-06-30,2025-08-08,12497,760,1,5,0.0010254319640807807
2025-09-03,688045,test,-0.05558349,-0.0015547462,2022-06-30,2025-08-08,12497,760,1,5,0.0010254319640807807
2025-09-03,688133,test,-0.02363406,0.0045914585,2022-06-30,2025-08-08,12497,760,1,5,0.0010254319640807807
2025-09-03,688147,test,0.12707034,-0.008071673,2022-06-30,2025-08-08,12497,760,1,5,0.0010254319640807807
2025-09-03,688528,test,0.05037084,0.003040637,2022-06-30,2025-08-08,12497,760,1,5,0.0010254319640807807
2025-09-04,600025,test,-0.030313382,0.0028538145,2022-06-30,2025-08-08,12497,760,1,5,0.0010254319640807807
2025-09-04,600051,test,-0.017666316,0.009644419,2022-06-30,2025-08-08,12497,760,1,5,0.0010254319640807807
2025-09-04,600127,test,-0.038078517,0.005871358,2022-06-30,2025-08-08,12497,760,1,5,0.0010254319640807807
2025-09-04,600153,test,-0.040526874,-0.0012531755,2022-06-30,2025-08-08,12497,760,1,5,0.0010254319640807807
2025-09-04,600548,test,-0.08506469,0.0067899306,2022-06-30,2025-08-08,12497,760,1,5,0.0010254319640807807
2025-09-04,600865,test,-0.044427298,-0.020290118,2022-06-30,2025-08-08,12497,760,1,5,0.0010254319640807807
2025-09-04,600967,test,-0.082979985,-0.009485769,2022-06-30,2025-08-08,12497,760,1,5,0.0010254319640807807
2025-09-04,601222,test,-0.028843682,0.002436474,2022-06-30,2025-08-08,12497,760,1,5,0.0010254319640807807
2025-09-04,603237,test,-0.021212557,-0.00062972214,2022-06-30,2025-08-08,12497,760,1,5,0.0010254319640807807
2025-09-04,603335,test,0.03696217,0.004797793,2022-06-30,2025-08-08,12497,760,1,5,0.0010254319640807807
2025-09-04,603341,test,0.061881375,-0.0028790934,2022-06-30,2025-08-08,12497,760,1,5,0.0010254319640807807
2025-09-04,603658,test,-0.010901488,0.0053120116,2022-06-30,2025-08-08,12497,760,1,5,0.0010254319640807807
2025-09-04,605090,test,0.010942758,-0.0014611064,2022-06-30,2025-08-08,12497,760,1,5,0.0010254319640807807
2025-09-04,605589,test,0.030254744,0.0042353068,2022-06-30,2025-08-08,12497,760,1,5,0.0010254319640807807
2025-09-04,688031,test,0.09187659,-0.004712994,2022-06-30,2025-08-08,12497,760,1,5,0.0010254319640807807
2025-09-04,688045,test,0.0076050493,-0.0038160188,2022-06-30,2025-08-08,12497,760,1,5,0.0010254319640807807
2025-09-04,688133,test,-0.015834743,0.008469917,2022-06-30,2025-08-08,12497,760,1,5,0.0010254319640807807
2025-09-04,688147,test,0.15809952,-0.0044738045,2022-06-30,2025-08-08,12497,760,1,5,0.0010254319640807807
2025-09-04,688528,test,0.018227324,0.0043437975,2022-06-30,2025-08-08,12497,760,1,5,0.0010254319640807807
2025-09-05,600025,test,-0.018053928,0.004400558,2022-06-30,2025-08-08,12497,760,1,5,0.0010254319640807807
2025-09-05,600051,test,-0.008706585,0.009717552,2022-06-30,2025-08-08,12497,760,1,5,0.0010254319640807807
2025-09-05,600127,test,-0.02663762,0.0056926887,2022-06-30,2025-08-08,12497,760,1,5,0.0010254319640807807
2025-09-05,600153,test,-0.008010168,6.3823536e-05,2022-06-30,2025-08-08,12497,760,1,5,0.0010254319640807807
2025-09-05,600548,test,-0.07299524,0.0072722654,2022-06-30,2025-08-08,12497,760,1,5,0.0010254319640807807
2025-09-05,600865,test,-0.028562548,-0.019779947,2022-06-30,2025-08-08,12497,760,1,5,0.0010254319640807807
2025-09-05,600967,test,-0.016438741,-0.0069285585,2022-06-30,2025-08-08,12497,760,1,5,0.0010254319640807807
2025-09-05,601222,test,-0.028263107,0.001458942,2022-06-30,2025-08-08,12497,760,1,5,0.0010254319640807807
2025-09-05,603237,test,-0.016902627,0.0007137805,2022-06-30,2025-08-08,12497,760,1,5,0.0010254319640807807
2025-09-05,603335,test,0.018727273,0.0057916166,2022-06-30,2025-08-08,12497,760,1,5,0.0010254319640807807
2025-09-05,603341,test,0.08527056,-0.0048542293,2022-06-30,2025-08-08,12497,760,1,5,0.0010254319640807807
2025-09-05,603658,test,-0.01233429,0.0056767855,2022-06-30,2025-08-08,12497,760,1,5,0.0010254319640807807
2025-09-05,605090,test,-0.045036767,-0.009017949,2022-06-30,2025-08-08,12497,760,1,5,0.0010254319640807807
2025-09-05,605589,test,0.01271722,0.004798039,2022-06-30,2025-08-08,12497,760,1,5,0.0010254319640807807
2025-09-05,688031,test,0.043336466,-0.004094043,2022-06-30,2025-08-08,12497,760,1,5,0.0010254319640807807
2025-09-05,688045,test,-0.0004983638,-0.006387136,2022-06-30,2025-08-08,12497,760,1,5,0.0010254319640807807
2025-09-05,688133,test,-0.027841471,0.010184543,2022-06-30,2025-08-08,12497,760,1,5,0.0010254319640807807
2025-09-05,688147,test,0.12722856,-0.007502052,2022-06-30,2025-08-08,12497,760,1,5,0.0010254319640807807
2025-09-05,688528,test,0.023001371,0.0056360886,2022-06-30,2025-08-08,12497,760,1,5,0.0010254319640807807
2025-09-08,600025,test,-0.027549315,0.0020329952,2022-08-01,2025-09-05,12597,760,2,6,0.001263959410910805
2025-09-08,600051,test,-0.016048716,0.003494978,2022-08-01,2025-09-05,12597,760,2,6,0.001263959410910805
2025-09-08,600127,test,-0.0034209893,0.0034911036,2022-08-01,2025-09-05,12597,760,2,6,0.001263959410910805
2025-09-08,600153,test,0.013009324,-0.0029596984,2022-08-01,2025-09-05,12597,760,2,6,0.001263959410910805
2025-09-08,600548,test,-0.061016224,0.004527509,2022-08-01,2025-09-05,12597,760,2,6,0.001263959410910805
2025-09-08,600865,test,-0.005680595,-0.007245332,2022-08-01,2025-09-05,12597,760,2,6,0.001263959410910805
2025-09-08,600967,test,0.0023848368,0.01780796,2022-08-01,2025-09-05,12597,760,2,6,0.001263959410910805
2025-09-08,601222,test,-0.021868346,-0.0006777197,2022-08-01,2025-09-05,12597,760,2,6,0.001263959410910805
2025-09-08,603237,test,-0.01117508,-0.001779601,2022-08-01,2025-09-05,12597,760,2,6,0.001263959410910805
2025-09-08,603335,test,0.11920896,0.005364582,2022-08-01,2025-09-05,12597,760,2,6,0.001263959410910805
2025-09-08,603341,test,0.011707825,-0.008688763,2022-08-01,2025-09-05,12597,760,2,6,0.001263959410910805
2025-09-08,603658,test,-0.041325327,-0.0036875606,2022-08-01,2025-09-05,12597,760,2,6,0.001263959410910805
2025-09-08,605090,test,0.0005039491,-0.007930711,2022-08-01,2025-09-05,12597,760,2,6,0.001263959410910805
2025-09-08,605589,test,-0.020919574,-0.00054588914,2022-08-01,2025-09-05,12597,760,2,6,0.001263959410910805
2025-09-08,688031,test,0.03687741,0.000609383,2022-08-01,2025-09-05,12597,760,2,6,0.001263959410910805
2025-09-08,688045,test,0.025991509,-0.0042566955,2022-08-01,2025-09-05,12597,760,2,6,0.001263959410910805
2025-09-08,688133,test,-0.035517514,0.007073432,2022-08-01,2025-09-05,12597,760,2,6,0.001263959410910805
2025-09-08,688147,test,0.030587696,-0.022443533,2022-08-01,2025-09-05,12597,760,2,6,0.001263959410910805
2025-09-08,688528,test,0.0042501683,0.0045630634,2022-08-01,2025-09-05,12597,760,2,6,0.001263959410910805
2025-09-09,600025,test,-0.04358477,0.004564911,2022-08-01,2025-09-05,12597,760,2,6,0.001263959410910805
2025-09-09,600051,test,-0.014354737,0.0036681294,2022-08-01,2025-09-05,12597,760,2,6,0.001263959410910805
2025-09-09,600127,test,-0.013518238,0.0027396977,2022-08-01,2025-09-05,12597,760,2,6,0.001263959410910805
2025-09-09,600153,test,-0.007552015,-0.006075084,2022-08-01,2025-09-05,12597,760,2,6,0.001263959410910805
2025-09-09,600548,test,-0.0770278,0.004692614,2022-08-01,2025-09-05,12597,760,2,6,0.001263959410910805
2025-09-09,600865,test,-0.08339666,-0.012175322,2022-08-01,2025-09-05,12597,760,2,6,0.001263959410910805
2025-09-09,600967,test,-0.0016527127,0.017949536,2022-08-01,2025-09-05,12597,760,2,6,0.001263959410910805
2025-09-09,601222,test,-0.052150577,-0.0021061897,2022-08-01,2025-09-05,12597,760,2,6,0.001263959410910805
2025-09-09,603237,test,-0.035146642,-0.0020157397,2022-08-01,2025-09-05,12597,760,2,6,0.001263959410910805
2025-09-09,603335,test,0.10146063,0.0037317276,2022-08-01,2025-09-05,12597,760,2,6,0.001263959410910805
2025-09-09,603341,test,0.08072654,-0.007673174,2022-08-01,2025-09-05,12597,760,2,6,0.001263959410910805
2025-09-09,603658,test,-0.05224066,-0.0029418766,2022-08-01,2025-09-05,12597,760,2,6,0.001263959410910805
2025-09-09,605090,test,-0.0067925267,-0.0045279562,2022-08-01,2025-09-05,12597,760,2,6,0.001263959410910805
2025-09-09,605589,test,-0.014702528,0.0014261454,2022-08-01,2025-09-05,12597,760,2,6,0.001263959410910805
2025-09-09,688031,test,0.15529123,0.0010771751,2022-08-01,2025-09-05,12597,760,2,6,0.001263959410910805
2025-09-09,688045,test,0.05981723,-0.003295526,2022-08-01,2025-09-05,12597,760,2,6,0.001263959410910805
2025-09-09,688133,test,-0.008232287,0.0065611005,2022-08-01,2025-09-05,12597,760,2,6,0.001263959410910805
2025-09-09,688147,test,0.0040658726,-0.030639641,2022-08-01,2025-09-05,12597,760,2,6,0.001263959410910805
2025-09-09,688528,test,0.008990644,0.003622204,2022-08-01,2025-09-05,12597,760,2,6,0.001263959410910805
2025-09-10,600025,test,-0.04105885,0.005430132,2022-08-01,2025-09-05,12597,760,2,6,0.001263959410910805
2025-09-10,600051,test,-0.024533644,0.0032981336,2022-08-01,2025-09-05,12597,760,2,6,0.001263959410910805
2025-09-10,600127,test,-0.01852079,0.0023771226,2022-08-01,2025-09-05,12597,760,2,6,0.001263959410910805
2025-09-10,600153,test,0.012731952,-0.005598113,2022-08-01,2025-09-05,12597,760,2,6,0.001263959410910805
2025-09-10,600548,test,-0.05438716,0.0014893115,2022-08-01,2025-09-05,12597,760,2,6,0.001263959410910805
2025-09-10,600865,test,-0.10266604,-0.011824697,2022-08-01,2025-09-05,12597,760,2,6,0.001263959410910805
2025-09-10,600967,test,0.005131681,0.016660213,2022-08-01,2025-09-05,12597,760,2,6,0.001263959410910805
2025-09-10,601222,test,-0.028865188,-0.0003129542,2022-08-01,2025-09-05,12597,760,2,6,0.001263959410910805
2025-09-10,603237,test,-0.07368,-0.0061264187,2022-08-01,2025-09-05,12597,760,2,6,0.001263959410910805
2025-09-10,603335,test,0.03907918,0.0026141107,2022-08-01,2025-09-05,12597,760,2,6,0.001263959410910805
2025-09-10,603341,test,0.07507334,-0.0068384707,2022-08-01,2025-09-05,12597,760,2,6,0.001263959410910805
2025-09-10,603658,test,-0.036427803,6.881356e-05,2022-08-01,2025-09-05,12597,760,2,6,0.001263959410910805
2025-09-10,605090,test,-0.027549574,-0.0017807335,2022-08-01,2025-09-05,12597,760,2,6,0.001263959410910805
2025-09-10,605589,test,0.016277222,0.001200825,2022-08-01,2025-09-05,12597,760,2,6,0.001263959410910805
2025-09-10,688031,test,0.11300172,0.000618577,2022-08-01,2025-09-05,12597,760,2,6,0.001263959410910805
2025-09-10,688045,test,0.075659454,-0.0035065114,2022-08-01,2025-09-05,12597,760,2,6,0.001263959410910805
2025-09-10,688133,test,-0.021955227,0.0059897006,2022-08-01,2025-09-05,12597,760,2,6,0.001263959410910805
2025-09-10,688147,test,0.057418793,-0.029377915,2022-08-01,2025-09-05,12597,760,2,6,0.001263959410910805
2025-09-10,688528,test,0.035270937,0.0028578937,2022-08-01,2025-09-05,12597,760,2,6,0.001263959410910805
2025-09-11,600025,test,-0.025938325,0.006290704,2022-08-01,2025-09-05,12597,760,2,6,0.001263959410910805
2025-09-11,600051,test,-0.02400242,0.0039654374,2022-08-01,2025-09-05,12597,760,2,6,0.001263959410910805
2025-09-11,600127,test,-0.005631841,0.0022502393,2022-08-01,2025-09-05,12597,760,2,6,0.001263959410910805
2025-09-11,600153,test,0.0044942223,-0.0024237484,2022-08-01,2025-09-05,12597,760,2,6,0.001263959410910805
2025-09-11,600548,test,-0.02300225,0.0005092621,2022-08-01,2025-09-05,12597,760,2,6,0.001263959410910805
2025-09-11,600865,test,-0.0857199,-0.0040575266,2022-08-01,2025-09-05,12597,760,2,6,0.001263959410910805
2025-09-11,600967,test,-0.0056914175,0.01365304,2022-08-01,2025-09-05,12597,760,2,6,0.001263959410910805
2025-09-11,601222,test,-0.01952729,0.002553761,2022-08-01,2025-09-05,12597,760,2,6,0.001263959410910805
2025-09-11,603237,test,-0.016739767,-0.0023927689,2022-08-01,2025-09-05,12597,760,2,6,0.001263959410910805
2025-09-11,603335,test,0.07024969,-0.0007619411,2022-08-01,2025-09-05,12597,760,2,6,0.001263959410910805
2025-09-11,603341,test,0.015854772,-0.0105239,2022-08-01,2025-09-05,12597,760,2,6,0.001263959410910805
2025-09-11,603658,test,-0.027398827,0.001814872,2022-08-01,2025-09-05,12597,760,2,6,0.001263959410910805
2025-09-11,605090,test,-0.025176039,0.0010967851,2022-08-01,2025-09-05,12597,760,2,6,0.001263959410910805
2025-09-11,605589,test,0.0059210393,-0.0022967756,2022-08-01,2025-09-05,12597,760,2,6,0.001263959410910805
2025-09-11,688031,test,0.049175408,-0.0023504943,2022-08-01,2025-09-05,12597,760,2,6,0.001263959410910805
2025-09-11,688045,test,0.032790028,-0.008968264,2022-08-01,2025-09-05,12597,760,2,6,0.001263959410910805
2025-09-11,688133,test,-0.036244556,0.0053937733,2022-08-01,2025-09-05,12597,760,2,6,0.001263959410910805
2025-09-11,688147,test,0.043926228,-0.02774252,2022-08-01,2025-09-05,12597,760,2,6,0.001263959410910805
2025-09-11,688528,test,0.07266124,0.0019770414,2022-08-01,2025-09-05,12597,760,2,6,0.001263959410910805
2025-09-12,600025,test,-0.028273428,0.0056509227,2022-08-01,2025-09-05,12597,760,2,6,0.001263959410910805
2025-09-12,600051,test,-0.030905614,0.0040411353,2022-08-01,2025-09-05,12597,760,2,6,0.001263959410910805
2025-09-12,600127,test,-0.01105172,0.0015020072,2022-08-01,2025-09-05,12597,760,2,6,0.001263959410910805
2025-09-12,600153,test,0.008706688,2.6762486e-05,2022-08-01,2025-09-05,12597,760,2,6,0.001263959410910805
2025-09-12,600548,test,-0.034559313,-0.000106304884,2022-08-01,2025-09-05,12597,760,2,6,0.001263959410910805
2025-09-12,600865,test,-0.05877159,0.00061686337,2022-08-01,2025-09-05,12597,760,2,6,0.001263959410910805
2025-09-12,600967,test,-0.01894921,0.013388783,2022-08-01,2025-09-05,12597,760,2,6,0.001263959410910805
2025-09-12,601222,test,-0.02985549,0.00047165155,2022-08-01,2025-09-05,12597,760,2,6,0.001263959410910805
2025-09-12,603237,test,-0.023087615,0.0009823143,2022-08-01,2025-09-05,12597,760,2,6,0.001263959410910805
2025-09-12,603335,test,0.09430786,-0.0011345744,2022-08-01,2025-09-05,12597,760,2,6,0.001263959410910805
2025-09-12,603341,test,-0.028321473,-0.015878126,2022-08-01,2025-09-05,12597,760,2,6,0.001263959410910805
2025-09-12,603658,test,-0.02544405,0.0024756193,2022-08-01,2025-09-05,12597,760,2,6,0.001263959410910805
2025-09-12,605090,test,0.060587388,0.004413262,2022-08-01,2025-09-05,12597,760,2,6,0.001263959410910805
2025-09-12,605589,test,0.015126997,-0.0025188327,2022-08-01,2025-09-05,12597,760,2,6,0.001263959410910805
2025-09-12,688031,test,0.05726732,-0.0037333965,2022-08-01,2025-09-05,12597,760,2,6,0.001263959410910805
2025-09-12,688045,test,-0.0006493469,-0.014894098,2022-08-01,2025-09-05,12597,760,2,6,0.001263959410910805
2025-09-12,688133,test,-0.039160907,0.005785212,2022-08-01,2025-09-05,12597,760,2,6,0.001263959410910805
2025-09-12,688147,test,0.060725342,-0.023825862,2022-08-01,2025-09-05,12597,760,2,6,0.001263959410910805
2025-09-12,688528,test,0.032308158,0.001190871,2022-08-01,2025-09-05,12597,760,2,6,0.001263959410910805
2025-09-15,600025,test,-0.008411473,0.0047522187,2022-08-01,2025-09-05,12597,760,2,6,0.001263959410910805
2025-09-15,600051,test,-0.029236577,0.004320115,2022-08-01,2025-09-05,12597,760,2,6,0.001263959410910805
2025-09-15,600127,test,-0.025236811,-0.0002462119,2022-08-01,2025-09-05,12597,760,2,6,0.001263959410910805
2025-09-15,600153,test,0.009191267,0.00020955503,2022-08-01,2025-09-05,12597,760,2,6,0.001263959410910805
2025-09-15,600548,test,-0.028615547,-0.0010563433,2022-08-01,2025-09-05,12597,760,2,6,0.001263959410910805
2025-09-15,600865,test,-0.05181034,0.004664451,2022-08-01,2025-09-05,12597,760,2,6,0.001263959410910805
2025-09-15,600967,test,-0.00018248762,0.0099363625,2022-08-01,2025-09-05,12597,760,2,6,0.001263959410910805
2025-09-15,601222,test,-0.020926261,-0.0035437793,2022-08-01,2025-09-05,12597,760,2,6,0.001263959410910805
2025-09-15,603237,test,-0.024091607,0.0038817823,2022-08-01,2025-09-05,12597,760,2,6,0.001263959410910805
2025-09-15,603335,test,-0.005159845,-0.006146699,2022-08-01,2025-09-05,12597,760,2,6,0.001263959410910805
2025-09-15,603341,test,0.015905334,-0.012295201,2022-08-01,2025-09-05,12597,760,2,6,0.001263959410910805
2025-09-15,603658,test,-0.02580904,0.0016652048,2022-08-01,2025-09-05,12597,760,2,6,0.001263959410910805
2025-09-15,605090,test,0.012806156,0.0024063587,2022-08-01,2025-09-05,12597,760,2,6,0.001263959410910805
2025-09-15,605589,test,0.065759055,-0.0008740276,2022-08-01,2025-09-05,12597,760,2,6,0.001263959410910805
2025-09-15,688031,test,0.101898655,-0.005075857,2022-08-01,2025-09-05,12597,760,2,6,0.001263959410910805
2025-09-15,688045,test,0.008972039,-0.020979688,2022-08-01,2025-09-05,12597,760,2,6,0.001263959410910805
2025-09-15,688133,test,-0.016429607,0.007339567,2022-08-01,2025-09-05,12597,760,2,6,0.001263959410910805
2025-09-15,688147,test,-0.0053353393,-0.03200288,2022-08-01,2025-09-05,12597,760,2,6,0.001263959410910805
2025-09-15,688528,test,0.026712429,0.0013740957,2022-08-01,2025-09-05,12597,760,2,6,0.001263959410910805
2025-09-16,600025,test,0.022639513,0.0038161576,2022-08-01,2025-09-05,12597,760,2,6,0.001263959410910805
2025-09-16,600051,test,-0.03542036,0.0031977743,2022-08-01,2025-09-05,12597,760,2,6,0.001263959410910805
2025-09-16,600127,test,-0.020756902,-0.0005683303,2022-08-01,2025-09-05,12597,760,2,6,0.001263959410910805
2025-09-16,600153,test,-0.018336648,-0.0005597472,2022-08-01,2025-09-05,12597,760,2,6,0.001263959410910805
2025-09-16,600548,test,0.0066853575,0.00079129636,2022-08-01,2025-09-05,12597,760,2,6,0.001263959410910805
2025-09-16,600865,test,-0.054266755,0.005944222,2022-08-01,2025-09-05,12597,760,2,6,0.001263959410910805
2025-09-16,600967,test,0.00093330455,0.008148551,2022-08-01,2025-09-05,12597,760,2,6,0.001263959410910805
2025-09-16,601222,test,-0.005779099,-0.0014870763,2022-08-01,2025-09-05,12597,760,2,6,0.001263959410910805
2025-09-16,603237,test,-0.023694368,0.004516691,2022-08-01,2025-09-05,12597,760,2,6,0.001263959410910805
2025-09-16,603335,test,-0.028033495,-0.008718491,2022-08-01,2025-09-05,12597,760,2,6,0.001263959410910805
2025-09-16,603341,test,-0.03548833,-0.014737144,2022-08-01,2025-09-05,12597,760,2,6,0.001263959410910805
2025-09-16,603658,test,-0.01940923,0.0018416047,2022-08-01,2025-09-05,12597,760,2,6,0.001263959410910805
2025-09-16,605090,test,0.06370673,0.00095032156,2022-08-01,2025-09-05,12597,760,2,6,0.001263959410910805
2025-09-16,605589,test,0.05422467,-3.6478043e-05,2022-08-01,2025-09-05,12597,760,2,6,0.001263959410910805
2025-09-16,688031,test,0.054499064,-0.008779034,2022-08-01,2025-09-05,12597,760,2,6,0.001263959410910805
2025-09-16,688045,test,-0.01098633,-0.024564236,2022-08-01,2025-09-05,12597,760,2,6,0.001263959410910805
2025-09-16,688133,test,-0.031190393,0.007516101,2022-08-01,2025-09-05,12597,760,2,6,0.001263959410910805
2025-09-16,688147,test,0.072041854,-0.025222316,2022-08-01,2025-09-05,12597,760,2,6,0.001263959410910805
2025-09-16,688528,test,0.008631412,-0.0009729713,2022-08-01,2025-09-05,12597,760,2,6,0.001263959410910805
2025-09-17,600025,test,0.001864113,0.0012656301,2022-08-01,2025-09-05,12597,760,2,6,0.001263959410910805
2025-09-17,600051,test,-0.034691546,0.0028722286,2022-08-01,2025-09-05,12597,760,2,6,0.001263959410910805
2025-09-17,600127,test,-0.03302836,-0.00053426623,2022-08-01,2025-09-05,12597,760,2,6,0.001263959410910805
2025-09-17,600153,test,-0.029859388,-0.001697123,2022-08-01,2025-09-05,12597,760,2,6,0.001263959410910805
2025-09-17,600548,test,-0.007027228,0.0016020536,2022-08-01,2025-09-05,12597,760,2,6,0.001263959410910805
2025-09-17,600865,test,-0.05874868,0.0064299256,2022-08-01,2025-09-05,12597,760,2,6,0.001263959410910805
2025-09-17,600967,test,-0.029431239,0.007101983,2022-08-01,2025-09-05,12597,760,2,6,0.001263959410910805
2025-09-17,601222,test,-0.016722823,-0.00041387975,2022-08-01,2025-09-05,12597,760,2,6,0.001263959410910805
2025-09-17,603237,test,-0.026613789,0.0048648417,2022-08-01,2025-09-05,12597,760,2,6,0.001263959410910805
2025-09-17,603335,test,-0.0037798274,-0.007018268,2022-08-01,2025-09-05,12597,760,2,6,0.001263959410910805
2025-09-17,603341,test,-0.025911573,-0.0098439455,2022-08-01,2025-09-05,12597,760,2,6,0.001263959410910805
2025-09-17,603658,test,-0.021244776,0.0013051629,2022-08-01,2025-09-05,12597,760,2,6,0.001263959410910805
2025-09-17,605090,test,0.057768125,0.00078317523,2022-08-01,2025-09-05,12597,760,2,6,0.001263959410910805
2025-09-17,605589,test,0.017457994,-0.0042583346,2022-08-01,2025-09-05,12597,760,2,6,0.001263959410910805
2025-09-17,688031,test,0.062462587,-0.007384032,2022-08-01,2025-09-05,12597,760,2,6,0.001263959410910805
2025-09-17,688045,test,0.0066225156,-0.024406642,2022-08-01,2025-09-05,12597,760,2,6,0.001263959410910805
2025-09-17,688133,test,-0.031762544,0.008027852,2022-08-01,2025-09-05,12597,760,2,6,0.001263959410910805
2025-09-17,688147,test,0.17869051,-0.03264594,2022-08-01,2025-09-05,12597,760,2,6,0.001263959410910805
2025-09-17,688528,test,-0.0060440665,-0.0054973364,2022-08-01,2025-09-05,12597,760,2,6,0.001263959410910805
2025-09-18,600025,test,0.009706689,0.00019064546,2022-08-01,2025-09-05,12597,760,2,6,0.001263959410910805
2025-09-18,600051,test,-0.026376624,0.0020627081,2022-08-01,2025-09-05,12597,760,2,6,0.001263959410910805
2025-09-18,600127,test,-0.02925175,-0.0017767847,2022-08-01,2025-09-05,12597,760,2,6,0.001263959410910805
2025-09-18,600153,test,-0.028915675,-0.0016486049,2022-08-01,2025-09-05,12597,760,2,6,0.001263959410910805
2025-09-18,600548,test,-0.0021153956,0.0022747815,2022-08-01,2025-09-05,12597,760,2,6,0.001263959410910805
2025-09-18,600865,test,-0.03610546,0.006155342,2022-08-01,2025-09-05,12597,760,2,6,0.001263959410910805
2025-09-18,600967,test,-0.031593297,0.0061220676,2022-08-01,2025-09-05,12597,760,2,6,0.001263959410910805
2025-09-18,601222,test,-0.0100607,-0.0009535551,2022-08-01,2025-09-05,12597,760,2,6,0.001263959410910805
2025-09-18,603237,test,-0.06042825,-0.0009352714,2022-08-01,2025-09-05,12597,760,2,6,0.001263959410910805
2025-09-18,603335,test,-0.0018333433,0.0008381605,2022-08-01,2025-09-05,12597,760,2,6,0.001263959410910805
2025-09-18,603341,test,0.028881911,-0.0069122165,2022-08-01,2025-09-05,12597,760,2,6,0.001263959410910805
2025-09-18,603658,test,-0.022807674,-0.0010024011,2022-08-01,2025-09-05,12597,760,2,6,0.001263959410910805
2025-09-18,605090,test,0.04910963,-0.003376305,2022-08-01,2025-09-05,12597,760,2,6,0.001263959410910805
2025-09-18,605589,test,-0.0010183252,-0.006361887,2022-08-01,2025-09-05,12597,760,2,6,0.001263959410910805
2025-09-18,688031,test,-0.0042399983,-0.011735797,2022-08-01,2025-09-05,12597,760,2,6,0.001263959410910805
2025-09-18,688045,test,0.0093950415,-0.020400122,2022-08-01,2025-09-05,12597,760,2,6,0.001263959410910805
2025-09-18,688133,test,0.031786826,0.0084714,2022-08-01,2025-09-05,12597,760,2,6,0.001263959410910805
2025-09-18,688147,test,0.15508984,-0.025643378,2022-08-01,2025-09-05,12597,760,2,6,0.001263959410910805
2025-09-18,688528,test,-0.029223446,-0.00864777,2022-08-01,2025-09-05,12597,760,2,6,0.001263959410910805
2025-09-19,600025,test,0.040198777,-0.00044335425,2022-08-01,2025-09-05,12597,760,2,6,0.001263959410910805
2025-09-19,600051,test,-0.0035401937,0.0025001168,2022-08-01,2025-09-05,12597,760,2,6,0.001263959410910805
2025-09-19,600127,test,-0.02570639,-0.0017434657,2022-08-01,2025-09-05,12597,760,2,6,0.001263959410910805
2025-09-19,600153,test,-0.061657377,-0.0018231273,2022-08-01,2025-09-05,12597,760,2,6,0.001263959410910805
2025-09-19,600548,test,0.019431042,0.0030732453,2022-08-01,2025-09-05,12597,760,2,6,0.001263959410910805
2025-09-19,600865,test,-0.024499776,0.0037546456,2022-08-01,2025-09-05,12597,760,2,6,0.001263959410910805
2025-09-19,600967,test,-0.057938408,0.007537842,2022-08-01,2025-09-05,12597,760,2,6,0.001263959410910805
2025-09-19,601222,test,0.008717564,-0.00085657835,2022-08-01,2025-09-05,12597,760,2,6,0.001263959410910805
2025-09-19,603237,test,-0.03237659,-0.0015407801,2022-08-01,2025-09-05,12597,760,2,6,0.001263959410910805
2025-09-19,603335,test,0.089659706,-0.00086160004,2022-08-01,2025-09-05,12597,760,2,6,0.001263959410910805
2025-09-19,603341,test,0.015478808,-0.0033181906,2022-08-01,2025-09-05,12597,760,2,6,0.001263959410910805
2025-09-19,603658,test,-0.019837951,-0.001663819,2022-08-01,2025-09-05,12597,760,2,6,0.001263959410910805
2025-09-19,605090,test,-0.050979048,-0.016334623,2022-08-01,2025-09-05,12597,760,2,6,0.001263959410910805
2025-09-19,605589,test,-0.046095878,-0.0060994327,2022-08-01,2025-09-05,12597,760,2,6,0.001263959410910805
2025-09-19,688031,test,-0.019492071,-0.0096229315,2022-08-01,2025-09-05,12597,760,2,6,0.001263959410910805
2025-09-19,688045,test,0.030794881,-0.014688224,2022-08-01,2025-09-05,12597,760,2,6,0.001263959410910805
2025-09-19,688133,test,0.025770945,0.008730337,2022-08-01,2025-09-05,12597,760,2,6,0.001263959410910805
2025-09-19,688147,test,0.115850255,-0.024323322,2022-08-01,2025-09-05,12597,760,2,6,0.001263959410910805
2025-09-19,688528,test,-0.0037782916,-0.008624852,2022-08-01,2025-09-05,12597,760,2,6,0.001263959410910805
2025-09-22,600025,test,0.024505595,-0.0010192096,2022-08-01,2025-09-05,12597,760,2,6,0.001263959410910805
2025-09-22,600051,test,0.004519644,0.0026723444,2022-08-01,2025-09-05,12597,760,2,6,0.001263959410910805
2025-09-22,600127,test,-0.028787551,-0.0020388067,2022-08-01,2025-09-05,12597,760,2,6,0.001263959410910805
2025-09-22,600153,test,-0.055985473,-0.00026333332,2022-08-01,2025-09-05,12597,760,2,6,0.001263959410910805
2025-09-22,600548,test,0.03426059,0.003612414,2022-08-01,2025-09-05,12597,760,2,6,0.001263959410910805
2025-09-22,600865,test,-0.023796204,0.0015738308,2022-08-01,2025-09-05,12597,760,2,6,0.001263959410910805
2025-09-22,600967,test,-0.06077016,0.00729616,2022-08-01,2025-09-05,12597,760,2,6,0.001263959410910805
2025-09-22,601222,test,-0.0064752437,-0.0017687976,2022-08-01,2025-09-05,12597,760,2,6,0.001263959410910805
2025-09-22,603237,test,-0.023668256,-0.0015884936,2022-08-01,2025-09-05,12597,760,2,6,0.001263959410910805
2025-09-22,603335,test,0.035114013,0.0018199682,2022-08-01,2025-09-05,12597,760,2,6,0.001263959410910805
2025-09-22,603341,test,0.029086085,-0.0027004033,2022-08-01,2025-09-05,12597,760,2,6,0.001263959410910805
2025-09-22,603658,test,-0.024696536,-0.003740877,2022-08-01,2025-09-05,12597,760,2,6,0.001263959410910805
2025-09-22,605090,test,-0.002247111,-0.014246687,2022-08-01,2025-09-05,12597,760,2,6,0.001263959410910805
2025-09-22,605589,test,-0.058227498,-0.010226905,2022-08-01,2025-09-05,12597,760,2,6,0.001263959410910805
2025-09-22,688031,test,-0.05007303,-0.01262027,2022-08-01,2025-09-05,12597,760,2,6,0.001263959410910805
2025-09-22,688045,test,0.0035741234,-0.013257861,2022-08-01,2025-09-05,12597,760,2,6,0.001263959410910805
2025-09-22,688133,test,-0.0019402367,0.008334711,2022-08-01,2025-09-05,12597,760,2,6,0.001263959410910805
2025-09-22,688147,test,0.17496,-0.022678629,2022-08-01,2025-09-05,12597,760,2,6,0.001263959410910805
2025-09-22,688528,test,0.030647252,-0.007794857,2022-08-01,2025-09-05,12597,760,2,6,0.001263959410910805
2025-09-23,600025,test,-0.007173805,-0.0041543543,2022-08-01,2025-09-05,12597,760,2,6,0.001263959410910805
2025-09-23,600051,test,-0.007366855,0.0022099912,2022-08-01,2025-09-05,12597,760,2,6,0.001263959410910805
2025-09-23,600127,test,-0.030296927,-0.002042085,2022-08-01,2025-09-05,12597,760,2,6,0.001263959410910805
2025-09-23,600153,test,-0.04733201,0.0006004721,2022-08-01,2025-09-05,12597,760,2,6,0.001263959410910805
2025-09-23,600548,test,-0.0145242745,0.0019217134,2022-08-01,2025-09-05,12597,760,2,6,0.001263959410910805
2025-09-23,600865,test,-0.027724763,0.002216041,2022-08-01,2025-09-05,12597,760,2,6,0.001263959410910805
2025-09-23,600967,test,-0.034094844,0.0073028803,2022-08-01,2025-09-05,12597,760,2,6,0.001263959410910805
2025-09-23,601222,test,-0.0068433834,-0.004594058,2022-08-01,2025-09-05,12597,760,2,6,0.001263959410910805
2025-09-23,603237,test,-0.038410813,-0.00063245,2022-08-01,2025-09-05,12597,760,2,6,0.001263959410910805
2025-09-23,603335,test,-0.0023869758,0.006611258,2022-08-01,2025-09-05,12597,760,2,6,0.001263959410910805
2025-09-23,603341,test,0.04623257,0.0006032586,2022-08-01,2025-09-05,12597,760,2,6,0.001263959410910805
2025-09-23,603658,test,-0.030577958,-0.005251795,2022-08-01,2025-09-05,12597,760,2,6,0.001263959410910805
2025-09-23,605090,test,0.029794747,-0.013450503,2022-08-01,2025-09-05,12597,760,2,6,0.001263959410910805
2025-09-23,605589,test,0.016224617,-0.009281427,2022-08-01,2025-09-05,12597,760,2,6,0.001263959410910805
2025-09-23,688031,test,-0.041756872,-0.008024812,2022-08-01,2025-09-05,12597,760,2,6,0.001263959410910805
2025-09-23,688045,test,0.01251766,-0.012567088,2022-08-01,2025-09-05,12597,760,2,6,0.001263959410910805
2025-09-23,688133,test,0.03396963,0.008348495,2022-08-01,2025-09-05,12597,760,2,6,0.001263959410910805
2025-09-23,688147,test,0.1521627,-0.02854579,2022-08-01,2025-09-05,12597,760,2,6,0.001263959410910805
2025-09-23,688528,test,-0.0024124477,-0.0067908466,2022-08-01,2025-09-05,12597,760,2,6,0.001263959410910805
2025-09-24,600025,test,0.022243053,-0.0032580197,2022-08-01,2025-09-05,12597,760,2,6,0.001263959410910805
2025-09-24,600051,test,-0.014027565,0.0010375977,2022-08-01,2025-09-05,12597,760,2,6,0.001263959410910805
2025-09-24,600127,test,-0.006756657,-0.0008408427,2022-08-01,2025-09-05,12597,760,2,6,0.001263959410910805
2025-09-24,600153,test,-0.044180006,-0.00011473894,2022-08-01,2025-09-05,12597,760,2,6,0.001263959410910805
2025-09-24,600548,test,-0.010227219,0.0012815893,2022-08-01,2025-09-05,12597,760,2,6,0.001263959410910805
2025-09-24,600865,test,-0.03562451,0.0025282651,2022-08-01,2025-09-05,12597,760,2,6,0.001263959410910805
2025-09-24,600967,test,-0.016544944,0.008542582,2022-08-01,2025-09-05,12597,760,2,6,0.001263959410910805
2025-09-24,601222,test,0.015512639,-0.0052936524,2022-08-01,2025-09-05,12597,760,2,6,0.001263959410910805
2025-09-24,603237,test,-0.042819154,-0.0010842532,2022-08-01,2025-09-05,12597,760,2,6,0.001263959410910805
2025-09-24,603335,test,-0.05015136,0.002477631,2022-08-01,2025-09-05,12597,760,2,6,0.001263959410910805
2025-09-24,603341,test,0.12645975,0.001069203,2022-08-01,2025-09-05,12597,760,2,6,0.001263959410910805
2025-09-24,603658,test,-0.028760558,-0.0049571395,2022-08-01,2025-09-05,12597,760,2,6,0.001263959410910805
2025-09-24,605090,test,0.06232196,-0.010427952,2022-08-01,2025-09-05,12597,760,2,6,0.001263959410910805
2025-09-24,605589,test,0.023773342,-0.006257862,2022-08-01,2025-09-05,12597,760,2,6,0.001263959410910805
2025-09-24,688031,test,-0.04636459,-0.0059609413,2022-08-01,2025-09-05,12597,760,2,6,0.001263959410910805
2025-09-24,688045,test,-0.0010984049,-0.01295343,2022-08-01,2025-09-05,12597,760,2,6,0.001263959410910805
2025-09-24,688133,test,0.062344328,0.0074976087,2022-08-01,2025-09-05,12597,760,2,6,0.001263959410910805
2025-09-24,688147,test,0.009149007,-0.042788282,2022-08-01,2025-09-05,12597,760,2,6,0.001263959410910805
2025-09-24,688528,test,-0.025249109,-0.0058866143,2022-08-01,2025-09-05,12597,760,2,6,0.001263959410910805
2025-09-25,600025,test,0.043325845,-0.0031635612,2022-08-01,2025-09-05,12597,760,2,6,0.001263959410910805
2025-09-25,600051,test,0.016772388,0.0017595887,2022-08-01,2025-09-05,12597,760,2,6,0.001263959410910805
2025-09-25,600127,test,0.012144179,0.00040751696,2022-08-01,2025-09-05,12597,760,2,6,0.001263959410910805
2025-09-25,600153,test,-0.015288297,-0.00023451447,2022-08-01,2025-09-05,12597,760,2,6,0.001263959410910805
2025-09-25,600548,test,0.007791495,0.0013472736,2022-08-01,2025-09-05,12597,760,2,6,0.001263959410910805
2025-09-25,600865,test,-0.023383878,0.0020710528,2022-08-01,2025-09-05,12597,760,2,6,0.001263959410910805
2025-09-25,600967,test,0.070131436,0.009351164,2022-08-01,2025-09-05,12597,760,2,6,0.001263959410910805
2025-09-25,601222,test,0.014429423,-0.005565524,2022-08-01,2025-09-05,12597,760,2,6,0.001263959410910805
2025-09-25,603237,test,-0.024420794,-0.0012406856,2022-08-01,2025-09-05,12597,760,2,6,0.001263959410910805
2025-09-25,603335,test,-0.024766644,0.0033758432,2022-08-01,2025-09-05,12597,760,2,6,0.001263959410910805
2025-09-25,603341,test,0.023134582,-0.003876686,2022-08-01,2025-09-05,12597,760,2,6,0.001263959410910805
2025-09-25,603658,test,-0.022278093,-0.004342586,2022-08-01,2025-09-05,12597,760,2,6,0.001263959410910805
2025-09-25,605090,test,0.07192117,-0.007994622,2022-08-01,2025-09-05,12597,760,2,6,0.001263959410910805
2025-09-25,605589,test,0.021512182,-0.0022076964,2022-08-01,2025-09-05,12597,760,2,6,0.001263959410910805
2025-09-25,688031,test,-0.12881534,-0.009841204,2022-08-01,2025-09-05,12597,760,2,6,0.001263959410910805
2025-09-25,688045,test,-0.031210897,-0.010801405,2022-08-01,2025-09-05,12597,760,2,6,0.001263959410910805
2025-09-25,688133,test,0.0022554786,0.004696369,2022-08-01,2025-09-05,12597,760,2,6,0.001263959410910805
2025-09-25,688147,test,0.0049544354,-0.037605345,2022-08-01,2025-09-05,12597,760,2,6,0.001263959410910805
2025-09-25,688528,test,-0.018208673,-0.004369557,2022-08-01,2025-09-05,12597,760,2,6,0.001263959410910805
2025-09-26,600025,test,0.017905628,-0.0041113794,2022-08-01,2025-09-05,12597,760,2,6,0.001263959410910805
2025-09-26,600051,test,-0.0048534763,0.0011187494,2022-08-01,2025-09-05,12597,760,2,6,0.001263959410910805
2025-09-26,600127,test,0.022274492,0.0015210807,2022-08-01,2025-09-05,12597,760,2,6,0.001263959410910805
2025-09-26,600153,test,0.01506576,0.0013329834,2022-08-01,2025-09-05,12597,760,2,6,0.001263959410910805
2025-09-26,600548,test,0.005818398,0.0018368065,2022-08-01,2025-09-05,12597,760,2,6,0.001263959410910805
2025-09-26,600865,test,-0.04189345,-6.6533685e-05,2022-08-01,2025-09-05,12597,760,2,6,0.001263959410910805
2025-09-26,600967,test,0.16277541,0.010282055,2022-08-01,2025-09-05,12597,760,2,6,0.001263959410910805
2025-09-26,601222,test,-0.007914614,-0.0071763545,2022-08-01,2025-09-05,12597,760,2,6,0.001263959410910805
2025-09-26,603237,test,-0.035665803,-0.0016094297,2022-08-01,2025-09-05,12597,760,2,6,0.001263959410910805
2025-09-26,603335,test,-0.14685436,-0.007941529,2022-08-01,2025-09-05,12597,760,2,6,0.001263959410910805
2025-09-26,603341,test,0.005275222,-0.0049273223,2022-08-01,2025-09-05,12597,760,2,6,0.001263959410910805
2025-09-26,603658,test,-0.03064428,-0.0022191703,2022-08-01,2025-09-05,12597,760,2,6,0.001263959410910805
2025-09-26,605090,test,0.09273395,-0.0033745617,2022-08-01,2025-09-05,12597,760,2,6,0.001263959410910805
2025-09-26,605589,test,0.028625963,0.00038526952,2022-08-01,2025-09-05,12597,760,2,6,0.001263959410910805
2025-09-26,688031,test,-0.07974179,-0.0062003583,2022-08-01,2025-09-05,12597,760,2,6,0.001263959410910805
2025-09-26,688045,test,-0.02351048,-0.009460717,2022-08-01,2025-09-05,12597,760,2,6,0.001263959410910805
2025-09-26,688133,test,0.012460366,0.0019701123,2022-08-01,2025-09-05,12597,760,2,6,0.001263959410910805
2025-09-26,688147,test,0.021909617,-0.03134185,2022-08-01,2025-09-05,12597,760,2,6,0.001263959410910805
2025-09-26,688528,test,-0.013766557,-0.0025444925,2022-08-01,2025-09-05,12597,760,2,6,0.001263959410910805
2025-09-29,600025,test,0.052268222,-0.004556358,2022-08-01,2025-09-05,12597,760,2,6,0.001263959410910805
2025-09-29,600051,test,0.019602258,-0.00030565262,2022-08-01,2025-09-05,12597,760,2,6,0.001263959410910805
2025-09-29,600127,test,0.05273479,0.0023460686,2022-08-01,2025-09-05,12597,760,2,6,0.001263959410910805
2025-09-29,600153,test,0.03568266,0.0020772815,2022-08-01,2025-09-05,12597,760,2,6,0.001263959410910805
2025-09-29,600548,test,0.026546704,0.0003632307,2022-08-01,2025-09-05,12597,760,2,6,0.001263959410910805
2025-09-29,600865,test,-0.0026670946,-0.0006350577,2022-08-01,2025-09-05,12597,760,2,6,0.001263959410910805
2025-09-29,600967,test,0.1405173,0.010141432,2022-08-01,2025-09-05,12597,760,2,6,0.001263959410910805
2025-09-29,601222,test,0.019602258,-0.0070979595,2022-08-01,2025-09-05,12597,760,2,6,0.001263959410910805
2025-09-29,603237,test,-0.008566756,-0.0017988384,2022-08-01,2025-09-05,12597,760,2,6,0.001263959410910805
2025-09-29,603335,test,-0.1080926,-0.008084059,2022-08-01,2025-09-05,12597,760,2,6,0.001263959410910805
2025-09-29,603341,test,-0.029028025,-0.007894158,2022-08-01,2025-09-05,12597,760,2,6,0.001263959410910805
2025-09-29,603658,test,-0.002081415,-0.0020334423,2022-08-01,2025-09-05,12597,760,2,6,0.001263959410910805
2025-09-29,605090,test,0.09790066,-0.0045963675,2022-08-01,2025-09-05,12597,760,2,6,0.001263959410910805
2025-09-29,605589,test,-0.04061615,0.00052025914,2022-08-01,2025-09-05,12597,760,2,6,0.001263959410910805
2025-09-29,688031,test,-0.1140553,-0.0019344985,2022-08-01,2025-09-05,12597,760,2,6,0.001263959410910805
2025-09-29,688045,test,-0.034788307,-0.0066650063,2022-08-01,2025-09-05,12597,760,2,6,0.001263959410910805
2025-09-29,688133,test,0.0056392197,0.0025562346,2022-08-01,2025-09-05,12597,760,2,6,0.001263959410910805
2025-09-29,688147,test,-0.081499375,-0.030620798,2022-08-01,2025-09-05,12597,760,2,6,0.001263959410910805
2025-09-29,688528,test,-0.02909904,-0.006742656,2022-08-01,2025-09-05,12597,760,2,6,0.001263959410910805
2025-09-30,600025,test,0.056254145,-0.001030609,2022-08-01,2025-09-05,12597,760,2,6,0.001263959410910805
2025-09-30,600051,test,0.030065518,0.0012871474,2022-08-01,2025-09-05,12597,760,2,6,0.001263959410910805
2025-09-30,600127,test,0.04433546,0.0029734373,2022-08-01,2025-09-05,12597,760,2,6,0.001263959410910805
2025-09-30,600153,test,0.02226338,0.0025777519,2022-08-01,2025-09-05,12597,760,2,6,0.001263959410910805
2025-09-30,600548,test,0.033340633,0.0013933182,2022-08-01,2025-09-05,12597,760,2,6,0.001263959410910805
2025-09-30,600865,test,0.025622902,3.3527613e-05,2022-08-01,2025-09-05,12597,760,2,6,0.001263959410910805
2025-09-30,600967,test,0.07461734,0.010245174,2022-08-01,2025-09-05,12597,760,2,6,0.001263959410910805
2025-09-30,601222,test,0.031841733,-0.0059113055,2022-08-01,2025-09-05,12597,760,2,6,0.001263959410910805
2025-09-30,603237,test,0.012850979,-0.0014319718,2022-08-01,2025-09-05,12597,760,2,6,0.001263959410910805
2025-09-30,603335,test,-0.056911655,-0.004977554,2022-08-01,2025-09-05,12597,760,2,6,0.001263959410910805
2025-09-30,603341,test,-0.017224692,-0.01003246,2022-08-01,2025-09-05,12597,760,2,6,0.001263959410910805
2025-09-30,603658,test,0.008795716,-0.00078101456,2022-08-01,2025-09-05,12597,760,2,6,0.001263959410910805
2025-09-30,605090,test,0.024311053,-0.013889134,2022-08-01,2025-09-05,12597,760,2,6,0.001263959410910805
2025-09-30,605589,test,-0.08418028,-0.003632456,2022-08-01,2025-09-05,12597,760,2,6,0.001263959410910805
2025-09-30,688031,test,-0.1062207,-0.00072571635,2022-08-01,2025-09-05,12597,760,2,6,0.001263959410910805
2025-09-30,688045,test,-0.031837065,-0.007974401,2022-08-01,2025-09-05,12597,760,2,6,0.001263959410910805
2025-09-30,688133,test,-0.013643287,0.0012589991,2022-08-01,2025-09-05,12597,760,2,6,0.001263959410910805
2025-09-30,688147,test,-0.064606234,-0.031502396,2022-08-01,2025-09-05,12597,760,2,6,0.001263959410910805
2025-09-30,688528,test,0.010325059,-0.00556539,2022-08-01,2025-09-05,12597,760,2,6,0.001263959410910805
2025-10-09,600025,test,0.076392636,-0.0008459538,2022-08-01,2025-09-05,12597,760,2,6,0.001263959410910805
2025-10-09,600051,test,0.034261677,0.0028227568,2022-08-01,2025-09-05,12597,760,2,6,0.001263959410910805
2025-10-09,600127,test,0.038889978,0.0012879372,2022-08-01,2025-09-05,12597,760,2,6,0.001263959410910805
2025-10-09,600153,test,0.043484606,0.0029719025,2022-08-01,2025-09-05,12597,760,2,6,0.001263959410910805
2025-10-09,600548,test,0.05962957,0.0029099435,2022-08-01,2025-09-05,12597,760,2,6,0.001263959410910805
2025-10-09,600865,test,0.04341708,0.00048345327,2022-08-01,2025-09-05,12597,760,2,6,0.001263959410910805
2025-10-09,600967,test,0.08378304,0.010289043,2022-08-01,2025-09-05,12597,760,2,6,0.001263959410910805
2025-10-09,601222,test,0.020063618,-0.005765274,2022-08-01,2025-09-05,12597,760,2,6,0.001263959410910805
2025-10-09,603237,test,0.03728467,-0.0014100969,2022-08-01,2025-09-05,12597,760,2,6,0.001263959410910805
2025-10-09,603335,test,-0.021356342,0.00342232,2022-08-01,2025-09-05,12597,760,2,6,0.001263959410910805
2025-10-09,603341,test,-0.07884932,-0.018101946,2022-08-01,2025-09-05,12597,760,2,6,0.001263959410910805
2025-10-09,603658,test,0.017953932,-0.0005890131,2022-08-01,2025-09-05,12597,760,2,6,0.001263959410910805
2025-10-09,605090,test,-0.0044964068,-0.017811805,2022-08-01,2025-09-05,12597,760,2,6,0.001263959410910805
2025-10-09,605589,test,-0.12353944,-0.0025541037,2022-08-01,2025-09-05,12597,760,2,6,0.001263959410910805
2025-10-09,688031,test,-0.090854876,6.0528517e-05,2022-08-01,2025-09-05,12597,760,2,6,0.001263959410910805
2025-10-09,688045,test,-0.037924584,-0.01050134,2022-08-01,2025-09-05,12597,760,2,6,0.001263959410910805
2025-10-09,688133,test,-0.03473882,-0.0009392351,2022-08-01,2025-09-05,12597,760,2,6,0.001263959410910805
2025-10-09,688147,test,-0.08566425,-0.02700568,2022-08-01,2025-09-05,12597,760,2,6,0.001263959410910805
2025-10-09,688528,test,0.022263234,-0.0060334504,2022-08-01,2025-09-05,12597,760,2,6,0.001263959410910805
2025-10-10,600025,test,0.066581614,-0.0014228523,2022-08-01,2025-09-05,12597,760,2,6,0.001263959410910805
2025-10-10,600051,test,0.036338996,0.0003142506,2022-08-01,2025-09-05,12597,760,2,6,0.001263959410910805
2025-10-10,600127,test,0.038683966,-0.0016430318,2022-08-01,2025-09-05,12597,760,2,6,0.001263959410910805
2025-10-10,600153,test,0.06100287,0.0029236972,2022-08-01,2025-09-05,12597,760,2,6,0.001263959410910805
2025-10-10,600548,test,0.05999196,0.0021593273,2022-08-01,2025-09-05,12597,760,2,6,0.001263959410910805
2025-10-10,600865,test,0.04821693,0.0010289997,2022-08-01,2025-09-05,12597,760,2,6,0.001263959410910805
2025-10-10,600967,test,-0.0188416,0.010696799,2022-08-01,2025-09-05,12597,760,2,6,0.001263959410910805
2025-10-10,601222,test,0.009934801,-0.0041238666,2022-08-01,2025-09-05,12597,760,2,6,0.001263959410910805
2025-10-10,603237,test,0.04026739,-0.0007685423,2022-08-01,2025-09-05,12597,760,2,6,0.001263959410910805
2025-10-10,603335,test,-0.021208901,0.0052559525,2022-08-01,2025-09-05,12597,760,2,6,0.001263959410910805
2025-10-10,603341,test,-0.07237876,-0.014411539,2022-08-01,2025-09-05,12597,760,2,6,0.001263959410910805
2025-10-10,603658,test,0.028611839,-0.00035326183,2022-08-01,2025-09-05,12597,760,2,6,0.001263959410910805
2025-10-10,605090,test,0.0008790678,-0.0140035,2022-08-01,2025-09-05,12597,760,2,6,0.001263959410910805
2025-10-10,605589,test,-0.13435848,-0.00078867376,2022-08-01,2025-09-05,12597,760,2,6,0.001263959410910805
2025-10-10,688031,test,-0.036997247,0.0036515445,2022-08-01,2025-09-05,12597,760,2,6,0.001263959410910805
2025-10-10,688045,test,-0.022276636,-0.009842873,2022-08-01,2025-09-05,12597,760,2,6,0.001263959410910805
2025-10-10,688133,test,-0.02390457,-0.00092956424,2022-08-01,2025-09-05,12597,760,2,6,0.001263959410910805
2025-10-10,688147,test,-0.08047471,-0.021469101,2022-08-01,2025-09-05,12597,760,2,6,0.001263959410910805
2025-10-10,688528,test,0.019931477,-0.0048316717,2022-08-01,2025-09-05,12597,760,2,6,0.001263959410910805
2025-10-13,600025,test,0.059049197,0.0009068996,2022-08-01,2025-09-05,12597,760,2,6,0.001263959410910805
2025-10-13,600051,test,0.048140105,-0.0010553896,2022-08-01,2025-09-05,12597,760,2,6,0.001263959410910805
2025-10-13,600127,test,0.016758347,-0.00423941,2022-08-01,2025-09-05,12597,760,2,6,0.001263959410910805
2025-10-13,600153,test,0.041297246,0.0015458614,2022-08-01,2025-09-05,12597,760,2,6,0.001263959410910805
2025-10-13,600548,test,0.039309174,0.001858741,2022-08-01,2025-09-05,12597,760,2,6,0.001263959410910805
2025-10-13,600865,test,0.045487322,0.0015756488,2022-08-01,2025-09-05,12597,760,2,6,0.001263959410910805
2025-10-13,600967,test,-0.10670281,0.0050144643,2022-08-01,2025-09-05,12597,760,2,6,0.001263959410910805
2025-10-13,601222,test,0.013060147,-0.0029524863,2022-08-01,2025-09-05,12597,760,2,6,0.001263959410910805
2025-10-13,603237,test,0.037767142,0.00022825599,2022-08-01,2025-09-05,12597,760,2,6,0.001263959410910805
2025-10-13,603335,test,0.024003945,0.007017195,2022-08-01,2025-09-05,12597,760,2,6,0.001263959410910805
2025-10-13,603341,test,-0.026707629,-0.0063804835,2022-08-01,2025-09-05,12597,760,2,6,0.001263959410910805
2025-10-13,603658,test,0.027450638,-4.5329332e-05,2022-08-01,2025-09-05,12597,760,2,6,0.001263959410910805
2025-10-13,605090,test,-0.013247429,-0.011197299,2022-08-01,2025-09-05,12597,760,2,6,0.001263959410910805
2025-10-13,605589,test,-0.11582926,-0.00024048984,2022-08-01,2025-09-05,12597,760,2,6,0.001263959410910805
2025-10-13,688031,test,-0.054074768,0.0052226037,2022-08-01,2025-09-05,12597,760,2,6,0.001263959410910805
2025-10-13,688045,test,-0.019765584,-0.009462491,2022-08-01,2025-09-05,12597,760,2,6,0.001263959410910805
2025-10-13,688133,test,-0.021358768,0.0011335164,2022-08-01,2025-09-05,12597,760,2,6,0.001263959410910805
2025-10-13,688147,test,-0.05711248,-0.018716827,2022-08-01,2025-09-05,12597,760,2,6,0.001263959410910805
2025-10-13,688528,test,0.062475473,-0.008371741,2022-08-01,2025-09-05,12597,760,2,6,0.001263959410910805
2025-10-14,600025,test,0.020870328,0.0063708946,2022-08-29,2025-10-13,12697,760,2,6,0.0013973598834127188
2025-10-14,600051,test,0.036573276,0.0067014694,2022-08-29,2025-10-13,12697,760,2,6,0.0013973598834127188
2025-10-14,600127,test,-0.009741916,0.004869543,2022-08-29,2025-10-13,12697,760,2,6,0.0013973598834127188
2025-10-14,600153,test,0.0044186437,0.003391482,2022-08-29,2025-10-13,12697,760,2,6,0.0013973598834127188
2025-10-14,600548,test,-0.004463943,0.006297618,2022-08-29,2025-10-13,12697,760,2,6,0.0013973598834127188
2025-10-14,600865,test,0.02974633,0.0031511039,2022-08-29,2025-10-13,12697,760,2,6,0.0013973598834127188
2025-10-14,600967,test,-0.09817729,-0.006777346,2022-08-29,2025-10-13,12697,760,2,6,0.0013973598834127188
2025-10-14,601222,test,-0.016143614,0.00628224,2022-08-29,2025-10-13,12697,760,2,6,0.0013973598834127188
2025-10-14,603237,test,0.011476657,0.00057409704,2022-08-29,2025-10-13,12697,760,2,6,0.0013973598834127188
2025-10-14,603335,test,0.09361806,0.0029672086,2022-08-29,2025-10-13,12697,760,2,6,0.0013973598834127188
2025-10-14,603341,test,0.00805145,0.002500333,2022-08-29,2025-10-13,12697,760,2,6,0.0013973598834127188
2025-10-14,603658,test,0.004634264,0.0054218397,2022-08-29,2025-10-13,12697,760,2,6,0.0013973598834127188
2025-10-14,605090,test,-0.054140463,-0.00716725,2022-08-29,2025-10-13,12697,760,2,6,0.0013973598834127188
2025-10-14,605589,test,-0.073243015,0.008683816,2022-08-29,2025-10-13,12697,760,2,6,0.0013973598834127188
2025-10-14,688031,test,-0.0006992752,-0.00081916153,2022-08-29,2025-10-13,12697,760,2,6,0.0013973598834127188
2025-10-14,688045,test,0.0046201693,0.00351578,2022-08-29,2025-10-13,12697,760,2,6,0.0013973598834127188
2025-10-14,688133,test,0.008792028,0.012214497,2022-08-29,2025-10-13,12697,760,2,6,0.0013973598834127188
2025-10-14,688147,test,-0.016141906,-0.010279834,2022-08-29,2025-10-13,12697,760,2,6,0.0013973598834127188
2025-10-14,688528,test,0.04995022,0.0041449666,2022-08-29,2025-10-13,12697,760,2,6,0.0013973598834127188
2025-10-15,600025,test,0.028705068,0.006574407,2022-08-29,2025-10-13,12697,760,2,6,0.0013973598834127188
2025-10-15,600051,test,0.04122279,0.0071276054,2022-08-29,2025-10-13,12697,760,2,6,0.0013973598834127188
2025-10-15,600127,test,0.009616994,0.0068430677,2022-08-29,2025-10-13,12697,760,2,6,0.0013973598834127188
2025-10-15,600153,test,0.018108534,0.0048205554,2022-08-29,2025-10-13,12697,760,2,6,0.0013973598834127188
2025-10-15,600548,test,0.0131482165,0.008602023,2022-08-29,2025-10-13,12697,760,2,6,0.0013973598834127188
2025-10-15,600865,test,0.016913835,0.003403753,2022-08-29,2025-10-13,12697,760,2,6,0.0013973598834127188
2025-10-15,600967,test,-0.072100066,0.0027347133,2022-08-29,2025-10-13,12697,760,2,6,0.0013973598834127188
2025-10-15,601222,test,-0.038891528,0.006007023,2022-08-29,2025-10-13,12697,760,2,6,0.0013973598834127188
2025-10-15,603237,test,0.0069378302,0.0013913214,2022-08-29,2025-10-13,12697,760,2,6,0.0013973598834127188
2025-10-15,603335,test,0.101865984,0.0020267293,2022-08-29,2025-10-13,12697,760,2,6,0.0013973598834127188
2025-10-15,603341,test,-0.034398682,0.0033943206,2022-08-29,2025-10-13,12697,760,2,6,0.0013973598834127188
2025-10-15,603658,test,0.011921385,0.0066643655,2022-08-29,2025-10-13,12697,760,2,6,0.0013973598834127188
2025-10-15,605090,test,-0.020628085,-0.002784893,2022-08-29,2025-10-13,12697,760,2,6,0.0013973598834127188
2025-10-15,605589,test,-0.066287465,0.008142814,2022-08-29,2025-10-13,12697,760,2,6,0.0013973598834127188
2025-10-15,688031,test,-0.014769263,-0.0006067455,2022-08-29,2025-10-13,12697,760,2,6,0.0013973598834127188
2025-10-15,688045,test,-0.018996436,0.0020246133,2022-08-29,2025-10-13,12697,760,2,6,0.0013973598834127188
2025-10-15,688133,test,0.04569085,0.012048572,2022-08-29,2025-10-13,12697,760,2,6,0.0013973598834127188
2025-10-15,688147,test,-0.0625849,-0.013520777,2022-08-29,2025-10-13,12697,760,2,6,0.0013973598834127188
2025-10-15,688528,test,0.03452494,0.0028765872,2022-08-29,2025-10-13,12697,760,2,6,0.0013973598834127188
2025-10-16,600025,test,0.0117755225,0.0024391562,2022-08-29,2025-10-13,12697,760,2,6,0.0013973598834127188
2025-10-16,600051,test,0.03846826,0.008359149,2022-08-29,2025-10-13,12697,760,2,6,0.0013973598834127188
2025-10-16,600127,test,0.0070498586,0.0076940954,2022-08-29,2025-10-13,12697,760,2,6,0.0013973598834127188
2025-10-16,600153,test,0.009617106,0.0047762096,2022-08-29,2025-10-13,12697,760,2,6,0.0013973598834127188
2025-10-16,600548,test,0.0094310995,0.00721211,2022-08-29,2025-10-13,12697,760,2,6,0.0013973598834127188
2025-10-16,600865,test,0.019554256,0.007630743,2022-08-29,2025-10-13,12697,760,2,6,0.0013973598834127188
2025-10-16,600967,test,-0.079791196,0.010041319,2022-08-29,2025-10-13,12697,760,2,6,0.0013973598834127188
2025-10-16,601222,test,-0.040809456,0.0061566085,2022-08-29,2025-10-13,12697,760,2,6,0.0013973598834127188
2025-10-16,603237,test,0.004777259,0.0032752007,2022-08-29,2025-10-13,12697,760,2,6,0.0013973598834127188
2025-10-16,603335,test,0.08485359,0.0029941201,2022-08-29,2025-10-13,12697,760,2,6,0.0013973598834127188
2025-10-16,603341,test,-0.019148903,0.0058972538,2022-08-29,2025-10-13,12697,760,2,6,0.0013973598834127188
2025-10-16,603658,test,0.00049213285,0.0068974122,2022-08-29,2025-10-13,12697,760,2,6,0.0013973598834127188
2025-10-16,605090,test,0.008753495,-0.00030496716,2022-08-29,2025-10-13,12697,760,2,6,0.0013973598834127188
2025-10-16,605589,test,-0.022931753,0.00802654,2022-08-29,2025-10-13,12697,760,2,6,0.0013973598834127188
2025-10-16,688031,test,-0.01769456,-0.000715822,2022-08-29,2025-10-13,12697,760,2,6,0.0013973598834127188
2025-10-16,688045,test,-0.036965474,0.0010746568,2022-08-29,2025-10-13,12697,760,2,6,0.0013973598834127188
2025-10-16,688133,test,0.034225896,0.011826247,2022-08-29,2025-10-13,12697,760,2,6,0.0013973598834127188
2025-10-16,688147,test,-0.0450951,-0.013580009,2022-08-29,2025-10-13,12697,760,2,6,0.0013973598834127188
2025-10-16,688528,test,0.03343797,-0.00020314753,2022-08-29,2025-10-13,12697,760,2,6,0.0013973598834127188
2025-10-17,600025,test,-0.030284993,0.0023731142,2022-08-29,2025-10-13,12697,760,2,6,0.0013973598834127188
2025-10-17,600051,test,-0.0015241929,0.007525407,2022-08-29,2025-10-13,12697,760,2,6,0.0013973598834127188
2025-10-17,600127,test,-0.025986204,0.0066525266,2022-08-29,2025-10-13,12697,760,2,6,0.0013973598834127188
2025-10-17,600153,test,-0.035410047,0.0024334267,2022-08-29,2025-10-13,12697,760,2,6,0.0013973598834127188
2025-10-17,600548,test,-0.024604544,0.0055290908,2022-08-29,2025-10-13,12697,760,2,6,0.0013973598834127188
2025-10-17,600865,test,-0.015529796,0.008673176,2022-08-29,2025-10-13,12697,760,2,6,0.0013973598834127188
2025-10-17,600967,test,-0.042028937,0.014633194,2022-08-29,2025-10-13,12697,760,2,6,0.0013973598834127188
2025-10-17,601222,test,-0.047854304,0.0058536083,2022-08-29,2025-10-13,12697,760,2,6,0.0013973598834127188
2025-10-17,603237,test,-0.028874204,0.0037519261,2022-08-29,2025-10-13,12697,760,2,6,0.0013973598834127188
2025-10-17,603335,test,0.09159047,0.0047022104,2022-08-29,2025-10-13,12697,760,2,6,0.0013973598834127188
2025-10-17,603341,test,0.03628304,0.004237741,2022-08-29,2025-10-13,12697,760,2,6,0.0013973598834127188
2025-10-17,603658,test,-0.026030341,0.0061072707,2022-08-29,2025-10-13,12697,760,2,6,0.0013973598834127188
2025-10-17,605090,test,-0.01688423,0.0012487546,2022-08-29,2025-10-13,12697,760,2,6,0.0013973598834127188
2025-10-17,605589,test,0.008401206,0.007064715,2022-08-29,2025-10-13,12697,760,2,6,0.0013973598834127188
2025-10-17,688031,test,0.007532578,0.002654776,2022-08-29,2025-10-13,12697,760,2,6,0.0013973598834127188
2025-10-17,688045,test,-0.0013494175,0.00088395923,2022-08-29,2025-10-13,12697,760,2,6,0.0013973598834127188
2025-10-17,688133,test,0.031173501,0.011680648,2022-08-29,2025-10-13,12697,760,2,6,0.0013973598834127188
2025-10-17,688147,test,0.070754334,-0.015662253,2022-08-29,2025-10-13,12697,760,2,6,0.0013973598834127188
2025-10-17,688528,test,0.05062608,0.0014345497,2022-08-29,2025-10-13,12697,760,2,6,0.0013973598834127188
2025-10-20,600025,test,-0.032796815,0.0004924387,2022-08-29,2025-10-13,12697,760,2,6,0.0013973598834127188
2025-10-20,600051,test,-0.016642053,0.006602183,2022-08-29,2025-10-13,12697,760,2,6,0.0013973598834127188
2025-10-20,600127,test,-0.024999075,0.0068448633,2022-08-29,2025-10-13,12697,760,2,6,0.0013973598834127188
2025-10-20,600153,test,-0.0417926,0.0032355562,2022-08-29,2025-10-13,12697,760,2,6,0.0013973598834127188
2025-10-20,600548,test,-0.014177248,0.0063801557,2022-08-29,2025-10-13,12697,760,2,6,0.0013973598834127188
2025-10-20,600865,test,-0.033130553,0.009104103,2022-08-29,2025-10-13,12697,760,2,6,0.0013973598834127188
2025-10-20,600967,test,-0.036283348,0.01869446,2022-08-29,2025-10-13,12697,760,2,6,0.0013973598834127188
2025-10-20,601222,test,-0.05463724,0.008782916,2022-08-29,2025-10-13,12697,760,2,6,0.0013973598834127188
2025-10-20,603237,test,-0.034670312,0.004155636,2022-08-29,2025-10-13,12697,760,2,6,0.0013973598834127188
2025-10-20,603335,test,0.062778704,0.002747126,2022-08-29,2025-10-13,12697,760,2,6,0.0013973598834127188
2025-10-20,603341,test,0.004483421,0.004759647,2022-08-29,2025-10-13,12697,760,2,6,0.0013973598834127188
2025-10-20,603658,test,-0.027613455,0.007011555,2022-08-29,2025-10-13,12697,760,2,6,0.0013973598834127188
2025-10-20,605090,test,-0.019584082,-0.00027382374,2022-08-29,2025-10-13,12697,760,2,6,0.0013973598834127188
2025-10-20,605589,test,0.021762667,0.0061806142,2022-08-29,2025-10-13,12697,760,2,6,0.0013973598834127188
2025-10-20,688031,test,0.16449945,0.0053520054,2022-08-29,2025-10-13,12697,760,2,6,0.0013973598834127188
2025-10-20,688045,test,-0.02637957,0.00013075769,2022-08-29,2025-10-13,12697,760,2,6,0.0013973598834127188
2025-10-20,688133,test,0.012450803,0.011452898,2022-08-29,2025-10-13,12697,760,2,6,0.0013973598834127188
2025-10-20,688147,test,0.103619084,-0.0133075565,2022-08-29,2025-10-13,12697,760,2,6,0.0013973598834127188
2025-10-20,688528,test,-0.0068877833,-0.011705831,2022-08-29,2025-10-13,12697,760,2,6,0.0013973598834127188
2025-10-21,600025,test,-0.019713132,0.0017213672,2022-08-29,2025-10-13,12697,760,2,6,0.0013973598834127188
2025-10-21,600051,test,-0.010605893,0.003190048,2022-08-29,2025-10-13,12697,760,2,6,0.0013973598834127188
2025-10-21,600127,test,-0.023349361,0.0072651654,2022-08-29,2025-10-13,12697,760,2,6,0.0013973598834127188
2025-10-21,600153,test,-0.019875694,0.0044769496,2022-08-29,2025-10-13,12697,760,2,6,0.0013973598834127188
2025-10-21,600548,test,-0.0049705575,0.008179277,2022-08-29,2025-10-13,12697,760,2,6,0.0013973598834127188
2025-10-21,600865,test,-0.034928095,0.008184686,2022-08-29,2025-10-13,12697,760,2,6,0.0013973598834127188
2025-10-21,600967,test,0.036672313,0.017445073,2022-08-29,2025-10-13,12697,760,2,6,0.0013973598834127188
2025-10-21,601222,test,-0.052665174,0.009417936,2022-08-29,2025-10-13,12697,760,2,6,0.0013973598834127188
2025-10-21,603237,test,-0.033580106,0.005212575,2022-08-29,2025-10-13,12697,760,2,6,0.0013973598834127188
2025-10-21,603335,test,0.023199912,-0.008713022,2022-08-29,2025-10-13,12697,760,2,6,0.0013973598834127188
2025-10-21,603341,test,-0.007230633,0.0034432858,2022-08-29,2025-10-13,12697,760,2,6,0.0013973598834127188
2025-10-21,603658,test,-0.028376076,0.008131459,2022-08-29,2025-10-13,12697,760,2,6,0.0013973598834127188
2025-10-21,605090,test,-0.05823052,0.0007810071,2022-08-29,2025-10-13,12697,760,2,6,0.0013973598834127188
2025-10-21,605589,test,0.043480415,0.005270079,2022-08-29,2025-10-13,12697,760,2,6,0.0013973598834127188
2025-10-21,688031,test,0.1776202,0.008132093,2022-08-29,2025-10-13,12697,760,2,6,0.0013973598834127188
2025-10-21,688045,test,-0.0447458,0.0008222014,2022-08-29,2025-10-13,12697,760,2,6,0.0013973598834127188
2025-10-21,688133,test,-0.0104735615,0.010883063,2022-08-29,2025-10-13,12697,760,2,6,0.0013973598834127188
2025-10-21,688147,test,0.084663756,-0.011003777,2022-08-29,2025-10-13,12697,760,2,6,0.0013973598834127188
2025-10-21,688528,test,-0.016891994,-0.010550782,2022-08-29,2025-10-13,12697,760,2,6,0.0013973598834127188
2025-10-22,600025,test,-0.015410931,0.0028860345,2022-08-29,2025-10-13,12697,760,2,6,0.0013973598834127188
2025-10-22,600051,test,-0.015712466,0.0050932616,2022-08-29,2025-10-13,12697,760,2,6,0.0013973598834127188
2025-10-22,600127,test,-0.020934971,0.0073457286,2022-08-29,2025-10-13,12697,760,2,6,0.0013973598834127188
2025-10-22,600153,test,-0.034150142,0.005127996,2022-08-29,2025-10-13,12697,760,2,6,0.0013973598834127188
2025-10-22,600548,test,-0.008617431,0.0077565685,2022-08-29,2025-10-13,12697,760,2,6,0.0013973598834127188
2025-10-22,600865,test,-0.04447898,0.009702817,2022-08-29,2025-10-13,12697,760,2,6,0.0013973598834127188
2025-10-22,600967,test,0.036748715,0.016508311,2022-08-29,2025-10-13,12697,760,2,6,0.0013973598834127188
2025-10-22,601222,test,-0.017270507,0.009270757,2022-08-29,2025-10-13,12697,760,2,6,0.0013973598834127188
2025-10-22,603237,test,-0.035033375,0.005704418,2022-08-29,2025-10-13,12697,760,2,6,0.0013973598834127188
2025-10-22,603335,test,-0.017312214,-0.015961453,2022-08-29,2025-10-13,12697,760,2,6,0.0013973598834127188
2025-10-22,603341,test,0.031242888,0.004288301,2022-08-29,2025-10-13,12697,760,2,6,0.0013973598834127188
2025-10-22,603658,test,-0.031369016,0.00821688,2022-08-29,2025-10-13,12697,760,2,6,0.0013973598834127188
2025-10-22,605090,test,-0.058058616,-0.0054526925,2022-08-29,2025-10-13,12697,760,2,6,0.0013973598834127188
2025-10-22,605589,test,0.056027457,0.0055103526,2022-08-29,2025-10-13,12697,760,2,6,0.0013973598834127188
2025-10-22,688031,test,0.124204986,0.010538876,2022-08-29,2025-10-13,12697,760,2,6,0.0013973598834127188
2025-10-22,688045,test,-0.023788102,0.0019553676,2022-08-29,2025-10-13,12697,760,2,6,0.0013973598834127188
2025-10-22,688133,test,-0.024778856,0.003836535,2022-08-29,2025-10-13,12697,760,2,6,0.0013973598834127188
2025-10-22,688147,test,0.119461186,-0.009354994,2022-08-29,2025-10-13,12697,760,2,6,0.0013973598834127188
2025-10-22,688528,test,-0.02076962,-0.0035416037,2022-08-29,2025-10-13,12697,760,2,6,0.0013973598834127188
2025-10-23,600025,test,-0.0024482154,0.0012285113,2022-08-29,2025-10-13,12697,760,2,6,0.0013973598834127188
2025-10-23,600051,test,0.0025447982,0.0075823516,2022-08-29,2025-10-13,12697,760,2,6,0.0013973598834127188
2025-10-23,600127,test,-0.01311073,0.007954121,2022-08-29,2025-10-13,12697,760,2,6,0.0013973598834127188
2025-10-23,600153,test,-0.019984415,0.0054900795,2022-08-29,2025-10-13,12697,760,2,6,0.0013973598834127188
2025-10-23,600548,test,-0.0120632,0.004643455,2022-08-29,2025-10-13,12697,760,2,6,0.0013973598834127188
2025-10-23,600865,test,-0.053821918,0.010612592,2022-08-29,2025-10-13,12697,760,2,6,0.0013973598834127188
2025-10-23,600967,test,0.024273423,0.014943749,2022-08-29,2025-10-13,12697,760,2,6,0.0013973598834127188
2025-10-23,601222,test,-0.0065836045,0.008262925,2022-08-29,2025-10-13,12697,760,2,6,0.0013973598834127188
2025-10-23,603237,test,-0.02552088,0.0055391192,2022-08-29,2025-10-13,12697,760,2,6,0.0013973598834127188
2025-10-23,603335,test,0.0104591455,-0.009018347,2022-08-29,2025-10-13,12697,760,2,6,0.0013973598834127188
2025-10-23,603341,test,0.0011972188,0.003923781,2022-08-29,2025-10-13,12697,760,2,6,0.0013973598834127188
2025-10-23,603658,test,-0.027896484,0.007067837,2022-08-29,2025-10-13,12697,760,2,6,0.0013973598834127188
2025-10-23,605090,test,-0.061940435,-0.011782095,2022-08-29,2025-10-13,12697,760,2,6,0.0013973598834127188
2025-10-23,605589,test,0.014109325,0.006150119,2022-08-29,2025-10-13,12697,760,2,6,0.0013973598834127188
2025-10-23,688031,test,0.12829624,0.012172103,2022-08-29,2025-10-13,12697,760,2,6,0.0013973598834127188
2025-10-23,688045,test,0.0032678307,0.0033956617,2022-08-29,2025-10-13,12697,760,2,6,0.0013973598834127188
2025-10-23,688133,test,-0.0062755165,0.004988551,2022-08-29,2025-10-13,12697,760,2,6,0.0013973598834127188
2025-10-23,688147,test,0.05426851,-0.009920165,2022-08-29,2025-10-13,12697,760,2,6,0.0013973598834127188
2025-10-23,688528,test,-0.008771092,0.00064115226,2022-08-29,2025-10-13,12697,760,2,6,0.0013973598834127188
2025-10-24,600025,test,-0.019547975,0.0023557395,2022-08-29,2025-10-13,12697,760,2,6,0.0013973598834127188
2025-10-24,600051,test,0.027735276,0.010962181,2022-08-29,2025-10-13,12697,760,2,6,0.0013973598834127188
2025-10-24,600127,test,-0.009389577,0.0077207237,2022-08-29,2025-10-13,12697,760,2,6,0.0013973598834127188
2025-10-24,600153,test,-0.023109697,0.007512599,2022-08-29,2025-10-13,12697,760,2,6,0.0013973598834127188
2025-10-24,600548,test,-0.011253401,0.005172953,2022-08-29,2025-10-13,12697,760,2,6,0.0013973598834127188
2025-10-24,600865,test,-0.03337436,0.011922732,2022-08-29,2025-10-13,12697,760,2,6,0.0013973598834127188
2025-10-24,600967,test,0.012879553,0.013283752,2022-08-29,2025-10-13,12697,760,2,6,0.0013973598834127188
2025-10-24,601222,test,-0.012628164,0.0057500005,2022-08-29,2025-10-13,12697,760,2,6,0.0013973598834127188
2025-10-24,603237,test,-0.010386162,0.006063342,2022-08-29,2025-10-13,12697,760,2,6,0.0013973598834127188
2025-10-24,603335,test,0.03966365,-0.0012120306,2022-08-29,2025-10-13,12697,760,2,6,0.0013973598834127188
2025-10-24,603341,test,-0.02025546,0.0028014109,2022-08-29,2025-10-13,12697,760,2,6,0.0013973598834127188
2025-10-24,603658,test,-0.01013352,0.0051955506,2022-08-29,2025-10-13,12697,760,2,6,0.0013973598834127188
2025-10-24,605090,test,-0.04950671,-0.010292888,2022-08-29,2025-10-13,12697,760,2,6,0.0013973598834127188
2025-10-24,605589,test,-0.026343936,0.008387901,2022-08-29,2025-10-13,12697,760,2,6,0.0013973598834127188
2025-10-24,688031,test,0.2316092,0.012548737,2022-08-29,2025-10-13,12697,760,2,6,0.0013973598834127188
2025-10-24,688045,test,0.0035647575,0.003974825,2022-08-29,2025-10-13,12697,760,2,6,0.0013973598834127188
2025-10-24,688133,test,-0.006592829,0.007173836,2022-08-29,2025-10-13,12697,760,2,6,0.0013973598834127188
2025-10-24,688147,test,-0.06565917,-0.019869357,2022-08-29,2025-10-13,12697,760,2,6,0.0013973598834127188
2025-10-24,688528,test,-0.017271472,-0.0015891641,2022-08-29,2025-10-13,12697,760,2,6,0.0013973598834127188
2025-10-27,600025,test,-0.02214775,0.0023392737,2022-08-29,2025-10-13,12697,760,2,6,0.0013973598834127188
2025-10-27,600051,test,0.04002044,0.011531413,2022-08-29,2025-10-13,12697,760,2,6,0.0013973598834127188
2025-10-27,600127,test,-0.0022252486,0.007046193,2022-08-29,2025-10-13,12697,760,2,6,0.0013973598834127188
2025-10-27,600153,test,-0.017090444,0.008424565,2022-08-29,2025-10-13,12697,760,2,6,0.0013973598834127188
2025-10-27,600548,test,-0.004038125,0.0058400407,2022-08-29,2025-10-13,12697,760,2,6,0.0013973598834127188
2025-10-27,600865,test,-0.020030903,0.011447735,2022-08-29,2025-10-13,12697,760,2,6,0.0013973598834127188
2025-10-27,600967,test,0.009196548,0.0121167,2022-08-29,2025-10-13,12697,760,2,6,0.0013973598834127188
2025-10-27,601222,test,0.004793698,0.0044652745,2022-08-29,2025-10-13,12697,760,2,6,0.0013973598834127188
2025-10-27,603237,test,0.00019016786,0.0066928715,2022-08-29,2025-10-13,12697,760,2,6,0.0013973598834127188
2025-10-27,603335,test,0.058434673,0.0030541196,2022-08-29,2025-10-13,12697,760,2,6,0.0013973598834127188
2025-10-27,603341,test,-0.0083161285,0.0035879314,2022-08-29,2025-10-13,12697,760,2,6,0.0013973598834127188
2025-10-27,603658,test,-0.006368266,0.004983604,2022-08-29,2025-10-13,12697,760,2,6,0.0013973598834127188
2025-10-27,605090,test,-0.020279966,-0.008646756,2022-08-29,2025-10-13,12697,760,2,6,0.0013973598834127188
2025-10-27,605589,test,-0.06603931,0.011729166,2022-08-29,2025-10-13,12697,760,2,6,0.0013973598834127188
2025-10-27,688031,test,0.19008876,-0.0031841695,2022-08-29,2025-10-13,12697,760,2,6,0.0013973598834127188
2025-10-27,688045,test,-0.027370399,0.0049410015,2022-08-29,2025-10-13,12697,760,2,6,0.0013973598834127188
2025-10-27,688133,test,-0.016663818,0.008278593,2022-08-29,2025-10-13,12697,760,2,6,0.0013973598834127188
2025-10-27,688147,test,-0.08842609,-0.02116996,2022-08-29,2025-10-13,12697,760,2,6,0.0013973598834127188
2025-10-27,688528,test,-0.0037278447,0.001931183,2022-08-29,2025-10-13,12697,760,2,6,0.0013973598834127188
2025-10-28,600025,test,-0.010131367,0.001297839,2022-08-29,2025-10-13,12697,760,2,6,0.0013973598834127188
2025-10-28,600051,test,0.035296652,0.010293305,2022-08-29,2025-10-13,12697,760,2,6,0.0013973598834127188
2025-10-28,600127,test,0.014123757,0.0050580055,2022-08-29,2025-10-13,12697,760,2,6,0.0013973598834127188
2025-10-28,600153,test,0.008763134,0.008069754,2022-08-29,2025-10-13,12697,760,2,6,0.0013973598834127188
2025-10-28,600548,test,0.014620494,0.0052764043,2022-08-29,2025-10-13,12697,760,2,6,0.0013973598834127188
2025-10-28,600865,test,-0.012985683,0.008792266,2022-08-29,2025-10-13,12697,760,2,6,0.0013973598834127188
2025-10-28,600967,test,-0.056131426,0.0072426796,2022-08-29,2025-10-13,12697,760,2,6,0.0013973598834127188
2025-10-28,601222,test,0.017312264,0.0043060407,2022-08-29,2025-10-13,12697,760,2,6,0.0013973598834127188
2025-10-28,603237,test,0.0086852275,0.005181864,2022-08-29,2025-10-13,12697,760,2,6,0.0013973598834127188
2025-10-28,603335,test,0.05353954,0.0014438704,2022-08-29,2025-10-13,12697,760,2,6,0.0013973598834127188
2025-10-28,603341,test,-0.034630705,0.0034121051,2022-08-29,2025-10-13,12697,760,2,6,0.0013973598834127188
2025-10-28,603658,test,0.0026323774,0.004678443,2022-08-29,2025-10-13,12697,760,2,6,0.0013973598834127188
2025-10-28,605090,test,0.043259874,-0.0057516843,2022-08-29,2025-10-13,12697,760,2,6,0.0013973598834127188
2025-10-28,605589,test,-0.09385703,0.01299718,2022-08-29,2025-10-13,12697,760,2,6,0.0013973598834127188
2025-10-28,688031,test,0.10828823,-0.01107505,2022-08-29,2025-10-13,12697,760,2,6,0.0013973598834127188
2025-10-28,688045,test,-0.031777762,0.006276518,2022-08-29,2025-10-13,12697,760,2,6,0.0013973598834127188
2025-10-28,688133,test,-0.010325186,0.009337008,2022-08-29,2025-10-13,12697,760,2,6,0.0013973598834127188
2025-10-28,688147,test,-0.08028738,-0.016456515,2022-08-29,2025-10-13,12697,760,2,6,0.0013973598834127188
2025-10-28,688528,test,0.02360499,0.005224198,2022-08-29,2025-10-13,12697,760,2,6,0.0013973598834127188
2025-10-29,600025,test,-0.024923842,-0.00089740753,2022-08-29,2025-10-13,12697,760,2,6,0.0013973598834127188
2025-10-29,600051,test,0.048613522,0.010250568,2022-08-29,2025-10-13,12697,760,2,6,0.0013973598834127188
2025-10-29,600127,test,0.008772886,0.003099516,2022-08-29,2025-10-13,12697,760,2,6,0.0013973598834127188
2025-10-29,600153,test,-0.002128997,0.009225324,2022-08-29,2025-10-13,12697,760,2,6,0.0013973598834127188
2025-10-29,600548,test,0.00974376,0.004502386,2022-08-29,2025-10-13,12697,760,2,6,0.0013973598834127188
2025-10-29,600865,test,0.0119986925,0.008250728,2022-08-29,2025-10-13,12697,760,2,6,0.0013973598834127188
2025-10-29,600967,test,-0.038279854,0.0089814365,2022-08-29,2025-10-13,12697,760,2,6,0.0013973598834127188
2025-10-29,601222,test,0.027474009,0.0045844764,2022-08-29,2025-10-13,12697,760,2,6,0.0013973598834127188
2025-10-29,603237,test,0.019825824,0.006938562,2022-08-29,2025-10-13,12697,760,2,6,0.0013973598834127188
2025-10-29,603335,test,0.07791285,0.0044136047,2022-08-29,2025-10-13,12697,760,2,6,0.0013973598834127188
2025-10-29,603341,test,-0.05026455,0.001647763,2022-08-29,2025-10-13,12697,760,2,6,0.0013973598834127188
2025-10-29,603658,test,-0.0054537044,0.004154615,2022-08-29,2025-10-13,12697,760,2,6,0.0013973598834127188
2025-10-29,605090,test,0.03719587,-0.0032890886,2022-08-29,2025-10-13,12697,760,2,6,0.0013973598834127188
2025-10-29,605589,test,-0.109687135,0.014533304,2022-08-29,2025-10-13,12697,760,2,6,0.0013973598834127188
2025-10-29,688031,test,0.15000913,-0.0025152862,2022-08-29,2025-10-13,12697,760,2,6,0.0013973598834127188
2025-10-29,688045,test,-0.03998495,0.0056222305,2022-08-29,2025-10-13,12697,760,2,6,0.0013973598834127188
2025-10-29,688133,test,-0.03619329,0.0077643096,2022-08-29,2025-10-13,12697,760,2,6,0.0013973598834127188
2025-10-29,688147,test,-0.113711804,-0.019301385,2022-08-29,2025-10-13,12697,760,2,6,0.0013973598834127188
2025-10-29,688528,test,0.02908158,0.0055761933,2022-08-29,2025-10-13,12697,760,2,6,0.0013973598834127188
2025-10-30,600025,test,-0.044113986,-0.004610017,2022-08-29,2025-10-13,12697,760,2,6,0.0013973598834127188
2025-10-30,600051,test,0.04860277,0.007774882,2022-08-29,2025-10-13,12697,760,2,6,0.0013973598834127188
2025-10-30,600127,test,-0.011176138,0.0015910119,2022-08-29,2025-10-13,12697,760,2,6,0.0013973598834127188
2025-10-30,600153,test,-0.023572428,0.006973833,2022-08-29,2025-10-13,12697,760,2,6,0.0013973598834127188
2025-10-30,600548,test,-0.0019380843,0.0020454228,2022-08-29,2025-10-13,12697,760,2,6,0.0013973598834127188
2025-10-30,600865,test,0.006135638,0.007939592,2022-08-29,2025-10-13,12697,760,2,6,0.0013973598834127188
2025-10-30,600967,test,-0.02546256,0.012341104,2022-08-29,2025-10-13,12697,760,2,6,0.0013973598834127188
2025-10-30,601222,test,0.023359338,0.0037700534,2022-08-29,2025-10-13,12697,760,2,6,0.0013973598834127188
2025-10-30,603237,test,0.007304159,0.0060618967,2022-08-29,2025-10-13,12697,760,2,6,0.0013973598834127188
2025-10-30,603335,test,0.047957167,0.005541548,2022-08-29,2025-10-13,12697,760,2,6,0.0013973598834127188
2025-10-30,603341,test,-0.040316,0.0033063889,2022-08-29,2025-10-13,12697,760,2,6,0.0013973598834127188
2025-10-30,603658,test,-0.0010516336,0.00619556,2022-08-29,2025-10-13,12697,760,2,6,0.0013973598834127188
2025-10-30,605090,test,0.04494273,-0.0032467842,2022-08-29,2025-10-13,12697,760,2,6,0.0013973598834127188
2025-10-30,605589,test,-0.06597758,0.015980273,2022-08-29,2025-10-13,12697,760,2,6,0.0013973598834127188
2025-10-30,688031,test,0.1350745,0.00052538514,2022-08-29,2025-10-13,12697,760,2,6,0.0013973598834127188
2025-10-30,688045,test,-0.03455702,0.006876327,2022-08-29,2025-10-13,12697,760,2,6,0.0013973598834127188
2025-10-30,688133,test,-0.04486798,0.0059058815,2022-08-29,2025-10-13,12697,760,2,6,0.0013973598834127188
2025-10-30,688147,test,-0.0330415,-0.017094105,2022-08-29,2025-10-13,12697,760,2,6,0.0013973598834127188
2025-10-30,688528,test,0.012698614,0.00689961,2022-08-29,2025-10-13,12697,760,2,6,0.0013973598834127188
2025-10-31,600025,test,-0.008844851,-0.004167229,2022-08-29,2025-10-13,12697,760,2,6,0.0013973598834127188
2025-10-31,600051,test,0.03518242,0.005006239,2022-08-29,2025-10-13,12697,760,2,6,0.0013973598834127188
2025-10-31,600127,test,0.003527404,0.0011110529,2022-08-29,2025-10-13,12697,760,2,6,0.0013973598834127188
2025-10-31,600153,test,-0.0018073252,0.0060207993,2022-08-29,2025-10-13,12697,760,2,6,0.0013973598834127188
2025-10-31,600548,test,0.007864773,0.0019405261,2022-08-29,2025-10-13,12697,760,2,6,0.0013973598834127188
2025-10-31,600865,test,-0.0024407455,0.0062701777,2022-08-29,2025-10-13,12697,760,2,6,0.0013973598834127188
2025-10-31,600967,test,-0.039276406,0.012581915,2022-08-29,2025-10-13,12697,760,2,6,0.0013973598834127188
2025-10-31,601222,test,0.05403607,0.003988743,2022-08-29,2025-10-13,12697,760,2,6,0.0013973598834127188
2025-10-31,603237,test,0.0007414177,0.0050478354,2022-08-29,2025-10-13,12697,760,2,6,0.0013973598834127188
2025-10-31,603335,test,0.012542509,-0.0041025877,2022-08-29,2025-10-13,12697,760,2,6,0.0013973598834127188
2025-10-31,603341,test,-0.02863861,0.004950352,2022-08-29,2025-10-13,12697,760,2,6,0.0013973598834127188
2025-10-31,603658,test,-0.0029121742,0.0068186894,2022-08-29,2025-10-13,12697,760,2,6,0.0013973598834127188
2025-10-31,605090,test,0.053224616,-0.0029683858,2022-08-29,2025-10-13,12697,760,2,6,0.0013973598834127188
2025-10-31,605589,test,-0.023235036,0.01811792,2022-08-29,2025-10-13,12697,760,2,6,0.0013973598834127188
2025-10-31,688031,test,0.032602604,-0.012413144,2022-08-29,2025-10-13,12697,760,2,6,0.0013973598834127188
2025-10-31,688045,test,-0.06148361,0.0074605793,2022-08-29,2025-10-13,12697,760,2,6,0.0013973598834127188
2025-10-31,688133,test,-0.04496494,0.0061113685,2022-08-29,2025-10-13,12697,760,2,6,0.0013973598834127188
2025-10-31,688147,test,0.015044497,-0.0075011104,2022-08-29,2025-10-13,12697,760,2,6,0.0013973598834127188
2025-10-31,688528,test,-0.0011626126,0.0050706044,2022-08-29,2025-10-13,12697,760,2,6,0.0013973598834127188
2025-11-03,600025,test,-0.0048134737,-0.0024936944,2022-08-29,2025-10-13,12697,760,2,6,0.0013973598834127188
2025-11-03,600051,test,0.025755486,0.0036077872,2022-08-29,2025-10-13,12697,760,2,6,0.0013973598834127188
2025-11-03,600127,test,0.006031687,-0.00025624782,2022-08-29,2025-10-13,12697,760,2,6,0.0013973598834127188
2025-11-03,600153,test,0.040524237,0.0056914166,2022-08-29,2025-10-13,12697,760,2,6,0.0013973598834127188
2025-11-03,600548,test,0.0030350676,0.0021435171,2022-08-29,2025-10-13,12697,760,2,6,0.0013973598834127188
2025-11-03,600865,test,0.022302903,0.0045900494,2022-08-29,2025-10-13,12697,760,2,6,0.0013973598834127188
2025-11-03,600967,test,-0.036022853,0.012025759,2022-08-29,2025-10-13,12697,760,2,6,0.0013973598834127188
2025-11-03,601222,test,0.04359693,0.004035875,2022-08-29,2025-10-13,12697,760,2,6,0.0013973598834127188
2025-11-03,603237,test,0.01398412,0.00517375,2022-08-29,2025-10-13,12697,760,2,6,0.0013973598834127188
2025-11-03,603335,test,0.0004058276,-0.005568236,2022-08-29,2025-10-13,12697,760,2,6,0.0013973598834127188
2025-11-03,603341,test,-0.033095326,0.00435403,2022-08-29,2025-10-13,12697,760,2,6,0.0013973598834127188
2025-11-03,603658,test,0.018353386,0.0073901266,2022-08-29,2025-10-13,12697,760,2,6,0.0013973598834127188
2025-11-03,605090,test,0.0205121,-0.002989173,2022-08-29,2025-10-13,12697,760,2,6,0.0013973598834127188
2025-11-03,605589,test,-0.014163388,0.017911881,2022-08-29,2025-10-13,12697,760,2,6,0.0013973598834127188
2025-11-03,688031,test,-0.07613424,-0.021293893,2022-08-29,2025-10-13,12697,760,2,6,0.0013973598834127188
2025-11-03,688045,test,-0.022101404,0.0086450875,2022-08-29,2025-10-13,12697,760,2,6,0.0013973598834127188
2025-11-03,688133,test,-0.011776841,0.008402795,2022-08-29,2025-10-13,12697,760,2,6,0.0013973598834127188
2025-11-03,688147,test,0.02070448,-0.0034447461,2022-08-29,2025-10-13,12697,760,2,6,0.0013973598834127188
2025-11-03,688528,test,-0.017098695,0.0019728541,2022-08-29,2025-10-13,12697,760,2,6,0.0013973598834127188
2025-11-04,600025,test,-0.021424783,-0.0026701093,2022-08-29,2025-10-13,12697,760,2,6,0.0013973598834127188
2025-11-04,600051,test,0.015594422,0.002988398,2022-08-29,2025-10-13,12697,760,2,6,0.0013973598834127188
2025-11-04,600127,test,0.002236133,-0.00084874034,2022-08-29,2025-10-13,12697,760,2,6,0.0013973598834127188
2025-11-04,600153,test,0.010181798,0.0013833493,2022-08-29,2025-10-13,12697,760,2,6,0.0013973598834127188
2025-11-04,600548,test,-0.014367229,0.0016132444,2022-08-29,2025-10-13,12697,760,2,6,0.0013973598834127188
2025-11-04,600865,test,0.022792948,0.004214868,2022-08-29,2025-10-13,12697,760,2,6,0.0013973598834127188
2025-11-04,600967,test,-0.038184337,0.010486051,2022-08-29,2025-10-13,12697,760,2,6,0.0013973598834127188
2025-11-04,601222,test,0.06222605,0.00322517,2022-08-29,2025-10-13,12697,760,2,6,0.0013973598834127188
2025-11-04,603237,test,0.018250838,0.003802441,2022-08-29,2025-10-13,12697,760,2,6,0.0013973598834127188
2025-11-04,603335,test,0.02600204,-0.0037246644,2022-08-29,2025-10-13,12697,760,2,6,0.0013973598834127188
2025-11-04,603341,test,-0.031969693,0.0059771165,2022-08-29,2025-10-13,12697,760,2,6,0.0013973598834127188
2025-11-04,603658,test,0.012488109,0.007015094,2022-08-29,2025-10-13,12697,760,2,6,0.0013973598834127188
2025-11-04,605090,test,0.024303501,-0.0029430836,2022-08-29,2025-10-13,12697,760,2,6,0.0013973598834127188
2025-11-04,605589,test,0.008645605,0.016572505,2022-08-29,2025-10-13,12697,760,2,6,0.0013973598834127188
2025-11-04,688031,test,-0.0443955,-0.012666464,2022-08-29,2025-10-13,12697,760,2,6,0.0013973598834127188
2025-11-04,688045,test,-0.014598659,0.011895716,2022-08-29,2025-10-13,12697,760,2,6,0.0013973598834127188
2025-11-04,688133,test,0.009604243,0.010255538,2022-08-29,2025-10-13,12697,760,2,6,0.0013973598834127188
2025-11-04,688147,test,-0.020914437,0.0013484135,2022-08-29,2025-10-13,12697,760,2,6,0.0013973598834127188
2025-11-04,688528,test,-0.026471043,0.0011739954,2022-08-29,2025-10-13,12697,760,2,6,0.0013973598834127188
2025-11-05,600025,test,0.0020414414,-0.0010803044,2022-08-29,2025-10-13,12697,760,2,6,0.0013973598834127188
2025-11-05,600051,test,0.019901741,0.0021232963,2022-08-29,2025-10-13,12697,760,2,6,0.0013973598834127188
2025-11-05,600127,test,0.008592068,-0.00034737587,2022-08-29,2025-10-13,12697,760,2,6,0.0013973598834127188
2025-11-05,600153,test,0.052023456,0.0045815557,2022-08-29,2025-10-13,12697,760,2,6,0.0013973598834127188
2025-11-05,600548,test,-0.003086764,0.0022863597,2022-08-29,2025-10-13,12697,760,2,6,0.0013973598834127188
2025-11-05,600865,test,0.02263671,0.0029195994,2022-08-29,2025-10-13,12697,760,2,6,0.0013973598834127188
2025-11-05,600967,test,-0.07199615,0.010052316,2022-08-29,2025-10-13,12697,760,2,6,0.0013973598834127188
2025-11-05,601222,test,0.0069265873,-0.0049432963,2022-08-29,2025-10-13,12697,760,2,6,0.0013973598834127188
2025-11-05,603237,test,0.026832683,0.0030879825,2022-08-29,2025-10-13,12697,760,2,6,0.0013973598834127188
2025-11-05,603335,test,0.007954245,-0.00469251,2022-08-29,2025-10-13,12697,760,2,6,0.0013973598834127188
2025-11-05,603341,test,-0.03559415,0.0061386526,2022-08-29,2025-10-13,12697,760,2,6,0.0013973598834127188
2025-11-05,603658,test,0.033386603,0.006001599,2022-08-29,2025-10-13,12697,760,2,6,0.0013973598834127188
2025-11-05,605090,test,0.013852315,-0.0031967014,2022-08-29,2025-10-13,12697,760,2,6,0.0013973598834127188
2025-11-05,605589,test,0.02826822,0.013585515,2022-08-29,2025-10-13,12697,760,2,6,0.0013973598834127188
2025-11-05,688031,test,-0.049236044,-0.003940597,2022-08-29,2025-10-13,12697,760,2,6,0.0013973598834127188
2025-11-05,688045,test,-0.015046734,0.011717886,2022-08-29,2025-10-13,12697,760,2,6,0.0013973598834127188
2025-11-05,688133,test,0.007329903,0.009383842,2022-08-29,2025-10-13,12697,760,2,6,0.0013973598834127188
2025-11-05,688147,test,-0.028610194,0.0023055524,2022-08-29,2025-10-13,12697,760,2,6,0.0013973598834127188
2025-11-05,688528,test,-0.026175937,-9.295344e-05,2022-08-29,2025-10-13,12697,760,2,6,0.0013973598834127188
2025-11-06,600025,test,-0.03109131,-0.00071798265,2022-08-29,2025-10-13,12697,760,2,6,0.0013973598834127188
2025-11-06,600051,test,0.0032544923,-0.0025628954,2022-08-29,2025-10-13,12697,760,2,6,0.0013973598834127188
2025-11-06,600127,test,0.008786266,0.0022009388,2022-08-29,2025-10-13,12697,760,2,6,0.0013973598834127188
2025-11-06,600153,test,0.063499235,0.006135419,2022-08-29,2025-10-13,12697,760,2,6,0.0013973598834127188
2025-11-06,600548,test,-0.032996576,0.0011599362,2022-08-29,2025-10-13,12697,760,2,6,0.0013973598834127188
2025-11-06,600865,test,0.03049738,0.0046677515,2022-08-29,2025-10-13,12697,760,2,6,0.0013973598834127188
2025-11-06,600967,test,-0.07021192,0.010647953,2022-08-29,2025-10-13,12697,760,2,6,0.0013973598834127188
2025-11-06,601222,test,0.0064039226,-0.0067006797,2022-08-29,2025-10-13,12697,760,2,6,0.0013973598834127188
2025-11-06,603237,test,0.026748087,0.0033182502,2022-08-29,2025-10-13,12697,760,2,6,0.0013973598834127188
2025-11-06,603335,test,0.04534089,-0.004753247,2022-08-29,2025-10-13,12697,760,2,6,0.0013973598834127188
2025-11-06,603341,test,-0.042760313,0.0059279352,2022-08-29,2025-10-13,12697,760,2,6,0.0013973598834127188
2025-11-06,603658,test,0.012950506,0.0051184446,2022-08-29,2025-10-13,12697,760,2,6,0.0013973598834127188
2025-11-06,605090,test,-0.011219558,-0.010107949,2022-08-29,2025-10-13,12697,760,2,6,0.0013973598834127188
2025-11-06,605589,test,0.026857825,0.011637561,2022-08-29,2025-10-13,12697,760,2,6,0.0013973598834127188
2025-11-06,688031,test,-0.040288173,0.0015286058,2022-08-29,2025-10-13,12697,760,2,6,0.0013973598834127188
2025-11-06,688045,test,-0.03901777,0.010459021,2022-08-29,2025-10-13,12697,760,2,6,0.0013973598834127188
2025-11-06,688133,test,0.024818921,0.008711524,2022-08-29,2025-10-13,12697,760,2,6,0.0013973598834127188
2025-11-06,688147,test,0.062127993,-0.0016630441,2022-08-29,2025-10-13,12697,760,2,6,0.0013973598834127188
2025-11-06,688528,test,-0.043699898,-0.0005621314,2022-08-29,2025-10-13,12697,760,2,6,0.0013973598834127188
2025-11-07,600025,test,-0.038976055,0.0003953725,2022-08-29,2025-10-13,12697,760,2,6,0.0013973598834127188
2025-11-07,600051,test,0.016521644,-8.136034e-05,2022-08-29,2025-10-13,12697,760,2,6,0.0013973598834127188
2025-11-07,600127,test,0.007212057,0.0031663626,2022-08-29,2025-10-13,12697,760,2,6,0.0013973598834127188
2025-11-07,600153,test,0.048369065,0.004774533,2022-08-29,2025-10-13,12697,760,2,6,0.0013973598834127188
2025-11-07,600548,test,-0.03344447,0.0015938878,2022-08-29,2025-10-13,12697,760,2,6,0.0013973598834127188
2025-11-07,600865,test,0.051351696,0.0045639053,2022-08-29,2025-10-13,12697,760,2,6,0.0013973598834127188
2025-11-07,600967,test,-0.039311018,0.014074102,2022-08-29,2025-10-13,12697,760,2,6,0.0013973598834127188
2025-11-07,601222,test,-0.0123242475,-0.009306505,2022-08-29,2025-10-13,12697,760,2,6,0.0013973598834127188
2025-11-07,603237,test,0.022003938,0.0030413792,2022-08-29,2025-10-13,12697,760,2,6,0.0013973598834127188
2025-11-07,603335,test,0.028984578,-0.005510077,2022-08-29,2025-10-13,12697,760,2,6,0.0013973598834127188
2025-11-07,603341,test,-0.059092708,0.0052306205,2022-08-29,2025-10-13,12697,760,2,6,0.0013973598834127188
2025-11-07,603658,test,0.011240193,0.0052795038,2022-08-29,2025-10-13,12697,760,2,6,0.0013973598834127188
2025-11-07,605090,test,-0.0074078264,-0.0062696636,2022-08-29,2025-10-13,12697,760,2,6,0.0013973598834127188
2025-11-07,605589,test,-0.006318897,0.010543644,2022-08-29,2025-10-13,12697,760,2,6,0.0013973598834127188
2025-11-07,688031,test,-0.08917349,0.00225351,2022-08-29,2025-10-13,12697,760,2,6,0.0013973598834127188
2025-11-07,688045,test,-0.028393673,0.008951783,2022-08-29,2025-10-13,12697,760,2,6,0.0013973598834127188
2025-11-07,688133,test,0.028917853,0.0071503296,2022-08-29,2025-10-13,12697,760,2,6,0.0013973598834127188
2025-11-07,688147,test,0.12249798,-0.0016942173,2022-08-29,2025-10-13,12697,760,2,6,0.0013973598834127188
2025-11-07,688528,test,-0.022656623,-0.00073996186,2022-08-29,2025-10-13,12697,760,2,6,0.0013973598834127188
2025-11-10,600025,test,-0.048779536,0.00029929727,2022-08-29,2025-10-13,12697,760,2,6,0.0013973598834127188
2025-11-10,600051,test,0.01338006,0.0040590167,2022-08-29,2025-10-13,12697,760,2,6,0.0013973598834127188
2025-11-10,600127,test,0.011643615,0.0031305924,2022-08-29,2025-10-13,12697,760,2,6,0.0013973598834127188
2025-11-10,600153,test,0.010064368,-0.00072686374,2022-08-29,2025-10-13,12697,760,2,6,0.0013973598834127188
2025-11-10,600548,test,-0.04296678,0.0014892444,2022-08-29,2025-10-13,12697,760,2,6,0.0013973598834127188
2025-11-10,600865,test,0.016685579,0.0019367039,2022-08-29,2025-10-13,12697,760,2,6,0.0013973598834127188
2025-11-10,600967,test,0.04014294,0.015104778,2022-08-29,2025-10-13,12697,760,2,6,0.0013973598834127188
2025-11-10,601222,test,-0.026233632,-0.0027271807,2022-08-29,2025-10-13,12697,760,2,6,0.0013973598834127188
2025-11-10,603237,test,0.006227509,0.0013518184,2022-08-29,2025-10-13,12697,760,2,6,0.0013973598834127188
2025-11-10,603335,test,0.015469774,-0.0054166466,2022-08-29,2025-10-13,12697,760,2,6,0.0013973598834127188
2025-11-10,603341,test,-0.068327576,0.0056187063,2022-08-29,2025-10-13,12697,760,2,6,0.0013973598834127188
2025-11-10,603658,test,-0.035074063,0.0041018724,2022-08-29,2025-10-13,12697,760,2,6,0.0013973598834127188
2025-11-10,605090,test,0.032124475,-0.00038544834,2022-08-29,2025-10-13,12697,760,2,6,0.0013973598834127188
2025-11-10,605589,test,0.0069577806,0.01219216,2022-08-29,2025-10-13,12697,760,2,6,0.0013973598834127188
2025-11-10,688031,test,0.011701553,0.00095683336,2022-08-29,2025-10-13,12697,760,2,6,0.0013973598834127188
2025-11-10,688045,test,-0.038886137,0.007905461,2022-08-29,2025-10-13,12697,760,2,6,0.0013973598834127188
2025-11-10,688133,test,0.00093053654,0.0052813664,2022-08-29,2025-10-13,12697,760,2,6,0.0013973598834127188
2025-11-10,688147,test,0.12418324,-0.0060412884,2022-08-29,2025-10-13,12697,760,2,6,0.0013973598834127188
2025-11-10,688528,test,-0.029243706,0.00053658336,2022-08-29,2025-10-13,12697,760,2,6,0.0013973598834127188
2025-11-11,600025,test,-0.03665039,0.009711385,2022-09-27,2025-11-10,12790,760,1,5,0.0011465846910141408
2025-11-11,600051,test,0.007850377,0.014405891,2022-09-27,2025-11-10,12790,760,1,5,0.0011465846910141408
2025-11-11,600127,test,0.004855773,0.008135013,2022-09-27,2025-11-10,12790,760,1,5,0.0011465846910141408
2025-11-11,600153,test,-0.012382876,0.005560428,2022-09-27,2025-11-10,12790,760,1,5,0.0011465846910141408
2025-11-11,600548,test,-0.033718154,0.01486446,2022-09-27,2025-11-10,12790,760,1,5,0.0011465846910141408
2025-11-11,600865,test,-0.0019489406,0.005346954,2022-09-27,2025-11-10,12790,760,1,5,0.0011465846910141408
2025-11-11,600967,test,-0.0064675515,-0.004415825,2022-09-27,2025-11-10,12790,760,1,5,0.0011465846910141408
2025-11-11,601222,test,-0.056881707,0.0049502775,2022-09-27,2025-11-10,12790,760,1,5,0.0011465846910141408
2025-11-11,603237,test,-0.0025802949,0.0060240775,2022-09-27,2025-11-10,12790,760,1,5,0.0011465846910141408
2025-11-11,603335,test,-0.036014125,-0.0028215498,2022-09-27,2025-11-10,12790,760,1,5,0.0011465846910141408
2025-11-11,603341,test,-0.05049406,0.0015535951,2022-09-27,2025-11-10,12790,760,1,5,0.0011465846910141408
2025-11-11,603658,test,-0.029244874,0.010292947,2022-09-27,2025-11-10,12790,760,1,5,0.0011465846910141408
2025-11-11,605090,test,0.005503171,0.00835821,2022-09-27,2025-11-10,12790,760,1,5,0.0011465846910141408
2025-11-11,605589,test,-0.012608368,0.001985252,2022-09-27,2025-11-10,12790,760,1,5,0.0011465846910141408
2025-11-11,688031,test,0.05881315,-0.0067806393,2022-09-27,2025-11-10,12790,760,1,5,0.0011465846910141408
2025-11-11,688045,test,-0.019254982,0.0014960319,2022-09-27,2025-11-10,12790,760,1,5,0.0011465846910141408
2025-11-11,688133,test,-0.028069127,0.003046833,2022-09-27,2025-11-10,12790,760,1,5,0.0011465846910141408
2025-11-11,688147,test,0.2678917,0.00036923587,2022-09-27,2025-11-10,12790,760,1,5,0.0011465846910141408
2025-11-11,688528,test,-0.018598737,0.010318413,2022-09-27,2025-11-10,12790,760,1,5,0.0011465846910141408
2025-11-12,600025,test,-0.030900177,0.010635138,2022-09-27,2025-11-10,12790,760,1,5,0.0011465846910141408
2025-11-12,600051,test,-0.0036969364,0.015255891,2022-09-27,2025-11-10,12790,760,1,5,0.0011465846910141408
2025-11-12,600127,test,0.025438722,0.00975284,2022-09-27,2025-11-10,12790,760,1,5,0.0011465846910141408
2025-11-12,600153,test,-0.03229367,0.0075045824,2022-09-27,2025-11-10,12790,760,1,5,0.0011465846910141408
2025-11-12,600548,test,-0.02433433,0.015207104,2022-09-27,2025-11-10,12790,760,1,5,0.0011465846910141408
2025-11-12,600865,test,0.00065890397,0.0061603338,2022-09-27,2025-11-10,12790,760,1,5,0.0011465846910141408
2025-11-12,600967,test,0.06323426,-0.004427105,2022-09-27,2025-11-10,12790,760,1,5,0.0011465846910141408
2025-11-12,601222,test,-0.035862613,0.007682711,2022-09-27,2025-11-10,12790,760,1,5,0.0011465846910141408
2025-11-12,603237,test,-0.006262166,0.0033220276,2022-09-27,2025-11-10,12790,760,1,5,0.0011465846910141408
2025-11-12,603335,test,-0.02896761,-0.0031051189,2022-09-27,2025-11-10,12790,760,1,5,0.0011465846910141408
2025-11-12,603341,test,-0.05283224,0.00019693375,2022-09-27,2025-11-10,12790,760,1,5,0.0011465846910141408
2025-11-12,603658,test,-0.044307567,0.009325109,2022-09-27,2025-11-10,12790,760,1,5,0.0011465846910141408
2025-11-12,605090,test,-0.0026352888,0.011695452,2022-09-27,2025-11-10,12790,760,1,5,0.0011465846910141408
2025-11-12,605589,test,-0.029141515,0.0035239682,2022-09-27,2025-11-10,12790,760,1,5,0.0011465846910141408
2025-11-12,688031,test,0.09013471,-0.008015007,2022-09-27,2025-11-10,12790,760,1,5,0.0011465846910141408
2025-11-12,688045,test,-0.037708275,0.002247803,2022-09-27,2025-11-10,12790,760,1,5,0.0011465846910141408
2025-11-12,688133,test,-0.031670216,0.0036061332,2022-09-27,2025-11-10,12790,760,1,5,0.0011465846910141408
2025-11-12,688147,test,0.23358703,0.0026887655,2022-09-27,2025-11-10,12790,760,1,5,0.0011465846910141408
2025-11-12,688528,test,-0.05244102,0.009873658,2022-09-27,2025-11-10,12790,760,1,5,0.0011465846910141408
2025-11-13,600025,test,0.012082014,0.009299144,2022-09-27,2025-11-10,12790,760,1,5,0.0011465846910141408
2025-11-13,600051,test,0.0069981623,0.014985368,2022-09-27,2025-11-10,12790,760,1,5,0.0011465846910141408
2025-11-13,600127,test,0.035626028,0.013100497,2022-09-27,2025-11-10,12790,760,1,5,0.0011465846910141408
2025-11-13,600153,test,-0.015543529,0.010157555,2022-09-27,2025-11-10,12790,760,1,5,0.0011465846910141408
2025-11-13,600548,test,0.01963406,0.013425797,2022-09-27,2025-11-10,12790,760,1,5,0.0011465846910141408
2025-11-13,600865,test,-0.009840242,0.008816391,2022-09-27,2025-11-10,12790,760,1,5,0.0011465846910141408
2025-11-13,600967,test,0.03185778,-0.0039943904,2022-09-27,2025-11-10,12790,760,1,5,0.0011465846910141408
2025-11-13,601222,test,-0.034603473,0.012101814,2022-09-27,2025-11-10,12790,760,1,5,0.0011465846910141408
2025-11-13,603237,test,-0.007701426,0.0050934106,2022-09-27,2025-11-10,12790,760,1,5,0.0011465846910141408
2025-11-13,603335,test,-0.054040007,-0.005371392,2022-09-27,2025-11-10,12790,760,1,5,0.0011465846910141408
2025-11-13,603341,test,-0.03905991,-0.00062838197,2022-09-27,2025-11-10,12790,760,1,5,0.0011465846910141408
2025-11-13,603658,test,-0.037008103,0.011697181,2022-09-27,2025-11-10,12790,760,1,5,0.0011465846910141408
2025-11-13,605090,test,0.029614076,0.013971329,2022-09-27,2025-11-10,12790,760,1,5,0.0011465846910141408
2025-11-13,605589,test,-0.0084909145,0.0056168735,2022-09-27,2025-11-10,12790,760,1,5,0.0011465846910141408
2025-11-13,688031,test,0.074818045,-0.008279428,2022-09-27,2025-11-10,12790,760,1,5,0.0011465846910141408
2025-11-13,688045,test,-0.031157631,0.001105532,2022-09-27,2025-11-10,12790,760,1,5,0.0011465846910141408
2025-11-13,688133,test,-0.048326347,0.0051117837,2022-09-27,2025-11-10,12790,760,1,5,0.0011465846910141408
2025-11-13,688147,test,0.09655406,-0.009516284,2022-09-27,2025-11-10,12790,760,1,5,0.0011465846910141408
2025-11-13,688528,test,-0.021412652,0.009654045,2022-09-27,2025-11-10,12790,760,1,5,0.0011465846910141408
2025-11-14,600025,test,0.04746808,0.01024387,2022-09-27,2025-11-10,12790,760,1,5,0.0011465846910141408
2025-11-14,600051,test,-0.02212656,0.013009913,2022-09-27,2025-11-10,12790,760,1,5,0.0011465846910141408
2025-11-14,600127,test,0.07328801,0.014526561,2022-09-27,2025-11-10,12790,760,1,5,0.0011465846910141408
2025-11-14,600153,test,0.046013802,0.013819143,2022-09-27,2025-11-10,12790,760,1,5,0.0011465846910141408
2025-11-14,600548,test,0.036822695,0.013219103,2022-09-27,2025-11-10,12790,760,1,5,0.0011465846910141408
2025-11-14,600865,test,-0.035684504,0.0059221983,2022-09-27,2025-11-10,12790,760,1,5,0.0011465846910141408
2025-11-14,600967,test,0.03349236,-0.002162069,2022-09-27,2025-11-10,12790,760,1,5,0.0011465846910141408
2025-11-14,601222,test,-0.027377205,0.015666023,2022-09-27,2025-11-10,12790,760,1,5,0.0011465846910141408
2025-11-14,603237,test,-0.008830022,0.007950053,2022-09-27,2025-11-10,12790,760,1,5,0.0011465846910141408
2025-11-14,603335,test,-0.05519605,-0.004508719,2022-09-27,2025-11-10,12790,760,1,5,0.0011465846910141408
2025-11-14,603341,test,-0.022275401,-0.0010143965,2022-09-27,2025-11-10,12790,760,1,5,0.0011465846910141408
2025-11-14,603658,test,-0.006805353,0.013530314,2022-09-27,2025-11-10,12790,760,1,5,0.0011465846910141408
2025-11-14,605090,test,0.017401742,0.014632858,2022-09-27,2025-11-10,12790,760,1,5,0.0011465846910141408
2025-11-14,605589,test,-0.008876945,0.0061544105,2022-09-27,2025-11-10,12790,760,1,5,0.0011465846910141408
2025-11-14,688031,test,0.100230396,-0.010767117,2022-09-27,2025-11-10,12790,760,1,5,0.0011465846910141408
2025-11-14,688045,test,-0.045534197,0.0011208802,2022-09-27,2025-11-10,12790,760,1,5,0.0011465846910141408
2025-11-14,688133,test,-0.055900358,0.0070130676,2022-09-27,2025-11-10,12790,760,1,5,0.0011465846910141408
2025-11-14,688147,test,-0.021615157,-0.022475526,2022-09-27,2025-11-10,12790,760,1,5,0.0011465846910141408
2025-11-14,688528,test,-0.04449534,0.0085309595,2022-09-27,2025-11-10,12790,760,1,5,0.0011465846910141408
2025-11-17,600025,test,0.043353207,0.009599313,2022-09-27,2025-11-10,12790,760,1,5,0.0011465846910141408
2025-11-17,600051,test,-0.0054154326,0.013780326,2022-09-27,2025-11-10,12790,760,1,5,0.0011465846910141408
2025-11-17,600127,test,0.07562726,0.013796784,2022-09-27,2025-11-10,12790,760,1,5,0.0011465846910141408
2025-11-17,600153,test,-0.010795341,0.015849918,2022-09-27,2025-11-10,12790,760,1,5,0.0011465846910141408
2025-11-17,600548,test,0.053603865,0.01045686,2022-09-27,2025-11-10,12790,760,1,5,0.0011465846910141408
2025-11-17,600865,test,-0.018510139,0.008361943,2022-09-27,2025-11-10,12790,760,1,5,0.0011465846910141408
2025-11-17,600967,test,0.0028250352,0.0010025203,2022-09-27,2025-11-10,12790,760,1,5,0.0011465846910141408
2025-11-17,601222,test,-0.014568298,0.016639277,2022-09-27,2025-11-10,12790,760,1,5,0.0011465846910141408
2025-11-17,603237,test,-0.008807001,0.01138483,2022-09-27,2025-11-10,12790,760,1,5,0.0011465846910141408
2025-11-17,603335,test,-0.033151504,-0.0014437288,2022-09-27,2025-11-10,12790,760,1,5,0.0011465846910141408
2025-11-17,603341,test,-0.005950751,-0.0010204464,2022-09-27,2025-11-10,12790,760,1,5,0.0011465846910141408
2025-11-17,603658,test,0.01729066,0.01157105,2022-09-27,2025-11-10,12790,760,1,5,0.0011465846910141408
2025-11-17,605090,test,-0.01866907,0.008190393,2022-09-27,2025-11-10,12790,760,1,5,0.0011465846910141408
2025-11-17,605589,test,0.0067595243,0.0056172833,2022-09-27,2025-11-10,12790,760,1,5,0.0011465846910141408
2025-11-17,688031,test,0.040812533,-0.013232142,2022-09-27,2025-11-10,12790,760,1,5,0.0011465846910141408
2025-11-17,688045,test,-0.026767122,0.000762403,2022-09-27,2025-11-10,12790,760,1,5,0.0011465846910141408
2025-11-17,688133,test,-0.036424465,0.007702589,2022-09-27,2025-11-10,12790,760,1,5,0.0011465846910141408
2025-11-17,688147,test,-0.026176443,-0.022548065,2022-09-27,2025-11-10,12790,760,1,5,0.0011465846910141408
2025-11-17,688528,test,-0.035036523,0.008484393,2022-09-27,2025-11-10,12790,760,1,5,0.0011465846910141408
2025-11-18,600025,test,0.03536338,0.0089318305,2022-09-27,2025-11-10,12790,760,1,5,0.0011465846910141408
2025-11-18,600051,test,-0.0028706647,0.011320591,2022-09-27,2025-11-10,12790,760,1,5,0.0011465846910141408
2025-11-18,600127,test,0.055763286,0.0158256,2022-09-27,2025-11-10,12790,760,1,5,0.0011465846910141408
2025-11-18,600153,test,-0.0053861663,0.015705034,2022-09-27,2025-11-10,12790,760,1,5,0.0011465846910141408
2025-11-18,600548,test,0.03729807,0.008988872,2022-09-27,2025-11-10,12790,760,1,5,0.0011465846910141408
2025-11-18,600865,test,-0.011914431,0.011269793,2022-09-27,2025-11-10,12790,760,1,5,0.0011465846910141408
2025-11-18,600967,test,0.024225669,0.008654542,2022-09-27,2025-11-10,12790,760,1,5,0.0011465846910141408
2025-11-18,601222,test,-0.009748807,0.014588937,2022-09-27,2025-11-10,12790,760,1,5,0.0011465846910141408
2025-11-18,603237,test,-0.011150489,0.01212278,2022-09-27,2025-11-10,12790,760,1,5,0.0011465846910141408
2025-11-18,603335,test,0.0010762084,5.3837895e-05,2022-09-27,2025-11-10,12790,760,1,5,0.0011465846910141408
2025-11-18,603341,test,0.011138975,-0.0003758222,2022-09-27,2025-11-10,12790,760,1,5,0.0011465846910141408
2025-11-18,603658,test,0.011965029,0.012217917,2022-09-27,2025-11-10,12790,760,1,5,0.0011465846910141408
2025-11-18,605090,test,-0.010808726,0.010841079,2022-09-27,2025-11-10,12790,760,1,5,0.0011465846910141408
2025-11-18,605589,test,0.012090062,0.0044839084,2022-09-27,2025-11-10,12790,760,1,5,0.0011465846910141408
2025-11-18,688031,test,0.035159975,-0.019744173,2022-09-27,2025-11-10,12790,760,1,5,0.0011465846910141408
2025-11-18,688045,test,-0.02403551,0.0021974444,2022-09-27,2025-11-10,12790,760,1,5,0.0011465846910141408
2025-11-18,688133,test,-0.017384147,0.006452933,2022-09-27,2025-11-10,12790,760,1,5,0.0011465846910141408
2025-11-18,688147,test,-0.08891869,-0.024895191,2022-09-27,2025-11-10,12790,760,1,5,0.0011465846910141408
2025-11-18,688528,test,-0.04186302,0.0065797865,2022-09-27,2025-11-10,12790,760,1,5,0.0011465846910141408
2025-11-19,600025,test,0.023446986,0.009636559,2022-09-27,2025-11-10,12790,760,1,5,0.0011465846910141408
2025-11-19,600051,test,-0.0033696655,0.00951352,2022-09-27,2025-11-10,12790,760,1,5,0.0011465846910141408
2025-11-19,600127,test,0.0057871407,0.009898737,2022-09-27,2025-11-10,12790,760,1,5,0.0011465846910141408
2025-11-19,600153,test,-0.0020250548,0.014430366,2022-09-27,2025-11-10,12790,760,1,5,0.0011465846910141408
2025-11-19,600548,test,0.023565143,0.00917431,2022-09-27,2025-11-10,12790,760,1,5,0.0011465846910141408
2025-11-19,600865,test,-0.014271133,0.013168603,2022-09-27,2025-11-10,12790,760,1,5,0.0011465846910141408
2025-11-19,600967,test,-0.025593963,0.009082578,2022-09-27,2025-11-10,12790,760,1,5,0.0011465846910141408
2025-11-19,601222,test,-0.007129832,0.013048202,2022-09-27,2025-11-10,12790,760,1,5,0.0011465846910141408
2025-11-19,603237,test,-0.020714242,0.014148325,2022-09-27,2025-11-10,12790,760,1,5,0.0011465846910141408
2025-11-19,603335,test,0.02878696,0.0009582937,2022-09-27,2025-11-10,12790,760,1,5,0.0011465846910141408
2025-11-19,603341,test,0.015349446,0.00076548755,2022-09-27,2025-11-10,12790,760,1,5,0.0011465846910141408
2025-11-19,603658,test,0.006412216,0.011929736,2022-09-27,2025-11-10,12790,760,1,5,0.0011465846910141408
2025-11-19,605090,test,0.0052670343,0.014147706,2022-09-27,2025-11-10,12790,760,1,5,0.0011465846910141408
2025-11-19,605589,test,0.012088099,0.0038274005,2022-09-27,2025-11-10,12790,760,1,5,0.0011465846910141408
2025-11-19,688031,test,-0.019834809,-0.022897437,2022-09-27,2025-11-10,12790,760,1,5,0.0011465846910141408
2025-11-19,688045,test,0.010354967,0.0018897355,2022-09-27,2025-11-10,12790,760,1,5,0.0011465846910141408
2025-11-19,688133,test,-0.018902294,0.0051774383,2022-09-27,2025-11-10,12790,760,1,5,0.0011465846910141408
2025-11-19,688147,test,-0.0050544883,-0.016555965,2022-09-27,2025-11-10,12790,760,1,5,0.0011465846910141408
2025-11-19,688528,test,-0.01416251,0.00530079,2022-09-27,2025-11-10,12790,760,1,5,0.0011465846910141408
2025-11-20,600025,test,0.016615897,0.011087447,2022-09-27,2025-11-10,12790,760,1,5,0.0011465846910141408
2025-11-20,600051,test,-0.008783148,0.00887876,2022-09-27,2025-11-10,12790,760,1,5,0.0011465846910141408
2025-11-20,600127,test,-0.013718522,0.010402232,2022-09-27,2025-11-10,12790,760,1,5,0.0011465846910141408
2025-11-20,600153,test,-0.037836246,0.013300002,2022-09-27,2025-11-10,12790,760,1,5,0.0011465846910141408
2025-11-20,600548,test,0.0057840273,0.010762237,2022-09-27,2025-11-10,12790,760,1,5,0.0011465846910141408
2025-11-20,600865,test,0.050027676,0.012269646,2022-09-27,2025-11-10,12790,760,1,5,0.0011465846910141408
2025-11-20,600967,test,0.0005419278,0.008910283,2022-09-27,2025-11-10,12790,760,1,5,0.0011465846910141408
2025-11-20,601222,test,-0.013465881,0.010091871,2022-09-27,2025-11-10,12790,760,1,5,0.0011465846910141408
2025-11-20,603237,test,-0.0149995405,0.015298896,2022-09-27,2025-11-10,12790,760,1,5,0.0011465846910141408
2025-11-20,603335,test,0.03234711,0.002312392,2022-09-27,2025-11-10,12790,760,1,5,0.0011465846910141408
2025-11-20,603341,test,0.03725336,0.0010012835,2022-09-27,2025-11-10,12790,760,1,5,0.0011465846910141408
2025-11-20,603658,test,0.014410537,0.011325553,2022-09-27,2025-11-10,12790,760,1,5,0.0011465846910141408
2025-11-20,605090,test,-0.034508698,0.008560196,2022-09-27,2025-11-10,12790,760,1,5,0.0011465846910141408
2025-11-20,605589,test,-0.013894417,0.005098447,2022-09-27,2025-11-10,12790,760,1,5,0.0011465846910141408
2025-11-20,688031,test,-0.032517668,-0.021405637,2022-09-27,2025-11-10,12790,760,1,5,0.0011465846910141408
2025-11-20,688045,test,0.04994868,0.0015295893,2022-09-27,2025-11-10,12790,760,1,5,0.0011465846910141408
2025-11-20,688133,test,-0.00097370957,0.0033996403,2022-09-27,2025-11-10,12790,760,1,5,0.0011465846910141408
2025-11-20,688147,test,-0.029696083,-0.012032703,2022-09-27,2025-11-10,12790,760,1,5,0.0011465846910141408
2025-11-20,688528,test,-0.0065353033,0.006077826,2022-09-27,2025-11-10,12790,760,1,5,0.0011465846910141408
2025-11-21,600025,test,-0.028605945,0.012486011,2022-09-27,2025-11-10,12790,760,1,5,0.0011465846910141408
2025-11-21,600051,test,0.011234692,0.008335017,2022-09-27,2025-11-10,12790,760,1,5,0.0011465846910141408
2025-11-21,600127,test,-0.061046,0.004137926,2022-09-27,2025-11-10,12790,760,1,5,0.0011465846910141408
2025-11-21,600153,test,-0.1035585,0.0070542023,2022-09-27,2025-11-10,12790,760,1,5,0.0011465846910141408
2025-11-21,600548,test,-0.03765117,0.012228727,2022-09-27,2025-11-10,12790,760,1,5,0.0011465846910141408
2025-11-21,600865,test,0.05360126,0.011879504,2022-09-27,2025-11-10,12790,760,1,5,0.0011465846910141408
2025-11-21,600967,test,-0.029184649,0.00803493,2022-09-27,2025-11-10,12790,760,1,5,0.0011465846910141408
2025-11-21,601222,test,-0.025029408,0.008249424,2022-09-27,2025-11-10,12790,760,1,5,0.0011465846910141408
2025-11-21,603237,test,-0.016083583,0.014123842,2022-09-27,2025-11-10,12790,760,1,5,0.0011465846910141408
2025-11-21,603335,test,0.043188926,0.0023360103,2022-09-27,2025-11-10,12790,760,1,5,0.0011465846910141408
2025-11-21,603341,test,0.0201366,0.0018481612,2022-09-27,2025-11-10,12790,760,1,5,0.0011465846910141408
2025-11-21,603658,test,-0.041028306,0.010876924,2022-09-27,2025-11-10,12790,760,1,5,0.0011465846910141408
2025-11-21,605090,test,-0.021087147,0.00920704,2022-09-27,2025-11-10,12790,760,1,5,0.0011465846910141408
2025-11-21,605589,test,-0.007764571,0.005465746,2022-09-27,2025-11-10,12790,760,1,5,0.0011465846910141408
2025-11-21,688031,test,-0.020759791,-0.017804816,2022-09-27,2025-11-10,12790,760,1,5,0.0011465846910141408
2025-11-21,688045,test,0.05919085,0.0015853792,2022-09-27,2025-11-10,12790,760,1,5,0.0011465846910141408
2025-11-21,688133,test,0.0057055675,0.0024975687,2022-09-27,2025-11-10,12790,760,1,5,0.0011465846910141408
2025-11-21,688147,test,0.18316317,-0.003039971,2022-09-27,2025-11-10,12790,760,1,5,0.0011465846910141408
2025-11-21,688528,test,0.0155780045,0.0060971603,2022-09-27,2025-11-10,12790,760,1,5,0.0011465846910141408
2025-11-24,600025,test,-0.0086144395,0.012361661,2022-09-27,2025-11-10,12790,760,1,5,0.0011465846910141408
2025-11-24,600051,test,-0.0064904215,0.0075245053,2022-09-27,2025-11-10,12790,760,1,5,0.0011465846910141408
2025-11-24,600127,test,-0.06382189,0.0012167841,2022-09-27,2025-11-10,12790,760,1,5,0.0011465846910141408
2025-11-24,600153,test,-0.06030511,0.006190039,2022-09-27,2025-11-10,12790,760,1,5,0.0011465846910141408
2025-11-24,600548,test,-0.06560957,0.010185063,2022-09-27,2025-11-10,12790,760,1,5,0.0011465846910141408
2025-11-24,600865,test,0.03608483,0.011006705,2022-09-27,2025-11-10,12790,760,1,5,0.0011465846910141408
2025-11-24,600967,test,-0.06288072,0.0074884742,2022-09-27,2025-11-10,12790,760,1,5,0.0011465846910141408
2025-11-24,601222,test,-0.018178733,0.0067692697,2022-09-27,2025-11-10,12790,760,1,5,0.0011465846910141408
2025-11-24,603237,test,-0.008119562,0.012492806,2022-09-27,2025-11-10,12790,760,1,5,0.0011465846910141408
2025-11-24,603335,test,0.03728345,0.00063200295,2022-09-27,2025-11-10,12790,760,1,5,0.0011465846910141408
2025-11-24,603341,test,0.11058979,0.0032736212,2022-09-27,2025-11-10,12790,760,1,5,0.0011465846910141408
2025-11-24,603658,test,-0.033281215,0.010620631,2022-09-27,2025-11-10,12790,760,1,5,0.0011465846910141408
2025-11-24,605090,test,-0.042739075,0.0118317455,2022-09-27,2025-11-10,12790,760,1,5,0.0011465846910141408
2025-11-24,605589,test,0.0012055313,0.0065317824,2022-09-27,2025-11-10,12790,760,1,5,0.0011465846910141408
2025-11-24,688031,test,-0.058202103,-0.023204014,2022-09-27,2025-11-10,12790,760,1,5,0.0011465846910141408
2025-11-24,688045,test,0.059055943,0.001723215,2022-09-27,2025-11-10,12790,760,1,5,0.0011465846910141408
2025-11-24,688133,test,0.019187815,0.0017365366,2022-09-27,2025-11-10,12790,760,1,5,0.0011465846910141408
2025-11-24,688147,test,0.16063282,0.00062455237,2022-09-27,2025-11-10,12790,760,1,5,0.0011465846910141408
2025-11-24,688528,test,0.0042026453,0.0060377717,2022-09-27,2025-11-10,12790,760,1,5,0.0011465846910141408
2025-11-25,600025,test,-0.003478076,0.014043465,2022-09-27,2025-11-10,12790,760,1,5,0.0011465846910141408
2025-11-25,600051,test,-0.0008182735,0.0075817406,2022-09-27,2025-11-10,12790,760,1,5,0.0011465846910141408
2025-11-25,600127,test,-0.0014239212,0.005739391,2022-09-27,2025-11-10,12790,760,1,5,0.0011465846910141408
2025-11-25,600153,test,-0.059222445,0.0086153895,2022-09-27,2025-11-10,12790,760,1,5,0.0011465846910141408
2025-11-25,600548,test,-0.057588477,0.012656346,2022-09-27,2025-11-10,12790,760,1,5,0.0011465846910141408
2025-11-25,600865,test,0.050745405,0.009696171,2022-09-27,2025-11-10,12790,760,1,5,0.0011465846910141408
2025-11-25,600967,test,-0.03980466,0.011259772,2022-09-27,2025-11-10,12790,760,1,5,0.0011465846910141408
2025-11-25,601222,test,-0.0062824404,0.005707808,2022-09-27,2025-11-10,12790,760,1,5,0.0011465846910141408
2025-11-25,603237,test,-0.0021847193,0.009644181,2022-09-27,2025-11-10,12790,760,1,5,0.0011465846910141408
2025-11-25,603335,test,0.016359298,-0.0028615594,2022-09-27,2025-11-10,12790,760,1,5,0.0011465846910141408
2025-11-25,603341,test,0.115984,0.006471887,2022-09-27,2025-11-10,12790,760,1,5,0.0011465846910141408
2025-11-25,603658,test,-0.040203627,0.010901615,2022-09-27,2025-11-10,12790,760,1,5,0.0011465846910141408
2025-11-25,605090,test,-0.032843634,0.01152961,2022-09-27,2025-11-10,12790,760,1,5,0.0011465846910141408
2025-11-25,605589,test,0.009862229,0.006211631,2022-09-27,2025-11-10,12790,760,1,5,0.0011465846910141408
2025-11-25,688031,test,-0.094775975,-0.024656728,2022-09-27,2025-11-10,12790,760,1,5,0.0011465846910141408
2025-11-25,688045,test,0.02538585,0.0024148002,2022-09-27,2025-11-10,12790,760,1,5,0.0011465846910141408
2025-11-25,688133,test,-0.0005965133,0.0021389872,2022-09-27,2025-11-10,12790,760,1,5,0.0011465846910141408
2025-11-25,688147,test,0.13071325,0.00036375225,2022-09-27,2025-11-10,12790,760,1,5,0.0011465846910141408
2025-11-25,688528,test,-0.009827282,0.00607422,2022-09-27,2025-11-10,12790,760,1,5,0.0011465846910141408
2025-11-26,600025,test,0.0075483774,0.015445061,2022-09-27,2025-11-10,12790,760,1,5,0.0011465846910141408
2025-11-26,600051,test,-0.0056300275,0.0060687587,2022-09-27,2025-11-10,12790,760,1,5,0.0011465846910141408
2025-11-26,600127,test,0.011239214,0.008819513,2022-09-27,2025-11-10,12790,760,1,5,0.0011465846910141408
2025-11-26,600153,test,-0.06332961,0.009668246,2022-09-27,2025-11-10,12790,760,1,5,0.0011465846910141408
2025-11-26,600548,test,-0.054697387,0.014328741,2022-09-27,2025-11-10,12790,760,1,5,0.0011465846910141408
2025-11-26,600865,test,0.05517161,0.00740695,2022-09-27,2025-11-10,12790,760,1,5,0.0011465846910141408
2025-11-26,600967,test,-0.035566952,0.010923609,2022-09-27,2025-11-10,12790,760,1,5,0.0011465846910141408
2025-11-26,601222,test,-0.011139932,0.005341314,2022-09-27,2025-11-10,12790,760,1,5,0.0011465846910141408
2025-11-26,603237,test,0.005420958,0.0067365766,2022-09-27,2025-11-10,12790,760,1,5,0.0011465846910141408
2025-11-26,603335,test,-0.024343688,-0.0070266873,2022-09-27,2025-11-10,12790,760,1,5,0.0011465846910141408
2025-11-26,603341,test,0.14282653,0.007682979,2022-09-27,2025-11-10,12790,760,1,5,0.0011465846910141408
2025-11-26,603658,test,-0.030695217,0.0103455335,2022-09-27,2025-11-10,12790,760,1,5,0.0011465846910141408
2025-11-26,605090,test,-0.049521763,0.008094102,2022-09-27,2025-11-10,12790,760,1,5,0.0011465846910141408
2025-11-26,605589,test,-0.005592681,0.007443011,2022-09-27,2025-11-10,12790,760,1,5,0.0011465846910141408
2025-11-26,688031,test,-0.06735265,-0.019561678,2022-09-27,2025-11-10,12790,760,1,5,0.0011465846910141408
2025-11-26,688045,test,-0.016529366,0.004500374,2022-09-27,2025-11-10,12790,760,1,5,0.0011465846910141408
2025-11-26,688133,test,-0.002616848,0.001674071,2022-09-27,2025-11-10,12790,760,1,5,0.0011465846910141408
2025-11-26,688147,test,0.15231258,-0.0050299317,2022-09-27,2025-11-10,12790,760,1,5,0.0011465846910141408
2025-11-26,688528,test,-0.0075031407,0.004951954,2022-09-27,2025-11-10,12790,760,1,5,0.0011465846910141408
2025-11-27,600025,test,0.010164595,0.016128808,2022-09-27,2025-11-10,12790,760,1,5,0.0011465846910141408
2025-11-27,600051,test,-0.024675926,0.0072455406,2022-09-27,2025-11-10,12790,760,1,5,0.0011465846910141408
2025-11-27,600127,test,0.026592301,0.010433324,2022-09-27,2025-11-10,12790,760,1,5,0.0011465846910141408
2025-11-27,600153,test,-0.027163222,0.008026287,2022-09-27,2025-11-10,12790,760,1,5,0.0011465846910141408
2025-11-27,600548,test,-0.05750225,0.014252245,2022-09-27,2025-11-10,12790,760,1,5,0.0011465846910141408
2025-11-27,600865,test,-0.00034509448,-0.0035651624,2022-09-27,2025-11-10,12790,760,1,5,0.0011465846910141408
2025-11-27,600967,test,-0.03971755,0.010008827,2022-09-27,2025-11-10,12790,760,1,5,0.0011465846910141408
2025-11-27,601222,test,0.002180127,0.005055271,2022-09-27,2025-11-10,12790,760,1,5,0.0011465846910141408
2025-11-27,603237,test,-0.00672178,0.0060714334,2022-09-27,2025-11-10,12790,760,1,5,0.0011465846910141408
2025-11-27,603335,test,-0.030328933,-0.0057605803,2022-09-27,2025-11-10,12790,760,1,5,0.0011465846910141408
2025-11-27,603341,test,0.104028694,0.011225224,2022-09-27,2025-11-10,12790,760,1,5,0.0011465846910141408
2025-11-27,603658,test,-0.023975061,0.009260431,2022-09-27,2025-11-10,12790,760,1,5,0.0011465846910141408
2025-11-27,605090,test,-0.01973865,0.0062410533,2022-09-27,2025-11-10,12790,760,1,5,0.0011465846910141408
2025-11-27,605589,test,0.0016414247,0.007694155,2022-09-27,2025-11-10,12790,760,1,5,0.0011465846910141408
2025-11-27,688031,test,-0.04097721,-0.013745412,2022-09-27,2025-11-10,12790,760,1,5,0.0011465846910141408
2025-11-27,688045,test,-0.03952885,0.007100746,2022-09-27,2025-11-10,12790,760,1,5,0.0011465846910141408
2025-11-27,688133,test,-0.016407695,0.0032505617,2022-09-27,2025-11-10,12790,760,1,5,0.0011465846910141408
2025-11-27,688147,test,0.21132304,-0.003724128,2022-09-27,2025-11-10,12790,760,1,5,0.0011465846910141408
2025-11-27,688528,test,-0.028847953,0.006019838,2022-09-27,2025-11-10,12790,760,1,5,0.0011465846910141408
2025-11-28,600025,test,0.010416447,0.016748875,2022-09-27,2025-11-10,12790,760,1,5,0.0011465846910141408
2025-11-28,600051,test,-0.016082507,0.008512482,2022-09-27,2025-11-10,12790,760,1,5,0.0011465846910141408
2025-11-28,600127,test,0.033132035,0.011572972,2022-09-27,2025-11-10,12790,760,1,5,0.0011465846910141408
2025-11-28,600153,test,-0.025875216,0.006567523,2022-09-27,2025-11-10,12790,760,1,5,0.0011465846910141408
2025-11-28,600548,test,-0.049964257,0.010629192,2022-09-27,2025-11-10,12790,760,1,5,0.0011465846910141408
2025-11-28,600865,test,-0.008514027,-0.002802059,2022-09-27,2025-11-10,12790,760,1,5,0.0011465846910141408
2025-11-28,600967,test,-0.036895365,0.007917039,2022-09-27,2025-11-10,12790,760,1,5,0.0011465846910141408
2025-11-28,601222,test,0.007380262,0.0047378168,2022-09-27,2025-11-10,12790,760,1,5,0.0011465846910141408
2025-11-28,603237,test,-0.010378252,0.0063498467,2022-09-27,2025-11-10,12790,760,1,5,0.0011465846910141408
2025-11-28,603335,test,-0.025639663,-0.0004812926,2022-09-27,2025-11-10,12790,760,1,5,0.0011465846910141408
2025-11-28,603341,test,0.12153438,0.0124014765,2022-09-27,2025-11-10,12790,760,1,5,0.0011465846910141408
2025-11-28,603658,test,-0.014795938,0.007971495,2022-09-27,2025-11-10,12790,760,1,5,0.0011465846910141408
2025-11-28,605090,test,-0.022415591,0.0050885975,2022-09-27,2025-11-10,12790,760,1,5,0.0011465846910141408
2025-11-28,605589,test,0.007274898,0.007150665,2022-09-27,2025-11-10,12790,760,1,5,0.0011465846910141408
2025-11-28,688031,test,0.11041198,-0.006766528,2022-09-27,2025-11-10,12790,760,1,5,0.0011465846910141408
2025-11-28,688045,test,-0.034529388,0.010387622,2022-09-27,2025-11-10,12790,760,1,5,0.0011465846910141408
2025-11-28,688133,test,-0.015532851,0.004410386,2022-09-27,2025-11-10,12790,760,1,5,0.0011465846910141408
2025-11-28,688147,test,0.010917157,-0.014899597,2022-09-27,2025-11-10,12790,760,1,5,0.0011465846910141408
2025-11-28,688528,test,-0.040444102,0.007418856,2022-09-27,2025-11-10,12790,760,1,5,0.0011465846910141408
2025-12-01,600025,test,-0.017657045,0.017361343,2022-09-27,2025-11-10,12790,760,1,5,0.0011465846910141408
2025-12-01,600051,test,-0.015885543,0.010019384,2022-09-27,2025-11-10,12790,760,1,5,0.0011465846910141408
2025-12-01,600127,test,0.025149973,0.011948377,2022-09-27,2025-11-10,12790,760,1,5,0.0011465846910141408
2025-12-01,600153,test,-0.0029477582,0.004311651,2022-09-27,2025-11-10,12790,760,1,5,0.0011465846910141408
2025-12-01,600548,test,-0.04345307,0.007858016,2022-09-27,2025-11-10,12790,760,1,5,0.0011465846910141408
2025-12-01,600865,test,0.0075729424,0.001677379,2022-09-27,2025-11-10,12790,760,1,5,0.0011465846910141408
2025-12-01,600967,test,-0.043423105,0.0051663592,2022-09-27,2025-11-10,12790,760,1,5,0.0011465846910141408
2025-12-01,601222,test,-0.0028566557,0.005233906,2022-09-27,2025-11-10,12790,760,1,5,0.0011465846910141408
2025-12-01,603237,test,-0.018142352,0.006573543,2022-09-27,2025-11-10,12790,760,1,5,0.0011465846910141408
2025-12-01,603335,test,-0.033661067,0.0046711713,2022-09-27,2025-11-10,12790,760,1,5,0.0011465846910141408
2025-12-01,603341,test,0.019430945,0.003958881,2022-09-27,2025-11-10,12790,760,1,5,0.0011465846910141408
2025-12-01,603658,test,-0.022969779,0.007457912,2022-09-27,2025-11-10,12790,760,1,5,0.0011465846910141408
2025-12-01,605090,test,0.028185928,0.005311951,2022-09-27,2025-11-10,12790,760,1,5,0.0011465846910141408
2025-12-01,605589,test,-0.001844807,0.007727228,2022-09-27,2025-11-10,12790,760,1,5,0.0011465846910141408
2025-12-01,688031,test,0.15630233,-0.0013715476,2022-09-27,2025-11-10,12790,760,1,5,0.0011465846910141408
2025-12-01,688045,test,-0.031998854,0.010302044,2022-09-27,2025-11-10,12790,760,1,5,0.0011465846910141408
2025-12-01,688133,test,-0.040344596,0.006815091,2022-09-27,2025-11-10,12790,760,1,5,0.0011465846910141408
2025-12-01,688147,test,0.055482432,-0.01525183,2022-09-27,2025-11-10,12790,760,1,5,0.0011465846910141408
2025-12-01,688528,test,-0.016939927,0.008837,2022-09-27,2025-11-10,12790,760,1,5,0.0011465846910141408
2025-12-02,600025,test,-0.016137103,0.016965404,2022-09-27,2025-11-10,12790,760,1,5,0.0011465846910141408
2025-12-02,600051,test,-0.02437494,0.011232048,2022-09-27,2025-11-10,12790,760,1,5,0.0011465846910141408
2025-12-02,600127,test,-0.008360201,0.004606746,2022-09-27,2025-11-10,12790,760,1,5,0.0011465846910141408
2025-12-02,600153,test,0.002826025,0.0027780086,2022-09-27,2025-11-10,12790,760,1,5,0.0011465846910141408
2025-12-02,600548,test,-0.045302905,0.008851998,2022-09-27,2025-11-10,12790,760,1,5,0.0011465846910141408
2025-12-02,600865,test,0.013122146,0.0038411915,2022-09-27,2025-11-10,12790,760,1,5,0.0011465846910141408
2025-12-02,600967,test,-0.045730624,0.0037315711,2022-09-27,2025-11-10,12790,760,1,5,0.0011465846910141408
2025-12-02,601222,test,-0.0049480773,0.006307751,2022-09-27,2025-11-10,12790,760,1,5,0.0011465846910141408
2025-12-02,603237,test,-0.016584951,0.0069797784,2022-09-27,2025-11-10,12790,760,1,5,0.0011465846910141408
2025-12-02,603335,test,-0.034908578,0.007861212,2022-09-27,2025-11-10,12790,760,1,5,0.0011465846910141408
2025-12-02,603341,test,-0.0003071091,-0.005381167,2022-09-27,2025-11-10,12790,760,1,5,0.0011465846910141408
2025-12-02,603658,test,-0.012505305,0.0063870996,2022-09-27,2025-11-10,12790,760,1,5,0.0011465846910141408
2025-12-02,605090,test,0.008503648,0.0062404647,2022-09-27,2025-11-10,12790,760,1,5,0.0011465846910141408
2025-12-02,605589,test,0.0004409089,0.008497067,2022-09-27,2025-11-10,12790,760,1,5,0.0011465846910141408
2025-12-02,688031,test,0.1669643,-0.0002721697,2022-09-27,2025-11-10,12790,760,1,5,0.0011465846910141408
2025-12-02,688045,test,-0.016505271,0.011590138,2022-09-27,2025-11-10,12790,760,1,5,0.0011465846910141408
2025-12-02,688133,test,-0.0388722,0.00819315,2022-09-27,2025-11-10,12790,760,1,5,0.0011465846910141408
2025-12-02,688147,test,0.09005344,-0.014968485,2022-09-27,2025-11-10,12790,760,1,5,0.0011465846910141408
2025-12-02,688528,test,-0.017373204,0.00892923,2022-09-27,2025-11-10,12790,760,1,5,0.0011465846910141408
2025-12-03,600025,test,-0.024197493,0.012574434,2022-09-27,2025-11-10,12790,760,1,5,0.0011465846910141408
2025-12-03,600051,test,-0.027073506,0.0128082335,2022-09-27,2025-11-10,12790,760,1,5,0.0011465846910141408
2025-12-03,600127,test,0.0070274007,0.008157074,2022-09-27,2025-11-10,12790,760,1,5,0.0011465846910141408
2025-12-03,600153,test,0.02841939,0.00205978,2022-09-27,2025-11-10,12790,760,1,5,0.0011465846910141408
2025-12-03,600548,test,-0.053482898,0.009900153,2022-09-27,2025-11-10,12790,760,1,5,0.0011465846910141408
2025-12-03,600865,test,0.0006412505,0.0013179928,2022-09-27,2025-11-10,12790,760,1,5,0.0011465846910141408
2025-12-03,600967,test,-0.03277908,0.002564989,2022-09-27,2025-11-10,12790,760,1,5,0.0011465846910141408
2025-12-03,601222,test,-0.003171987,0.0067673028,2022-09-27,2025-11-10,12790,760,1,5,0.0011465846910141408
2025-12-03,603237,test,-0.032142024,0.0065820813,2022-09-27,2025-11-10,12790,760,1,5,0.0011465846910141408
2025-12-03,603335,test,-0.035490476,0.00849326,2022-09-27,2025-11-10,12790,760,1,5,0.0011465846910141408
2025-12-03,603341,test,-0.024443043,-0.0067164153,2022-09-27,2025-11-10,12790,760,1,5,0.0011465846910141408
2025-12-03,603658,test,-0.016555255,0.006149724,2022-09-27,2025-11-10,12790,760,1,5,0.0011465846910141408
2025-12-03,605090,test,0.0368586,0.0056757554,2022-09-27,2025-11-10,12790,760,1,5,0.0011465846910141408
2025-12-03,605589,test,0.0072470508,0.0079858005,2022-09-27,2025-11-10,12790,760,1,5,0.0011465846910141408
2025-12-03,688031,test,0.17484747,0.00087343156,2022-09-27,2025-11-10,12790,760,1,5,0.0011465846910141408
2025-12-03,688045,test,-0.0034971011,0.012326598,2022-09-27,2025-11-10,12790,760,1,5,0.0011465846910141408
2025-12-03,688133,test,-0.023945985,0.007816471,2022-09-27,2025-11-10,12790,760,1,5,0.0011465846910141408
2025-12-03,688147,test,0.06331583,-0.01957491,2022-09-27,2025-11-10,12790,760,1,5,0.0011465846910141408
2025-12-03,688528,test,-0.041578136,0.008918226,2022-09-27,2025-11-10,12790,760,1,5,0.0011465846910141408
2025-12-04,600025,test,-0.019453088,0.011564881,2022-09-27,2025-11-10,12790,760,1,5,0.0011465846910141408
2025-12-04,600051,test,-0.024602558,0.00952179,2022-09-27,2025-11-10,12790,760,1,5,0.0011465846910141408
2025-12-04,600127,test,0.0035364947,0.011953019,2022-09-27,2025-11-10,12790,760,1,5,0.0011465846910141408
2025-12-04,600153,test,-0.016634515,0.0030468553,2022-09-27,2025-11-10,12790,760,1,5,0.0011465846910141408
2025-12-04,600548,test,-0.05702477,0.010552838,2022-09-27,2025-11-10,12790,760,1,5,0.0011465846910141408
2025-12-04,600865,test,0.12658714,0.0068659484,2022-09-27,2025-11-10,12790,760,1,5,0.0011465846910141408
2025-12-04,600967,test,-0.029747007,0.0018670708,2022-09-27,2025-11-10,12790,760,1,5,0.0011465846910141408
2025-12-04,601222,test,-0.013212585,0.008137062,2022-09-27,2025-11-10,12790,760,1,5,0.0011465846910141408
2025-12-04,603237,test,-0.023989612,0.00507012,2022-09-27,2025-11-10,12790,760,1,5,0.0011465846910141408
2025-12-04,603335,test,-0.04215223,0.00966233,2022-09-27,2025-11-10,12790,760,1,5,0.0011465846910141408
2025-12-04,603341,test,-0.033961143,-0.0023168921,2022-09-27,2025-11-10,12790,760,1,5,0.0011465846910141408
2025-12-04,603658,test,-0.015794907,0.00652723,2022-09-27,2025-11-10,12790,760,1,5,0.0011465846910141408
2025-12-04,605090,test,0.07151265,0.0057911277,2022-09-27,2025-11-10,12790,760,1,5,0.0011465846910141408
2025-12-04,605589,test,0.004527507,0.007907674,2022-09-27,2025-11-10,12790,760,1,5,0.0011465846910141408
2025-12-04,688031,test,0.13797146,0.0031590164,2022-09-27,2025-11-10,12790,760,1,5,0.0011465846910141408
2025-12-04,688045,test,-0.014242863,0.01123482,2022-09-27,2025-11-10,12790,760,1,5,0.0011465846910141408
2025-12-04,688133,test,-0.031703204,0.0066248924,2022-09-27,2025-11-10,12790,760,1,5,0.0011465846910141408
2025-12-04,688147,test,0.025592819,-0.021000043,2022-09-27,2025-11-10,12790,760,1,5,0.0011465846910141408
2025-12-04,688528,test,-0.047209587,0.0077234805,2022-09-27,2025-11-10,12790,760,1,5,0.0011465846910141408
2025-12-05,600025,test,-0.019599915,0.011894748,2022-09-27,2025-11-10,12790,760,1,5,0.0011465846910141408
2025-12-05,600051,test,-0.060358323,0.009511918,2022-09-27,2025-11-10,12790,760,1,5,0.0011465846910141408
2025-12-05,600127,test,-0.037418127,0.012729719,2022-09-27,2025-11-10,12790,760,1,5,0.0011465846910141408
2025-12-05,600153,test,-0.019737637,0.00330168,2022-09-27,2025-11-10,12790,760,1,5,0.0011465846910141408
2025-12-05,600548,test,-0.056169063,0.008329898,2022-09-27,2025-11-10,12790,760,1,5,0.0011465846910141408
2025-12-05,600865,test,0.2418279,0.010662183,2022-09-27,2025-11-10,12790,760,1,5,0.0011465846910141408
2025-12-05,600967,test,-0.017027266,0.0012536496,2022-09-27,2025-11-10,12790,760,1,5,0.0011465846910141408
2025-12-05,601222,test,-0.017069943,0.009257749,2022-09-27,2025-11-10,12790,760,1,5,0.0011465846910141408
2025-12-05,603237,test,-0.035250865,0.0058111027,2022-09-27,2025-11-10,12790,760,1,5,0.0011465846910141408
2025-12-05,603335,test,-0.08730995,0.0101233125,2022-09-27,2025-11-10,12790,760,1,5,0.0011465846910141408
2025-12-05,603341,test,-0.039970793,0.00030131638,2022-09-27,2025-11-10,12790,760,1,5,0.0011465846910141408
2025-12-05,603658,test,-0.019383801,0.0059740543,2022-09-27,2025-11-10,12790,760,1,5,0.0011465846910141408
2025-12-05,605090,test,0.15131077,0.0056565553,2022-09-27,2025-11-10,12790,760,1,5,0.0011465846910141408
2025-12-05,605589,test,0.0058840923,0.0072189644,2022-09-27,2025-11-10,12790,760,1,5,0.0011465846910141408
2025-12-05,688031,test,0.027795918,-0.013708904,2022-09-27,2025-11-10,12790,760,1,5,0.0011465846910141408
2025-12-05,688045,test,-0.0076615466,0.009707212,2022-09-27,2025-11-10,12790,760,1,5,0.0011465846910141408
2025-12-05,688133,test,-0.042829588,0.005820185,2022-09-27,2025-11-10,12790,760,1,5,0.0011465846910141408
2025-12-05,688147,test,0.10467006,-0.017958105,2022-09-27,2025-11-10,12790,760,1,5,0.0011465846910141408
2025-12-05,688528,test,-0.07170193,0.006921053,2022-09-27,2025-11-10,12790,760,1,5,0.0011465846910141408
2025-12-08,600025,test,-0.009887214,0.010220602,2022-09-27,2025-11-10,12790,760,1,5,0.0011465846910141408
2025-12-08,600051,test,-0.05267014,0.011368774,2022-09-27,2025-11-10,12790,760,1,5,0.0011465846910141408
2025-12-08,600127,test,-0.025951412,0.013985835,2022-09-27,2025-11-10,12790,760,1,5,0.0011465846910141408
2025-12-08,600153,test,-0.03163602,0.0044988245,2022-09-27,2025-11-10,12790,760,1,5,0.0011465846910141408
2025-12-08,600548,test,-0.05727446,0.0063743815,2022-09-27,2025-11-10,12790,760,1,5,0.0011465846910141408
2025-12-08,600865,test,0.34809187,0.011944577,2022-09-27,2025-11-10,12790,760,1,5,0.0011465846910141408
2025-12-08,600967,test,-0.05081641,0.0006199032,2022-09-27,2025-11-10,12790,760,1,5,0.0011465846910141408
2025-12-08,601222,test,-0.016227374,0.009751752,2022-09-27,2025-11-10,12790,760,1,5,0.0011465846910141408
2025-12-08,603237,test,-0.032505102,0.006431155,2022-09-27,2025-11-10,12790,760,1,5,0.0011465846910141408
2025-12-08,603335,test,-0.0933803,0.0102715045,2022-09-27,2025-11-10,12790,760,1,5,0.0011465846910141408
2025-12-08,603341,test,-0.055933926,0.005423069,2022-09-27,2025-11-10,12790,760,1,5,0.0011465846910141408
2025-12-08,603658,test,-0.010459323,0.00509806,2022-09-27,2025-11-10,12790,760,1,5,0.0011465846910141408
2025-12-08,605090,test,0.14225982,0.0026319772,2022-09-27,2025-11-10,12790,760,1,5,0.0011465846910141408
2025-12-08,605589,test,-0.013514724,0.0066241995,2022-09-27,2025-11-10,12790,760,1,5,0.0011465846910141408
2025-12-08,688031,test,0.14649552,-0.022234112,2022-09-27,2025-11-10,12790,760,1,5,0.0011465846910141408
2025-12-08,688045,test,-0.03817974,0.0093932375,2022-09-27,2025-11-10,12790,760,1,5,0.0011465846910141408
2025-12-08,688133,test,-0.052691348,0.004862562,2022-09-27,2025-11-10,12790,760,1,5,0.0011465846910141408
2025-12-08,688147,test,-0.018003773,-0.015127391,2022-09-27,2025-11-10,12790,760,1,5,0.0011465846910141408
2025-12-08,688528,test,-0.07771596,0.0074063167,2022-09-27,2025-11-10,12790,760,1,5,0.0011465846910141408
2025-12-09,600025,test,-0.005933797,0.005475998,2022-11-03,2025-12-08,12870,760,6,10,0.0012562220799736679
2025-12-09,600051,test,-0.06479478,0.0039489493,2022-11-03,2025-12-08,12870,760,6,10,0.0012562220799736679
2025-12-09,600127,test,-0.037843402,0.0015096776,2022-11-03,2025-12-08,12870,760,6,10,0.0012562220799736679
2025-12-09,600153,test,-0.036613166,-0.0023434423,2022-11-03,2025-12-08,12870,760,6,10,0.0012562220799736679
2025-12-09,600548,test,-0.032035004,-0.0005135797,2022-11-03,2025-12-08,12870,760,6,10,0.0012562220799736679
2025-12-09,600865,test,0.46058264,0.0010081641,2022-11-03,2025-12-08,12870,760,6,10,0.0012562220799736679
2025-12-09,600967,test,-0.048487794,0.008143581,2022-11-03,2025-12-08,12870,760,6,10,0.0012562220799736679
2025-12-09,601222,test,-0.034665935,-0.002422046,2022-11-03,2025-12-08,12870,760,6,10,0.0012562220799736679
2025-12-09,603237,test,-0.026080403,-0.00068125874,2022-11-03,2025-12-08,12870,760,6,10,0.0012562220799736679
2025-12-09,603335,test,-0.100378886,0.0072470196,2022-11-03,2025-12-08,12870,760,6,10,0.0012562220799736679
2025-12-09,603341,test,-0.07926555,-0.012087163,2022-11-03,2025-12-08,12870,760,6,10,0.0012562220799736679
2025-12-09,603658,test,-0.0028595475,-0.005680375,2022-11-03,2025-12-08,12870,760,6,10,0.0012562220799736679
2025-12-09,605090,test,0.12408914,-0.0002749674,2022-11-03,2025-12-08,12870,760,6,10,0.0012562220799736679
2025-12-09,605589,test,-0.04833447,-0.0008647926,2022-11-03,2025-12-08,12870,760,6,10,0.0012562220799736679
2025-12-09,688031,test,0.22456525,-0.051325466,2022-11-03,2025-12-08,12870,760,6,10,0.0012562220799736679
2025-12-09,688045,test,-0.06060781,-0.0018077157,2022-11-03,2025-12-08,12870,760,6,10,0.0012562220799736679
2025-12-09,688133,test,-0.056518845,-0.0017927513,2022-11-03,2025-12-08,12870,760,6,10,0.0012562220799736679
2025-12-09,688147,test,-0.07886297,-0.039527554,2022-11-03,2025-12-08,12870,760,6,10,0.0012562220799736679
2025-12-09,688528,test,-0.095954664,0.0024614967,2022-11-03,2025-12-08,12870,760,6,10,0.0012562220799736679
2025-12-10,600025,test,-0.0298189,0.0027331002,2022-11-03,2025-12-08,12870,760,6,10,0.0012562220799736679
2025-12-10,600051,test,-0.073522106,0.004115898,2022-11-03,2025-12-08,12870,760,6,10,0.0012562220799736679
2025-12-10,600127,test,-0.09170135,0.0014720149,2022-11-03,2025-12-08,12870,760,6,10,0.0012562220799736679
2025-12-10,600153,test,-0.06378715,0.0022071414,2022-11-03,2025-12-08,12870,760,6,10,0.0012562220799736679
2025-12-10,600548,test,-0.04763205,0.0018805079,2022-11-03,2025-12-08,12870,760,6,10,0.0012562220799736679
2025-12-10,600865,test,0.58754176,0.002343636,2022-11-03,2025-12-08,12870,760,6,10,0.0012562220799736679
2025-12-10,600967,test,-0.053407326,0.0060709454,2022-11-03,2025-12-08,12870,760,6,10,0.0012562220799736679
2025-12-10,601222,test,-0.04334259,-0.0015377738,2022-11-03,2025-12-08,12870,760,6,10,0.0012562220799736679
2025-12-10,603237,test,-0.028243778,-0.0020849295,2022-11-03,2025-12-08,12870,760,6,10,0.0012562220799736679
2025-12-10,603335,test,-0.09236379,0.0051628314,2022-11-03,2025-12-08,12870,760,6,10,0.0012562220799736679
2025-12-10,603341,test,-0.06796001,-0.0047118813,2022-11-03,2025-12-08,12870,760,6,10,0.0012562220799736679
2025-12-10,603658,test,-0.016461262,-0.0046547353,2022-11-03,2025-12-08,12870,760,6,10,0.0012562220799736679
2025-12-10,605090,test,0.053535983,0.0008234419,2022-11-03,2025-12-08,12870,760,6,10,0.0012562220799736679
2025-12-10,605589,test,-0.02830155,0.0002548732,2022-11-03,2025-12-08,12870,760,6,10,0.0012562220799736679
2025-12-10,688031,test,0.2957414,-0.040058788,2022-11-03,2025-12-08,12870,760,6,10,0.0012562220799736679
2025-12-10,688045,test,-0.05156973,-0.0017936155,2022-11-03,2025-12-08,12870,760,6,10,0.0012562220799736679
2025-12-10,688133,test,-0.06551864,-0.0018424056,2022-11-03,2025-12-08,12870,760,6,10,0.0012562220799736679
2025-12-10,688147,test,-0.10205825,-0.050038897,2022-11-03,2025-12-08,12870,760,6,10,0.0012562220799736679
2025-12-10,688528,test,-0.081130646,0.00037403405,2022-11-03,2025-12-08,12870,760,6,10,0.0012562220799736679
2025-12-11,600025,test,-0.057071194,0.0019698106,2022-11-03,2025-12-08,12870,760,6,10,0.0012562220799736679
2025-12-11,600051,test,-0.05207884,0.0025788583,2022-11-03,2025-12-08,12870,760,6,10,0.0012562220799736679
2025-12-11,600127,test,-0.09494452,0.0029429086,2022-11-03,2025-12-08,12870,760,6,10,0.0012562220799736679
2025-12-11,600153,test,-0.06685102,0.00541221,2022-11-03,2025-12-08,12870,760,6,10,0.0012562220799736679
2025-12-11,600548,test,-0.051846847,0.0041498616,2022-11-03,2025-12-08,12870,760,6,10,0.0012562220799736679
2025-12-11,600865,test,0.5603891,-0.013113346,2022-11-03,2025-12-08,12870,760,6,10,0.0012562220799736679
2025-12-11,600967,test,-0.06502547,0.003436882,2022-11-03,2025-12-08,12870,760,6,10,0.0012562220799736679
2025-12-11,601222,test,-0.056485675,-0.0002070181,2022-11-03,2025-12-08,12870,760,6,10,0.0012562220799736679
2025-12-11,603237,test,-0.023892717,-0.0030700602,2022-11-03,2025-12-08,12870,760,6,10,0.0012562220799736679
2025-12-11,603335,test,-0.097354114,0.0033002272,2022-11-03,2025-12-08,12870,760,6,10,0.0012562220799736679
2025-12-11,603341,test,-0.083217956,-3.97861e-06,2022-11-03,2025-12-08,12870,760,6,10,0.0012562220799736679
2025-12-11,603658,test,-0.03263267,-0.003930215,2022-11-03,2025-12-08,12870,760,6,10,0.0012562220799736679
2025-12-11,605090,test,0.016971216,-0.0064659007,2022-11-03,2025-12-08,12870,760,6,10,0.0012562220799736679
2025-12-11,605589,test,-0.047715597,0.0009428784,2022-11-03,2025-12-08,12870,760,6,10,0.0012562220799736679
2025-12-11,688031,test,0.43589774,-0.020512838,2022-11-03,2025-12-08,12870,760,6,10,0.0012562220799736679
2025-12-11,688045,test,-0.041879542,-0.0015197583,2022-11-03,2025-12-08,12870,760,6,10,0.0012562220799736679
2025-12-11,688133,test,-0.05997696,-0.0019990094,2022-11-03,2025-12-08,12870,760,6,10,0.0012562220799736679
2025-12-11,688147,test,-0.13060786,-0.040865537,2022-11-03,2025-12-08,12870,760,6,10,0.0012562220799736679
2025-12-11,688528,test,-0.051677097,-0.0003391169,2022-11-03,2025-12-08,12870,760,6,10,0.0012562220799736679
2025-12-12,600025,test,-0.04533388,-0.00013975799,2022-11-03,2025-12-08,12870,760,6,10,0.0012562220799736679
2025-12-12,600051,test,-0.0001360675,0.001084622,2022-11-03,2025-12-08,12870,760,6,10,0.0012562220799736679
2025-12-12,600127,test,-0.025427487,0.0029756017,2022-11-03,2025-12-08,12870,760,6,10,0.0012562220799736679
2025-12-12,600153,test,-0.0614164,0.005601477,2022-11-03,2025-12-08,12870,760,6,10,0.0012562220799736679
2025-12-12,600548,test,-0.040026028,0.0073175095,2022-11-03,2025-12-08,12870,760,6,10,0.0012562220799736679
2025-12-12,600865,test,0.47596723,-0.029422577,2022-11-03,2025-12-08,12870,760,6,10,0.0012562220799736679
2025-12-12,600967,test,-0.06255952,0.0008479282,2022-11-03,2025-12-08,12870,760,6,10,0.0012562220799736679
2025-12-12,601222,test,-0.040026028,-4.0583313e-05,2022-11-03,2025-12-08,12870,760,6,10,0.0012562220799736679
2025-12-12,603237,test,0.017713532,-0.003509853,2022-11-03,2025-12-08,12870,760,6,10,0.0012562220799736679
2025-12-12,603335,test,-0.015026026,0.0016952083,2022-11-03,2025-12-08,12870,760,6,10,0.0012562220799736679
2025-12-12,603341,test,-0.08302694,0.0024556182,2022-11-03,2025-12-08,12870,760,6,10,0.0012562220799736679
2025-12-12,603658,test,-0.019732904,-0.0036610402,2022-11-03,2025-12-08,12870,760,6,10,0.0012562220799736679
2025-12-12,605090,test,-0.036856454,-0.026374735,2022-11-03,2025-12-08,12870,760,6,10,0.0012562220799736679
2025-12-12,605589,test,-0.040397637,0.00058589503,2022-11-03,2025-12-08,12870,760,6,10,0.0012562220799736679
2025-12-12,688031,test,0.2528454,-0.018381543,2022-11-03,2025-12-08,12870,760,6,10,0.0012562220799736679
2025-12-12,688045,test,-0.04767572,-0.0012574904,2022-11-03,2025-12-08,12870,760,6,10,0.0012562220799736679
2025-12-12,688133,test,-0.04509983,-0.0021813102,2022-11-03,2025-12-08,12870,760,6,10,0.0012562220799736679
2025-12-12,688147,test,-0.17657775,-0.037828933,2022-11-03,2025-12-08,12870,760,6,10,0.0012562220799736679
2025-12-12,688528,test,-0.0072074933,-0.0013440587,2022-11-03,2025-12-08,12870,760,6,10,0.0012562220799736679
2025-12-15,600025,test,-0.04343663,-0.0011513047,2022-11-03,2025-12-08,12870,760,6,10,0.0012562220799736679
2025-12-15,600051,test,-0.012042255,0.0011365339,2022-11-03,2025-12-08,12870,760,6,10,0.0012562220799736679
2025-12-15,600127,test,-0.02663736,0.0037577003,2022-11-03,2025-12-08,12870,760,6,10,0.0012562220799736679
2025-12-15,600153,test,-0.056319002,0.004328288,2022-11-03,2025-12-08,12870,760,6,10,0.0012562220799736679
2025-12-15,600548,test,-0.02358369,0.0072765313,2022-11-03,2025-12-08,12870,760,6,10,0.0012562220799736679
2025-12-15,600865,test,0.41989982,-0.04239817,2022-11-03,2025-12-08,12870,760,6,10,0.0012562220799736679
2025-12-15,600967,test,-0.011183684,-0.0007856004,2022-11-03,2025-12-08,12870,760,6,10,0.0012562220799736679
2025-12-15,601222,test,-0.03917769,0.0002789311,2022-11-03,2025-12-08,12870,760,6,10,0.0012562220799736679
2025-12-15,603237,test,0.0033614933,-0.002731666,2022-11-03,2025-12-08,12870,760,6,10,0.0012562220799736679
2025-12-15,603335,test,-0.01585764,0.0013093874,2022-11-03,2025-12-08,12870,760,6,10,0.0012562220799736679
2025-12-15,603341,test,-0.06286722,0.002142232,2022-11-03,2025-12-08,12870,760,6,10,0.0012562220799736679
2025-12-15,603658,test,-0.027373794,-0.0034201853,2022-11-03,2025-12-08,12870,760,6,10,0.0012562220799736679
2025-12-15,605090,test,-0.040617246,-0.028154265,2022-11-03,2025-12-08,12870,760,6,10,0.0012562220799736679
2025-12-15,605589,test,-0.006490603,7.818267e-05,2022-11-03,2025-12-08,12870,760,6,10,0.0012562220799736679
2025-12-15,688031,test,0.055610694,-0.040007297,2022-11-03,2025-12-08,12870,760,6,10,0.0012562220799736679
2025-12-15,688045,test,-0.033810962,-0.0018595308,2022-11-03,2025-12-08,12870,760,6,10,0.0012562220799736679
2025-12-15,688133,test,-0.025423264,-0.0026063435,2022-11-03,2025-12-08,12870,760,6,10,0.0012562220799736679
2025-12-15,688147,test,-0.038369786,-0.022994246,2022-11-03,2025-12-08,12870,760,6,10,0.0012562220799736679
2025-12-15,688528,test,-0.015681192,-0.00077703595,2022-11-03,2025-12-08,12870,760,6,10,0.0012562220799736679
2025-12-16,600025,test,-0.048144747,-0.0021580197,2022-11-03,2025-12-08,12870,760,6,10,0.0012562220799736679
2025-12-16,600051,test,0.0013083608,0.00079311803,2022-11-03,2025-12-08,12870,760,6,10,0.0012562220799736679
2025-12-16,600127,test,-0.04771463,0.0034377612,2022-11-03,2025-12-08,12870,760,6,10,0.0012562220799736679
2025-12-16,600153,test,-0.037703857,0.0032843053,2022-11-03,2025-12-08,12870,760,6,10,0.0012562220799736679
2025-12-16,600548,test,-0.033500753,0.009440545,2022-11-03,2025-12-08,12870,760,6,10,0.0012562220799736679
2025-12-16,600865,test,0.24843223,-0.045803584,2022-11-03,2025-12-08,12870,760,6,10,0.0012562220799736679
2025-12-16,600967,test,-0.015094768,-0.0010742135,2022-11-03,2025-12-08,12870,760,6,10,0.0012562220799736679
2025-12-16,601222,test,-0.021776939,0.0006345436,2022-11-03,2025-12-08,12870,760,6,10,0.0012562220799736679
2025-12-16,603237,test,-0.022421915,-0.0018326566,2022-11-03,2025-12-08,12870,760,6,10,0.0012562220799736679
2025-12-16,603335,test,-0.014543713,0.00065815076,2022-11-03,2025-12-08,12870,760,6,10,0.0012562220799736679
2025-12-16,603341,test,-0.035452817,0.0012651496,2022-11-03,2025-12-08,12870,760,6,10,0.0012562220799736679
2025-12-16,603658,test,-0.03348462,-0.0023810007,2022-11-03,2025-12-08,12870,760,6,10,0.0012562220799736679
2025-12-16,605090,test,-0.036876425,-0.017434534,2022-11-03,2025-12-08,12870,760,6,10,0.0012562220799736679
2025-12-16,605589,test,0.04602127,-0.0006217845,2022-11-03,2025-12-08,12870,760,6,10,0.0012562220799736679
2025-12-16,688031,test,0.013466231,-0.050866034,2022-11-03,2025-12-08,12870,760,6,10,0.0012562220799736679
2025-12-16,688045,test,-0.0011752266,-0.0023184828,2022-11-03,2025-12-08,12870,760,6,10,0.0012562220799736679
2025-12-16,688133,test,-0.0077094524,-0.0031637885,2022-11-03,2025-12-08,12870,760,6,10,0.0012562220799736679
2025-12-16,688147,test,0.052770425,-0.0057036392,2022-11-03,2025-12-08,12870,760,6,10,0.0012562220799736679
2025-12-16,688528,test,-0.0063986713,-0.0013293214,2022-11-03,2025-12-08,12870,760,6,10,0.0012562220799736679
2025-12-17,600025,test,-0.057843115,-0.0014938302,2022-11-03,2025-12-08,12870,760,6,10,0.0012562220799736679
2025-12-17,600051,test,-0.0012929367,5.1822513e-05,2022-11-03,2025-12-08,12870,760,6,10,0.0012562220799736679
2025-12-17,600127,test,-0.017490752,0.0017620884,2022-11-03,2025-12-08,12870,760,6,10,0.0012562220799736679
2025-12-17,600153,test,-0.045056984,0.0016927086,2022-11-03,2025-12-08,12870,760,6,10,0.0012562220799736679
2025-12-17,600548,test,-0.03839731,0.006260827,2022-11-03,2025-12-08,12870,760,6,10,0.0012562220799736679
2025-12-17,600865,test,0.20425369,-0.053848714,2022-11-03,2025-12-08,12870,760,6,10,0.0012562220799736679
2025-12-17,600967,test,-0.015176546,-0.00090250745,2022-11-03,2025-12-08,12870,760,6,10,0.0012562220799736679
2025-12-17,601222,test,-0.03384384,-0.00037908182,2022-11-03,2025-12-08,12870,760,6,10,0.0012562220799736679
2025-12-17,603237,test,-0.03388197,-0.00086581334,2022-11-03,2025-12-08,12870,760,6,10,0.0012562220799736679
2025-12-17,603335,test,-0.02846138,-0.0002611354,2022-11-03,2025-12-08,12870,760,6,10,0.0012562220799736679
2025-12-17,603341,test,-0.04872389,0.0005631298,2022-11-03,2025-12-08,12870,760,6,10,0.0012562220799736679
2025-12-17,603658,test,-0.041512538,-0.0018381439,2022-11-03,2025-12-08,12870,760,6,10,0.0012562220799736679
2025-12-17,605090,test,0.08004673,-0.009493642,2022-11-03,2025-12-08,12870,760,6,10,0.0012562220799736679
2025-12-17,605589,test,0.05934538,0.00045074895,2022-11-03,2025-12-08,12870,760,6,10,0.0012562220799736679
2025-12-17,688031,test,0.008225853,-0.058886535,2022-11-03,2025-12-08,12870,760,6,10,0.0012562220799736679
2025-12-17,688045,test,-0.0061351196,-0.0016284809,2022-11-03,2025-12-08,12870,760,6,10,0.0012562220799736679
2025-12-17,688133,test,-0.0004088954,-0.0031943321,2022-11-03,2025-12-08,12870,760,6,10,0.0012562220799736679
2025-12-17,688147,test,0.007922774,0.0006162226,2022-11-03,2025-12-08,12870,760,6,10,0.0012562220799736679
2025-12-17,688528,test,0.008430862,-0.0018383935,2022-11-03,2025-12-08,12870,760,6,10,0.0012562220799736679
2025-12-18,600025,test,-0.05627997,-0.0009805746,2022-11-03,2025-12-08,12870,760,6,10,0.0012562220799736679
2025-12-18,600051,test,-0.0025557827,-0.0010810681,2022-11-03,2025-12-08,12870,760,6,10,0.0012562220799736679
2025-12-18,600127,test,-0.022822656,0.0013513751,2022-11-03,2025-12-08,12870,760,6,10,0.0012562220799736679
2025-12-18,600153,test,-0.019568434,-0.0013198741,2022-11-03,2025-12-08,12870,760,6,10,0.0012562220799736679
2025-12-18,600548,test,-0.03473606,0.0033151247,2022-11-03,2025-12-08,12870,760,6,10,0.0012562220799736679
2025-12-18,600865,test,0.20788588,-0.05976908,2022-11-03,2025-12-08,12870,760,6,10,0.0012562220799736679
2025-12-18,600967,test,-0.0026475054,-0.0014381036,2022-11-03,2025-12-08,12870,760,6,10,0.0012562220799736679
2025-12-18,601222,test,-0.030182594,-0.0020306222,2022-11-03,2025-12-08,12870,760,6,10,0.0012562220799736679
2025-12-18,603237,test,-0.041022036,0.0010775924,2022-11-03,2025-12-08,12870,760,6,10,0.0012562220799736679
2025-12-18,603335,test,-0.00663187,-0.0025995933,2022-11-03,2025-12-08,12870,760,6,10,0.0012562220799736679
2025-12-18,603341,test,-0.025186254,-0.00087534636,2022-11-03,2025-12-08,12870,760,6,10,0.0012562220799736679
2025-12-18,603658,test,-0.03479859,-0.0015327744,2022-11-03,2025-12-08,12870,760,6,10,0.0012562220799736679
2025-12-18,605090,test,0.06933086,-0.008166041,2022-11-03,2025-12-08,12870,760,6,10,0.0012562220799736679
2025-12-18,605589,test,0.05742485,0.0016498268,2022-11-03,2025-12-08,12870,760,6,10,0.0012562220799736679
2025-12-18,688031,test,-0.06823157,-0.06649855,2022-11-03,2025-12-08,12870,760,6,10,0.0012562220799736679
2025-12-18,688045,test,-0.0065712426,-0.0007765852,2022-11-03,2025-12-08,12870,760,6,10,0.0012562220799736679
2025-12-18,688133,test,0.0041970806,-0.0028957836,2022-11-03,2025-12-08,12870,760,6,10,0.0012562220799736679
2025-12-18,688147,test,0.021999745,0.0039496943,2022-11-03,2025-12-08,12870,760,6,10,0.0012562220799736679
2025-12-18,688528,test,-0.009603854,-0.001104705,2022-11-03,2025-12-08,12870,760,6,10,0.0012562220799736679
2025-12-19,600025,test,-0.045863386,-0.0014629178,2022-11-03,2025-12-08,12870,760,6,10,0.0012562220799736679
2025-12-19,600051,test,-0.021362137,-0.00011328235,2022-11-03,2025-12-08,12870,760,6,10,0.0012562220799736679
2025-12-19,600127,test,-0.030969689,0.00091499835,2022-11-03,2025-12-08,12870,760,6,10,0.0012562220799736679
2025-12-19,600153,test,-0.00042363437,-0.0029031932,2022-11-03,2025-12-08,12870,760,6,10,0.0012562220799736679
2025-12-19,600548,test,-0.022148639,8.970499e-05,2022-11-03,2025-12-08,12870,760,6,10,0.0012562220799736679
2025-12-19,600865,test,0.15768889,-0.06316628,2022-11-03,2025-12-08,12870,760,6,10,0.0012562220799736679
2025-12-19,600967,test,-0.008584606,-0.0020128302,2022-11-03,2025-12-08,12870,760,6,10,0.0012562220799736679
2025-12-19,601222,test,-0.030237371,-0.003322307,2022-11-03,2025-12-08,12870,760,6,10,0.0012562220799736679
2025-12-19,603237,test,-0.05568915,0.0048234276,2022-11-03,2025-12-08,12870,760,6,10,0.0012562220799736679
2025-12-19,603335,test,-0.047559068,-0.0041697584,2022-11-03,2025-12-08,12870,760,6,10,0.0012562220799736679
2025-12-19,603341,test,-0.02569712,-0.0007718541,2022-11-03,2025-12-08,12870,760,6,10,0.0012562220799736679
2025-12-19,603658,test,-0.027758114,-0.00049303845,2022-11-03,2025-12-08,12870,760,6,10,0.0012562220799736679
2025-12-19,605090,test,0.07287292,-0.0064104646,2022-11-03,2025-12-08,12870,760,6,10,0.0012562220799736679
2025-12-19,605589,test,0.0476963,0.0023061298,2022-11-03,2025-12-08,12870,760,6,10,0.0012562220799736679
2025-12-19,688031,test,0.053631306,-0.04804754,2022-11-03,2025-12-08,12870,760,6,10,0.0012562220799736679
2025-12-19,688045,test,-0.016552132,-0.00023003295,2022-11-03,2025-12-08,12870,760,6,10,0.0012562220799736679
2025-12-19,688133,test,0.001626876,-0.002220638,2022-11-03,2025-12-08,12870,760,6,10,0.0012562220799736679
2025-12-19,688147,test,0.035327688,0.0058971904,2022-11-03,2025-12-08,12870,760,6,10,0.0012562220799736679
2025-12-19,688528,test,-0.035998937,0.00011107698,2022-11-03,2025-12-08,12870,760,6,10,0.0012562220799736679
2025-12-22,600025,test,-0.033457957,-7.420406e-05,2022-11-03,2025-12-08,12870,760,6,10,0.0012562220799736679
2025-12-22,600051,test,-0.0068584345,0.00039683655,2022-11-03,2025-12-08,12870,760,6,10,0.0012562220799736679
2025-12-22,600127,test,-0.044669367,0.002709534,2022-11-03,2025-12-08,12870,760,6,10,0.0012562220799736679
2025-12-22,600153,test,0.0013645198,-0.003730815,2022-11-03,2025-12-08,12870,760,6,10,0.0012562220799736679
2025-12-22,600548,test,-0.017304199,-0.003012117,2022-11-03,2025-12-08,12870,760,6,10,0.0012562220799736679
2025-12-22,600865,test,-0.005653024,-0.066218734,2022-11-03,2025-12-08,12870,760,6,10,0.0012562220799736679
2025-12-22,600967,test,-0.0063452893,-0.0022319742,2022-11-03,2025-12-08,12870,760,6,10,0.0012562220799736679
2025-12-22,601222,test,-0.023373585,-0.004674189,2022-11-03,2025-12-08,12870,760,6,10,0.0012562220799736679
2025-12-22,603237,test,-0.037330925,0.009786677,2022-11-03,2025-12-08,12870,760,6,10,0.0012562220799736679
2025-12-22,603335,test,-0.026761351,-0.0028053932,2022-11-03,2025-12-08,12870,760,6,10,0.0012562220799736679
2025-12-22,603341,test,-0.017615778,3.075227e-05,2022-11-03,2025-12-08,12870,760,6,10,0.0012562220799736679
2025-12-22,603658,test,-0.023131508,-0.0009377189,2022-11-03,2025-12-08,12870,760,6,10,0.0012562220799736679
2025-12-22,605090,test,0.19467992,-0.0036563985,2022-11-03,2025-12-08,12870,760,6,10,0.0012562220799736679
2025-12-22,605589,test,0.031543795,0.004071813,2022-11-03,2025-12-08,12870,760,6,10,0.0012562220799736679
2025-12-22,688031,test,0.026686743,-0.036254514,2022-11-03,2025-12-08,12870,760,6,10,0.0012562220799736679
2025-12-22,688045,test,0.018404325,-0.00069947913,2022-11-03,2025-12-08,12870,760,6,10,0.0012562220799736679
2025-12-22,688133,test,0.007388128,-0.0015473627,2022-11-03,2025-12-08,12870,760,6,10,0.0012562220799736679
2025-12-22,688147,test,-0.028884318,-0.0021858476,2022-11-03,2025-12-08,12870,760,6,10,0.0012562220799736679
2025-12-22,688528,test,-0.008681683,-0.0013232343,2022-11-03,2025-12-08,12870,760,6,10,0.0012562220799736679
2025-12-23,600025,test,-0.025082696,-0.00075661764,2022-11-03,2025-12-08,12870,760,6,10,0.0012562220799736679
2025-12-23,600051,test,0.00083482655,0.0018828548,2022-11-03,2025-12-08,12870,760,6,10,0.0012562220799736679
2025-12-23,600127,test,-0.019161215,0.0019265227,2022-11-03,2025-12-08,12870,760,6,10,0.0012562220799736679
2025-12-23,600153,test,-0.0077986144,-0.002796743,2022-11-03,2025-12-08,12870,760,6,10,0.0012562220799736679
2025-12-23,600548,test,-0.02133607,-0.0037819631,2022-11-03,2025-12-08,12870,760,6,10,0.0012562220799736679
2025-12-23,600865,test,-0.0638558,-0.059089873,2022-11-03,2025-12-08,12870,760,6,10,0.0012562220799736679
2025-12-23,600967,test,0.026730074,-0.0023550503,2022-11-03,2025-12-08,12870,760,6,10,0.0012562220799736679
2025-12-23,601222,test,-0.011727133,-0.0046439394,2022-11-03,2025-12-08,12870,760,6,10,0.0012562220799736679
2025-12-23,603237,test,-0.016467357,0.0070829876,2022-11-03,2025-12-08,12870,760,6,10,0.0012562220799736679
2025-12-23,603335,test,-0.0027342115,-0.0014586076,2022-11-03,2025-12-08,12870,760,6,10,0.0012562220799736679
2025-12-23,603341,test,0.0036121,0.001018364,2022-11-03,2025-12-08,12870,760,6,10,0.0012562220799736679
2025-12-23,603658,test,-0.0061954353,-0.0009786971,2022-11-03,2025-12-08,12870,760,6,10,0.0012562220799736679
2025-12-23,605090,test,0.15678798,-0.001706291,2022-11-03,2025-12-08,12870,760,6,10,0.0012562220799736679
2025-12-23,605589,test,0.020184692,0.0030710213,2022-11-03,2025-12-08,12870,760,6,10,0.0012562220799736679
2025-12-23,688031,test,0.0047929883,-0.026240062,2022-11-03,2025-12-08,12870,760,6,10,0.0012562220799736679
2025-12-23,688045,test,0.015942471,-6.048754e-05,2022-11-03,2025-12-08,12870,760,6,10,0.0012562220799736679
2025-12-23,688133,test,0.016361745,-0.0020437352,2022-11-03,2025-12-08,12870,760,6,10,0.0012562220799736679
2025-12-23,688147,test,-0.08946755,-0.010028414,2022-11-03,2025-12-08,12870,760,6,10,0.0012562220799736679
2025-12-23,688528,test,0.018579207,-0.002613727,2022-11-03,2025-12-08,12870,760,6,10,0.0012562220799736679
2025-12-24,600025,test,0.010427323,-0.0014104657,2022-11-03,2025-12-08,12870,760,6,10,0.0012562220799736679
2025-12-24,600051,test,0.030673351,0.0016796924,2022-11-03,2025-12-08,12870,760,6,10,0.0012562220799736679
2025-12-24,600127,test,0.0062705143,0.0006069802,2022-11-03,2025-12-08,12870,760,6,10,0.0012562220799736679
2025-12-24,600153,test,0.0040004915,-0.001881998,2022-11-03,2025-12-08,12870,760,6,10,0.0012562220799736679
2025-12-24,600548,test,0.013225762,-0.0052272193,2022-11-03,2025-12-08,12870,760,6,10,0.0012562220799736679
2025-12-24,600865,test,-0.14209983,-0.060031,2022-11-03,2025-12-08,12870,760,6,10,0.0012562220799736679
2025-12-24,600967,test,0.056721594,-0.0013639815,2022-11-03,2025-12-08,12870,760,6,10,0.0012562220799736679
2025-12-24,601222,test,0.008725356,-0.0046013035,2022-11-03,2025-12-08,12870,760,6,10,0.0012562220799736679
2025-12-24,603237,test,0.020719202,0.0018289872,2022-11-03,2025-12-08,12870,760,6,10,0.0012562220799736679
2025-12-24,603335,test,0.028458036,-0.0007263981,2022-11-03,2025-12-08,12870,760,6,10,0.0012562220799736679
2025-12-24,603341,test,0.01660606,-0.00014565513,2022-11-03,2025-12-08,12870,760,6,10,0.0012562220799736679
2025-12-24,603658,test,0.00947557,-0.0025299601,2022-11-03,2025-12-08,12870,760,6,10,0.0012562220799736679
2025-12-24,605090,test,0.09430315,-0.0017647259,2022-11-03,2025-12-08,12870,760,6,10,0.0012562220799736679
2025-12-24,605589,test,-0.011717517,0.0051396936,2022-11-03,2025-12-08,12870,760,6,10,0.0012562220799736679
2025-12-24,688031,test,0.077067025,-0.023110012,2022-11-03,2025-12-08,12870,760,6,10,0.0012562220799736679
2025-12-24,688045,test,0.035544388,-0.0018393956,2022-11-03,2025-12-08,12870,760,6,10,0.0012562220799736679
2025-12-24,688133,test,0.029396068,-0.000627175,2022-11-03,2025-12-08,12870,760,6,10,0.0012562220799736679
2025-12-24,688147,test,-0.07747313,-0.0074867606,2022-11-03,2025-12-08,12870,760,6,10,0.0012562220799736679
2025-12-24,688528,test,0.037946284,-0.00019036606,2022-11-03,2025-12-08,12870,760,6,10,0.0012562220799736679
2025-12-25,600025,test,-0.00011838052,-0.001856897,2022-11-03,2025-12-08,12870,760,6,10,0.0012562220799736679
2025-12-25,600051,test,0.0074130464,0.0013883859,2022-11-03,2025-12-08,12870,760,6,10,0.0012562220799736679
2025-12-25,600127,test,0.00075026747,0.0002938658,2022-11-03,2025-12-08,12870,760,6,10,0.0012562220799736679
2025-12-25,600153,test,3.2578828e-05,-0.00071627647,2022-11-03,2025-12-08,12870,760,6,10,0.0012562220799736679
2025-12-25,600548,test,0.0038764405,-0.0055793263,2022-11-03,2025-12-08,12870,760,6,10,0.0012562220799736679
2025-12-25,600865,test,-0.22474355,-0.06509957,2022-11-03,2025-12-08,12870,760,6,10,0.0012562220799736679
2025-12-25,600967,test,0.05900569,-0.0005259104,2022-11-03,2025-12-08,12870,760,6,10,0.0012562220799736679
2025-12-25,601222,test,0.006784798,-0.0027133487,2022-11-03,2025-12-08,12870,760,6,10,0.0012562220799736679
2025-12-25,603237,test,0.013371242,-0.00037107244,2022-11-03,2025-12-08,12870,760,6,10,0.0012562220799736679
2025-12-25,603335,test,-0.0053321193,-0.00052000955,2022-11-03,2025-12-08,12870,760,6,10,0.0012562220799736679
2025-12-25,603341,test,0.106049754,0.00010129437,2022-11-03,2025-12-08,12870,760,6,10,0.0012562220799736679
2025-12-25,603658,test,0.018112063,-0.0031662993,2022-11-03,2025-12-08,12870,760,6,10,0.0012562220799736679
2025-12-25,605090,test,0.10944968,-0.0019087456,2022-11-03,2025-12-08,12870,760,6,10,0.0012562220799736679
2025-12-25,605589,test,-0.0031162102,0.010736693,2022-11-03,2025-12-08,12870,760,6,10,0.0012562220799736679
2025-12-25,688031,test,0.041090723,-0.011058517,2022-11-03,2025-12-08,12870,760,6,10,0.0012562220799736679
2025-12-25,688045,test,0.03634267,-0.0009115003,2022-11-03,2025-12-08,12870,760,6,10,0.0012562220799736679
2025-12-25,688133,test,0.02426156,0.0003996864,2022-11-03,2025-12-08,12870,760,6,10,0.0012562220799736679
2025-12-25,688147,test,-0.052797936,-0.0031536333,2022-11-03,2025-12-08,12870,760,6,10,0.0012562220799736679
2025-12-25,688528,test,0.024179682,0.0006452538,2022-11-03,2025-12-08,12870,760,6,10,0.0012562220799736679
2025-12-26,600025,test,-0.01906465,-0.0026834495,2022-11-03,2025-12-08,12870,760,6,10,0.0012562220799736679
2025-12-26,600051,test,-0.010131885,0.0014595576,2022-11-03,2025-12-08,12870,760,6,10,0.0012562220799736679
2025-12-26,600127,test,-0.034569062,0.00036438927,2022-11-03,2025-12-08,12870,760,6,10,0.0012562220799736679
2025-12-26,600153,test,-0.024227228,-0.0003660135,2022-11-03,2025-12-08,12870,760,6,10,0.0012562220799736679
2025-12-26,600548,test,-0.017053057,-0.0051008165,2022-11-03,2025-12-08,12870,760,6,10,0.0012562220799736679
2025-12-26,600865,test,-0.23695166,-0.05986491,2022-11-03,2025-12-08,12870,760,6,10,0.0012562220799736679
2025-12-26,600967,test,0.05954376,-0.0002187118,2022-11-03,2025-12-08,12870,760,6,10,0.0012562220799736679
2025-12-26,601222,test,-0.006051991,-0.0009562485,2022-11-03,2025-12-08,12870,760,6,10,0.0012562220799736679
2025-12-26,603237,test,-0.003672555,-0.002228938,2022-11-03,2025-12-08,12870,760,6,10,0.0012562220799736679
2025-12-26,603335,test,-0.011447675,-0.0016063191,2022-11-03,2025-12-08,12870,760,6,10,0.0012562220799736679
2025-12-26,603341,test,0.1265657,-0.00046389177,2022-11-03,2025-12-08,12870,760,6,10,0.0012562220799736679
2025-12-26,603658,test,-0.0045339577,-0.0036289804,2022-11-03,2025-12-08,12870,760,6,10,0.0012562220799736679
2025-12-26,605090,test,0.048178762,-0.007094115,2022-11-03,2025-12-08,12870,760,6,10,0.0012562220799736679
2025-12-26,605589,test,-0.0024511348,0.014465053,2022-11-03,2025-12-08,12870,760,6,10,0.0012562220799736679
2025-12-26,688031,test,0.19366585,-0.011803694,2022-11-03,2025-12-08,12870,760,6,10,0.0012562220799736679
2025-12-26,688045,test,0.03776285,0.0022040345,2022-11-03,2025-12-08,12870,760,6,10,0.0012562220799736679
2025-12-26,688133,test,0.02552257,0.0023814924,2022-11-03,2025-12-08,12870,760,6,10,0.0012562220799736679
2025-12-26,688147,test,0.041049317,-0.00022276118,2022-11-03,2025-12-08,12870,760,6,10,0.0012562220799736679
2025-12-26,688528,test,-0.0020137124,0.0015751235,2022-11-03,2025-12-08,12870,760,6,10,0.0012562220799736679
2025-12-29,600025,test,-0.029333817,-0.0023381747,2022-11-03,2025-12-08,12870,760,6,10,0.0012562220799736679
2025-12-29,600051,test,-0.038789004,0.0017654933,2022-11-03,2025-12-08,12870,760,6,10,0.0012562220799736679
2025-12-29,600127,test,-0.039965123,-0.0006197952,2022-11-03,2025-12-08,12870,760,6,10,0.0012562220799736679
2025-12-29,600153,test,-0.04332112,-0.0007880442,2022-11-03,2025-12-08,12870,760,6,10,0.0012562220799736679
2025-12-29,600548,test,-0.033865545,-0.0056652166,2022-11-03,2025-12-08,12870,760,6,10,0.0012562220799736679
2025-12-29,600865,test,-0.16313075,-0.04050433,2022-11-03,2025-12-08,12870,760,6,10,0.0012562220799736679
2025-12-29,600967,test,0.008283648,0.00052537397,2022-11-03,2025-12-08,12870,760,6,10,0.0012562220799736679
2025-12-29,601222,test,-0.013742162,0.0006262176,2022-11-03,2025-12-08,12870,760,6,10,0.0012562220799736679
2025-12-29,603237,test,-0.019231314,-0.0032310598,2022-11-03,2025-12-08,12870,760,6,10,0.0012562220799736679
2025-12-29,603335,test,-0.054972883,-0.001382675,2022-11-03,2025-12-08,12870,760,6,10,0.0012562220799736679
2025-12-29,603341,test,0.12256825,-0.00061385706,2022-11-03,2025-12-08,12870,760,6,10,0.0012562220799736679
2025-12-29,603658,test,-0.0072323955,-0.0007709153,2022-11-03,2025-12-08,12870,760,6,10,0.0012562220799736679
2025-12-29,605090,test,-0.099850066,-0.026933003,2022-11-03,2025-12-08,12870,760,6,10,0.0012562220799736679
2025-12-29,605589,test,0.01070806,0.012202691,2022-11-03,2025-12-08,12870,760,6,10,0.0012562220799736679
2025-12-29,688031,test,0.37870577,-0.0025789365,2022-11-03,2025-12-08,12870,760,6,10,0.0012562220799736679
2025-12-29,688045,test,0.0018499388,0.004873734,2022-11-03,2025-12-08,12870,760,6,10,0.0012562220799736679
2025-12-29,688133,test,0.0015619238,0.0033931434,2022-11-03,2025-12-08,12870,760,6,10,0.0012562220799736679
2025-12-29,688147,test,0.104639545,0.0038139299,2022-11-03,2025-12-08,12870,760,6,10,0.0012562220799736679
2025-12-29,688528,test,-0.057072125,0.0033377074,2022-11-03,2025-12-08,12870,760,6,10,0.0012562220799736679
2025-12-30,600025,test,-0.05480834,-0.0012887157,2022-11-03,2025-12-08,12870,760,6,10,0.0012562220799736679
2025-12-30,600051,test,-0.051890682,0.003058549,2022-11-03,2025-12-08,12870,760,6,10,0.0012562220799736679
2025-12-30,600127,test,-0.05659961,-0.002219662,2022-11-03,2025-12-08,12870,760,6,10,0.0012562220799736679
2025-12-30,600153,test,-0.053771216,-0.0011637732,2022-11-03,2025-12-08,12870,760,6,10,0.0012562220799736679
2025-12-30,600548,test,-0.057982143,-0.0062037595,2022-11-03,2025-12-08,12870,760,6,10,0.0012562220799736679
2025-12-30,600865,test,-0.06833018,-0.017629866,2022-11-03,2025-12-08,12870,760,6,10,0.0012562220799736679
2025-12-30,600967,test,0.07260837,0.0023525357,2022-11-03,2025-12-08,12870,760,6,10,0.0012562220799736679
2025-12-30,601222,test,-0.042579446,0.0021199435,2022-11-03,2025-12-08,12870,760,6,10,0.0012562220799736679
2025-12-30,603237,test,-0.040777728,-0.003699325,2022-11-03,2025-12-08,12870,760,6,10,0.0012562220799736679
2025-12-30,603335,test,-0.064325675,-0.0013555475,2022-11-03,2025-12-08,12870,760,6,10,0.0012562220799736679
2025-12-30,603341,test,0.09190525,-0.00058459863,2022-11-03,2025-12-08,12870,760,6,10,0.0012562220799736679
2025-12-30,603658,test,-0.040165525,0.0020249598,2022-11-03,2025-12-08,12870,760,6,10,0.0012562220799736679
2025-12-30,605090,test,-0.016320717,-0.024510343,2022-11-03,2025-12-08,12870,760,6,10,0.0012562220799736679
2025-12-30,605589,test,-0.031096606,0.010849174,2022-11-03,2025-12-08,12870,760,6,10,0.0012562220799736679
2025-12-30,688031,test,0.37092006,0.005704168,2022-11-03,2025-12-08,12870,760,6,10,0.0012562220799736679
2025-12-30,688045,test,-0.010720231,0.009829599,2022-11-03,2025-12-08,12870,760,6,10,0.0012562220799736679
2025-12-30,688133,test,-0.011634056,0.0041044243,2022-11-03,2025-12-08,12870,760,6,10,0.0012562220799736679
2025-12-30,688147,test,0.091447756,0.0028267764,2022-11-03,2025-12-08,12870,760,6,10,0.0012562220799736679
2025-12-30,688528,test,-0.035261866,0.0021504536,2022-11-03,2025-12-08,12870,760,6,10,0.0012562220799736679
2025-12-31,600025,test,-0.07318926,-0.0012925379,2022-11-03,2025-12-08,12870,760,6,10,0.0012562220799736679
2025-12-31,600051,test,-0.07559347,0.0030083694,2022-11-03,2025-12-08,12870,760,6,10,0.0012562220799736679
2025-12-31,600127,test,-0.07196994,-0.0011278056,2022-11-03,2025-12-08,12870,760,6,10,0.0012562220799736679
2025-12-31,600153,test,-0.06100901,-0.0025105998,2022-11-03,2025-12-08,12870,760,6,10,0.0012562220799736679
2025-12-31,600548,test,-0.08203488,-0.00017124042,2022-11-03,2025-12-08,12870,760,6,10,0.0012562220799736679
2025-12-31,600865,test,-0.036996074,-0.009108219,2022-11-03,2025-12-08,12870,760,6,10,0.0012562220799736679
2025-12-31,600967,test,0.05303006,0.004275661,2022-11-03,2025-12-08,12870,760,6,10,0.0012562220799736679
2025-12-31,601222,test,-0.053476207,0.00046797097,2022-11-03,2025-12-08,12870,760,6,10,0.0012562220799736679
2025-12-31,603237,test,-0.065310985,-0.0036293902,2022-11-03,2025-12-08,12870,760,6,10,0.0012562220799736679
2025-12-31,603335,test,-0.07379372,7.9758465e-06,2022-11-03,2025-12-08,12870,760,6,10,0.0012562220799736679
2025-12-31,603341,test,0.106749386,-0.0038084276,2022-11-03,2025-12-08,12870,760,6,10,0.0012562220799736679
2025-12-31,603658,test,-0.03346768,0.0039015338,2022-11-03,2025-12-08,12870,760,6,10,0.0012562220799736679
2025-12-31,605090,test,0.0014680781,-0.024073523,2022-11-03,2025-12-08,12870,760,6,10,0.0012562220799736679
2025-12-31,605589,test,-0.022947982,0.006806746,2022-11-03,2025-12-08,12870,760,6,10,0.0012562220799736679
2025-12-31,688031,test,0.41646722,-0.011350062,2022-11-03,2025-12-08,12870,760,6,10,0.0012562220799736679
2025-12-31,688045,test,-0.025328597,0.0102566,2022-11-03,2025-12-08,12870,760,6,10,0.0012562220799736679
2025-12-31,688133,test,0.077186406,0.00488073,2022-11-03,2025-12-08,12870,760,6,10,0.0012562220799736679
2025-12-31,688147,test,0.06673646,0.004057858,2022-11-03,2025-12-08,12870,760,6,10,0.0012562220799736679
2025-12-31,688528,test,-0.06789944,0.0039422326,2022-11-03,2025-12-08,12870,760,6,10,0.0012562220799736679
2026-01-05,600025,test,-0.08898076,-0.0022230633,2022-11-03,2025-12-08,12870,760,6,10,0.0012562220799736679
2026-01-05,600051,test,-0.09337346,0.0018517114,2022-11-03,2025-12-08,12870,760,6,10,0.0012562220799736679
2026-01-05,600127,test,-0.08657691,0.00060766935,2022-11-03,2025-12-08,12870,760,6,10,0.0012562220799736679
2026-01-05,600153,test,-0.09779586,-0.0027368404,2022-11-03,2025-12-08,12870,760,6,10,0.0012562220799736679
2026-01-05,600548,test,-0.09430726,0.002119124,2022-11-03,2025-12-08,12870,760,6,10,0.0012562220799736679
2026-01-05,600865,test,-0.027935872,-0.006991092,2022-11-03,2025-12-08,12870,760,6,10,0.0012562220799736679
2026-01-05,600967,test,0.038061682,0.0074714907,2022-11-03,2025-12-08,12870,760,6,10,0.0012562220799736679
2026-01-05,601222,test,-0.08007827,-0.0012280755,2022-11-03,2025-12-08,12870,760,6,10,0.0012562220799736679
2026-01-05,603237,test,-0.08687453,-0.0023495704,2022-11-03,2025-12-08,12870,760,6,10,0.0012562220799736679
2026-01-05,603335,test,-0.09818086,0.0005213432,2022-11-03,2025-12-08,12870,760,6,10,0.0012562220799736679
2026-01-05,603341,test,0.014248342,-0.01612864,2022-11-03,2025-12-08,12870,760,6,10,0.0012562220799736679
2026-01-05,603658,test,-0.07079278,0.0063511916,2022-11-03,2025-12-08,12870,760,6,10,0.0012562220799736679
2026-01-05,605090,test,0.041639015,-0.023181979,2022-11-03,2025-12-08,12870,760,6,10,0.0012562220799736679
2026-01-05,605589,test,-0.0749437,0.00446881,2022-11-03,2025-12-08,12870,760,6,10,0.0012562220799736679
2026-01-05,688031,test,0.7467102,-0.0018866844,2022-11-03,2025-12-08,12870,760,6,10,0.0012562220799736679
2026-01-05,688045,test,-0.05015845,0.00847635,2022-11-03,2025-12-08,12870,760,6,10,0.0012562220799736679
2026-01-05,688133,test,0.16188225,0.006124202,2022-11-03,2025-12-08,12870,760,6,10,0.0012562220799736679
2026-01-05,688147,test,0.041232485,0.005747836,2022-11-03,2025-12-08,12870,760,6,10,0.0012562220799736679
2026-01-05,688528,test,-0.06688154,0.003029082,2022-11-03,2025-12-08,12870,760,6,10,0.0012562220799736679
2026-01-06,600025,test,-0.052979365,-0.003792461,2022-11-03,2025-12-08,12870,760,6,10,0.0012562220799736679
2026-01-06,600051,test,-0.057156406,0.0017911606,2022-11-03,2025-12-08,12870,760,6,10,0.0012562220799736679
2026-01-06,600127,test,-0.06799935,0.0002655089,2022-11-03,2025-12-08,12870,760,6,10,0.0012562220799736679
2026-01-06,600153,test,-0.07367076,-0.0033341795,2022-11-03,2025-12-08,12870,760,6,10,0.0012562220799736679
2026-01-06,600548,test,-0.06729556,0.0005306788,2022-11-03,2025-12-08,12870,760,6,10,0.0012562220799736679
2026-01-06,600865,test,-0.10014973,-0.007291179,2022-11-03,2025-12-08,12870,760,6,10,0.0012562220799736679
2026-01-06,600967,test,0.09953066,0.009667743,2022-11-03,2025-12-08,12870,760,6,10,0.0012562220799736679
2026-01-06,601222,test,-0.009584598,-0.002638474,2022-11-03,2025-12-08,12870,760,6,10,0.0012562220799736679
2026-01-06,603237,test,-0.060292996,-0.0017363317,2022-11-03,2025-12-08,12870,760,6,10,0.0012562220799736679
2026-01-06,603335,test,-0.07037885,4.127249e-05,2022-11-03,2025-12-08,12870,760,6,10,0.0012562220799736679
2026-01-06,603341,test,0.018467413,-0.019901741,2022-11-03,2025-12-08,12870,760,6,10,0.0012562220799736679
2026-01-06,603658,test,-0.03620254,0.0063410997,2022-11-03,2025-12-08,12870,760,6,10,0.0012562220799736679
2026-01-06,605090,test,0.016993128,-0.0114200115,2022-11-03,2025-12-08,12870,760,6,10,0.0012562220799736679
2026-01-06,605589,test,-0.062983155,0.0038431212,2022-11-03,2025-12-08,12870,760,6,10,0.0012562220799736679
2026-01-06,688031,test,0.4642499,-0.015140738,2022-11-03,2025-12-08,12870,760,6,10,0.0012562220799736679
2026-01-06,688045,test,-0.03042828,0.007312592,2022-11-03,2025-12-08,12870,760,6,10,0.0012562220799736679
2026-01-06,688133,test,0.14452444,0.006776642,2022-11-03,2025-12-08,12870,760,6,10,0.0012562220799736679
2026-01-06,688147,test,-0.07333004,-0.00038501993,2022-11-03,2025-12-08,12870,760,6,10,0.0012562220799736679
2026-01-06,688528,test,-0.023919275,0.0027262382,2022-11-03,2025-12-08,12870,760,6,10,0.0012562220799736679
2026-01-07,600025,test,-0.048578914,-0.0051866136,2022-11-03,2025-12-08,12870,760,6,10,0.0012562220799736679
2026-01-07,600051,test,-0.03981324,0.0014429018,2022-11-03,2025-12-08,12870,760,6,10,0.0012562220799736679
2026-01-07,600127,test,-0.054028865,-3.6429614e-05,2022-11-03,2025-12-08,12870,760,6,10,0.0012562220799736679
2026-01-07,600153,test,-0.057385813,-0.0041272417,2022-11-03,2025-12-08,12870,760,6,10,0.0012562220799736679
2026-01-07,600548,test,-0.061877415,-0.0012228899,2022-11-03,2025-12-08,12870,760,6,10,0.0012562220799736679
2026-01-07,600865,test,-0.16444017,-0.009842459,2022-11-03,2025-12-08,12870,760,6,10,0.0012562220799736679
2026-01-07,600967,test,0.093604654,0.010834668,2022-11-03,2025-12-08,12870,760,6,10,0.0012562220799736679
2026-01-07,601222,test,-0.020979906,-0.002356179,2022-11-03,2025-12-08,12870,760,6,10,0.0012562220799736679
2026-01-07,603237,test,-0.052531064,-0.00048511848,2022-11-03,2025-12-08,12870,760,6,10,0.0012562220799736679
2026-01-07,603335,test,-0.0511539,-0.001357697,2022-11-03,2025-12-08,12870,760,6,10,0.0012562220799736679
2026-01-07,603341,test,0.010478429,-0.016008478,2022-11-03,2025-12-08,12870,760,6,10,0.0012562220799736679
2026-01-07,603658,test,-0.03489241,0.0051088966,2022-11-03,2025-12-08,12870,760,6,10,0.0012562220799736679
2026-01-07,605090,test,0.058987856,-0.0070554763,2022-11-03,2025-12-08,12870,760,6,10,0.0012562220799736679
2026-01-07,605589,test,-0.081906945,0.0033604577,2022-11-03,2025-12-08,12870,760,6,10,0.0012562220799736679
2026-01-07,688031,test,0.4662571,-0.034388818,2022-11-03,2025-12-08,12870,760,6,10,0.0012562220799736679
2026-01-07,688045,test,-0.0025637792,0.006309949,2022-11-03,2025-12-08,12870,760,6,10,0.0012562220799736679
2026-01-07,688133,test,0.19447932,0.006541837,2022-11-03,2025-12-08,12870,760,6,10,0.0012562220799736679
2026-01-07,688147,test,-0.13389927,-0.011417255,2022-11-03,2025-12-08,12870,760,6,10,0.0012562220799736679
2026-01-07,688528,test,0.021979865,0.0014993958,2022-11-03,2025-12-08,12870,760,6,10,0.0012562220799736679
2026-01-08,600025,test,-0.020771254,-0.0019247532,2022-12-01,2026-01-07,12950,760,4,8,0.003906631182568769
2026-01-08,600051,test,-0.01725208,0.0060230643,2022-12-01,2026-01-07,12950,760,4,8,0.003906631182568769
2026-01-08,600127,test,-0.02811143,0.0018769652,2022-12-01,2026-01-07,12950,760,4,8,0.003906631182568769
2026-01-08,600153,test,-0.03167896,-0.00078303367,2022-12-01,2026-01-07,12950,760,4,8,0.003906631182568769
2026-01-08,600548,test,-0.029697515,-2.7090311e-05,2022-12-01,2026-01-07,12950,760,4,8,0.003906631182568769
2026-01-08,600865,test,-0.18580914,-0.003438577,2022-12-01,2026-01-07,12950,760,4,8,0.003906631182568769
2026-01-08,600967,test,0.037843313,-0.005920604,2022-12-01,2026-01-07,12950,760,4,8,0.003906631182568769
2026-01-08,601222,test,0.0033125316,0.00014603138,2022-12-01,2026-01-07,12950,760,4,8,0.003906631182568769
2026-01-08,603237,test,-0.018648343,0.0032411665,2022-12-01,2026-01-07,12950,760,4,8,0.003906631182568769
2026-01-08,603335,test,-0.04122865,0.0017215908,2022-12-01,2026-01-07,12950,760,4,8,0.003906631182568769
2026-01-08,603341,test,0.011628642,-0.007369101,2022-12-01,2026-01-07,12950,760,4,8,0.003906631182568769
2026-01-08,603658,test,-0.011750926,0.0060994327,2022-12-01,2026-01-07,12950,760,4,8,0.003906631182568769
2026-01-08,605090,test,-0.013719677,0.0053431243,2022-12-01,2026-01-07,12950,760,4,8,0.003906631182568769
2026-01-08,605589,test,-0.014317111,0.0027351528,2022-12-01,2026-01-07,12950,760,4,8,0.003906631182568769
2026-01-08,688031,test,0.20213501,-0.0023766607,2022-12-01,2026-01-07,12950,760,4,8,0.003906631182568769
2026-01-08,688045,test,0.0077717234,0.0054178387,2022-12-01,2026-01-07,12950,760,4,8,0.003906631182568769
2026-01-08,688133,test,0.1266594,0.005453646,2022-12-01,2026-01-07,12950,760,4,8,0.003906631182568769
2026-01-08,688147,test,-0.0030074706,0.0035487115,2022-12-01,2026-01-07,12950,760,4,8,0.003906631182568769
2026-01-08,688528,test,-0.0031791972,0.0043329224,2022-12-01,2026-01-07,12950,760,4,8,0.003906631182568769
2026-01-09,600025,test,-0.0042115944,-0.0025483444,2022-12-01,2026-01-07,12950,760,4,8,0.003906631182568769
2026-01-09,600051,test,0.00042528458,0.0057538003,2022-12-01,2026-01-07,12950,760,4,8,0.003906631182568769
2026-01-09,600127,test,-0.01633984,0.00129731,2022-12-01,2026-01-07,12950,760,4,8,0.003906631182568769
2026-01-09,600153,test,-0.03674272,-0.0010972992,2022-12-01,2026-01-07,12950,760,4,8,0.003906631182568769
2026-01-09,600548,test,-0.017729191,-0.0022815317,2022-12-01,2026-01-07,12950,760,4,8,0.003906631182568769
2026-01-09,600865,test,-0.17921926,-0.007245891,2022-12-01,2026-01-07,12950,760,4,8,0.003906631182568769
2026-01-09,600967,test,-0.0043406766,-0.0059765503,2022-12-01,2026-01-07,12950,760,4,8,0.003906631182568769
2026-01-09,601222,test,0.033434983,0.0011075884,2022-12-01,2026-01-07,12950,760,4,8,0.003906631182568769
2026-01-09,603237,test,-0.00394837,0.0028181672,2022-12-01,2026-01-07,12950,760,4,8,0.003906631182568769
2026-01-09,603335,test,-0.000435609,0.001671806,2022-12-01,2026-01-07,12950,760,4,8,0.003906631182568769
2026-01-09,603341,test,-0.012072869,-0.0061541945,2022-12-01,2026-01-07,12950,760,4,8,0.003906631182568769
2026-01-09,603658,test,-0.01315066,0.0055376664,2022-12-01,2026-01-07,12950,760,4,8,0.003906631182568769
2026-01-09,605090,test,-0.04050207,0.0060781464,2022-12-01,2026-01-07,12950,760,4,8,0.003906631182568769
2026-01-09,605589,test,-0.007824284,0.004957363,2022-12-01,2026-01-07,12950,760,4,8,0.003906631182568769
2026-01-09,688031,test,0.09065787,-0.003727533,2022-12-01,2026-01-07,12950,760,4,8,0.003906631182568769
2026-01-09,688045,test,0.04809248,0.005398795,2022-12-01,2026-01-07,12950,760,4,8,0.003906631182568769
2026-01-09,688133,test,0.024490997,0.0005525574,2022-12-01,2026-01-07,12950,760,4,8,0.003906631182568769
2026-01-09,688147,test,0.09575701,0.0033783168,2022-12-01,2026-01-07,12950,760,4,8,0.003906631182568769
2026-01-09,688528,test,0.008091752,0.0052583814,2022-12-01,2026-01-07,12950,760,4,8,0.003906631182568769
2026-01-12,600025,test,0.014872815,-0.0030980632,2022-12-01,2026-01-07,12950,760,4,8,0.003906631182568769
2026-01-12,600051,test,0.035203032,0.006038837,2022-12-01,2026-01-07,12950,760,4,8,0.003906631182568769
2026-01-12,600127,test,0.008675088,0.0003797561,2022-12-01,2026-01-07,12950,760,4,8,0.003906631182568769
2026-01-12,600153,test,-0.041533392,-0.0012545884,2022-12-01,2026-01-07,12950,760,4,8,0.003906631182568769
2026-01-12,600548,test,-0.00077544124,-0.0035472512,2022-12-01,2026-01-07,12950,760,4,8,0.003906631182568769
2026-01-12,600865,test,-0.1826286,-0.008715577,2022-12-01,2026-01-07,12950,760,4,8,0.003906631182568769
2026-01-12,600967,test,-0.011417736,-0.0026317537,2022-12-01,2026-01-07,12950,760,4,8,0.003906631182568769
2026-01-12,601222,test,0.06834953,0.0020031407,2022-12-01,2026-01-07,12950,760,4,8,0.003906631182568769
2026-01-12,603237,test,0.023950372,0.0018568411,2022-12-01,2026-01-07,12950,760,4,8,0.003906631182568769
2026-01-12,603335,test,0.07054052,0.0021082014,2022-12-01,2026-01-07,12950,760,4,8,0.003906631182568769
2026-01-12,603341,test,-0.037422802,-0.004940465,2022-12-01,2026-01-07,12950,760,4,8,0.003906631182568769
2026-01-12,603658,test,0.0035884103,0.003888972,2022-12-01,2026-01-07,12950,760,4,8,0.003906631182568769
2026-01-12,605090,test,-0.07003673,0.005414039,2022-12-01,2026-01-07,12950,760,4,8,0.003906631182568769
2026-01-12,605589,test,0.030940533,0.0068956763,2022-12-01,2026-01-07,12950,760,4,8,0.003906631182568769
2026-01-12,688031,test,-0.012565008,-0.0062381625,2022-12-01,2026-01-07,12950,760,4,8,0.003906631182568769
2026-01-12,688045,test,0.036534064,0.00455074,2022-12-01,2026-01-07,12950,760,4,8,0.003906631182568769
2026-01-12,688133,test,-0.05545266,-0.009523854,2022-12-01,2026-01-07,12950,760,4,8,0.003906631182568769
2026-01-12,688147,test,0.081296444,0.0043659955,2022-12-01,2026-01-07,12950,760,4,8,0.003906631182568769
2026-01-12,688528,test,0.0356333,0.0046960264,2022-12-01,2026-01-07,12950,760,4,8,0.003906631182568769
2026-01-13,600025,test,0.013947199,-0.0030643046,2022-12-01,2026-01-07,12950,760,4,8,0.003906631182568769
2026-01-13,600051,test,0.024414172,0.00512819,2022-12-01,2026-01-07,12950,760,4,8,0.003906631182568769
2026-01-13,600127,test,0.008364513,-0.00029471517,2022-12-01,2026-01-07,12950,760,4,8,0.003906631182568769
2026-01-13,600153,test,-0.016464112,-0.0014604926,2022-12-01,2026-01-07,12950,760,4,8,0.003906631182568769
2026-01-13,600548,test,0.012245551,-0.0035465732,2022-12-01,2026-01-07,12950,760,4,8,0.003906631182568769
2026-01-13,600865,test,-0.12766117,-0.00782086,2022-12-01,2026-01-07,12950,760,4,8,0.003906631182568769
2026-01-13,600967,test,-0.104058795,-0.003340967,2022-12-01,2026-01-07,12950,760,4,8,0.003906631182568769
2026-01-13,601222,test,0.012810522,0.0004930943,2022-12-01,2026-01-07,12950,760,4,8,0.003906631182568769
2026-01-13,603237,test,0.026344815,0.0019974113,2022-12-01,2026-01-07,12950,760,4,8,0.003906631182568769
2026-01-13,603335,test,0.05103556,0.0015825629,2022-12-01,2026-01-07,12950,760,4,8,0.003906631182568769
2026-01-13,603341,test,-0.06295784,-0.0018722713,2022-12-01,2026-01-07,12950,760,4,8,0.003906631182568769
2026-01-13,603658,test,-0.014270116,0.0038602427,2022-12-01,2026-01-07,12950,760,4,8,0.003906631182568769
2026-01-13,605090,test,-0.0028132831,0.0069536865,2022-12-01,2026-01-07,12950,760,4,8,0.003906631182568769
2026-01-13,605589,test,0.024217848,0.007973567,2022-12-01,2026-01-07,12950,760,4,8,0.003906631182568769
2026-01-13,688031,test,0.01176504,-0.0044855326,2022-12-01,2026-01-07,12950,760,4,8,0.003906631182568769
2026-01-13,688045,test,0.03488551,0.0045052767,2022-12-01,2026-01-07,12950,760,4,8,0.003906631182568769
2026-01-13,688133,test,-0.025294,-0.009449184,2022-12-01,2026-01-07,12950,760,4,8,0.003906631182568769
2026-01-13,688147,test,0.13655643,0.0055024177,2022-12-01,2026-01-07,12950,760,4,8,0.003906631182568769
2026-01-13,688528,test,0.025183098,0.005054787,2022-12-01,2026-01-07,12950,760,4,8,0.003906631182568769
2026-01-14,600025,test,-0.005374822,-0.003076829,2022-12-01,2026-01-07,12950,760,4,8,0.003906631182568769
2026-01-14,600051,test,0.021681493,0.005333811,2022-12-01,2026-01-07,12950,760,4,8,0.003906631182568769
2026-01-14,600127,test,-0.0038237008,-0.0009804666,2022-12-01,2026-01-07,12950,760,4,8,0.003906631182568769
2026-01-14,600153,test,-0.021753978,-0.0022843555,2022-12-01,2026-01-07,12950,760,4,8,0.003906631182568769
2026-01-14,600548,test,0.005040607,-0.0037049204,2022-12-01,2026-01-07,12950,760,4,8,0.003906631182568769
2026-01-14,600865,test,-0.0878466,-0.006956592,2022-12-01,2026-01-07,12950,760,4,8,0.003906631182568769
2026-01-14,600967,test,-0.07904914,0.0021369755,2022-12-01,2026-01-07,12950,760,4,8,0.003906631182568769
2026-01-14,601222,test,0.009200755,0.003462389,2022-12-01,2026-01-07,12950,760,4,8,0.003906631182568769
2026-01-14,603237,test,0.013331156,0.0016223863,2022-12-01,2026-01-07,12950,760,4,8,0.003906631182568769
2026-01-14,603335,test,0.084813334,0.0007506013,2022-12-01,2026-01-07,12950,760,4,8,0.003906631182568769
2026-01-14,603341,test,-0.06254833,0.0013602674,2022-12-01,2026-01-07,12950,760,4,8,0.003906631182568769
2026-01-14,603658,test,-0.023129763,0.0033265129,2022-12-01,2026-01-07,12950,760,4,8,0.003906631182568769
2026-01-14,605090,test,0.027405942,0.0096597,2022-12-01,2026-01-07,12950,760,4,8,0.003906631182568769
2026-01-14,605589,test,0.031049237,0.008206427,2022-12-01,2026-01-07,12950,760,4,8,0.003906631182568769
2026-01-14,688031,test,-0.05961557,-0.0073572993,2022-12-01,2026-01-07,12950,760,4,8,0.003906631182568769
2026-01-14,688045,test,0.028802158,0.0032250136,2022-12-01,2026-01-07,12950,760,4,8,0.003906631182568769
2026-01-14,688133,test,-0.044021834,-0.011776447,2022-12-01,2026-01-07,12950,760,4,8,0.003906631182568769
2026-01-14,688147,test,0.102839306,0.0076283514,2022-12-01,2026-01-07,12950,760,4,8,0.003906631182568769
2026-01-14,688528,test,0.016863624,0.005434081,2022-12-01,2026-01-07,12950,760,4,8,0.003906631182568769
2026-01-15,600025,test,-0.032362543,-0.0020317137,2022-12-01,2026-01-07,12950,760,4,8,0.003906631182568769
2026-01-15,600051,test,0.012297389,0.0049599037,2022-12-01,2026-01-07,12950,760,4,8,0.003906631182568769
2026-01-15,600127,test,-0.011232023,-0.000603199,2022-12-01,2026-01-07,12950,760,4,8,0.003906631182568769
2026-01-15,600153,test,-0.029077878,-0.0017703623,2022-12-01,2026-01-07,12950,760,4,8,0.003906631182568769
2026-01-15,600548,test,-0.0072284755,-0.0036056936,2022-12-01,2026-01-07,12950,760,4,8,0.003906631182568769
2026-01-15,600865,test,-0.06674135,-0.005302906,2022-12-01,2026-01-07,12950,760,4,8,0.003906631182568769
2026-01-15,600967,test,-0.10628197,0.0016898215,2022-12-01,2026-01-07,12950,760,4,8,0.003906631182568769
2026-01-15,601222,test,-0.007502688,0.0061350465,2022-12-01,2026-01-07,12950,760,4,8,0.003906631182568769
2026-01-15,603237,test,-0.009350777,0.002188146,2022-12-01,2026-01-07,12950,760,4,8,0.003906631182568769
2026-01-15,603335,test,0.05184521,-0.0001898408,2022-12-01,2026-01-07,12950,760,4,8,0.003906631182568769
2026-01-15,603341,test,-0.078845724,0.0042997077,2022-12-01,2026-01-07,12950,760,4,8,0.003906631182568769
2026-01-15,603658,test,-0.038853813,0.00405775,2022-12-01,2026-01-07,12950,760,4,8,0.003906631182568769
2026-01-15,605090,test,0.1277431,0.00757996,2022-12-01,2026-01-07,12950,760,4,8,0.003906631182568769
2026-01-15,605589,test,-0.008320197,0.0065581575,2022-12-01,2026-01-07,12950,760,4,8,0.003906631182568769
2026-01-15,688031,test,0.15127769,0.00502757,2022-12-01,2026-01-07,12950,760,4,8,0.003906631182568769
2026-01-15,688045,test,0.09693885,0.0037094206,2022-12-01,2026-01-07,12950,760,4,8,0.003906631182568769
2026-01-15,688133,test,-0.0278215,-0.0076548904,2022-12-01,2026-01-07,12950,760,4,8,0.003906631182568769
2026-01-15,688147,test,-0.04116496,0.0031793118,2022-12-01,2026-01-07,12950,760,4,8,0.003906631182568769
2026-01-15,688528,test,0.021205252,0.0035611242,2022-12-01,2026-01-07,12950,760,4,8,0.003906631182568769
2026-01-16,600025,test,-0.0608673,-0.0013320372,2022-12-01,2026-01-07,12950,760,4,8,0.003906631182568769
2026-01-16,600051,test,-0.008958982,0.0054335,2022-12-01,2026-01-07,12950,760,4,8,0.003906631182568769
2026-01-16,600127,test,-0.023878891,-0.00061938167,2022-12-01,2026-01-07,12950,760,4,8,0.003906631182568769
2026-01-16,600153,test,-0.026483057,-7.369369e-05,2022-12-01,2026-01-07,12950,760,4,8,0.003906631182568769
2026-01-16,600548,test,-0.022267643,-0.0033896342,2022-12-01,2026-01-07,12950,760,4,8,0.003906631182568769
2026-01-16,600865,test,-0.043690078,-0.0030672923,2022-12-01,2026-01-07,12950,760,4,8,0.003906631182568769
2026-01-16,600967,test,-0.08407316,0.005817555,2022-12-01,2026-01-07,12950,760,4,8,0.003906631182568769
2026-01-16,601222,test,-0.019674068,0.0055291504,2022-12-01,2026-01-07,12950,760,4,8,0.003906631182568769
2026-01-16,603237,test,-0.028035052,0.0028819293,2022-12-01,2026-01-07,12950,760,4,8,0.003906631182568769
2026-01-16,603335,test,0.0038893316,-0.0027274862,2022-12-01,2026-01-07,12950,760,4,8,0.003906631182568769
2026-01-16,603341,test,-0.06296135,0.006518446,2022-12-01,2026-01-07,12950,760,4,8,0.003906631182568769
2026-01-16,603658,test,-0.040767502,0.0047312975,2022-12-01,2026-01-07,12950,760,4,8,0.003906631182568769
2026-01-16,605090,test,0.09482136,0.006810814,2022-12-01,2026-01-07,12950,760,4,8,0.003906631182568769
2026-01-16,605589,test,-0.010388584,0.0074795783,2022-12-01,2026-01-07,12950,760,4,8,0.003906631182568769
2026-01-16,688031,test,0.20866798,0.009378359,2022-12-01,2026-01-07,12950,760,4,8,0.003906631182568769
2026-01-16,688045,test,0.18097186,0.00209108,2022-12-01,2026-01-07,12950,760,4,8,0.003906631182568769
2026-01-16,688133,test,0.025322735,-0.0052371174,2022-12-01,2026-01-07,12950,760,4,8,0.003906631182568769
2026-01-16,688147,test,-0.076303646,-0.006339729,2022-12-01,2026-01-07,12950,760,4,8,0.003906631182568769
2026-01-16,688528,test,0.02185452,0.0054600835,2022-12-01,2026-01-07,12950,760,4,8,0.003906631182568769
2026-01-19,600025,test,-0.041587505,0.00013770908,2022-12-01,2026-01-07,12950,760,4,8,0.003906631182568769
2026-01-19,600051,test,-0.009577262,0.0048205554,2022-12-01,2026-01-07,12950,760,4,8,0.003906631182568769
2026-01-19,600127,test,0.0048975903,-0.0009927154,2022-12-01,2026-01-07,12950,760,4,8,0.003906631182568769
2026-01-19,600153,test,0.018316016,0.0036347657,2022-12-01,2026-01-07,12950,760,4,8,0.003906631182568769
2026-01-19,600548,test,-0.0001369782,-0.0027963966,2022-12-01,2026-01-07,12950,760,4,8,0.003906631182568769
2026-01-19,600865,test,-0.057636146,-0.00094914436,2022-12-01,2026-01-07,12950,760,4,8,0.003906631182568769
2026-01-19,600967,test,-0.0914108,0.006773263,2022-12-01,2026-01-07,12950,760,4,8,0.003906631182568769
2026-01-19,601222,test,-0.030858703,0.0049527884,2022-12-01,2026-01-07,12950,760,4,8,0.003906631182568769
2026-01-19,603237,test,-0.019377636,0.0021304488,2022-12-01,2026-01-07,12950,760,4,8,0.003906631182568769
2026-01-19,603335,test,-0.00052154844,-0.006204471,2022-12-01,2026-01-07,12950,760,4,8,0.003906631182568769
2026-01-19,603341,test,-0.07439703,0.007403001,2022-12-01,2026-01-07,12950,760,4,8,0.003906631182568769
2026-01-19,603658,test,0.014017627,0.0045658574,2022-12-01,2026-01-07,12950,760,4,8,0.003906631182568769
2026-01-19,605090,test,0.040887684,0.005266331,2022-12-01,2026-01-07,12950,760,4,8,0.003906631182568769
2026-01-19,605589,test,-0.023843652,0.0076693,2022-12-01,2026-01-07,12950,760,4,8,0.003906631182568769
2026-01-19,688031,test,0.13380432,0.010595173,2022-12-01,2026-01-07,12950,760,4,8,0.003906631182568769
2026-01-19,688045,test,0.23483041,0.0046152323,2022-12-01,2026-01-07,12950,760,4,8,0.003906631182568769
2026-01-19,688133,test,-0.0060502323,-0.00035901368,2022-12-01,2026-01-07,12950,760,4,8,0.003906631182568769
2026-01-19,688147,test,-0.08238887,-0.005182728,2022-12-01,2026-01-07,12950,760,4,8,0.003906631182568769
2026-01-19,688528,test,-0.02142133,0.0040654466,2022-12-01,2026-01-07,12950,760,4,8,0.003906631182568769
2026-01-20,600025,test,-0.06338769,0.00035874546,2022-12-01,2026-01-07,12950,760,4,8,0.003906631182568769
2026-01-20,600051,test,-0.022793666,0.0048522353,2022-12-01,2026-01-07,12950,760,4,8,0.003906631182568769
2026-01-20,600127,test,-0.012962798,-0.0014288276,2022-12-01,2026-01-07,12950,760,4,8,0.003906631182568769
2026-01-20,600153,test,-0.021411154,0.005128816,2022-12-01,2026-01-07,12950,760,4,8,0.003906631182568769
2026-01-20,600548,test,-0.029163092,-0.0032731593,2022-12-01,2026-01-07,12950,760,4,8,0.003906631182568769
2026-01-20,600865,test,-0.03204286,0.0010957047,2022-12-01,2026-01-07,12950,760,4,8,0.003906631182568769
2026-01-20,600967,test,-0.04451397,0.0039001107,2022-12-01,2026-01-07,12950,760,4,8,0.003906631182568769
2026-01-20,601222,test,-0.0375383,0.006172195,2022-12-01,2026-01-07,12950,760,4,8,0.003906631182568769
2026-01-20,603237,test,-0.04068383,0.0026913583,2022-12-01,2026-01-07,12950,760,4,8,0.003906631182568769
2026-01-20,603335,test,-0.008720162,-0.0040437877,2022-12-01,2026-01-07,12950,760,4,8,0.003906631182568769
2026-01-20,603341,test,-0.03164551,0.007009946,2022-12-01,2026-01-07,12950,760,4,8,0.003906631182568769
2026-01-20,603658,test,0.00607681,0.0034914464,2022-12-01,2026-01-07,12950,760,4,8,0.003906631182568769
2026-01-20,605090,test,0.011717411,0.0029247925,2022-12-01,2026-01-07,12950,760,4,8,0.003906631182568769
2026-01-20,605589,test,-0.013778477,0.008648828,2022-12-01,2026-01-07,12950,760,4,8,0.003906631182568769
2026-01-20,688031,test,0.14101154,0.009869367,2022-12-01,2026-01-07,12950,760,4,8,0.003906631182568769
2026-01-20,688045,test,0.28150514,0.0056778565,2022-12-01,2026-01-07,12950,760,4,8,0.003906631182568769
2026-01-20,688133,test,-0.011444377,0.0014030263,2022-12-01,2026-01-07,12950,760,4,8,0.003906631182568769
2026-01-20,688147,test,-0.068757,-0.008811235,2022-12-01,2026-01-07,12950,760,4,8,0.003906631182568769
2026-01-20,688528,test,-0.010758185,0.0054097027,2022-12-01,2026-01-07,12950,760,4,8,0.003906631182568769
2026-01-21,600025,test,-0.033390004,0.0029146224,2022-12-01,2026-01-07,12950,760,4,8,0.003906631182568769
2026-01-21,600051,test,-0.0037369651,0.005196005,2022-12-01,2026-01-07,12950,760,4,8,0.003906631182568769
2026-01-21,600127,test,0.03484097,-0.0022438169,2022-12-01,2026-01-07,12950,760,4,8,0.003906631182568769
2026-01-21,600153,test,0.005893105,0.0029372722,2022-12-01,2026-01-07,12950,760,4,8,0.003906631182568769
2026-01-21,600548,test,0.008282634,0.00038152933,2022-12-01,2026-01-07,12950,760,4,8,0.003906631182568769
2026-01-21,600865,test,-0.0062750364,0.0025790185,2022-12-01,2026-01-07,12950,760,4,8,0.003906631182568769
2026-01-21,600967,test,-0.05446781,0.003198877,2022-12-01,2026-01-07,12950,760,4,8,0.003906631182568769
2026-01-21,601222,test,-0.013031793,0.0069387406,2022-12-01,2026-01-07,12950,760,4,8,0.003906631182568769
2026-01-21,603237,test,-0.018413765,0.004730992,2022-12-01,2026-01-07,12950,760,4,8,0.003906631182568769
2026-01-21,603335,test,-0.021225203,-0.0056462437,2022-12-01,2026-01-07,12950,760,4,8,0.003906631182568769
2026-01-21,603341,test,-0.030349111,0.005517572,2022-12-01,2026-01-07,12950,760,4,8,0.003906631182568769
2026-01-21,603658,test,0.008390906,0.0014861971,2022-12-01,2026-01-07,12950,760,4,8,0.003906631182568769
2026-01-21,605090,test,-0.030551791,-0.0058019906,2022-12-01,2026-01-07,12950,760,4,8,0.003906631182568769
2026-01-21,605589,test,0.007883673,0.0062473565,2022-12-01,2026-01-07,12950,760,4,8,0.003906631182568769
2026-01-21,688031,test,-0.054361396,0.007470146,2022-12-01,2026-01-07,12950,760,4,8,0.003906631182568769
2026-01-21,688045,test,0.33904707,0.0046177804,2022-12-01,2026-01-07,12950,760,4,8,0.003906631182568769
2026-01-21,688133,test,-0.0421446,0.0027172938,2022-12-01,2026-01-07,12950,760,4,8,0.003906631182568769
2026-01-21,688147,test,-0.025278632,-0.008262128,2022-12-01,2026-01-07,12950,760,4,8,0.003906631182568769
2026-01-21,688528,test,-0.012319941,0.006012574,2022-12-01,2026-01-07,12950,760,4,8,0.003906631182568769
2026-01-22,600025,test,-0.0029301983,0.0036122724,2022-12-01,2026-01-07,12950,760,4,8,0.003906631182568769
2026-01-22,600051,test,-0.00407251,0.0051671416,2022-12-01,2026-01-07,12950,760,4,8,0.003906631182568769
2026-01-22,600127,test,0.05110865,-0.0013616532,2022-12-01,2026-01-07,12950,760,4,8,0.003906631182568769
2026-01-22,600153,test,0.042839255,0.0017343163,2022-12-01,2026-01-07,12950,760,4,8,0.003906631182568769
2026-01-22,600548,test,0.030094156,0.0032090843,2022-12-01,2026-01-07,12950,760,4,8,0.003906631182568769
2026-01-22,600865,test,-0.008810674,0.0026438385,2022-12-01,2026-01-07,12950,760,4,8,0.003906631182568769
2026-01-22,600967,test,-0.060245316,0.0018876195,2022-12-01,2026-01-07,12950,760,4,8,0.003906631182568769
2026-01-22,601222,test,-0.008494939,0.006571509,2022-12-01,2026-01-07,12950,760,4,8,0.003906631182568769
2026-01-22,603237,test,0.0019464336,0.005628206,2022-12-01,2026-01-07,12950,760,4,8,0.003906631182568769
2026-01-22,603335,test,-0.0083116405,-0.00094008446,2022-12-01,2026-01-07,12950,760,4,8,0.003906631182568769
2026-01-22,603341,test,-0.02290972,0.0040636957,2022-12-01,2026-01-07,12950,760,4,8,0.003906631182568769
2026-01-22,603658,test,0.022928033,0.0006861165,2022-12-01,2026-01-07,12950,760,4,8,0.003906631182568769
2026-01-22,605090,test,-0.07956468,-0.017114185,2022-12-01,2026-01-07,12950,760,4,8,0.003906631182568769
2026-01-22,605589,test,-0.016320795,0.007679589,2022-12-01,2026-01-07,12950,760,4,8,0.003906631182568769
2026-01-22,688031,test,0.021297632,0.0067178234,2022-12-01,2026-01-07,12950,760,4,8,0.003906631182568769
2026-01-22,688045,test,0.21571757,-0.007507302,2022-12-01,2026-01-07,12950,760,4,8,0.003906631182568769
2026-01-22,688133,test,-0.040717393,0.004745424,2022-12-01,2026-01-07,12950,760,4,8,0.003906631182568769
2026-01-22,688147,test,-0.0326604,-0.0038111731,2022-12-01,2026-01-07,12950,760,4,8,0.003906631182568769
2026-01-22,688528,test,-0.02310607,0.0056907684,2022-12-01,2026-01-07,12950,760,4,8,0.003906631182568769
2026-01-23,600025,test,0.033472877,0.0016594231,2022-12-01,2026-01-07,12950,760,4,8,0.003906631182568769
2026-01-23,600051,test,0.03567068,0.006395519,2022-12-01,2026-01-07,12950,760,4,8,0.003906631182568769
2026-01-23,600127,test,0.08921626,0.0014217198,2022-12-01,2026-01-07,12950,760,4,8,0.003906631182568769
2026-01-23,600153,test,0.051992767,-0.00028836727,2022-12-01,2026-01-07,12950,760,4,8,0.003906631182568769
2026-01-23,600548,test,0.047947463,0.004550323,2022-12-01,2026-01-07,12950,760,4,8,0.003906631182568769
2026-01-23,600865,test,0.005600748,0.0033562705,2022-12-01,2026-01-07,12950,760,4,8,0.003906631182568769
2026-01-23,600967,test,-0.05189689,0.0015090778,2022-12-01,2026-01-07,12950,760,4,8,0.003906631182568769
2026-01-23,601222,test,-0.010686938,0.004196584,2022-12-01,2026-01-07,12950,760,4,8,0.003906631182568769
2026-01-23,603237,test,0.028778087,0.006308764,2022-12-01,2026-01-07,12950,760,4,8,0.003906631182568769
2026-01-23,603335,test,0.012453431,0.0031858236,2022-12-01,2026-01-07,12950,760,4,8,0.003906631182568769
2026-01-23,603341,test,-0.047291685,0.0044682324,2022-12-01,2026-01-07,12950,760,4,8,0.003906631182568769
2026-01-23,603658,test,0.0185171,1.1816621e-05,2022-12-01,2026-01-07,12950,760,4,8,0.003906631182568769
2026-01-23,605090,test,-0.09092383,-0.015513115,2022-12-01,2026-01-07,12950,760,4,8,0.003906631182568769
2026-01-23,605589,test,0.0023159636,0.008089244,2022-12-01,2026-01-07,12950,760,4,8,0.003906631182568769
2026-01-23,688031,test,-0.028350722,0.0034547523,2022-12-01,2026-01-07,12950,760,4,8,0.003906631182568769
2026-01-23,688045,test,0.06463983,-0.026011929,2022-12-01,2026-01-07,12950,760,4,8,0.003906631182568769
2026-01-23,688133,test,-0.06990631,0.0031378046,2022-12-01,2026-01-07,12950,760,4,8,0.003906631182568769
2026-01-23,688147,test,-0.051207382,0.0008477047,2022-12-01,2026-01-07,12950,760,4,8,0.003906631182568769
2026-01-23,688528,test,-0.0013041117,0.005670324,2022-12-01,2026-01-07,12950,760,4,8,0.003906631182568769
2026-01-26,600025,test,0.042910207,-0.0004975945,2022-12-01,2026-01-07,12950,760,4,8,0.003906631182568769
2026-01-26,600051,test,0.030953608,0.0053439215,2022-12-01,2026-01-07,12950,760,4,8,0.003906631182568769
2026-01-26,600127,test,0.04302621,0.00081729144,2022-12-01,2026-01-07,12950,760,4,8,0.003906631182568769
2026-01-26,600153,test,0.03854349,-0.0019291714,2022-12-01,2026-01-07,12950,760,4,8,0.003906631182568769
2026-01-26,600548,test,0.043976177,0.004376389,2022-12-01,2026-01-07,12950,760,4,8,0.003906631182568769
2026-01-26,600865,test,0.06247922,0.0038084164,2022-12-01,2026-01-07,12950,760,4,8,0.003906631182568769
2026-01-26,600967,test,-0.034395367,0.0009718165,2022-12-01,2026-01-07,12950,760,4,8,0.003906631182568769
2026-01-26,601222,test,0.008585271,0.0038140416,2022-12-01,2026-01-07,12950,760,4,8,0.003906631182568769
2026-01-26,603237,test,0.033488885,0.0057037994,2022-12-01,2026-01-07,12950,760,4,8,0.003906631182568769
2026-01-26,603335,test,0.014465087,0.0042596236,2022-12-01,2026-01-07,12950,760,4,8,0.003906631182568769
2026-01-26,603341,test,-0.02468567,0.005407572,2022-12-01,2026-01-07,12950,760,4,8,0.003906631182568769
2026-01-26,603658,test,-0.017410731,-0.0020157322,2022-12-01,2026-01-07,12950,760,4,8,0.003906631182568769
2026-01-26,605090,test,-0.045112673,-0.008158609,2022-12-01,2026-01-07,12950,760,4,8,0.003906631182568769
2026-01-26,605589,test,0.012834481,0.008614212,2022-12-01,2026-01-07,12950,760,4,8,0.003906631182568769
2026-01-26,688031,test,-0.12468693,0.0072529465,2022-12-01,2026-01-07,12950,760,4,8,0.003906631182568769
2026-01-26,688045,test,0.04767625,-0.035261184,2022-12-01,2026-01-07,12950,760,4,8,0.003906631182568769
2026-01-26,688133,test,-0.06470598,0.00508672,2022-12-01,2026-01-07,12950,760,4,8,0.003906631182568769
2026-01-26,688147,test,-0.057171803,0.0045234263,2022-12-01,2026-01-07,12950,760,4,8,0.003906631182568769
2026-01-26,688528,test,0.027443979,0.0042211786,2022-12-01,2026-01-07,12950,760,4,8,0.003906631182568769
2026-01-27,600025,test,0.020311536,-0.0033507422,2022-12-01,2026-01-07,12950,760,4,8,0.003906631182568769
2026-01-27,600051,test,0.03217775,0.0041929036,2022-12-01,2026-01-07,12950,760,4,8,0.003906631182568769
2026-01-27,600127,test,0.03599356,0.0024076253,2022-12-01,2026-01-07,12950,760,4,8,0.003906631182568769
2026-01-27,600153,test,0.03244204,-0.0023729652,2022-12-01,2026-01-07,12950,760,4,8,0.003906631182568769
2026-01-27,600548,test,0.024731316,0.002423644,2022-12-01,2026-01-07,12950,760,4,8,0.003906631182568769
2026-01-27,600865,test,0.060505673,0.003299296,2022-12-01,2026-01-07,12950,760,4,8,0.003906631182568769
2026-01-27,600967,test,-0.035955373,0.00074726343,2022-12-01,2026-01-07,12950,760,4,8,0.003906631182568769
2026-01-27,601222,test,0.01740269,0.0031705499,2022-12-01,2026-01-07,12950,760,4,8,0.003906631182568769
2026-01-27,603237,test,0.03051064,0.0046804994,2022-12-01,2026-01-07,12950,760,4,8,0.003906631182568769
2026-01-27,603335,test,0.022509737,0.0072985888,2022-12-01,2026-01-07,12950,760,4,8,0.003906631182568769
2026-01-27,603341,test,-0.04341723,0.0046921745,2022-12-01,2026-01-07,12950,760,4,8,0.003906631182568769
2026-01-27,603658,test,-0.014476057,0.0020178854,2022-12-01,2026-01-07,12950,760,4,8,0.003906631182568769
2026-01-27,605090,test,-0.02853203,-0.0009087175,2022-12-01,2026-01-07,12950,760,4,8,0.003906631182568769
2026-01-27,605589,test,0.013661547,0.008000232,2022-12-01,2026-01-07,12950,760,4,8,0.003906631182568769
2026-01-27,688031,test,-0.10544239,0.005328439,2022-12-01,2026-01-07,12950,760,4,8,0.003906631182568769
2026-01-27,688045,test,-0.022630792,-0.042689517,2022-12-01,2026-01-07,12950,760,4,8,0.003906631182568769
2026-01-27,688133,test,-0.064104214,0.0054307505,2022-12-01,2026-01-07,12950,760,4,8,0.003906631182568769
2026-01-27,688147,test,0.0023285504,0.006845601,2022-12-01,2026-01-07,12950,760,4,8,0.003906631182568769
2026-01-27,688528,test,0.043920923,0.0026305616,2022-12-01,2026-01-07,12950,760,4,8,0.003906631182568769
2026-01-28,600025,test,0.028296351,-0.004378304,2022-12-01,2026-01-07,12950,760,4,8,0.003906631182568769
2026-01-28,600051,test,0.03562458,0.005015239,2022-12-01,2026-01-07,12950,760,4,8,0.003906631182568769
2026-01-28,600127,test,-0.003940866,0.00089871883,2022-12-01,2026-01-07,12950,760,4,8,0.003906631182568769
2026-01-28,600153,test,0.048732415,-0.0007972941,2022-12-01,2026-01-07,12950,760,4,8,0.003906631182568769
2026-01-28,600548,test,0.01819646,0.0011493415,2022-12-01,2026-01-07,12950,760,4,8,0.003906631182568769
2026-01-28,600865,test,0.07585444,0.0030504465,2022-12-01,2026-01-07,12950,760,4,8,0.003906631182568769
2026-01-28,600967,test,-0.018345503,0.00025494397,2022-12-01,2026-01-07,12950,760,4,8,0.003906631182568769
2026-01-28,601222,test,0.04218619,0.00447993,2022-12-01,2026-01-07,12950,760,4,8,0.003906631182568769
2026-01-28,603237,test,0.036149718,0.0043423474,2022-12-01,2026-01-07,12950,760,4,8,0.003906631182568769
2026-01-28,603335,test,0.038555395,0.005816832,2022-12-01,2026-01-07,12950,760,4,8,0.003906631182568769
2026-01-28,603341,test,-0.037972756,0.004375845,2022-12-01,2026-01-07,12950,760,4,8,0.003906631182568769
2026-01-28,603658,test,-0.006627341,0.0063774064,2022-12-01,2026-01-07,12950,760,4,8,0.003906631182568769
2026-01-28,605090,test,-0.0323821,0.0033549815,2022-12-01,2026-01-07,12950,760,4,8,0.003906631182568769
2026-01-28,605589,test,-0.010179303,0.006560348,2022-12-01,2026-01-07,12950,760,4,8,0.003906631182568769
2026-01-28,688031,test,-0.037395127,0.012214363,2022-12-01,2026-01-07,12950,760,4,8,0.003906631182568769
2026-01-28,688045,test,-0.13715702,-0.052758947,2022-12-01,2026-01-07,12950,760,4,8,0.003906631182568769
2026-01-28,688133,test,-0.045923237,0.0056341738,2022-12-01,2026-01-07,12950,760,4,8,0.003906631182568769
2026-01-28,688147,test,0.027935201,0.0067593604,2022-12-01,2026-01-07,12950,760,4,8,0.003906631182568769
2026-01-28,688528,test,0.02808133,0.0039164424,2022-12-01,2026-01-07,12950,760,4,8,0.003906631182568769
2026-01-29,600025,test,0.02338518,-0.004496135,2022-12-01,2026-01-07,12950,760,4,8,0.003906631182568769
2026-01-29,600051,test,0.03314579,0.004601285,2022-12-01,2026-01-07,12950,760,4,8,0.003906631182568769
2026-01-29,600127,test,-0.05946299,0.0011160821,2022-12-01,2026-01-07,12950,760,4,8,0.003906631182568769
2026-01-29,600153,test,0.014263768,-0.0030252486,2022-12-01,2026-01-07,12950,760,4,8,0.003906631182568769
2026-01-29,600548,test,0.010065659,0.0021065176,2022-12-01,2026-01-07,12950,760,4,8,0.003906631182568769
2026-01-29,600865,test,0.14617012,0.003309302,2022-12-01,2026-01-07,12950,760,4,8,0.003906631182568769
2026-01-29,600967,test,-0.01558864,-5.312264e-05,2022-12-01,2026-01-07,12950,760,4,8,0.003906631182568769
2026-01-29,601222,test,0.014145177,0.00399328,2022-12-01,2026-01-07,12950,760,4,8,0.003906631182568769
2026-01-29,603237,test,0.03452445,0.0025455058,2022-12-01,2026-01-07,12950,760,4,8,0.003906631182568769
2026-01-29,603335,test,0.053417206,0.0032281503,2022-12-01,2026-01-07,12950,760,4,8,0.003906631182568769
2026-01-29,603341,test,-0.03153575,0.0042611063,2022-12-01,2026-01-07,12950,760,4,8,0.003906631182568769
2026-01-29,603658,test,-0.0025894851,0.009039924,2022-12-01,2026-01-07,12950,760,4,8,0.003906631182568769
2026-01-29,605090,test,-0.023027238,0.006330654,2022-12-01,2026-01-07,12950,760,4,8,0.003906631182568769
2026-01-29,605589,test,-0.010232089,0.006408125,2022-12-01,2026-01-07,12950,760,4,8,0.003906631182568769
2026-01-29,688031,test,-0.09537082,0.011851363,2022-12-01,2026-01-07,12950,760,4,8,0.003906631182568769
2026-01-29,688045,test,-0.11183853,-0.0404813,2022-12-01,2026-01-07,12950,760,4,8,0.003906631182568769
2026-01-29,688133,test,-0.016688509,0.00370726,2022-12-01,2026-01-07,12950,760,4,8,0.003906631182568769
2026-01-29,688147,test,0.016416583,0.005343154,2022-12-01,2026-01-07,12950,760,4,8,0.003906631182568769
2026-01-29,688528,test,0.0460098,0.0041912124,2022-12-01,2026-01-07,12950,760,4,8,0.003906631182568769
2026-01-30,600025,test,0.028308664,-0.0051699057,2022-12-01,2026-01-07,12950,760,4,8,0.003906631182568769
2026-01-30,600051,test,0.035014704,0.0033697113,2022-12-01,2026-01-07,12950,760,4,8,0.003906631182568769
2026-01-30,600127,test,-0.06622346,-0.005862072,2022-12-01,2026-01-07,12950,760,4,8,0.003906631182568769
2026-01-30,600153,test,0.014052799,0.0027513355,2022-12-01,2026-01-07,12950,760,4,8,0.003906631182568769
2026-01-30,600548,test,0.02060427,0.0036495253,2022-12-01,2026-01-07,12950,760,4,8,0.003906631182568769
2026-01-30,600865,test,0.022682952,0.0022007376,2022-12-01,2026-01-07,12950,760,4,8,0.003906631182568769
2026-01-30,600967,test,0.004345785,-0.00017604232,2022-12-01,2026-01-07,12950,760,4,8,0.003906631182568769
2026-01-30,601222,test,0.033555236,0.0032705143,2022-12-01,2026-01-07,12950,760,4,8,0.003906631182568769
2026-01-30,603237,test,0.0260264,0.0010882318,2022-12-01,2026-01-07,12950,760,4,8,0.003906631182568769
2026-01-30,603335,test,0.06882571,0.0019915774,2022-12-01,2026-01-07,12950,760,4,8,0.003906631182568769
2026-01-30,603341,test,-0.0014581244,0.0030929148,2022-12-01,2026-01-07,12950,760,4,8,0.003906631182568769
2026-01-30,603658,test,0.010467374,0.008351132,2022-12-01,2026-01-07,12950,760,4,8,0.003906631182568769
2026-01-30,605090,test,0.017300567,0.0070489645,2022-12-01,2026-01-07,12950,760,4,8,0.003906631182568769
2026-01-30,605589,test,-0.018311514,0.0058558807,2022-12-01,2026-01-07,12950,760,4,8,0.003906631182568769
2026-01-30,688031,test,-0.13584931,0.012695387,2022-12-01,2026-01-07,12950,760,4,8,0.003906631182568769
2026-01-30,688045,test,-0.09806547,-0.025250204,2022-12-01,2026-01-07,12950,760,4,8,0.003906631182568769
2026-01-30,688133,test,-0.014394109,0.0036299676,2022-12-01,2026-01-07,12950,760,4,8,0.003906631182568769
2026-01-30,688147,test,0.018452737,0.005939685,2022-12-01,2026-01-07,12950,760,4,8,0.003906631182568769
2026-01-30,688528,test,0.058078945,0.0035556778,2022-12-01,2026-01-07,12950,760,4,8,0.003906631182568769
2026-02-02,600025,test,-0.018443907,-0.005438432,2022-12-01,2026-01-07,12950,760,4,8,0.003906631182568769
2026-02-02,600051,test,0.017483104,0.0023691654,2022-12-01,2026-01-07,12950,760,4,8,0.003906631182568769
2026-02-02,600127,test,-0.06738854,-0.0017910004,2022-12-01,2026-01-07,12950,760,4,8,0.003906631182568769
2026-02-02,600153,test,0.016924966,0.005215913,2022-12-01,2026-01-07,12950,760,4,8,0.003906631182568769
2026-02-02,600548,test,-0.007229386,0.0044356734,2022-12-01,2026-01-07,12950,760,4,8,0.003906631182568769
2026-02-02,600865,test,-0.05716717,-0.0027407855,2022-12-01,2026-01-07,12950,760,4,8,0.003906631182568769
2026-02-02,600967,test,0.0050234506,-5.4381788e-05,2022-12-01,2026-01-07,12950,760,4,8,0.003906631182568769
2026-02-02,601222,test,0.067297,0.0022211522,2022-12-01,2026-01-07,12950,760,4,8,0.003906631182568769
2026-02-02,603237,test,0.0013308577,0.0014393032,2022-12-01,2026-01-07,12950,760,4,8,0.003906631182568769
2026-02-02,603335,test,0.042335577,-7.043779e-05,2022-12-01,2026-01-07,12950,760,4,8,0.003906631182568769
2026-02-02,603341,test,0.031941127,0.0019934177,2022-12-01,2026-01-07,12950,760,4,8,0.003906631182568769
2026-02-02,603658,test,-0.0134350145,0.0056746975,2022-12-01,2026-01-07,12950,760,4,8,0.003906631182568769
2026-02-02,605090,test,-0.036310736,0.008729413,2022-12-01,2026-01-07,12950,760,4,8,0.003906631182568769
2026-02-02,605589,test,-0.010452783,0.005550161,2022-12-01,2026-01-07,12950,760,4,8,0.003906631182568769
2026-02-02,688031,test,0.0006302428,0.014419377,2022-12-01,2026-01-07,12950,760,4,8,0.003906631182568769
2026-02-02,688045,test,-0.10670366,-0.013261698,2022-12-01,2026-01-07,12950,760,4,8,0.003906631182568769
2026-02-02,688133,test,0.02666798,0.0035516098,2022-12-01,2026-01-07,12950,760,4,8,0.003906631182568769
2026-02-02,688147,test,0.0769685,0.0049606413,2022-12-01,2026-01-07,12950,760,4,8,0.003906631182568769
2026-02-02,688528,test,0.03792431,0.002241537,2022-12-01,2026-01-07,12950,760,4,8,0.003906631182568769
2026-02-03,600025,test,0.017892813,-0.0025074184,2022-12-01,2026-01-07,12950,760,4,8,0.003906631182568769
2026-02-03,600051,test,0.025521224,0.004558526,2022-12-01,2026-01-07,12950,760,4,8,0.003906631182568769
2026-02-03,600127,test,-0.043758616,0.0028591603,2022-12-01,2026-01-07,12950,760,4,8,0.003906631182568769
2026-02-03,600153,test,0.032782767,0.0054743737,2022-12-01,2026-01-07,12950,760,4,8,0.003906631182568769
2026-02-03,600548,test,0.02357534,0.0062732548,2022-12-01,2026-01-07,12950,760,4,8,0.003906631182568769
2026-02-03,600865,test,-0.09217267,-0.0061608255,2022-12-01,2026-01-07,12950,760,4,8,0.003906631182568769
2026-02-03,600967,test,0.0037829874,-0.00032643974,2022-12-01,2026-01-07,12950,760,4,8,0.003906631182568769
2026-02-03,601222,test,0.054066326,0.00039325655,2022-12-01,2026-01-07,12950,760,4,8,0.003906631182568769
2026-02-03,603237,test,0.020470079,0.0039168373,2022-12-01,2026-01-07,12950,760,4,8,0.003906631182568769
2026-02-03,603335,test,0.06652499,0.0025221556,2022-12-01,2026-01-07,12950,760,4,8,0.003906631182568769
2026-02-03,603341,test,0.016119214,0.0010736734,2022-12-01,2026-01-07,12950,760,4,8,0.003906631182568769
2026-02-03,603658,test,-0.0029702845,0.0016390681,2022-12-01,2026-01-07,12950,760,4,8,0.003906631182568769
2026-02-03,605090,test,-0.05497388,0.007982895,2022-12-01,2026-01-07,12950,760,4,8,0.003906631182568769
2026-02-03,605589,test,0.045864273,0.0046167523,2022-12-01,2026-01-07,12950,760,4,8,0.003906631182568769
2026-02-03,688031,test,-0.08839858,0.009893514,2022-12-01,2026-01-07,12950,760,4,8,0.003906631182568769
2026-02-03,688045,test,-0.082241975,-0.005341679,2022-12-01,2026-01-07,12950,760,4,8,0.003906631182568769
2026-02-03,688133,test,-0.005340252,0.003190115,2022-12-01,2026-01-07,12950,760,4,8,0.003906631182568769
2026-02-03,688147,test,0.061583046,0.0032216758,2022-12-01,2026-01-07,12950,760,4,8,0.003906631182568769
2026-02-03,688528,test,0.024898142,0.00070638955,2022-12-01,2026-01-07,12950,760,4,8,0.003906631182568769
2026-02-04,600025,test,0.006694971,-0.0021648556,2022-12-01,2026-01-07,12950,760,4,8,0.003906631182568769
2026-02-04,600051,test,0.0057380823,0.005250551,2022-12-01,2026-01-07,12950,760,4,8,0.003906631182568769
2026-02-04,600127,test,-0.03991062,0.0038771853,2022-12-01,2026-01-07,12950,760,4,8,0.003906631182568769
2026-02-04,600153,test,0.002394507,0.0041796565,2022-12-01,2026-01-07,12950,760,4,8,0.003906631182568769
2026-02-04,600548,test,0.016563391,0.0049634576,2022-12-01,2026-01-07,12950,760,4,8,0.003906631182568769
2026-02-04,600865,test,-0.09844928,-0.008120947,2022-12-01,2026-01-07,12950,760,4,8,0.003906631182568769
2026-02-04,600967,test,0.00035014984,-0.0007530302,2022-12-01,2026-01-07,12950,760,4,8,0.003906631182568769
2026-02-04,601222,test,0.035855126,-0.0019810498,2022-12-01,2026-01-07,12950,760,4,8,0.003906631182568769
2026-02-04,603237,test,-6.68293e-05,0.0037935078,2022-12-01,2026-01-07,12950,760,4,8,0.003906631182568769
2026-02-04,603335,test,0.04226882,0.004695542,2022-12-01,2026-01-07,12950,760,4,8,0.003906631182568769
2026-02-04,603341,test,0.0122659635,0.0014688224,2022-12-01,2026-01-07,12950,760,4,8,0.003906631182568769
2026-02-04,603658,test,-0.0012232023,-0.0011943802,2022-12-01,2026-01-07,12950,760,4,8,0.003906631182568769
2026-02-04,605090,test,-0.049499314,0.007557735,2022-12-01,2026-01-07,12950,760,4,8,0.003906631182568769
2026-02-04,605589,test,0.058600895,0.0056762993,2022-12-01,2026-01-07,12950,760,4,8,0.003906631182568769
2026-02-04,688031,test,-0.01826224,0.007347107,2022-12-01,2026-01-07,12950,760,4,8,0.003906631182568769
2026-02-04,688045,test,-0.032270025,-0.0023537427,2022-12-01,2026-01-07,12950,760,4,8,0.003906631182568769
2026-02-04,688133,test,-0.0042699412,0.0028173923,2022-12-01,2026-01-07,12950,760,4,8,0.003906631182568769
2026-02-04,688147,test,0.015963675,0.0013704523,2022-12-01,2026-01-07,12950,760,4,8,0.003906631182568769
2026-02-04,688528,test,0.054074638,0.0043858886,2022-12-01,2026-01-07,12950,760,4,8,0.003906631182568769
2026-02-05,600025,test,-0.0132331615,0.0009429008,2022-12-29,2026-02-04,13029,760,9,10,0.003840440729012092
2026-02-05,600051,test,-0.01427854,0.012638509,2022-12-29,2026-02-04,13029,760,9,10,0.003840440729012092
2026-02-05,600127,test,-0.014578391,0.0017315149,2022-12-29,2026-02-04,13029,760,9,10,0.003840440729012092
2026-02-05,600153,test,-0.009793415,0.009217694,2022-12-29,2026-02-04,13029,760,9,10,0.003840440729012092
2026-02-05,600548,test,-0.013224809,0.009786189,2022-12-29,2026-02-04,13029,760,9,10,0.003840440729012092
2026-02-05,600865,test,-0.18493773,-0.026928984,2022-12-29,2026-02-04,13029,760,9,10,0.003840440729012092
2026-02-05,600967,test,0.0016113563,0.007262364,2022-12-29,2026-02-04,13029,760,9,10,0.003840440729012092
2026-02-05,601222,test,0.07331934,0.0031757653,2022-12-29,2026-02-04,13029,760,9,10,0.003840440729012092
2026-02-05,603237,test,-0.031064201,0.0098048,2022-12-29,2026-02-04,13029,760,9,10,0.003840440729012092
2026-02-05,603335,test,0.010783724,0.0028790832,2022-12-29,2026-02-04,13029,760,9,10,0.003840440729012092
2026-02-05,603341,test,0.029225105,0.008703396,2022-12-29,2026-02-04,13029,760,9,10,0.003840440729012092
2026-02-05,603658,test,-0.018912595,-0.0018882602,2022-12-29,2026-02-04,13029,760,9,10,0.003840440729012092
2026-02-05,605090,test,-0.058431953,0.008206993,2022-12-29,2026-02-04,13029,760,9,10,0.003840440729012092
2026-02-05,605589,test,0.09438276,0.0038850456,2022-12-29,2026-02-04,13029,760,9,10,0.003840440729012092
2026-02-05,688031,test,0.029726615,-0.02643586,2022-12-29,2026-02-04,13029,760,9,10,0.003840440729012092
2026-02-05,688045,test,-0.021430431,-0.0008574277,2022-12-29,2026-02-04,13029,760,9,10,0.003840440729012092
2026-02-05,688133,test,-0.019764412,0.013570011,2022-12-29,2026-02-04,13029,760,9,10,0.003840440729012092
2026-02-05,688147,test,0.15013996,-0.013110019,2022-12-29,2026-02-04,13029,760,9,10,0.003840440729012092
2026-02-05,688528,test,0.020777656,0.008048549,2022-12-29,2026-02-04,13029,760,9,10,0.003840440729012092
2026-02-06,600025,test,-0.043570507,0.0011651963,2022-12-29,2026-02-04,13029,760,9,10,0.003840440729012092
2026-02-06,600051,test,-0.037387412,0.01158607,2022-12-29,2026-02-04,13029,760,9,10,0.003840440729012092
2026-02-06,600127,test,-0.03255717,0.001375094,2022-12-29,2026-02-04,13029,760,9,10,0.003840440729012092
2026-02-06,600153,test,-0.029363986,0.013646424,2022-12-29,2026-02-04,13029,760,9,10,0.003840440729012092
2026-02-06,600548,test,-0.037146784,0.011991248,2022-12-29,2026-02-04,13029,760,9,10,0.003840440729012092
2026-02-06,600865,test,-0.11962801,-0.011766672,2022-12-29,2026-02-04,13029,760,9,10,0.003840440729012092
2026-02-06,600967,test,-0.016079335,0.009302899,2022-12-29,2026-02-04,13029,760,9,10,0.003840440729012092
2026-02-06,601222,test,0.026122399,0.0072865933,2022-12-29,2026-02-04,13029,760,9,10,0.003840440729012092
2026-02-06,603237,test,-0.045690697,0.011557803,2022-12-29,2026-02-04,13029,760,9,10,0.003840440729012092
2026-02-06,603335,test,-0.013781818,-0.00013400614,2022-12-29,2026-02-04,13029,760,9,10,0.003840440729012092
2026-02-06,603341,test,0.026814653,0.010049716,2022-12-29,2026-02-04,13029,760,9,10,0.003840440729012092
2026-02-06,603658,test,-0.03275179,-0.0019218773,2022-12-29,2026-02-04,13029,760,9,10,0.003840440729012092
2026-02-06,605090,test,-0.073259585,0.002971381,2022-12-29,2026-02-04,13029,760,9,10,0.003840440729012092
2026-02-06,605589,test,0.053278375,0.005897343,2022-12-29,2026-02-04,13029,760,9,10,0.003840440729012092
2026-02-06,688031,test,0.14052723,-0.024209425,2022-12-29,2026-02-04,13029,760,9,10,0.003840440729012092
2026-02-06,688045,test,-0.002161924,-0.007119611,2022-12-29,2026-02-04,13029,760,9,10,0.003840440729012092
2026-02-06,688133,test,-0.049748518,0.013887063,2022-12-29,2026-02-04,13029,760,9,10,0.003840440729012092
2026-02-06,688147,test,0.31267434,-0.0077704713,2022-12-29,2026-02-04,13029,760,9,10,0.003840440729012092
2026-02-06,688528,test,0.0017285293,0.0052768737,2022-12-29,2026-02-04,13029,760,9,10,0.003840440729012092
2026-02-09,600025,test,-0.011611183,0.002494529,2022-12-29,2026-02-04,13029,760,9,10,0.003840440729012092
2026-02-09,600051,test,-0.011221488,0.012731984,2022-12-29,2026-02-04,13029,760,9,10,0.003840440729012092
2026-02-09,600127,test,-0.016385997,-0.001222536,2022-12-29,2026-02-04,13029,760,9,10,0.003840440729012092
2026-02-09,600153,test,-0.024417268,0.014243916,2022-12-29,2026-02-04,13029,760,9,10,0.003840440729012092
2026-02-09,600548,test,-0.029085599,0.011976168,2022-12-29,2026-02-04,13029,760,9,10,0.003840440729012092
2026-02-09,600865,test,-0.08239163,-0.014563948,2022-12-29,2026-02-04,13029,760,9,10,0.003840440729012092
2026-02-09,600967,test,0.016393436,0.01022765,2022-12-29,2026-02-04,13029,760,9,10,0.003840440729012092
2026-02-09,601222,test,-0.026093459,-0.00679636,2022-12-29,2026-02-04,13029,760,9,10,0.003840440729012092
2026-02-09,603237,test,-0.035324786,0.012183085,2022-12-29,2026-02-04,13029,760,9,10,0.003840440729012092
2026-02-09,603335,test,0.010503367,0.0032252818,2022-12-29,2026-02-04,13029,760,9,10,0.003840440729012092
2026-02-09,603341,test,-0.031578183,0.0073922276,2022-12-29,2026-02-04,13029,760,9,10,0.003840440729012092
2026-02-09,603658,test,-0.024175469,-0.0017113537,2022-12-29,2026-02-04,13029,760,9,10,0.003840440729012092
2026-02-09,605090,test,-0.029573174,0.0026290268,2022-12-29,2026-02-04,13029,760,9,10,0.003840440729012092
2026-02-09,605589,test,0.088752724,0.0052802265,2022-12-29,2026-02-04,13029,760,9,10,0.003840440729012092
2026-02-09,688031,test,0.0009998747,-0.036626615,2022-12-29,2026-02-04,13029,760,9,10,0.003840440729012092
2026-02-09,688045,test,-0.022134006,-0.0063877106,2022-12-29,2026-02-04,13029,760,9,10,0.003840440729012092
2026-02-09,688133,test,-0.027098183,0.012642637,2022-12-29,2026-02-04,13029,760,9,10,0.003840440729012092
2026-02-09,688147,test,0.25157195,-0.0021220893,2022-12-29,2026-02-04,13029,760,9,10,0.003840440729012092
2026-02-09,688528,test,0.0148832165,0.007646829,2022-12-29,2026-02-04,13029,760,9,10,0.003840440729012092
2026-02-10,600025,test,-0.025149928,0.0029791594,2022-12-29,2026-02-04,13029,760,9,10,0.003840440729012092
2026-02-10,600051,test,-0.022701949,0.012818888,2022-12-29,2026-02-04,13029,760,9,10,0.003840440729012092
2026-02-10,600127,test,-0.019161904,-0.0018570721,2022-12-29,2026-02-04,13029,760,9,10,0.003840440729012092
2026-02-10,600153,test,-0.004052882,0.013472155,2022-12-29,2026-02-04,13029,760,9,10,0.003840440729012092
2026-02-10,600548,test,-0.04805069,0.011258543,2022-12-29,2026-02-04,13029,760,9,10,0.003840440729012092
2026-02-10,600865,test,-0.03895361,-0.017380744,2022-12-29,2026-02-04,13029,760,9,10,0.003840440729012092
2026-02-10,600967,test,-0.0015511087,0.010453299,2022-12-29,2026-02-04,13029,760,9,10,0.003840440729012092
2026-02-10,601222,test,-0.029988639,-0.0003453493,2022-12-29,2026-02-04,13029,760,9,10,0.003840440729012092
2026-02-10,603237,test,-0.038195875,0.01258415,2022-12-29,2026-02-04,13029,760,9,10,0.003840440729012092
2026-02-10,603335,test,-0.023582531,0.0066351146,2022-12-29,2026-02-04,13029,760,9,10,0.003840440729012092
2026-02-10,603341,test,-0.027338112,0.0058495253,2022-12-29,2026-02-04,13029,760,9,10,0.003840440729012092
2026-02-10,603658,test,-0.030611426,-0.0011717528,2022-12-29,2026-02-04,13029,760,9,10,0.003840440729012092
2026-02-10,605090,test,-0.004686695,0.0056284964,2022-12-29,2026-02-04,13029,760,9,10,0.003840440729012092
2026-02-10,605589,test,0.063300595,-0.006004624,2022-12-29,2026-02-04,13029,760,9,10,0.003840440729012092
2026-02-10,688031,test,0.19879979,-0.039310172,2022-12-29,2026-02-04,13029,760,9,10,0.003840440729012092
2026-02-10,688045,test,-0.026784917,-0.0050838143,2022-12-29,2026-02-04,13029,760,9,10,0.003840440729012092
2026-02-10,688133,test,-0.026749289,0.010023162,2022-12-29,2026-02-04,13029,760,9,10,0.003840440729012092
2026-02-10,688147,test,0.12355889,-0.011552267,2022-12-29,2026-02-04,13029,760,9,10,0.003840440729012092
2026-02-10,688528,test,0.0028336104,0.007970467,2022-12-29,2026-02-04,13029,760,9,10,0.003840440729012092
2026-02-11,600025,test,-0.012470562,0.0015586168,2022-12-29,2026-02-04,13029,760,9,10,0.003840440729012092
2026-02-11,600051,test,-0.022990054,0.010758549,2022-12-29,2026-02-04,13029,760,9,10,0.003840440729012092
2026-02-11,600127,test,-0.025194505,-0.0025633425,2022-12-29,2026-02-04,13029,760,9,10,0.003840440729012092
2026-02-11,600153,test,-0.012966196,0.010553151,2022-12-29,2026-02-04,13029,760,9,10,0.003840440729012092
2026-02-11,600548,test,-0.060279887,0.009262845,2022-12-29,2026-02-04,13029,760,9,10,0.003840440729012092
2026-02-11,600865,test,-0.058828417,-0.014249258,2022-12-29,2026-02-04,13029,760,9,10,0.003840440729012092
2026-02-11,600967,test,0.008446207,0.008949563,2022-12-29,2026-02-04,13029,760,9,10,0.003840440729012092
2026-02-11,601222,test,-0.034693755,-0.00071024895,2022-12-29,2026-02-04,13029,760,9,10,0.003840440729012092
2026-02-11,603237,test,-0.033004716,0.010308772,2022-12-29,2026-02-04,13029,760,9,10,0.003840440729012092
2026-02-11,603335,test,-0.028276036,0.011100471,2022-12-29,2026-02-04,13029,760,9,10,0.003840440729012092
2026-02-11,603341,test,0.0028021713,0.0050569773,2022-12-29,2026-02-04,13029,760,9,10,0.003840440729012092
2026-02-11,603658,test,-0.034645498,-0.002096668,2022-12-29,2026-02-04,13029,760,9,10,0.003840440729012092
2026-02-11,605090,test,0.027409866,0.008523658,2022-12-29,2026-02-04,13029,760,9,10,0.003840440729012092
2026-02-11,605589,test,0.0668201,-0.011864953,2022-12-29,2026-02-04,13029,760,9,10,0.003840440729012092
2026-02-11,688031,test,0.15467064,-0.03451246,2022-12-29,2026-02-04,13029,760,9,10,0.003840440729012092
2026-02-11,688045,test,-0.008121738,-0.00523787,2022-12-29,2026-02-04,13029,760,9,10,0.003840440729012092
2026-02-11,688133,test,-0.013017167,0.00477539,2022-12-29,2026-02-04,13029,760,9,10,0.003840440729012092
2026-02-11,688147,test,0.08636965,-0.018444516,2022-12-29,2026-02-04,13029,760,9,10,0.003840440729012092
2026-02-11,688528,test,-0.028322421,0.0064121336,2022-12-29,2026-02-04,13029,760,9,10,0.003840440729012092
2026-02-12,600025,test,-0.0043108175,-0.00039945543,2022-12-29,2026-02-04,13029,760,9,10,0.003840440729012092
2026-02-12,600051,test,-0.011186487,0.009742498,2022-12-29,2026-02-04,13029,760,9,10,0.003840440729012092
2026-02-12,600127,test,-0.013556254,-0.0059193075,2022-12-29,2026-02-04,13029,760,9,10,0.003840440729012092
2026-02-12,600153,test,-0.009822082,0.0079061985,2022-12-29,2026-02-04,13029,760,9,10,0.003840440729012092
2026-02-12,600548,test,-0.045050025,0.0072752237,2022-12-29,2026-02-04,13029,760,9,10,0.003840440729012092
2026-02-12,600865,test,-0.029959835,-0.015594967,2022-12-29,2026-02-04,13029,760,9,10,0.003840440729012092
2026-02-12,600967,test,-0.0035110482,0.008742377,2022-12-29,2026-02-04,13029,760,9,10,0.003840440729012092
2026-02-12,601222,test,-0.04101862,0.004244879,2022-12-29,2026-02-04,13029,760,9,10,0.003840440729012092
2026-02-12,603237,test,-0.012425785,0.0072985142,2022-12-29,2026-02-04,13029,760,9,10,0.003840440729012092
2026-02-12,603335,test,-0.031418227,0.010221258,2022-12-29,2026-02-04,13029,760,9,10,0.003840440729012092
2026-02-12,603341,test,-0.016283866,0.0045598894,2022-12-29,2026-02-04,13029,760,9,10,0.003840440729012092
2026-02-12,603658,test,-0.035146303,-0.0020214468,2022-12-29,2026-02-04,13029,760,9,10,0.003840440729012092
2026-02-12,605090,test,0.08866475,0.01392971,2022-12-29,2026-02-04,13029,760,9,10,0.003840440729012092
2026-02-12,605589,test,0.014031931,-0.007309757,2022-12-29,2026-02-04,13029,760,9,10,0.003840440729012092
2026-02-12,688031,test,0.15217191,-0.048395038,2022-12-29,2026-02-04,13029,760,9,10,0.003840440729012092
2026-02-12,688045,test,-0.027484365,-0.0040736943,2022-12-29,2026-02-04,13029,760,9,10,0.003840440729012092
2026-02-12,688133,test,-0.0025458962,0.004564762,2022-12-29,2026-02-04,13029,760,9,10,0.003840440729012092
2026-02-12,688147,test,0.018033125,-0.033353776,2022-12-29,2026-02-04,13029,760,9,10,0.003840440729012092
2026-02-12,688528,test,-0.021336136,0.007006541,2022-12-29,2026-02-04,13029,760,9,10,0.003840440729012092
2026-02-13,600025,test,0.045071643,-0.0016912967,2022-12-29,2026-02-04,13029,760,9,10,0.003840440729012092
2026-02-13,600051,test,-0.024911381,0.007100761,2022-12-29,2026-02-04,13029,760,9,10,0.003840440729012092
2026-02-13,600127,test,0.033650734,-0.0054785013,2022-12-29,2026-02-04,13029,760,9,10,0.003840440729012092
2026-02-13,600153,test,0.023749294,0.0043590963,2022-12-29,2026-02-04,13029,760,9,10,0.003840440729012092
2026-02-13,600548,test,-0.025886722,0.0056479275,2022-12-29,2026-02-04,13029,760,9,10,0.003840440729012092
2026-02-13,600865,test,-0.029993612,-0.009456813,2022-12-29,2026-02-04,13029,760,9,10,0.003840440729012092
2026-02-13,600967,test,0.063085355,0.0064531863,2022-12-29,2026-02-04,13029,760,9,10,0.003840440729012092
2026-02-13,601222,test,-0.017170992,0.0113402605,2022-12-29,2026-02-04,13029,760,9,10,0.003840440729012092
2026-02-13,603237,test,-0.010214207,0.0063425153,2022-12-29,2026-02-04,13029,760,9,10,0.003840440729012092
2026-02-13,603335,test,-0.07151139,0.005150646,2022-12-29,2026-02-04,13029,760,9,10,0.003840440729012092
2026-02-13,603341,test,-0.058684785,0.0026253313,2022-12-29,2026-02-04,13029,760,9,10,0.003840440729012092
2026-02-13,603658,test,-0.034996726,-0.0016718805,2022-12-29,2026-02-04,13029,760,9,10,0.003840440729012092
2026-02-13,605090,test,0.11776606,0.014659271,2022-12-29,2026-02-04,13029,760,9,10,0.003840440729012092
2026-02-13,605589,test,0.11687087,0.0014612526,2022-12-29,2026-02-04,13029,760,9,10,0.003840440729012092
2026-02-13,688031,test,0.099709,-0.06155023,2022-12-29,2026-02-04,13029,760,9,10,0.003840440729012092
2026-02-13,688045,test,-0.061598316,-0.0085969195,2022-12-29,2026-02-04,13029,760,9,10,0.003840440729012092
2026-02-13,688133,test,-0.022005437,0.007188201,2022-12-29,2026-02-04,13029,760,9,10,0.003840440729012092
2026-02-13,688147,test,-0.11642087,-0.053914532,2022-12-29,2026-02-04,13029,760,9,10,0.003840440729012092
2026-02-13,688528,test,-0.068525836,0.006556675,2022-12-29,2026-02-04,13029,760,9,10,0.003840440729012092
2026-02-24,600025,test,0.08603987,-0.0022273213,2022-12-29,2026-02-04,13029,760,9,10,0.003840440729012092
2026-02-24,600051,test,-0.020338295,0.005055085,2022-12-29,2026-02-04,13029,760,9,10,0.003840440729012092
2026-02-24,600127,test,0.077532575,-0.0048107356,2022-12-29,2026-02-04,13029,760,9,10,0.003840440729012092
2026-02-24,600153,test,0.04402485,0.0008584708,2022-12-29,2026-02-04,13029,760,9,10,0.003840440729012092
2026-02-24,600548,test,0.012924813,0.004030153,2022-12-29,2026-02-04,13029,760,9,10,0.003840440729012092
2026-02-24,600865,test,-0.020731686,-0.00397633,2022-12-29,2026-02-04,13029,760,9,10,0.003840440729012092
2026-02-24,600967,test,0.007088514,0.0037724376,2022-12-29,2026-02-04,13029,760,9,10,0.003840440729012092
2026-02-24,601222,test,0.0033020878,0.0111332685,2022-12-29,2026-02-04,13029,760,9,10,0.003840440729012092
2026-02-24,603237,test,0.006977083,0.005183369,2022-12-29,2026-02-04,13029,760,9,10,0.003840440729012092
2026-02-24,603335,test,-0.095208034,0.00041508675,2022-12-29,2026-02-04,13029,760,9,10,0.003840440729012092
2026-02-24,603341,test,-0.04413195,0.0039627105,2022-12-29,2026-02-04,13029,760,9,10,0.003840440729012092
2026-02-24,603658,test,-0.011308729,-0.0010131747,2022-12-29,2026-02-04,13029,760,9,10,0.003840440729012092
2026-02-24,605090,test,0.19006197,0.011991903,2022-12-29,2026-02-04,13029,760,9,10,0.003840440729012092
2026-02-24,605589,test,0.06763893,0.0012946278,2022-12-29,2026-02-04,13029,760,9,10,0.003840440729012092
2026-02-24,688031,test,0.0347267,-0.051346593,2022-12-29,2026-02-04,13029,760,9,10,0.003840440729012092
2026-02-24,688045,test,-0.07188097,-0.005218819,2022-12-29,2026-02-04,13029,760,9,10,0.003840440729012092
2026-02-24,688133,test,-0.07980713,0.007472977,2022-12-29,2026-02-04,13029,760,9,10,0.003840440729012092
2026-02-24,688147,test,-0.10119605,-0.03810235,2022-12-29,2026-02-04,13029,760,9,10,0.003840440729012092
2026-02-24,688528,test,-0.0761224,0.0056519806,2022-12-29,2026-02-04,13029,760,9,10,0.003840440729012092
2026-02-25,600025,test,0.13154203,-0.00052566826,2022-12-29,2026-02-04,13029,760,9,10,0.003840440729012092
2026-02-25,600051,test,-0.009001074,0.005085215,2022-12-29,2026-02-04,13029,760,9,10,0.003840440729012092
2026-02-25,600127,test,0.13507707,-0.004880622,2022-12-29,2026-02-04,13029,760,9,10,0.003840440729012092
2026-02-25,600153,test,0.007814181,-0.0043008924,2022-12-29,2026-02-04,13029,760,9,10,0.003840440729012092
2026-02-25,600548,test,0.029794332,0.00066657364,2022-12-29,2026-02-04,13029,760,9,10,0.003840440729012092
2026-02-25,600865,test,-0.014593374,0.0007484406,2022-12-29,2026-02-04,13029,760,9,10,0.003840440729012092
2026-02-25,600967,test,0.048484508,0.0043920726,2022-12-29,2026-02-04,13029,760,9,10,0.003840440729012092
2026-02-25,601222,test,0.03497674,0.009591058,2022-12-29,2026-02-04,13029,760,9,10,0.003840440729012092
2026-02-25,603237,test,0.009953917,0.0026711673,2022-12-29,2026-02-04,13029,760,9,10,0.003840440729012092
2026-02-25,603335,test,-0.072837085,0.00094488263,2022-12-29,2026-02-04,13029,760,9,10,0.003840440729012092
2026-02-25,603341,test,-0.042617165,0.0046123266,2022-12-29,2026-02-04,13029,760,9,10,0.003840440729012092
2026-02-25,603658,test,-0.0117810145,-0.0015856475,2022-12-29,2026-02-04,13029,760,9,10,0.003840440729012092
2026-02-25,605090,test,0.12181341,0.0069663227,2022-12-29,2026-02-04,13029,760,9,10,0.003840440729012092
2026-02-25,605589,test,0.05094684,-0.0110554695,2022-12-29,2026-02-04,13029,760,9,10,0.003840440729012092
2026-02-25,688031,test,-0.12227814,-0.055652097,2022-12-29,2026-02-04,13029,760,9,10,0.003840440729012092
2026-02-25,688045,test,-0.04818559,-0.003931284,2022-12-29,2026-02-04,13029,760,9,10,0.003840440729012092
2026-02-25,688133,test,-0.07189511,0.008559242,2022-12-29,2026-02-04,13029,760,9,10,0.003840440729012092
2026-02-25,688147,test,-0.085963905,-0.01610241,2022-12-29,2026-02-04,13029,760,9,10,0.003840440729012092
2026-02-25,688528,test,-0.07385198,0.007034898,2022-12-29,2026-02-04,13029,760,9,10,0.003840440729012092
2026-02-26,600025,test,0.11513915,0.0012217909,2022-12-29,2026-02-04,13029,760,9,10,0.003840440729012092
2026-02-26,600051,test,-0.00022724447,0.005150482,2022-12-29,2026-02-04,13029,760,9,10,0.003840440729012092
2026-02-26,600127,test,0.073507205,-0.0034941435,2022-12-29,2026-02-04,13029,760,9,10,0.003840440729012092
2026-02-26,600153,test,-0.0046053194,-0.003221646,2022-12-29,2026-02-04,13029,760,9,10,0.003840440729012092
2026-02-26,600548,test,0.025603013,-0.0005029291,2022-12-29,2026-02-04,13029,760,9,10,0.003840440729012092
2026-02-26,600865,test,-0.0028554841,0.0030671507,2022-12-29,2026-02-04,13029,760,9,10,0.003840440729012092
2026-02-26,600967,test,0.016972404,0.0052366406,2022-12-29,2026-02-04,13029,760,9,10,0.003840440729012092
2026-02-26,601222,test,0.04334495,0.007539496,2022-12-29,2026-02-04,13029,760,9,10,0.003840440729012092
2026-02-26,603237,test,0.0001988568,0.0022816807,2022-12-29,2026-02-04,13029,760,9,10,0.003840440729012092
2026-02-26,603335,test,-0.052051503,0.0004349202,2022-12-29,2026-02-04,13029,760,9,10,0.003840440729012092
2026-02-26,603341,test,-0.06954345,0.000994429,2022-12-29,2026-02-04,13029,760,9,10,0.003840440729012092
2026-02-26,603658,test,-0.02359544,-0.001628831,2022-12-29,2026-02-04,13029,760,9,10,0.003840440729012092
2026-02-26,605090,test,0.079322025,-0.0009442717,2022-12-29,2026-02-04,13029,760,9,10,0.003840440729012092
2026-02-26,605589,test,0.024451273,-0.020423718,2022-12-29,2026-02-04,13029,760,9,10,0.003840440729012092
2026-02-26,688031,test,0.07353728,-0.028883748,2022-12-29,2026-02-04,13029,760,9,10,0.003840440729012092
2026-02-26,688045,test,-0.047127943,-0.0034089386,2022-12-29,2026-02-04,13029,760,9,10,0.003840440729012092
2026-02-26,688133,test,-0.085111275,0.0069267303,2022-12-29,2026-02-04,13029,760,9,10,0.003840440729012092
2026-02-26,688147,test,-0.06899776,0.009081468,2022-12-29,2026-02-04,13029,760,9,10,0.003840440729012092
2026-02-26,688528,test,-0.051069092,0.006977156,2022-12-29,2026-02-04,13029,760,9,10,0.003840440729012092
2026-02-27,600025,test,0.11630927,0.0032319576,2022-12-29,2026-02-04,13029,760,9,10,0.003840440729012092
2026-02-27,600051,test,0.01583384,0.0050029457,2022-12-29,2026-02-04,13029,760,9,10,0.003840440729012092
2026-02-27,600127,test,0.06883148,-0.0023788959,2022-12-29,2026-02-04,13029,760,9,10,0.003840440729012092
2026-02-27,600153,test,-0.017959114,-0.00093492866,2022-12-29,2026-02-04,13029,760,9,10,0.003840440729012092
2026-02-27,600548,test,0.0137267,-0.0019278377,2022-12-29,2026-02-04,13029,760,9,10,0.003840440729012092
2026-02-27,600865,test,-0.007162416,0.0062903613,2022-12-29,2026-02-04,13029,760,9,10,0.003840440729012092
2026-02-27,600967,test,-0.0025402077,0.0060381144,2022-12-29,2026-02-04,13029,760,9,10,0.003840440729012092
2026-02-27,601222,test,0.055394992,0.006124079,2022-12-29,2026-02-04,13029,760,9,10,0.003840440729012092
2026-02-27,603237,test,0.0040029855,0.0012703985,2022-12-29,2026-02-04,13029,760,9,10,0.003840440729012092
2026-02-27,603335,test,-0.014994948,-0.0016751438,2022-12-29,2026-02-04,13029,760,9,10,0.003840440729012092
2026-02-27,603341,test,-0.069964945,0.0022244006,2022-12-29,2026-02-04,13029,760,9,10,0.003840440729012092
2026-02-27,603658,test,-0.019021882,-0.0015470833,2022-12-29,2026-02-04,13029,760,9,10,0.003840440729012092
2026-02-27,605090,test,-0.04091468,-0.017859153,2022-12-29,2026-02-04,13029,760,9,10,0.003840440729012092
2026-02-27,605589,test,0.02508488,-0.006983511,2022-12-29,2026-02-04,13029,760,9,10,0.003840440729012092
2026-02-27,688031,test,0.13751692,-0.017198518,2022-12-29,2026-02-04,13029,760,9,10,0.003840440729012092
2026-02-27,688045,test,-0.051644415,-0.002448678,2022-12-29,2026-02-04,13029,760,9,10,0.003840440729012092
2026-02-27,688133,test,-0.07519019,0.005874172,2022-12-29,2026-02-04,13029,760,9,10,0.003840440729012092
2026-02-27,688147,test,-0.09770339,0.025001973,2022-12-29,2026-02-04,13029,760,9,10,0.003840440729012092
2026-02-27,688528,test,-0.01722938,0.00087693334,2022-12-29,2026-02-04,13029,760,9,10,0.003840440729012092
2026-03-02,600025,test,0.10180031,0.0005752295,2022-12-29,2026-02-04,13029,760,9,10,0.003840440729012092
2026-03-02,600051,test,0.03731012,0.0040800124,2022-12-29,2026-02-04,13029,760,9,10,0.003840440729012092
2026-03-02,600127,test,0.081708975,-0.0057654977,2022-12-29,2026-02-04,13029,760,9,10,0.003840440729012092
2026-03-02,600153,test,-0.02948139,0.00071518123,2022-12-29,2026-02-04,13029,760,9,10,0.003840440729012092
2026-03-02,600548,test,0.023846995,-0.002784431,2022-12-29,2026-02-04,13029,760,9,10,0.003840440729012092
2026-03-02,600865,test,0.003781172,0.010420099,2022-12-29,2026-02-04,13029,760,9,10,0.003840440729012092
2026-03-02,600967,test,-0.07015328,0.0031190664,2022-12-29,2026-02-04,13029,760,9,10,0.003840440729012092
2026-03-02,601222,test,0.084138684,0.0064510554,2022-12-29,2026-02-04,13029,760,9,10,0.003840440729012092
2026-03-02,603237,test,0.01972679,0.002715692,2022-12-29,2026-02-04,13029,760,9,10,0.003840440729012092
2026-03-02,603335,test,0.039474502,-0.0011360049,2022-12-29,2026-02-04,13029,760,9,10,0.003840440729012092
2026-03-02,603341,test,-0.040090915,0.0022755414,2022-12-29,2026-02-04,13029,760,9,10,0.003840440729012092
2026-03-02,603658,test,0.0023112358,-0.0021338463,2022-12-29,2026-02-04,13029,760,9,10,0.003840440729012092
2026-03-02,605090,test,-0.08033479,-0.01923056,2022-12-29,2026-02-04,13029,760,9,10,0.003840440729012092
2026-03-02,605589,test,-0.057468724,-0.0081798285,2022-12-29,2026-02-04,13029,760,9,10,0.003840440729012092
2026-03-02,688031,test,0.0599223,0.008143589,2022-12-29,2026-02-04,13029,760,9,10,0.003840440729012092
2026-03-02,688045,test,-0.013984559,-0.0013570338,2022-12-29,2026-02-04,13029,760,9,10,0.003840440729012092
2026-03-02,688133,test,-0.041420657,0.004699096,2022-12-29,2026-02-04,13029,760,9,10,0.003840440729012092
2026-03-02,688147,test,-0.10413356,0.028268933,2022-12-29,2026-02-04,13029,760,9,10,0.003840440729012092
2026-03-02,688528,test,0.022658281,0.00048021972,2022-12-29,2026-02-04,13029,760,9,10,0.003840440729012092
2026-03-03,600025,test,0.027932884,-0.0020329952,2022-12-29,2026-02-04,13029,760,9,10,0.003840440729012092
2026-03-03,600051,test,0.017683718,0.0043495446,2022-12-29,2026-02-04,13029,760,9,10,0.003840440729012092
2026-03-03,600127,test,-0.0023911607,-0.0074693337,2022-12-29,2026-02-04,13029,760,9,10,0.003840440729012092
2026-03-03,600153,test,-0.068652764,0.0021341443,2022-12-29,2026-02-04,13029,760,9,10,0.003840440729012092
2026-03-03,600548,test,-0.029151725,-0.002750501,2022-12-29,2026-02-04,13029,760,9,10,0.003840440729012092
2026-03-03,600865,test,-0.015262836,0.014308885,2022-12-29,2026-02-04,13029,760,9,10,0.003840440729012092
2026-03-03,600967,test,-0.06496917,0.006581679,2022-12-29,2026-02-04,13029,760,9,10,0.003840440729012092
2026-03-03,601222,test,0.047897454,0.005503729,2022-12-29,2026-02-04,13029,760,9,10,0.003840440729012092
2026-03-03,603237,test,-0.0063447068,0.0043116957,2022-12-29,2026-02-04,13029,760,9,10,0.003840440729012092
2026-03-03,603335,test,0.082346536,0.00090539455,2022-12-29,2026-02-04,13029,760,9,10,0.003840440729012092
2026-03-03,603341,test,-0.017660167,0.0027193278,2022-12-29,2026-02-04,13029,760,9,10,0.003840440729012092
2026-03-03,603658,test,-0.030285189,-0.0011697412,2022-12-29,2026-02-04,13029,760,9,10,0.003840440729012092
2026-03-03,605090,test,-0.18684404,-0.03819362,2022-12-29,2026-02-04,13029,760,9,10,0.003840440729012092
2026-03-03,605589,test,-0.05155498,-0.0009023845,2022-12-29,2026-02-04,13029,760,9,10,0.003840440729012092
2026-03-03,688031,test,0.28528127,0.035760745,2022-12-29,2026-02-04,13029,760,9,10,0.003840440729012092
2026-03-03,688045,test,0.03350102,-9.025633e-05,2022-12-29,2026-02-04,13029,760,9,10,0.003840440729012092
2026-03-03,688133,test,-0.0026966976,0.004653856,2022-12-29,2026-02-04,13029,760,9,10,0.003840440729012092
2026-03-03,688147,test,-0.088935666,0.03111042,2022-12-29,2026-02-04,13029,760,9,10,0.003840440729012092
2026-03-03,688528,test,0.049609337,0.0032322407,2022-12-29,2026-02-04,13029,760,9,10,0.003840440729012092
2026-03-04,600025,test,0.01901883,-0.007020861,2022-12-29,2026-02-04,13029,760,9,10,0.003840440729012092
2026-03-04,600051,test,0.021785198,0.0026748627,2022-12-29,2026-02-04,13029,760,9,10,0.003840440729012092
2026-03-04,600127,test,-0.046850733,-0.026578799,2022-12-29,2026-02-04,13029,760,9,10,0.003840440729012092
2026-03-04,600153,test,-0.048788,0.0012377948,2022-12-29,2026-02-04,13029,760,9,10,0.003840440729012092
2026-03-04,600548,test,-0.011178463,-0.0044216663,2022-12-29,2026-02-04,13029,760,9,10,0.003840440729012092
2026-03-04,600865,test,-0.02529038,0.016313866,2022-12-29,2026-02-04,13029,760,9,10,0.003840440729012092
2026-03-04,600967,test,-0.100552596,0.008113816,2022-12-29,2026-02-04,13029,760,9,10,0.003840440729012092
2026-03-04,601222,test,0.06499603,0.005341336,2022-12-29,2026-02-04,13029,760,9,10,0.003840440729012092
2026-03-04,603237,test,-0.0069527323,0.0043379962,2022-12-29,2026-02-04,13029,760,9,10,0.003840440729012092
2026-03-04,603335,test,0.08747562,0.0011748672,2022-12-29,2026-02-04,13029,760,9,10,0.003840440729012092
2026-03-04,603341,test,-0.013753635,0.0037150234,2022-12-29,2026-02-04,13029,760,9,10,0.003840440729012092
2026-03-04,603658,test,-0.019189043,-0.0023889393,2022-12-29,2026-02-04,13029,760,9,10,0.003840440729012092
2026-03-04,605090,test,-0.16714206,-0.021314502,2022-12-29,2026-02-04,13029,760,9,10,0.003840440729012092
2026-03-04,605589,test,-0.069516875,0.0007799268,2022-12-29,2026-02-04,13029,760,9,10,0.003840440729012092
2026-03-04,688031,test,0.2629275,0.047616705,2022-12-29,2026-02-04,13029,760,9,10,0.003840440729012092
2026-03-04,688045,test,0.01250368,0.001697585,2022-12-29,2026-02-04,13029,760,9,10,0.003840440729012092
2026-03-04,688133,test,0.0027925014,0.0053133518,2022-12-29,2026-02-04,13029,760,9,10,0.003840440729012092
2026-03-04,688147,test,-0.060556795,0.03002356,2022-12-29,2026-02-04,13029,760,9,10,0.003840440729012092
2026-03-04,688528,test,0.05525641,0.004829973,2022-12-29,2026-02-04,13029,760,9,10,0.003840440729012092
2026-03-05,600025,test,0.03700861,-0.0042156726,2022-12-29,2026-02-04,13029,760,9,10,0.003840440729012092
2026-03-05,600051,test,0.026100019,0.0021435767,2022-12-29,2026-02-04,13029,760,9,10,0.003840440729012092
2026-03-05,600127,test,0.032341,-0.01612164,2022-12-29,2026-02-04,13029,760,9,10,0.003840440729012092
2026-03-05,600153,test,-0.009442028,0.0027244687,2022-12-29,2026-02-04,13029,760,9,10,0.003840440729012092
2026-03-05,600548,test,0.013026459,-0.0014348179,2022-12-29,2026-02-04,13029,760,9,10,0.003840440729012092
2026-03-05,600865,test,-0.029230544,0.016173363,2022-12-29,2026-02-04,13029,760,9,10,0.003840440729012092
2026-03-05,600967,test,-0.077840574,0.009386718,2022-12-29,2026-02-04,13029,760,9,10,0.003840440729012092
2026-03-05,601222,test,0.062384017,0.00069499016,2022-12-29,2026-02-04,13029,760,9,10,0.003840440729012092
2026-03-05,603237,test,0.010218455,0.0052327067,2022-12-29,2026-02-04,13029,760,9,10,0.003840440729012092
2026-03-05,603335,test,0.06680345,0.0010791719,2022-12-29,2026-02-04,13029,760,9,10,0.003840440729012092
2026-03-05,603341,test,-0.018550169,0.0021246225,2022-12-29,2026-02-04,13029,760,9,10,0.003840440729012092
2026-03-05,603658,test,0.004890835,-0.0020458996,2022-12-29,2026-02-04,13029,760,9,10,0.003840440729012092
2026-03-05,605090,test,-0.124241635,-0.008816659,2022-12-29,2026-02-04,13029,760,9,10,0.003840440729012092
2026-03-05,605589,test,-0.039054625,0.0048469454,2022-12-29,2026-02-04,13029,760,9,10,0.003840440729012092
2026-03-05,688031,test,0.019142028,0.04201764,2022-12-29,2026-02-04,13029,760,9,10,0.003840440729012092
2026-03-05,688045,test,-0.0059279837,0.002052322,2022-12-29,2026-02-04,13029,760,9,10,0.003840440729012092
2026-03-05,688133,test,0.033660565,0.005880192,2022-12-29,2026-02-04,13029,760,9,10,0.003840440729012092
2026-03-05,688147,test,-0.08809037,0.021669537,2022-12-29,2026-02-04,13029,760,9,10,0.003840440729012092
2026-03-05,688528,test,0.028353116,0.006853923,2022-12-29,2026-02-04,13029,760,9,10,0.003840440729012092
2026-03-06,600025,test,0.030770335,-0.0005877316,2022-12-29,2026-02-04,13029,760,9,10,0.003840440729012092
2026-03-06,600051,test,0.017219694,0.0016470402,2022-12-29,2026-02-04,13029,760,9,10,0.003840440729012092
2026-03-06,600127,test,0.04607901,-0.0055237487,2022-12-29,2026-02-04,13029,760,9,10,0.003840440729012092
2026-03-06,600153,test,0.02086162,0.0032032877,2022-12-29,2026-02-04,13029,760,9,10,0.003840440729012092
2026-03-06,600548,test,0.025686763,0.0002590865,2022-12-29,2026-02-04,13029,760,9,10,0.003840440729012092
2026-03-06,600865,test,-0.030110214,0.015957907,2022-12-29,2026-02-04,13029,760,9,10,0.003840440729012092
2026-03-06,600967,test,-0.052931998,0.009023741,2022-12-29,2026-02-04,13029,760,9,10,0.003840440729012092
2026-03-06,601222,test,0.044631425,-0.004915379,2022-12-29,2026-02-04,13029,760,9,10,0.003840440729012092
2026-03-06,603237,test,0.0019729575,0.002549976,2022-12-29,2026-02-04,13029,760,9,10,0.003840440729012092
2026-03-06,603335,test,0.060336977,0.00030647218,2022-12-29,2026-02-04,13029,760,9,10,0.003840440729012092
2026-03-06,603341,test,-0.021234877,0.0011019558,2022-12-29,2026-02-04,13029,760,9,10,0.003840440729012092
2026-03-06,603658,test,0.0077523054,-0.00132294,2022-12-29,2026-02-04,13029,760,9,10,0.003840440729012092
2026-03-06,605090,test,-0.0580988,-0.0017382354,2022-12-29,2026-02-04,13029,760,9,10,0.003840440729012092
2026-03-06,605589,test,0.012913704,0.0064355284,2022-12-29,2026-02-04,13029,760,9,10,0.003840440729012092
2026-03-06,688031,test,-0.12000828,0.0408877,2022-12-29,2026-02-04,13029,760,9,10,0.003840440729012092
2026-03-06,688045,test,0.0112389,0.0023582578,2022-12-29,2026-02-04,13029,760,9,10,0.003840440729012092
2026-03-06,688133,test,0.017579976,0.007850215,2022-12-29,2026-02-04,13029,760,9,10,0.003840440729012092
2026-03-06,688147,test,-0.061348233,0.013057917,2022-12-29,2026-02-04,13029,760,9,10,0.003840440729012092
2026-03-06,688528,test,0.00302534,0.0025656372,2022-12-29,2026-02-04,13029,760,9,10,0.003840440729012092
2026-03-09,600025,test,0.0024232194,0.0031641275,2022-12-29,2026-02-04,13029,760,9,10,0.003840440729012092
2026-03-09,600051,test,-0.0023983812,0.003386736,2022-12-29,2026-02-04,13029,760,9,10,0.003840440729012092
2026-03-09,600127,test,0.012466484,-0.02102039,2022-12-29,2026-02-04,13029,760,9,10,0.003840440729012092
2026-03-09,600153,test,0.050978526,0.003437087,2022-12-29,2026-02-04,13029,760,9,10,0.003840440729012092
2026-03-09,600548,test,0.015458762,0.00080402195,2022-12-29,2026-02-04,13029,760,9,10,0.003840440729012092
2026-03-09,600865,test,-0.022756688,0.015170857,2022-12-29,2026-02-04,13029,760,9,10,0.003840440729012092
2026-03-09,600967,test,-0.033251375,0.0045105815,2022-12-29,2026-02-04,13029,760,9,10,0.003840440729012092
2026-03-09,601222,test,-0.005447162,-0.0043509305,2022-12-29,2026-02-04,13029,760,9,10,0.003840440729012092
2026-03-09,603237,test,-0.0012369411,0.0042248815,2022-12-29,2026-02-04,13029,760,9,10,0.003840440729012092
2026-03-09,603335,test,0.020742115,-0.00386478,2022-12-29,2026-02-04,13029,760,9,10,0.003840440729012092
2026-03-09,603341,test,-0.011403121,0.00038695335,2022-12-29,2026-02-04,13029,760,9,10,0.003840440729012092
2026-03-09,603658,test,-0.005834807,-0.0011491925,2022-12-29,2026-02-04,13029,760,9,10,0.003840440729012092
2026-03-09,605090,test,-0.02744392,0.0016359687,2022-12-29,2026-02-04,13029,760,9,10,0.003840440729012092
2026-03-09,605589,test,0.026565034,-0.00069209933,2022-12-29,2026-02-04,13029,760,9,10,0.003840440729012092
2026-03-09,688031,test,-0.07289923,0.06598818,2022-12-29,2026-02-04,13029,760,9,10,0.003840440729012092
2026-03-09,688045,test,0.012458512,0.0025200695,2022-12-29,2026-02-04,13029,760,9,10,0.003840440729012092
2026-03-09,688133,test,0.018471956,0.007795468,2022-12-29,2026-02-04,13029,760,9,10,0.003840440729012092
2026-03-09,688147,test,-0.064439744,0.007970095,2022-12-29,2026-02-04,13029,760,9,10,0.003840440729012092
2026-03-09,688528,test,0.009598191,0.003147766,2022-12-29,2026-02-04,13029,760,9,10,0.003840440729012092
2026-03-10,600025,test,0.040680394,0.009161398,2022-12-29,2026-02-04,13029,760,9,10,0.003840440729012092
2026-03-10,600051,test,0.016236568,0.004642859,2022-12-29,2026-02-04,13029,760,9,10,0.003840440729012092
2026-03-10,600127,test,0.045094572,-0.010657378,2022-12-29,2026-02-04,13029,760,9,10,0.003840440729012092
2026-03-10,600153,test,0.08542735,0.0025229007,2022-12-29,2026-02-04,13029,760,9,10,0.003840440729012092
2026-03-10,600548,test,0.05979965,0.00024056435,2022-12-29,2026-02-04,13029,760,9,10,0.003840440729012092
2026-03-10,600865,test,0.0037588202,0.013245493,2022-12-29,2026-02-04,13029,760,9,10,0.003840440729012092
2026-03-10,600967,test,-0.005660708,0.0018483251,2022-12-29,2026-02-04,13029,760,9,10,0.003840440729012092
2026-03-10,601222,test,0.032767683,0.0020012408,2022-12-29,2026-02-04,13029,760,9,10,0.003840440729012092
2026-03-10,603237,test,0.02531137,0.0034689605,2022-12-29,2026-02-04,13029,760,9,10,0.003840440729012092
2026-03-10,603335,test,-0.0068252217,-0.0095851645,2022-12-29,2026-02-04,13029,760,9,10,0.003840440729012092
2026-03-10,603341,test,-0.012193551,-3.8340688e-05,2022-12-29,2026-02-04,13029,760,9,10,0.003840440729012092
2026-03-10,603658,test,0.040508866,-0.0023421794,2022-12-29,2026-02-04,13029,760,9,10,0.003840440729012092
2026-03-10,605090,test,-0.034583915,-0.0006728023,2022-12-29,2026-02-04,13029,760,9,10,0.003840440729012092
2026-03-10,605589,test,-0.019605115,0.0028169751,2022-12-29,2026-02-04,13029,760,9,10,0.003840440729012092
2026-03-10,688031,test,-0.2507886,0.0637839,2022-12-29,2026-02-04,13029,760,9,10,0.003840440729012092
2026-03-10,688045,test,-0.006429358,0.0019338876,2022-12-29,2026-02-04,13029,760,9,10,0.003840440729012092
2026-03-10,688133,test,-0.014959803,0.007591769,2022-12-29,2026-02-04,13029,760,9,10,0.003840440729012092
2026-03-10,688147,test,-0.068953454,0.0051965564,2022-12-29,2026-02-04,13029,760,9,10,0.003840440729012092
2026-03-10,688528,test,-0.01752056,-0.0018478781,2022-12-29,2026-02-04,13029,760,9,10,0.003840440729012092
2026-03-11,600025,test,0.007888903,0.007143408,2022-12-29,2026-02-04,13029,760,9,10,0.003840440729012092
2026-03-11,600051,test,0.01110521,0.0064462423,2022-12-29,2026-02-04,13029,760,9,10,0.003840440729012092
2026-03-11,600127,test,0.028508922,-0.0039544106,2022-12-29,2026-02-04,13029,760,9,10,0.003840440729012092
2026-03-11,600153,test,0.06456625,0.0019799024,2022-12-29,2026-02-04,13029,760,9,10,0.003840440729012092
2026-03-11,600548,test,0.030976614,-0.00086835027,2022-12-29,2026-02-04,13029,760,9,10,0.003840440729012092
2026-03-11,600865,test,-0.0012380797,0.011620879,2022-12-29,2026-02-04,13029,760,9,10,0.003840440729012092
2026-03-11,600967,test,-0.014103703,-0.0021354556,2022-12-29,2026-02-04,13029,760,9,10,0.003840440729012092
2026-03-11,601222,test,-0.014918803,-0.008191556,2022-12-29,2026-02-04,13029,760,9,10,0.003840440729012092
2026-03-11,603237,test,0.029044297,0.0049700886,2022-12-29,2026-02-04,13029,760,9,10,0.003840440729012092
2026-03-11,603335,test,-0.0022995546,-0.008874536,2022-12-29,2026-02-04,13029,760,9,10,0.003840440729012092
2026-03-11,603341,test,-0.0064747105,0.0008929074,2022-12-29,2026-02-04,13029,760,9,10,0.003840440729012092
2026-03-11,603658,test,0.027689127,-0.0028492063,2022-12-29,2026-02-04,13029,760,9,10,0.003840440729012092
2026-03-11,605090,test,-0.006348215,7.916987e-05,2022-12-29,2026-02-04,13029,760,9,10,0.003840440729012092
2026-03-11,605589,test,0.0075577307,-0.00036124885,2022-12-29,2026-02-04,13029,760,9,10,0.003840440729012092
2026-03-11,688031,test,-0.21974483,0.08786793,2022-12-29,2026-02-04,13029,760,9,10,0.003840440729012092
2026-03-11,688045,test,0.0330221,0.0026717186,2022-12-29,2026-02-04,13029,760,9,10,0.003840440729012092
2026-03-11,688133,test,-0.0132340565,0.006495476,2022-12-29,2026-02-04,13029,760,9,10,0.003840440729012092
2026-03-11,688147,test,-0.07059697,0.0020119399,2022-12-29,2026-02-04,13029,760,9,10,0.003840440729012092
2026-03-11,688528,test,0.003920101,0.0010470897,2022-12-29,2026-02-04,13029,760,9,10,0.003840440729012092
2026-03-12,600025,test,0.022154404,0.010376483,2022-12-29,2026-02-04,13029,760,9,10,0.003840440729012092
2026-03-12,600051,test,0.0036790795,0.008211702,2022-12-29,2026-02-04,13029,760,9,10,0.003840440729012092
2026-03-12,600127,test,0.041441247,0.0011587292,2022-12-29,2026-02-04,13029,760,9,10,0.003840440729012092
2026-03-12,600153,test,0.056691997,0.0014294833,2022-12-29,2026-02-04,13029,760,9,10,0.003840440729012092
2026-03-12,600548,test,0.05678131,0.0011571497,2022-12-29,2026-02-04,13029,760,9,10,0.003840440729012092
2026-03-12,600865,test,0.011769969,0.00986062,2022-12-29,2026-02-04,13029,760,9,10,0.003840440729012092
2026-03-12,600967,test,-0.011072157,-0.0026097149,2022-12-29,2026-02-04,13029,760,9,10,0.003840440729012092
2026-03-12,601222,test,0.0021785856,-0.00954099,2022-12-29,2026-02-04,13029,760,9,10,0.003840440729012092
2026-03-12,603237,test,0.03731019,0.006594643,2022-12-29,2026-02-04,13029,760,9,10,0.003840440729012092
2026-03-12,603335,test,0.002958365,-0.00021857023,2022-12-29,2026-02-04,13029,760,9,10,0.003840440729012092
2026-03-12,603341,test,0.004282,0.00043176115,2022-12-29,2026-02-04,13029,760,9,10,0.003840440729012092
2026-03-12,603658,test,0.03865838,-0.0029382557,2022-12-29,2026-02-04,13029,760,9,10,0.003840440729012092
2026-03-12,605090,test,-0.019793607,0.002156049,2022-12-29,2026-02-04,13029,760,9,10,0.003840440729012092
2026-03-12,605589,test,-0.019706674,-0.0044201612,2022-12-29,2026-02-04,13029,760,9,10,0.003840440729012092
2026-03-12,688031,test,-0.2492576,0.09909457,2022-12-29,2026-02-04,13029,760,9,10,0.003840440729012092
2026-03-12,688045,test,0.031304024,0.0025093704,2022-12-29,2026-02-04,13029,760,9,10,0.003840440729012092
2026-03-12,688133,test,-0.042471644,0.00464803,2022-12-29,2026-02-04,13029,760,9,10,0.003840440729012092
2026-03-12,688147,test,-0.04936673,-0.0054807365,2022-12-29,2026-02-04,13029,760,9,10,0.003840440729012092
2026-03-12,688528,test,0.013284505,0.006175533,2022-12-29,2026-02-04,13029,760,9,10,0.003840440729012092
2026-03-13,600025,test,0.044459432,-0.00010882318,2023-02-03,2026-03-12,13089,760,2,6,0.0018885315706332524
2026-03-13,600051,test,-0.016016934,0.003087625,2023-02-03,2026-03-12,13089,760,2,6,0.0018885315706332524
2026-03-13,600127,test,0.022986438,0.0048211217,2023-02-03,2026-03-12,13089,760,2,6,0.0018885315706332524
2026-03-13,600153,test,0.032207906,-0.0013278127,2023-02-03,2026-03-12,13089,760,2,6,0.0018885315706332524
2026-03-13,600548,test,0.08682736,0.0019178987,2023-02-03,2026-03-12,13089,760,2,6,0.0018885315706332524
2026-03-13,600865,test,0.006535912,-0.004541248,2023-02-03,2026-03-12,13089,760,2,6,0.0018885315706332524
2026-03-13,600967,test,-0.005597825,-0.012109511,2023-02-03,2026-03-12,13089,760,2,6,0.0018885315706332524
2026-03-13,601222,test,0.026025865,-0.0026343465,2023-02-03,2026-03-12,13089,760,2,6,0.0018885315706332524
2026-03-13,603237,test,0.033800434,0.00088731945,2023-02-03,2026-03-12,13089,760,2,6,0.0018885315706332524
2026-03-13,603335,test,-0.047658693,-0.0010092407,2023-02-03,2026-03-12,13089,760,2,6,0.0018885315706332524
2026-03-13,603341,test,0.0140243005,-0.006727338,2023-02-03,2026-03-12,13089,760,2,6,0.0018885315706332524
2026-03-13,603658,test,0.052310385,-0.00452514,2023-02-03,2026-03-12,13089,760,2,6,0.0018885315706332524
2026-03-13,605090,test,-0.04241007,-0.0022450536,2023-02-03,2026-03-12,13089,760,2,6,0.0018885315706332524
2026-03-13,605589,test,-0.02273619,-0.009655029,2023-02-03,2026-03-12,13089,760,2,6,0.0018885315706332524
2026-03-13,688031,test,-0.24339172,0.0069459677,2023-02-03,2026-03-12,13089,760,2,6,0.0018885315706332524
2026-03-13,688045,test,0.01277231,-0.0010464638,2023-02-03,2026-03-12,13089,760,2,6,0.0018885315706332524
2026-03-13,688133,test,-0.03315157,-0.0041279644,2023-02-03,2026-03-12,13089,760,2,6,0.0018885315706332524
2026-03-13,688147,test,0.040223036,-0.014254659,2023-02-03,2026-03-12,13089,760,2,6,0.0018885315706332524
2026-03-13,688528,test,-0.0041338974,0.0006092787,2023-02-03,2026-03-12,13089,760,2,6,0.0018885315706332524
2026-03-16,600025,test,0.08106027,-0.0004708618,2023-02-03,2026-03-12,13089,760,2,6,0.0018885315706332524
2026-03-16,600051,test,-0.02911011,0.0040810555,2023-02-03,2026-03-12,13089,760,2,6,0.0018885315706332524
2026-03-16,600127,test,-0.013923773,0.0019852668,2023-02-03,2026-03-12,13089,760,2,6,0.0018885315706332524
2026-03-16,600153,test,0.021429297,0.00020496547,2023-02-03,2026-03-12,13089,760,2,6,0.0018885315706332524
2026-03-16,600548,test,0.10341101,0.0036128014,2023-02-03,2026-03-12,13089,760,2,6,0.0018885315706332524
2026-03-16,600865,test,0.0018556867,-0.0054800063,2023-02-03,2026-03-12,13089,760,2,6,0.0018885315706332524
2026-03-16,600967,test,-0.030746952,-0.011501461,2023-02-03,2026-03-12,13089,760,2,6,0.0018885315706332524
2026-03-16,601222,test,0.0722264,-0.0027776659,2023-02-03,2026-03-12,13089,760,2,6,0.0018885315706332524
2026-03-16,603237,test,0.034202315,0.0011412352,2023-02-03,2026-03-12,13089,760,2,6,0.0018885315706332524
2026-03-16,603335,test,-0.03528893,-0.00023305416,2023-02-03,2026-03-12,13089,760,2,6,0.0018885315706332524
2026-03-16,603341,test,0.00083480513,-0.0067853034,2023-02-03,2026-03-12,13089,760,2,6,0.0018885315706332524
2026-03-16,603658,test,0.057948213,-0.004301086,2023-02-03,2026-03-12,13089,760,2,6,0.0018885315706332524
2026-03-16,605090,test,0.032963112,-0.0009007454,2023-02-03,2026-03-12,13089,760,2,6,0.0018885315706332524
2026-03-16,605589,test,-0.010838504,-0.009681687,2023-02-03,2026-03-12,13089,760,2,6,0.0018885315706332524
2026-03-16,688031,test,-0.24057396,0.001706183,2023-02-03,2026-03-12,13089,760,2,6,0.0018885315706332524
2026-03-16,688045,test,-0.022720655,-0.004490435,2023-02-03,2026-03-12,13089,760,2,6,0.0018885315706332524
2026-03-16,688133,test,-0.0526351,-0.0030087084,2023-02-03,2026-03-12,13089,760,2,6,0.0018885315706332524
2026-03-16,688147,test,0.05398,-0.013266899,2023-02-03,2026-03-12,13089,760,2,6,0.0018885315706332524
2026-03-16,688528,test,-0.036691047,0.0025557578,2023-02-03,2026-03-12,13089,760,2,6,0.0018885315706332524
2026-03-17,600025,test,0.052833434,-0.00122343,2023-02-03,2026-03-12,13089,760,2,6,0.0018885315706332524
2026-03-17,600051,test,-0.018653706,0.004657045,2023-02-03,2026-03-12,13089,760,2,6,0.0018885315706332524
2026-03-17,600127,test,-0.04024807,0.00016364455,2023-02-03,2026-03-12,13089,760,2,6,0.0018885315706332524
2026-03-17,600153,test,-0.013221973,-7.240474e-05,2023-02-03,2026-03-12,13089,760,2,6,0.0018885315706332524
2026-03-17,600548,test,0.08935478,0.0047575533,2023-02-03,2026-03-12,13089,760,2,6,0.0018885315706332524
2026-03-17,600865,test,-0.011212293,-0.003957227,2023-02-03,2026-03-12,13089,760,2,6,0.0018885315706332524
2026-03-17,600967,test,-0.0007654305,-0.007681623,2023-02-03,2026-03-12,13089,760,2,6,0.0018885315706332524
2026-03-17,601222,test,0.052480187,-0.0023474097,2023-02-03,2026-03-12,13089,760,2,6,0.0018885315706332524
2026-03-17,603237,test,0.00783527,0.0015092343,2023-02-03,2026-03-12,13089,760,2,6,0.0018885315706332524
2026-03-17,603335,test,-0.0108833965,0.001079008,2023-02-03,2026-03-12,13089,760,2,6,0.0018885315706332524
2026-03-17,603341,test,-0.013760766,-0.0059262663,2023-02-03,2026-03-12,13089,760,2,6,0.0018885315706332524
2026-03-17,603658,test,0.004429283,-0.0004208535,2023-02-03,2026-03-12,13089,760,2,6,0.0018885315706332524
2026-03-17,605090,test,0.014677872,-0.0011682063,2023-02-03,2026-03-12,13089,760,2,6,0.0018885315706332524
2026-03-17,605589,test,0.01085188,-0.0099142045,2023-02-03,2026-03-12,13089,760,2,6,0.0018885315706332524
2026-03-17,688031,test,-0.13013045,-0.0022217482,2023-02-03,2026-03-12,13089,760,2,6,0.0018885315706332524
2026-03-17,688045,test,-0.0040401295,-0.0049314797,2023-02-03,2026-03-12,13089,760,2,6,0.0018885315706332524
2026-03-17,688133,test,-0.009081527,-0.0009870827,2023-02-03,2026-03-12,13089,760,2,6,0.0018885315706332524
2026-03-17,688147,test,0.047435313,-0.012846455,2023-02-03,2026-03-12,13089,760,2,6,0.0018885315706332524
2026-03-17,688528,test,-0.007955211,0.0026667267,2023-02-03,2026-03-12,13089,760,2,6,0.0018885315706332524
2026-03-18,600025,test,0.04503227,-0.0022252798,2023-02-03,2026-03-12,13089,760,2,6,0.0018885315706332524
2026-03-18,600051,test,0.003180127,0.0049759,2023-02-03,2026-03-12,13089,760,2,6,0.0018885315706332524
2026-03-18,600127,test,-0.018433794,-0.00017888844,2023-02-03,2026-03-12,13089,760,2,6,0.0018885315706332524
2026-03-18,600153,test,-0.0066656023,0.0011988282,2023-02-03,2026-03-12,13089,760,2,6,0.0018885315706332524
2026-03-18,600548,test,0.102099895,0.0053346306,2023-02-03,2026-03-12,13089,760,2,6,0.0018885315706332524
2026-03-18,600865,test,-0.0069424026,-0.0037306696,2023-02-03,2026-03-12,13089,760,2,6,0.0018885315706332524
2026-03-18,600967,test,0.05052694,-0.006341353,2023-02-03,2026-03-12,13089,760,2,6,0.0018885315706332524
2026-03-18,601222,test,0.071320735,-0.001340732,2023-02-03,2026-03-12,13089,760,2,6,0.0018885315706332524
2026-03-18,603237,test,0.0010269299,0.0027746558,2023-02-03,2026-03-12,13089,760,2,6,0.0018885315706332524
2026-03-18,603335,test,-0.015665287,0.002829343,2023-02-03,2026-03-12,13089,760,2,6,0.0018885315706332524
2026-03-18,603341,test,-0.012073036,-0.005608037,2023-02-03,2026-03-12,13089,760,2,6,0.0018885315706332524
2026-03-18,603658,test,0.0011843668,0.00075522065,2023-02-03,2026-03-12,13089,760,2,6,0.0018885315706332524
2026-03-18,605090,test,-0.00292438,-0.0036504418,2023-02-03,2026-03-12,13089,760,2,6,0.0018885315706332524
2026-03-18,605589,test,-0.008351446,-0.011106119,2023-02-03,2026-03-12,13089,760,2,6,0.0018885315706332524
2026-03-18,688031,test,-0.1519104,-0.010501459,2023-02-03,2026-03-12,13089,760,2,6,0.0018885315706332524
2026-03-18,688045,test,-0.01856736,-0.0036957413,2023-02-03,2026-03-12,13089,760,2,6,0.0018885315706332524
2026-03-18,688133,test,-0.021843024,-0.0004684478,2023-02-03,2026-03-12,13089,760,2,6,0.0018885315706332524
2026-03-18,688147,test,0.057834223,-0.009264663,2023-02-03,2026-03-12,13089,760,2,6,0.0018885315706332524
2026-03-18,688528,test,-0.034095034,-0.00045387447,2023-02-03,2026-03-12,13089,760,2,6,0.0018885315706332524
2026-03-19,600025,test,0.043432076,-0.0036670715,2023-02-03,2026-03-12,13089,760,2,6,0.0018885315706332524
2026-03-19,600051,test,0.013007993,0.0044918656,2023-02-03,2026-03-12,13089,760,2,6,0.0018885315706332524
2026-03-19,600127,test,-0.033719867,-0.0008921772,2023-02-03,2026-03-12,13089,760,2,6,0.0018885315706332524
2026-03-19,600153,test,0.009337759,0.0020956993,2023-02-03,2026-03-12,13089,760,2,6,0.0018885315706332524
2026-03-19,600548,test,0.04354793,0.005376205,2023-02-03,2026-03-12,13089,760,2,6,0.0018885315706332524
2026-03-19,600865,test,-0.005079316,-0.003611222,2023-02-03,2026-03-12,13089,760,2,6,0.0018885315706332524
2026-03-19,600967,test,0.017872699,-0.008042887,2023-02-03,2026-03-12,13089,760,2,6,0.0018885315706332524
2026-03-19,601222,test,0.058009516,-0.0023845136,2023-02-03,2026-03-12,13089,760,2,6,0.0018885315706332524
2026-03-19,603237,test,0.010636557,0.0035877079,2023-02-03,2026-03-12,13089,760,2,6,0.0018885315706332524
2026-03-19,603335,test,-0.011233859,0.004907146,2023-02-03,2026-03-12,13089,760,2,6,0.0018885315706332524
2026-03-19,603341,test,-0.010095135,-0.0047698915,2023-02-03,2026-03-12,13089,760,2,6,0.0018885315706332524
2026-03-19,603658,test,-0.0060186354,0.0019374937,2023-02-03,2026-03-12,13089,760,2,6,0.0018885315706332524
2026-03-19,605090,test,0.010077898,-0.0039503425,2023-02-03,2026-03-12,13089,760,2,6,0.0018885315706332524
2026-03-19,605589,test,-0.0019941342,-0.008414909,2023-02-03,2026-03-12,13089,760,2,6,0.0018885315706332524
2026-03-19,688031,test,-0.084022336,-0.010872103,2023-02-03,2026-03-12,13089,760,2,6,0.0018885315706332524
2026-03-19,688045,test,-0.02441661,-0.0017293841,2023-02-03,2026-03-12,13089,760,2,6,0.0018885315706332524
2026-03-19,688133,test,-0.019393386,-0.0028962642,2023-02-03,2026-03-12,13089,760,2,6,0.0018885315706332524
2026-03-19,688147,test,0.06395788,-0.006308481,2023-02-03,2026-03-12,13089,760,2,6,0.0018885315706332524
2026-03-19,688528,test,-0.029223999,-0.0011908561,2023-02-03,2026-03-12,13089,760,2,6,0.0018885315706332524
2026-03-20,600025,test,-5.744982e-05,-0.0046874285,2023-02-03,2026-03-12,13089,760,2,6,0.0018885315706332524
2026-03-20,600051,test,0.028090097,0.0018343925,2023-02-03,2026-03-12,13089,760,2,6,0.0018885315706332524
2026-03-20,600127,test,-0.018892433,-0.0018338114,2023-02-03,2026-03-12,13089,760,2,6,0.0018885315706332524
2026-03-20,600153,test,0.0012906644,0.00180085,2023-02-03,2026-03-12,13089,760,2,6,0.0018885315706332524
2026-03-20,600548,test,0.0024655154,0.0030763,2023-02-03,2026-03-12,13089,760,2,6,0.0018885315706332524
2026-03-20,600865,test,0.0032169272,-0.0035217404,2023-02-03,2026-03-12,13089,760,2,6,0.0018885315706332524
2026-03-20,600967,test,0.019021744,-0.008938819,2023-02-03,2026-03-12,13089,760,2,6,0.0018885315706332524
2026-03-20,601222,test,0.014573332,-0.0030034184,2023-02-03,2026-03-12,13089,760,2,6,0.0018885315706332524
2026-03-20,603237,test,0.004977941,0.002111882,2023-02-03,2026-03-12,13089,760,2,6,0.0018885315706332524
2026-03-20,603335,test,0.062241342,0.003231287,2023-02-03,2026-03-12,13089,760,2,6,0.0018885315706332524
2026-03-20,603341,test,-0.018993288,-0.0027685314,2023-02-03,2026-03-12,13089,760,2,6,0.0018885315706332524
2026-03-20,603658,test,-0.01890826,0.0017737895,2023-02-03,2026-03-12,13089,760,2,6,0.0018885315706332524
2026-03-20,605090,test,0.032500204,-0.0057667643,2023-02-03,2026-03-12,13089,760,2,6,0.0018885315706332524
2026-03-20,605589,test,-0.02178626,-0.006511748,2023-02-03,2026-03-12,13089,760,2,6,0.0018885315706332524
2026-03-20,688031,test,-0.044046562,-0.011260904,2023-02-03,2026-03-12,13089,760,2,6,0.0018885315706332524
2026-03-20,688045,test,-0.016235087,-0.00044210255,2023-02-03,2026-03-12,13089,760,2,6,0.0018885315706332524
2026-03-20,688133,test,-0.009719685,-0.0025729388,2023-02-03,2026-03-12,13089,760,2,6,0.0018885315706332524
2026-03-20,688147,test,-0.026696652,-0.0051780194,2023-02-03,2026-03-12,13089,760,2,6,0.0018885315706332524
2026-03-20,688528,test,-0.0033437435,-0.0014823824,2023-02-03,2026-03-12,13089,760,2,6,0.0018885315706332524
2026-03-23,600025,test,-0.049093857,-0.0055114627,2023-02-03,2026-03-12,13089,760,2,6,0.0018885315706332524
2026-03-23,600051,test,0.070208475,-0.0010599345,2023-02-03,2026-03-12,13089,760,2,6,0.0018885315706332524
2026-03-23,600127,test,0.09600759,-0.0036904663,2023-02-03,2026-03-12,13089,760,2,6,0.0018885315706332524
2026-03-23,600153,test,-0.02206898,0.0011226535,2023-02-03,2026-03-12,13089,760,2,6,0.0018885315706332524
2026-03-23,600548,test,-0.038513426,0.0031176358,2023-02-03,2026-03-12,13089,760,2,6,0.0018885315706332524
2026-03-23,600865,test,0.0060249167,-0.0014589578,2023-02-03,2026-03-12,13089,760,2,6,0.0018885315706332524
2026-03-23,600967,test,0.051348295,-0.007499099,2023-02-03,2026-03-12,13089,760,2,6,0.0018885315706332524
2026-03-23,601222,test,-0.05086898,-0.0034704208,2023-02-03,2026-03-12,13089,760,2,6,0.0018885315706332524
2026-03-23,603237,test,0.011038478,2.259016e-05,2023-02-03,2026-03-12,13089,760,2,6,0.0018885315706332524
2026-03-23,603335,test,0.09069292,-0.0007164031,2023-02-03,2026-03-12,13089,760,2,6,0.0018885315706332524
2026-03-23,603341,test,-0.031083582,-0.0009762943,2023-02-03,2026-03-12,13089,760,2,6,0.0018885315706332524
2026-03-23,603658,test,-0.030259456,0.002895698,2023-02-03,2026-03-12,13089,760,2,6,0.0018885315706332524
2026-03-23,605090,test,-0.017626574,-0.0074718,2023-02-03,2026-03-12,13089,760,2,6,0.0018885315706332524
2026-03-23,605589,test,-0.0489756,-0.0071056187,2023-02-03,2026-03-12,13089,760,2,6,0.0018885315706332524
2026-03-23,688031,test,-0.063374534,-0.011599019,2023-02-03,2026-03-12,13089,760,2,6,0.0018885315706332524
2026-03-23,688045,test,0.020218164,-0.0012561083,2023-02-03,2026-03-12,13089,760,2,6,0.0018885315706332524
2026-03-23,688133,test,0.0003812818,0.0007277876,2023-02-03,2026-03-12,13089,760,2,6,0.0018885315706332524
2026-03-23,688147,test,-0.04724045,-0.0023812056,2023-02-03,2026-03-12,13089,760,2,6,0.0018885315706332524
2026-03-23,688528,test,0.03793102,-0.0025632232,2023-02-03,2026-03-12,13089,760,2,6,0.0018885315706332524
2026-03-24,600025,test,-0.034802172,-0.0070277005,2023-02-03,2026-03-12,13089,760,2,6,0.0018885315706332524
2026-03-24,600051,test,0.0416118,-0.0026285052,2023-02-03,2026-03-12,13089,760,2,6,0.0018885315706332524
2026-03-24,600127,test,0.14318563,-0.0082460195,2023-02-03,2026-03-12,13089,760,2,6,0.0018885315706332524
2026-03-24,600153,test,-0.0049984446,0.00035889447,2023-02-03,2026-03-12,13089,760,2,6,0.0018885315706332524
2026-03-24,600548,test,-0.00801442,0.002039194,2023-02-03,2026-03-12,13089,760,2,6,0.0018885315706332524
2026-03-24,600865,test,0.012848197,0.0011140406,2023-02-03,2026-03-12,13089,760,2,6,0.0018885315706332524
2026-03-24,600967,test,-0.01238413,-0.007730931,2023-02-03,2026-03-12,13089,760,2,6,0.0018885315706332524
2026-03-24,601222,test,-0.049768087,-0.0038068593,2023-02-03,2026-03-12,13089,760,2,6,0.0018885315706332524
2026-03-24,603237,test,0.022983944,-0.001327768,2023-02-03,2026-03-12,13089,760,2,6,0.0018885315706332524
2026-03-24,603335,test,0.06598422,-0.0017249584,2023-02-03,2026-03-12,13089,760,2,6,0.0018885315706332524
2026-03-24,603341,test,-0.0005693064,-0.0013000071,2023-02-03,2026-03-12,13089,760,2,6,0.0018885315706332524
2026-03-24,603658,test,0.0077228136,0.0021736473,2023-02-03,2026-03-12,13089,760,2,6,0.0018885315706332524
2026-03-24,605090,test,-0.0011116908,-0.006548986,2023-02-03,2026-03-12,13089,760,2,6,0.0018885315706332524
2026-03-24,605589,test,-0.036772005,-0.0052217245,2023-02-03,2026-03-12,13089,760,2,6,0.0018885315706332524
2026-03-24,688031,test,-0.04820226,-0.015432246,2023-02-03,2026-03-12,13089,760,2,6,0.0018885315706332524
2026-03-24,688045,test,-0.0025735043,-0.0015125424,2023-02-03,2026-03-12,13089,760,2,6,0.0018885315706332524
2026-03-24,688133,test,-0.032559276,0.0012304336,2023-02-03,2026-03-12,13089,760,2,6,0.0018885315706332524
2026-03-24,688147,test,-0.04551859,0.0031148195,2023-02-03,2026-03-12,13089,760,2,6,0.0018885315706332524
2026-03-24,688528,test,0.0021244274,-0.0030151308,2023-02-03,2026-03-12,13089,760,2,6,0.0018885315706332524
